"Unique ID","Curriculum ID","Tracker","Priority","Subject","Description","Category","Target version","Parent","Blocked by","Estimated hours","Difficulty","Lab Type","Environment","Evidence Required","Tool","MITRE Technique","Skill Level","Assessment Type","Portfolio Project","Job Skill","Output Type","Output Count","Instructor Review"
"EPIC","EPIC","Epic","Normal","[EPIC] Cybersecurity & Security Operations Engineering Programme","Top-level issue for the whole programme: 15 phases, 65 modules, 330 tasks, 1376 estimated hours.

Progress and time roll up from all phases.","","V15.0 Enterprise SOC Capstone","","","","","","","","","","","","","","","",""
"PHASE-01","PHASE-01","Phase","Normal","[PHASE-01] Cybersecurity Foundations","Phase 01 of 15. Version: V01.0 Cybersecurity Foundations.

Modules: 4. Estimated hours: 44.

- MOD-01 Lab Environment
- MOD-02 Security Principles
- MOD-03 Risk, Controls and Governance
- MOD-04 Security Frameworks

The phase closes with the gate review REVIEW-01.","","V01.0 Cybersecurity Foundations","EPIC","","","","","","","","","","","","","","",""
"MOD-01","MOD-01","Module","Normal","[MOD-01] Lab Environment","**Topics:** Lab network segments; Firewall; Linux server; Windows server; Endpoint agents; SIEM; Network sensors; Log pipeline; Dashboards; Cloud-based alternatives; Authorized-use rules

**Tools:** Firewall; Linux; Windows; Wazuh; Zeek; Suricata; Grafana

**Environment:** Lab Network

**Tasks:** 4, 13 estimated hours.

**Module guide (steps for every task):** [[MOD-01]]","Foundations","V01.0 Cybersecurity Foundations","PHASE-01","","","","","Lab Network","","Firewall; Linux; Windows; Wazuh; Zeek; Suricata; Grafana","","Foundation","","","Security Operations Engineer; Cybersecurity Engineer","","",""
"THY-001","THY-001","Theory","Normal","[THY-001] Lab architecture, sizing and authorized-use rules","**Objective:** Lab architecture, sizing and authorized-use rules

**Prerequisites:** None (entry point)

**Concepts:** Lab network segments; Firewall; Linux server; Windows server; Endpoint agents; SIEM; Network sensors; Log pipeline; Dashboards; Cloud-based alternatives; Authorized-use rules

**Tools:** Firewall; Linux; Windows; Wazuh; Zeek; Suricata; Grafana

**Environment:** Lab Network

### Step-by-step activity
Follow the steps for THY-001 in the module guide: [[MOD-01]]

- [ ] Complete every step in the module guide
- [ ] Verify the expected result
- [ ] Attach the evidence

**Expected result:** As stated for THY-001 in the module guide.

**Evidence required:** Notes

**Troubleshooting:** Record each problem and its fix in the issue notes. If stuck for more than 30 minutes, set the status to Blocked and describe the blocker.

**Security relevance:** Builds Foundations skills used by: Security Operations Engineer, Cybersecurity Engineer.

**Assessment:** Instructor checks the notes and asks short oral questions on the concepts. Type: Short answers.

### Completion criteria
- Every step of the module guide for this task is done
- The expected result is demonstrated
- Required evidence is attached to the issue
- Actual time is logged against the issue
- Instructor Review is Approved and the status is Completed

**Estimated time:** 2 h

**Next task:** LAB-001","Foundations","V01.0 Cybersecurity Foundations","MOD-01","","2","L1 - Beginner","Theory","Lab Network","Notes","Firewall; Linux; Windows; Wazuh; Zeek; Suricata; Grafana","","Foundation","Short answers","0","Security Operations Engineer; Cybersecurity Engineer","","","Pending"
"LAB-001","LAB-001","Lab","Normal","[LAB-001] Build the lab network and firewall","**Objective:** Build the lab network and firewall

**Prerequisites:** THY-001

**Concepts:** Lab network segments; Firewall; Linux server; Windows server; Endpoint agents; SIEM; Network sensors; Log pipeline; Dashboards; Cloud-based alternatives; Authorized-use rules

**Tools:** Firewall; Linux; Windows; Wazuh; Zeek; Suricata; Grafana

**Environment:** Lab Network

### Step-by-step activity
Follow the steps for LAB-001 in the module guide: [[MOD-01]]

- [ ] Complete every step in the module guide
- [ ] Verify the expected result
- [ ] Attach the evidence

**Expected result:** As stated for LAB-001 in the module guide.

**Evidence required:** Screenshot + command output

**Troubleshooting:** Record each problem and its fix in the issue notes. If stuck for more than 30 minutes, set the status to Blocked and describe the blocker.

**Security relevance:** Builds Foundations skills used by: Security Operations Engineer, Cybersecurity Engineer.

**Assessment:** Instructor verifies the expected result from the attached evidence and may ask for a live demonstration. Type: Practical.

### Completion criteria
- Every step of the module guide for this task is done
- The expected result is demonstrated
- Required evidence is attached to the issue
- Actual time is logged against the issue
- Instructor Review is Approved and the status is Completed

**Estimated time:** 4 h

**Next task:** LAB-002","Foundations","V01.0 Cybersecurity Foundations","MOD-01","THY-001","4","L1 - Beginner","Setup","Lab Network","Screenshot + command output","Firewall; Linux; Windows; Wazuh; Zeek; Suricata; Grafana","","Foundation","Practical","0","Security Operations Engineer; Cybersecurity Engineer","","","Pending"
"LAB-002","LAB-002","Lab","Normal","[LAB-002] Deploy the Linux and Windows lab servers","**Objective:** Deploy the Linux and Windows lab servers

**Prerequisites:** LAB-001

**Concepts:** Lab network segments; Firewall; Linux server; Windows server; Endpoint agents; SIEM; Network sensors; Log pipeline; Dashboards; Cloud-based alternatives; Authorized-use rules

**Tools:** Firewall; Linux; Windows; Wazuh; Zeek; Suricata; Grafana

**Environment:** Lab Network

### Step-by-step activity
Follow the steps for LAB-002 in the module guide: [[MOD-01]]

- [ ] Complete every step in the module guide
- [ ] Verify the expected result
- [ ] Attach the evidence

**Expected result:** As stated for LAB-002 in the module guide.

**Evidence required:** Screenshot + command output

**Troubleshooting:** Record each problem and its fix in the issue notes. If stuck for more than 30 minutes, set the status to Blocked and describe the blocker.

**Security relevance:** Builds Foundations skills used by: Security Operations Engineer, Cybersecurity Engineer.

**Assessment:** Instructor verifies the expected result from the attached evidence and may ask for a live demonstration. Type: Practical.

### Completion criteria
- Every step of the module guide for this task is done
- The expected result is demonstrated
- Required evidence is attached to the issue
- Actual time is logged against the issue
- Instructor Review is Approved and the status is Completed

**Estimated time:** 5 h

**Next task:** DOC-001","Foundations","V01.0 Cybersecurity Foundations","MOD-01","LAB-001","5","L1 - Beginner","Setup","Lab Network","Screenshot + command output","Firewall; Linux; Windows; Wazuh; Zeek; Suricata; Grafana","","Foundation","Practical","0","Security Operations Engineer; Cybersecurity Engineer","","","Pending"
"DOC-001","DOC-001","Documentation","Normal","[DOC-001] Lab inventory and network diagram","**Objective:** Lab inventory and network diagram

**Prerequisites:** LAB-002

**Concepts:** Lab network segments; Firewall; Linux server; Windows server; Endpoint agents; SIEM; Network sensors; Log pipeline; Dashboards; Cloud-based alternatives; Authorized-use rules

**Tools:** Firewall; Linux; Windows; Wazuh; Zeek; Suricata; Grafana

**Environment:** Lab Network

### Step-by-step activity
Follow the steps for DOC-001 in the module guide: [[MOD-01]]

- [ ] Complete every step in the module guide
- [ ] Verify the expected result
- [ ] Attach the evidence

**Expected result:** As stated for DOC-001 in the module guide.

**Evidence required:** Written deliverable

**Troubleshooting:** Record each problem and its fix in the issue notes. If stuck for more than 30 minutes, set the status to Blocked and describe the blocker.

**Security relevance:** Builds Foundations skills used by: Security Operations Engineer, Cybersecurity Engineer.

**Assessment:** Instructor reviews the document for completeness and accuracy. Type: Review.

### Completion criteria
- Every step of the module guide for this task is done
- The expected result is demonstrated
- Required evidence is attached to the issue
- Actual time is logged against the issue
- Instructor Review is Approved and the status is Completed

**Estimated time:** 2 h

**Next task:** Last task of this module","Foundations","V01.0 Cybersecurity Foundations","MOD-01","LAB-002","2","L1 - Beginner","Documentation","Lab Network","Written deliverable","Firewall; Linux; Windows; Wazuh; Zeek; Suricata; Grafana","","Foundation","Review","0","Security Operations Engineer; Cybersecurity Engineer","","","Pending"
"MOD-02","MOD-02","Module","Normal","[MOD-02] Security Principles","**Topics:** CIA Triad; AAA; Authentication; Authorization; Accounting; Least privilege; Defense in depth; Zero Trust; Security by design

**Tools:** None

**Environment:** Workstation

**Tasks:** 2, 6 estimated hours.

**Module guide (steps for every task):** [[MOD-02]]","Foundations","V01.0 Cybersecurity Foundations","PHASE-01","","","","","Workstation","","","","Foundation","","","Security Operations Engineer; Cybersecurity Engineer","","",""
"THY-002","THY-002","Theory","Normal","[THY-002] CIA Triad, AAA and core design principles","**Objective:** CIA Triad, AAA and core design principles

**Prerequisites:** DOC-001

**Concepts:** CIA Triad; AAA; Authentication; Authorization; Accounting; Least privilege; Defense in depth; Zero Trust; Security by design

**Tools:** None

**Environment:** Workstation

### Step-by-step activity
Follow the steps for THY-002 in the module guide: [[MOD-02]]

- [ ] Complete every step in the module guide
- [ ] Verify the expected result
- [ ] Attach the evidence

**Expected result:** As stated for THY-002 in the module guide.

**Evidence required:** Notes

**Troubleshooting:** Record each problem and its fix in the issue notes. If stuck for more than 30 minutes, set the status to Blocked and describe the blocker.

**Security relevance:** Builds Foundations skills used by: Security Operations Engineer, Cybersecurity Engineer.

**Assessment:** Instructor checks the notes and asks short oral questions on the concepts. Type: Short answers.

### Completion criteria
- Every step of the module guide for this task is done
- The expected result is demonstrated
- Required evidence is attached to the issue
- Actual time is logged against the issue
- Instructor Review is Approved and the status is Completed

**Estimated time:** 3 h

**Next task:** ASG-001","Foundations","V01.0 Cybersecurity Foundations","MOD-02","DOC-001","3","L1 - Beginner","Theory","Workstation","Notes","","","Foundation","Short answers","0","Security Operations Engineer; Cybersecurity Engineer","","","Pending"
"ASG-001","ASG-001","Assignment","Normal","[ASG-001] Apply the principles to a sample company","**Objective:** Apply the principles to a sample company

**Prerequisites:** THY-002

**Concepts:** CIA Triad; AAA; Authentication; Authorization; Accounting; Least privilege; Defense in depth; Zero Trust; Security by design

**Tools:** None

**Environment:** Workstation

### Step-by-step activity
Follow the steps for ASG-001 in the module guide: [[MOD-02]]

- [ ] Complete every step in the module guide
- [ ] Verify the expected result
- [ ] Attach the evidence

**Expected result:** As stated for ASG-001 in the module guide.

**Evidence required:** Written deliverable

**Troubleshooting:** Record each problem and its fix in the issue notes. If stuck for more than 30 minutes, set the status to Blocked and describe the blocker.

**Security relevance:** Builds Foundations skills used by: Security Operations Engineer, Cybersecurity Engineer.

**Assessment:** Instructor reviews the written deliverable against the module concepts. Type: Scenario question.

### Completion criteria
- Every step of the module guide for this task is done
- The expected result is demonstrated
- Required evidence is attached to the issue
- Actual time is logged against the issue
- Instructor Review is Approved and the status is Completed

**Estimated time:** 3 h

**Next task:** Last task of this module","Foundations","V01.0 Cybersecurity Foundations","MOD-02","THY-002","3","L1 - Beginner","Assignment","Workstation","Written deliverable","","","Foundation","Scenario question","0","Security Operations Engineer; Cybersecurity Engineer","","","Pending"
"MOD-03","MOD-03","Module","Normal","[MOD-03] Risk, Controls and Governance","**Topics:** Risk; Threat; Vulnerability; Attack surface; Security controls; Preventive controls; Detective controls; Corrective controls; Security governance; Security policies; Business continuity; Disaster recovery

**Tools:** None

**Environment:** Workstation

**Tasks:** 3, 9 estimated hours.

**Module guide (steps for every task):** [[MOD-03]]","Foundations","V01.0 Cybersecurity Foundations","PHASE-01","","","","","Workstation","","","","Foundation","","","Security Operations Engineer; Cybersecurity Engineer","","",""
"THY-003","THY-003","Theory","Normal","[THY-003] Risk, threat, vulnerability and control types","**Objective:** Risk, threat, vulnerability and control types

**Prerequisites:** ASG-001

**Concepts:** Risk; Threat; Vulnerability; Attack surface; Security controls; Preventive controls; Detective controls; Corrective controls; Security governance; Security policies; Business continuity; Disaster recovery

**Tools:** None

**Environment:** Workstation

### Step-by-step activity
Follow the steps for THY-003 in the module guide: [[MOD-03]]

- [ ] Complete every step in the module guide
- [ ] Verify the expected result
- [ ] Attach the evidence

**Expected result:** As stated for THY-003 in the module guide.

**Evidence required:** Notes

**Troubleshooting:** Record each problem and its fix in the issue notes. If stuck for more than 30 minutes, set the status to Blocked and describe the blocker.

**Security relevance:** Builds Foundations skills used by: Security Operations Engineer, Cybersecurity Engineer.

**Assessment:** Instructor checks the notes and asks short oral questions on the concepts. Type: Short answers.

### Completion criteria
- Every step of the module guide for this task is done
- The expected result is demonstrated
- Required evidence is attached to the issue
- Actual time is logged against the issue
- Instructor Review is Approved and the status is Completed

**Estimated time:** 3 h

**Next task:** ASG-002","Foundations","V01.0 Cybersecurity Foundations","MOD-03","ASG-001","3","L1 - Beginner","Theory","Workstation","Notes","","","Foundation","Short answers","0","Security Operations Engineer; Cybersecurity Engineer","","","Pending"
"ASG-002","ASG-002","Assignment","Normal","[ASG-002] Build a risk register and control map for the lab","**Objective:** Build a risk register and control map for the lab

**Prerequisites:** THY-003

**Concepts:** Risk; Threat; Vulnerability; Attack surface; Security controls; Preventive controls; Detective controls; Corrective controls; Security governance; Security policies; Business continuity; Disaster recovery

**Tools:** None

**Environment:** Workstation

### Step-by-step activity
Follow the steps for ASG-002 in the module guide: [[MOD-03]]

- [ ] Complete every step in the module guide
- [ ] Verify the expected result
- [ ] Attach the evidence

**Expected result:** As stated for ASG-002 in the module guide.

**Evidence required:** Written deliverable

**Troubleshooting:** Record each problem and its fix in the issue notes. If stuck for more than 30 minutes, set the status to Blocked and describe the blocker.

**Security relevance:** Builds Foundations skills used by: Security Operations Engineer, Cybersecurity Engineer.

**Assessment:** Instructor reviews the written deliverable against the module concepts. Type: Scenario question.

### Completion criteria
- Every step of the module guide for this task is done
- The expected result is demonstrated
- Required evidence is attached to the issue
- Actual time is logged against the issue
- Instructor Review is Approved and the status is Completed

**Estimated time:** 3 h

**Next task:** ASG-003","Foundations","V01.0 Cybersecurity Foundations","MOD-03","THY-003","3","L1 - Beginner","Assignment","Workstation","Written deliverable","","","Foundation","Scenario question","0","Security Operations Engineer; Cybersecurity Engineer","","","Pending"
"ASG-003","ASG-003","Assignment","Normal","[ASG-003] Write a business continuity and disaster recovery outline","**Objective:** Write a business continuity and disaster recovery outline

**Prerequisites:** ASG-002

**Concepts:** Risk; Threat; Vulnerability; Attack surface; Security controls; Preventive controls; Detective controls; Corrective controls; Security governance; Security policies; Business continuity; Disaster recovery

**Tools:** None

**Environment:** Workstation

### Step-by-step activity
Follow the steps for ASG-003 in the module guide: [[MOD-03]]

- [ ] Complete every step in the module guide
- [ ] Verify the expected result
- [ ] Attach the evidence

**Expected result:** As stated for ASG-003 in the module guide.

**Evidence required:** Written deliverable

**Troubleshooting:** Record each problem and its fix in the issue notes. If stuck for more than 30 minutes, set the status to Blocked and describe the blocker.

**Security relevance:** Builds Foundations skills used by: Security Operations Engineer, Cybersecurity Engineer.

**Assessment:** Instructor reviews the written deliverable against the module concepts. Type: Scenario question.

### Completion criteria
- Every step of the module guide for this task is done
- The expected result is demonstrated
- Required evidence is attached to the issue
- Actual time is logged against the issue
- Instructor Review is Approved and the status is Completed

**Estimated time:** 3 h

**Next task:** Last task of this module","Foundations","V01.0 Cybersecurity Foundations","MOD-03","ASG-002","3","L1 - Beginner","Assignment","Workstation","Written deliverable","","","Foundation","Scenario question","0","Security Operations Engineer; Cybersecurity Engineer","","","Pending"
"MOD-04","MOD-04","Module","Normal","[MOD-04] Security Frameworks","**Topics:** NIST Cybersecurity Framework; NIST 800-53; NIST 800-61; CIS Controls; ISO 27001; MITRE ATT&CK; Cyber Kill Chain; OWASP; PCI DSS; SOC 2

**Tools:** MITRE ATT&CK

**Environment:** Workstation

**Tasks:** 5, 15 estimated hours.

**Module guide (steps for every task):** [[MOD-04]]","Foundations","V01.0 Cybersecurity Foundations","PHASE-01","","","","","Workstation","","MITRE ATT&CK","","Foundation","","","Security Operations Engineer; Cybersecurity Engineer","","",""
"THY-004","THY-004","Theory","Normal","[THY-004] NIST CSF, NIST 800-53 and CIS Controls","**Objective:** NIST CSF, NIST 800-53 and CIS Controls

**Prerequisites:** ASG-003

**Concepts:** NIST Cybersecurity Framework; NIST 800-53; NIST 800-61; CIS Controls; ISO 27001; MITRE ATT&CK; Cyber Kill Chain; OWASP; PCI DSS; SOC 2

**Tools:** MITRE ATT&CK

**Environment:** Workstation

### Step-by-step activity
Follow the steps for THY-004 in the module guide: [[MOD-04]]

- [ ] Complete every step in the module guide
- [ ] Verify the expected result
- [ ] Attach the evidence

**Expected result:** As stated for THY-004 in the module guide.

**Evidence required:** Notes

**Troubleshooting:** Record each problem and its fix in the issue notes. If stuck for more than 30 minutes, set the status to Blocked and describe the blocker.

**Security relevance:** Builds Foundations skills used by: Security Operations Engineer, Cybersecurity Engineer.

**Assessment:** Instructor checks the notes and asks short oral questions on the concepts. Type: Short answers.

### Completion criteria
- Every step of the module guide for this task is done
- The expected result is demonstrated
- Required evidence is attached to the issue
- Actual time is logged against the issue
- Instructor Review is Approved and the status is Completed

**Estimated time:** 3 h

**Next task:** THY-005","Foundations","V01.0 Cybersecurity Foundations","MOD-04","ASG-003","3","L2 - Basic","Theory","Workstation","Notes","MITRE ATT&CK","","Foundation","Short answers","0","Security Operations Engineer; Cybersecurity Engineer","","","Pending"
"THY-005","THY-005","Theory","Normal","[THY-005] ISO 27001, PCI DSS and SOC 2","**Objective:** ISO 27001, PCI DSS and SOC 2

**Prerequisites:** THY-004

**Concepts:** NIST Cybersecurity Framework; NIST 800-53; NIST 800-61; CIS Controls; ISO 27001; MITRE ATT&CK; Cyber Kill Chain; OWASP; PCI DSS; SOC 2

**Tools:** MITRE ATT&CK

**Environment:** Workstation

### Step-by-step activity
Follow the steps for THY-005 in the module guide: [[MOD-04]]

- [ ] Complete every step in the module guide
- [ ] Verify the expected result
- [ ] Attach the evidence

**Expected result:** As stated for THY-005 in the module guide.

**Evidence required:** Notes

**Troubleshooting:** Record each problem and its fix in the issue notes. If stuck for more than 30 minutes, set the status to Blocked and describe the blocker.

**Security relevance:** Builds Foundations skills used by: Security Operations Engineer, Cybersecurity Engineer.

**Assessment:** Instructor checks the notes and asks short oral questions on the concepts. Type: Short answers.

### Completion criteria
- Every step of the module guide for this task is done
- The expected result is demonstrated
- Required evidence is attached to the issue
- Actual time is logged against the issue
- Instructor Review is Approved and the status is Completed

**Estimated time:** 3 h

**Next task:** THY-006","Foundations","V01.0 Cybersecurity Foundations","MOD-04","THY-004","3","L2 - Basic","Theory","Workstation","Notes","MITRE ATT&CK","","Foundation","Short answers","0","Security Operations Engineer; Cybersecurity Engineer","","","Pending"
"THY-006","THY-006","Theory","Normal","[THY-006] MITRE ATT&CK, Cyber Kill Chain, NIST 800-61 and OWASP overview","**Objective:** MITRE ATT&CK, Cyber Kill Chain, NIST 800-61 and OWASP overview

**Prerequisites:** THY-005

**Concepts:** NIST Cybersecurity Framework; NIST 800-53; NIST 800-61; CIS Controls; ISO 27001; MITRE ATT&CK; Cyber Kill Chain; OWASP; PCI DSS; SOC 2

**Tools:** MITRE ATT&CK

**Environment:** Workstation

### Step-by-step activity
Follow the steps for THY-006 in the module guide: [[MOD-04]]

- [ ] Complete every step in the module guide
- [ ] Verify the expected result
- [ ] Attach the evidence

**Expected result:** As stated for THY-006 in the module guide.

**Evidence required:** Notes

**Troubleshooting:** Record each problem and its fix in the issue notes. If stuck for more than 30 minutes, set the status to Blocked and describe the blocker.

**Security relevance:** Builds Foundations skills used by: Security Operations Engineer, Cybersecurity Engineer.

**Assessment:** Instructor checks the notes and asks short oral questions on the concepts. Type: Short answers.

### Completion criteria
- Every step of the module guide for this task is done
- The expected result is demonstrated
- Required evidence is attached to the issue
- Actual time is logged against the issue
- Instructor Review is Approved and the status is Completed

**Estimated time:** 3 h

**Next task:** ASG-004","Foundations","V01.0 Cybersecurity Foundations","MOD-04","THY-005","3","L2 - Basic","Theory","Workstation","Notes","MITRE ATT&CK","","Foundation","Short answers","0","Security Operations Engineer; Cybersecurity Engineer","","","Pending"
"ASG-004","ASG-004","Assignment","Normal","[ASG-004] Map three security incidents to the frameworks","**Objective:** Map three security incidents to the frameworks

**Prerequisites:** THY-006

**Concepts:** NIST Cybersecurity Framework; NIST 800-53; NIST 800-61; CIS Controls; ISO 27001; MITRE ATT&CK; Cyber Kill Chain; OWASP; PCI DSS; SOC 2

**Tools:** MITRE ATT&CK

**Environment:** Workstation

### Step-by-step activity
Follow the steps for ASG-004 in the module guide: [[MOD-04]]

- [ ] Complete every step in the module guide
- [ ] Verify the expected result
- [ ] Attach the evidence

**Expected result:** As stated for ASG-004 in the module guide.

**Evidence required:** Written deliverable

**Troubleshooting:** Record each problem and its fix in the issue notes. If stuck for more than 30 minutes, set the status to Blocked and describe the blocker.

**Security relevance:** Builds Foundations skills used by: Security Operations Engineer, Cybersecurity Engineer.

**Assessment:** Instructor reviews the written deliverable against the module concepts. Type: Scenario question.

### Completion criteria
- Every step of the module guide for this task is done
- The expected result is demonstrated
- Required evidence is attached to the issue
- Actual time is logged against the issue
- Instructor Review is Approved and the status is Completed

**Estimated time:** 4 h

**Next task:** ASM-001","Foundations","V01.0 Cybersecurity Foundations","MOD-04","THY-006","4","L2 - Basic","Assignment","Workstation","Written deliverable","MITRE ATT&CK","","Foundation","Scenario question","0","Security Operations Engineer; Cybersecurity Engineer","","","Pending"
"ASM-001","ASM-001","Assessment","High","[ASM-001] Phase 01 assessment: fundamentals and frameworks","**Objective:** Phase 01 assessment: fundamentals and frameworks

**Prerequisites:** ASG-004

**Concepts:** NIST Cybersecurity Framework; NIST 800-53; NIST 800-61; CIS Controls; ISO 27001; MITRE ATT&CK; Cyber Kill Chain; OWASP; PCI DSS; SOC 2

**Tools:** MITRE ATT&CK

**Environment:** Workstation

### Step-by-step activity
Follow the steps for ASM-001 in the module guide: [[MOD-04]]

- [ ] Complete every step in the module guide
- [ ] Verify the expected result
- [ ] Attach the evidence

**Expected result:** As stated for ASM-001 in the module guide.

**Evidence required:** Scored result

**Troubleshooting:** Record each problem and its fix in the issue notes. If stuck for more than 30 minutes, set the status to Blocked and describe the blocker.

**Security relevance:** Builds Foundations skills used by: Security Operations Engineer, Cybersecurity Engineer.

**Assessment:** Scored 0-100. Pass mark 70. Type: MCQ + scenario.

### Completion criteria
- Every step of the module guide for this task is done
- The expected result is demonstrated
- Required evidence is attached to the issue
- Actual time is logged against the issue
- Instructor Review is Approved and the status is Completed

**Estimated time:** 2 h

**Next task:** Last task of this module","Foundations","V01.0 Cybersecurity Foundations","MOD-04","ASG-004","2","L2 - Basic","Assessment","Workstation","Scored result","MITRE ATT&CK","","Foundation","MCQ + scenario","0","Security Operations Engineer; Cybersecurity Engineer","","","Pending"
"REVIEW-01","REVIEW-01","Review","High","[REVIEW-01] Phase 01 gate review","**Objective:** Confirm that phase 01 (Cybersecurity Foundations) is complete.

### Checklist
- [ ] Every issue of the phase is Completed
- [ ] Evidence is attached to every issue
- [ ] Time is logged
- [ ] Assessment score is 70 or higher
- [ ] Portfolio items are in the repository

**Assessment:** Instructor confirms every issue of the phase is Completed and records the gate decision.

**Estimated time:** 1 h","","V01.0 Cybersecurity Foundations","PHASE-01","DOC-001, ASG-001, ASG-003, ASM-001","1","","Review","","Instructor sign-off","","","","Review","0","","","","Pending"
"PHASE-02","PHASE-02","Phase","Normal","[PHASE-02] Networking & Network Security","Phase 02 of 15. Version: V02.0 Networking & Network Security.

Modules: 7. Estimated hours: 117.

- MOD-05 Network Fundamentals
- MOD-06 Core Network Protocols
- MOD-07 Network Security Architecture
- MOD-08 Wireshark and Packet Analysis
- MOD-09 Nmap and Network Discovery
- MOD-10 Zeek Network Security Monitoring
- MOD-11 Suricata IDS/IPS

The phase closes with the gate review REVIEW-02.","","V02.0 Networking & Network Security","EPIC","","","","","","","","","","","","","","",""
"MOD-05","MOD-05","Module","Normal","[MOD-05] Network Fundamentals","**Topics:** OSI model; TCP/IP; Ethernet; IPv4; IPv6; Subnetting; CIDR; VLAN; ARP; ICMP; Routing; NAT

**Tools:** tcpdump; Wireshark

**Environment:** Lab Network

**Tasks:** 4, 13 estimated hours.

**Module guide (steps for every task):** [[MOD-05]]","Network Security","V02.0 Networking & Network Security","PHASE-02","","","","","Lab Network","","tcpdump; Wireshark","","Core","","","SOC Engineer; Infrastructure Security Engineer","","",""
"THY-007","THY-007","Theory","Normal","[THY-007] OSI and TCP/IP models, Ethernet, IPv4 and IPv6","**Objective:** OSI and TCP/IP models, Ethernet, IPv4 and IPv6

**Prerequisites:** ASM-001

**Concepts:** OSI model; TCP/IP; Ethernet; IPv4; IPv6; Subnetting; CIDR; VLAN; ARP; ICMP; Routing; NAT

**Tools:** tcpdump; Wireshark

**Environment:** Lab Network

### Step-by-step activity
Follow the steps for THY-007 in the module guide: [[MOD-05]]

- [ ] Complete every step in the module guide
- [ ] Verify the expected result
- [ ] Attach the evidence

**Expected result:** As stated for THY-007 in the module guide.

**Evidence required:** Notes

**Troubleshooting:** Record each problem and its fix in the issue notes. If stuck for more than 30 minutes, set the status to Blocked and describe the blocker.

**Security relevance:** Builds Network Security skills used by: SOC Engineer, Infrastructure Security Engineer.

**Assessment:** Instructor checks the notes and asks short oral questions on the concepts. Type: Short answers.

### Completion criteria
- Every step of the module guide for this task is done
- The expected result is demonstrated
- Required evidence is attached to the issue
- Actual time is logged against the issue
- Instructor Review is Approved and the status is Completed

**Estimated time:** 4 h

**Next task:** LAB-003","Network Security","V02.0 Networking & Network Security","MOD-05","ASM-001","4","L1 - Beginner","Theory","Lab Network","Notes","tcpdump; Wireshark","","Core","Short answers","0","SOC Engineer; Infrastructure Security Engineer","","","Pending"
"LAB-003","LAB-003","Lab","Normal","[LAB-003] Subnetting, CIDR and the lab addressing plan","**Objective:** Subnetting, CIDR and the lab addressing plan

**Prerequisites:** THY-007

**Concepts:** OSI model; TCP/IP; Ethernet; IPv4; IPv6; Subnetting; CIDR; VLAN; ARP; ICMP; Routing; NAT

**Tools:** tcpdump; Wireshark

**Environment:** Lab Network

### Step-by-step activity
Follow the steps for LAB-003 in the module guide: [[MOD-05]]

- [ ] Complete every step in the module guide
- [ ] Verify the expected result
- [ ] Attach the evidence

**Expected result:** As stated for LAB-003 in the module guide.

**Evidence required:** Screenshot + command output

**Troubleshooting:** Record each problem and its fix in the issue notes. If stuck for more than 30 minutes, set the status to Blocked and describe the blocker.

**Security relevance:** Builds Network Security skills used by: SOC Engineer, Infrastructure Security Engineer.

**Assessment:** Instructor verifies the expected result from the attached evidence and may ask for a live demonstration. Type: Practical.

### Completion criteria
- Every step of the module guide for this task is done
- The expected result is demonstrated
- Required evidence is attached to the issue
- Actual time is logged against the issue
- Instructor Review is Approved and the status is Completed

**Estimated time:** 3 h

**Next task:** LAB-004","Network Security","V02.0 Networking & Network Security","MOD-05","THY-007","3","L1 - Beginner","Guided Lab","Lab Network","Screenshot + command output","tcpdump; Wireshark","","Core","Practical","0","SOC Engineer; Infrastructure Security Engineer","","","Pending"
"LAB-004","LAB-004","Lab","Normal","[LAB-004] Observe ARP, ICMP, routing and NAT with tcpdump","**Objective:** Observe ARP, ICMP, routing and NAT with tcpdump

**Prerequisites:** LAB-003

**Concepts:** OSI model; TCP/IP; Ethernet; IPv4; IPv6; Subnetting; CIDR; VLAN; ARP; ICMP; Routing; NAT

**Tools:** tcpdump; Wireshark

**Environment:** Lab Network

### Step-by-step activity
Follow the steps for LAB-004 in the module guide: [[MOD-05]]

- [ ] Complete every step in the module guide
- [ ] Verify the expected result
- [ ] Attach the evidence

**Expected result:** As stated for LAB-004 in the module guide.

**Evidence required:** Screenshot + command output

**Troubleshooting:** Record each problem and its fix in the issue notes. If stuck for more than 30 minutes, set the status to Blocked and describe the blocker.

**Security relevance:** Builds Network Security skills used by: SOC Engineer, Infrastructure Security Engineer.

**Assessment:** Instructor verifies the expected result from the attached evidence and may ask for a live demonstration. Type: Practical.

### Completion criteria
- Every step of the module guide for this task is done
- The expected result is demonstrated
- Required evidence is attached to the issue
- Actual time is logged against the issue
- Instructor Review is Approved and the status is Completed

**Estimated time:** 3 h

**Next task:** LAB-005","Network Security","V02.0 Networking & Network Security","MOD-05","LAB-003","3","L1 - Beginner","Guided Lab","Lab Network","Screenshot + command output","tcpdump; Wireshark","","Core","Practical","0","SOC Engineer; Infrastructure Security Engineer","","","Pending"
"LAB-005","LAB-005","Lab","Normal","[LAB-005] VLANs and segmentation in the lab","**Objective:** VLANs and segmentation in the lab

**Prerequisites:** LAB-004

**Concepts:** OSI model; TCP/IP; Ethernet; IPv4; IPv6; Subnetting; CIDR; VLAN; ARP; ICMP; Routing; NAT

**Tools:** tcpdump; Wireshark

**Environment:** Lab Network

### Step-by-step activity
Follow the steps for LAB-005 in the module guide: [[MOD-05]]

- [ ] Complete every step in the module guide
- [ ] Verify the expected result
- [ ] Attach the evidence

**Expected result:** As stated for LAB-005 in the module guide.

**Evidence required:** Screenshot + command output

**Troubleshooting:** Record each problem and its fix in the issue notes. If stuck for more than 30 minutes, set the status to Blocked and describe the blocker.

**Security relevance:** Builds Network Security skills used by: SOC Engineer, Infrastructure Security Engineer.

**Assessment:** Instructor verifies the expected result from the attached evidence and may ask for a live demonstration. Type: Practical.

### Completion criteria
- Every step of the module guide for this task is done
- The expected result is demonstrated
- Required evidence is attached to the issue
- Actual time is logged against the issue
- Instructor Review is Approved and the status is Completed

**Estimated time:** 3 h

**Next task:** Last task of this module","Network Security","V02.0 Networking & Network Security","MOD-05","LAB-004","3","L1 - Beginner","Guided Lab","Lab Network","Screenshot + command output","tcpdump; Wireshark","","Core","Practical","0","SOC Engineer; Infrastructure Security Engineer","","","Pending"
"MOD-06","MOD-06","Module","Normal","[MOD-06] Core Network Protocols","**Topics:** TCP; UDP; DNS; DHCP; HTTP; HTTPS; TLS; SSH; FTP/SFTP; SMTP; SNMP; LDAP; Kerberos; SMB; RDP; NTP

**Tools:** Wireshark; dig; nslookup; curl; OpenSSL; Netcat

**Environment:** Lab Network

**Tasks:** 5, 17 estimated hours.

**Module guide (steps for every task):** [[MOD-06]]","Network Security","V02.0 Networking & Network Security","PHASE-02","","","","","Lab Network","","Wireshark; dig; nslookup; curl; OpenSSL; Netcat","","Core","","","SOC Engineer; Infrastructure Security Engineer","","",""
"THY-008","THY-008","Theory","Normal","[THY-008] Transport and application protocols for defenders","**Objective:** Transport and application protocols for defenders

**Prerequisites:** LAB-005

**Concepts:** TCP; UDP; DNS; DHCP; HTTP; HTTPS; TLS; SSH; FTP/SFTP; SMTP; SNMP; LDAP; Kerberos; SMB; RDP; NTP

**Tools:** Wireshark; dig; nslookup; curl; OpenSSL; Netcat

**Environment:** Lab Network

### Step-by-step activity
Follow the steps for THY-008 in the module guide: [[MOD-06]]

- [ ] Complete every step in the module guide
- [ ] Verify the expected result
- [ ] Attach the evidence

**Expected result:** As stated for THY-008 in the module guide.

**Evidence required:** Notes

**Troubleshooting:** Record each problem and its fix in the issue notes. If stuck for more than 30 minutes, set the status to Blocked and describe the blocker.

**Security relevance:** Builds Network Security skills used by: SOC Engineer, Infrastructure Security Engineer.

**Assessment:** Instructor checks the notes and asks short oral questions on the concepts. Type: Short answers.

### Completion criteria
- Every step of the module guide for this task is done
- The expected result is demonstrated
- Required evidence is attached to the issue
- Actual time is logged against the issue
- Instructor Review is Approved and the status is Completed

**Estimated time:** 4 h

**Next task:** LAB-006","Network Security","V02.0 Networking & Network Security","MOD-06","LAB-005","4","L2 - Basic","Theory","Lab Network","Notes","Wireshark; dig; nslookup; curl; OpenSSL; Netcat","","Core","Short answers","0","SOC Engineer; Infrastructure Security Engineer","","","Pending"
"LAB-006","LAB-006","Lab","Normal","[LAB-006] TCP and UDP behaviour in packet captures","**Objective:** TCP and UDP behaviour in packet captures

**Prerequisites:** THY-008

**Concepts:** TCP; UDP; DNS; DHCP; HTTP; HTTPS; TLS; SSH; FTP/SFTP; SMTP; SNMP; LDAP; Kerberos; SMB; RDP; NTP

**Tools:** Wireshark; dig; nslookup; curl; OpenSSL; Netcat

**Environment:** Lab Network

### Step-by-step activity
Follow the steps for LAB-006 in the module guide: [[MOD-06]]

- [ ] Complete every step in the module guide
- [ ] Verify the expected result
- [ ] Attach the evidence

**Expected result:** As stated for LAB-006 in the module guide.

**Evidence required:** Screenshot + command output

**Troubleshooting:** Record each problem and its fix in the issue notes. If stuck for more than 30 minutes, set the status to Blocked and describe the blocker.

**Security relevance:** Builds Network Security skills used by: SOC Engineer, Infrastructure Security Engineer.

**Assessment:** Instructor verifies the expected result from the attached evidence and may ask for a live demonstration. Type: Practical.

### Completion criteria
- Every step of the module guide for this task is done
- The expected result is demonstrated
- Required evidence is attached to the issue
- Actual time is logged against the issue
- Instructor Review is Approved and the status is Completed

**Estimated time:** 3 h

**Next task:** LAB-007","Network Security","V02.0 Networking & Network Security","MOD-06","THY-008","3","L2 - Basic","Guided Lab","Lab Network","Screenshot + command output","Wireshark; dig; nslookup; curl; OpenSSL; Netcat","","Core","Practical","0","SOC Engineer; Infrastructure Security Engineer","","","Pending"
"LAB-007","LAB-007","Lab","Normal","[LAB-007] DNS and DHCP with dig and nslookup","**Objective:** DNS and DHCP with dig and nslookup

**Prerequisites:** LAB-006

**Concepts:** TCP; UDP; DNS; DHCP; HTTP; HTTPS; TLS; SSH; FTP/SFTP; SMTP; SNMP; LDAP; Kerberos; SMB; RDP; NTP

**Tools:** Wireshark; dig; nslookup; curl; OpenSSL; Netcat

**Environment:** Lab Network

### Step-by-step activity
Follow the steps for LAB-007 in the module guide: [[MOD-06]]

- [ ] Complete every step in the module guide
- [ ] Verify the expected result
- [ ] Attach the evidence

**Expected result:** As stated for LAB-007 in the module guide.

**Evidence required:** Screenshot + command output

**Troubleshooting:** Record each problem and its fix in the issue notes. If stuck for more than 30 minutes, set the status to Blocked and describe the blocker.

**Security relevance:** Builds Network Security skills used by: SOC Engineer, Infrastructure Security Engineer.

**Assessment:** Instructor verifies the expected result from the attached evidence and may ask for a live demonstration. Type: Practical.

### Completion criteria
- Every step of the module guide for this task is done
- The expected result is demonstrated
- Required evidence is attached to the issue
- Actual time is logged against the issue
- Instructor Review is Approved and the status is Completed

**Estimated time:** 3 h

**Next task:** LAB-008","Network Security","V02.0 Networking & Network Security","MOD-06","LAB-006","3","L2 - Basic","Guided Lab","Lab Network","Screenshot + command output","Wireshark; dig; nslookup; curl; OpenSSL; Netcat","","Core","Practical","0","SOC Engineer; Infrastructure Security Engineer","","","Pending"
"LAB-008","LAB-008","Lab","Normal","[LAB-008] HTTP, HTTPS and TLS with curl and OpenSSL","**Objective:** HTTP, HTTPS and TLS with curl and OpenSSL

**Prerequisites:** LAB-007

**Concepts:** TCP; UDP; DNS; DHCP; HTTP; HTTPS; TLS; SSH; FTP/SFTP; SMTP; SNMP; LDAP; Kerberos; SMB; RDP; NTP

**Tools:** Wireshark; dig; nslookup; curl; OpenSSL; Netcat

**Environment:** Lab Network

### Step-by-step activity
Follow the steps for LAB-008 in the module guide: [[MOD-06]]

- [ ] Complete every step in the module guide
- [ ] Verify the expected result
- [ ] Attach the evidence

**Expected result:** As stated for LAB-008 in the module guide.

**Evidence required:** Screenshot + command output

**Troubleshooting:** Record each problem and its fix in the issue notes. If stuck for more than 30 minutes, set the status to Blocked and describe the blocker.

**Security relevance:** Builds Network Security skills used by: SOC Engineer, Infrastructure Security Engineer.

**Assessment:** Instructor verifies the expected result from the attached evidence and may ask for a live demonstration. Type: Practical.

### Completion criteria
- Every step of the module guide for this task is done
- The expected result is demonstrated
- Required evidence is attached to the issue
- Actual time is logged against the issue
- Instructor Review is Approved and the status is Completed

**Estimated time:** 3 h

**Next task:** LAB-009","Network Security","V02.0 Networking & Network Security","MOD-06","LAB-007","3","L2 - Basic","Guided Lab","Lab Network","Screenshot + command output","Wireshark; dig; nslookup; curl; OpenSSL; Netcat","","Core","Practical","0","SOC Engineer; Infrastructure Security Engineer","","","Pending"
"LAB-009","LAB-009","Lab","Normal","[LAB-009] Identify SSH, SMTP, SNMP, LDAP, Kerberos, SMB, RDP and NTP traffic","**Objective:** Identify SSH, SMTP, SNMP, LDAP, Kerberos, SMB, RDP and NTP traffic

**Prerequisites:** LAB-008

**Concepts:** TCP; UDP; DNS; DHCP; HTTP; HTTPS; TLS; SSH; FTP/SFTP; SMTP; SNMP; LDAP; Kerberos; SMB; RDP; NTP

**Tools:** Wireshark; dig; nslookup; curl; OpenSSL; Netcat

**Environment:** Lab Network

### Step-by-step activity
Follow the steps for LAB-009 in the module guide: [[MOD-06]]

- [ ] Complete every step in the module guide
- [ ] Verify the expected result
- [ ] Attach the evidence

**Expected result:** As stated for LAB-009 in the module guide.

**Evidence required:** Screenshot + command output

**Troubleshooting:** Record each problem and its fix in the issue notes. If stuck for more than 30 minutes, set the status to Blocked and describe the blocker.

**Security relevance:** Builds Network Security skills used by: SOC Engineer, Infrastructure Security Engineer.

**Assessment:** Instructor verifies the expected result from the attached evidence and may ask for a live demonstration. Type: Practical.

### Completion criteria
- Every step of the module guide for this task is done
- The expected result is demonstrated
- Required evidence is attached to the issue
- Actual time is logged against the issue
- Instructor Review is Approved and the status is Completed

**Estimated time:** 4 h

**Next task:** Last task of this module","Network Security","V02.0 Networking & Network Security","MOD-06","LAB-008","4","L2 - Basic","Guided Lab","Lab Network","Screenshot + command output","Wireshark; dig; nslookup; curl; OpenSSL; Netcat","","Core","Practical","0","SOC Engineer; Infrastructure Security Engineer","","","Pending"
"MOD-07","MOD-07","Module","Normal","[MOD-07] Network Security Architecture","**Topics:** Firewall; NAT; VPN; Proxy; Reverse proxy; Load balancing; WAF; IDS; IPS; Network segmentation; DMZ; Zero Trust networking

**Tools:** Firewall

**Environment:** Lab Network

**Tasks:** 4, 13 estimated hours.

**Module guide (steps for every task):** [[MOD-07]]","Network Security","V02.0 Networking & Network Security","PHASE-02","","","","","Lab Network","","Firewall","","Core","","","SOC Engineer; Infrastructure Security Engineer","","",""
"THY-009","THY-009","Theory","Normal","[THY-009] Firewalls, VPN, proxies, WAF, IDS and IPS","**Objective:** Firewalls, VPN, proxies, WAF, IDS and IPS

**Prerequisites:** LAB-009

**Concepts:** Firewall; NAT; VPN; Proxy; Reverse proxy; Load balancing; WAF; IDS; IPS; Network segmentation; DMZ; Zero Trust networking

**Tools:** Firewall

**Environment:** Lab Network

### Step-by-step activity
Follow the steps for THY-009 in the module guide: [[MOD-07]]

- [ ] Complete every step in the module guide
- [ ] Verify the expected result
- [ ] Attach the evidence

**Expected result:** As stated for THY-009 in the module guide.

**Evidence required:** Notes

**Troubleshooting:** Record each problem and its fix in the issue notes. If stuck for more than 30 minutes, set the status to Blocked and describe the blocker.

**Security relevance:** Builds Network Security skills used by: SOC Engineer, Infrastructure Security Engineer.

**Assessment:** Instructor checks the notes and asks short oral questions on the concepts. Type: Short answers.

### Completion criteria
- Every step of the module guide for this task is done
- The expected result is demonstrated
- Required evidence is attached to the issue
- Actual time is logged against the issue
- Instructor Review is Approved and the status is Completed

**Estimated time:** 3 h

**Next task:** LAB-010","Network Security","V02.0 Networking & Network Security","MOD-07","LAB-009","3","L2 - Basic","Theory","Lab Network","Notes","Firewall","","Core","Short answers","0","SOC Engineer; Infrastructure Security Engineer","","","Pending"
"LAB-010","LAB-010","Lab","Normal","[LAB-010] Firewall policy and DMZ for the lab","**Objective:** Firewall policy and DMZ for the lab

**Prerequisites:** THY-009

**Concepts:** Firewall; NAT; VPN; Proxy; Reverse proxy; Load balancing; WAF; IDS; IPS; Network segmentation; DMZ; Zero Trust networking

**Tools:** Firewall

**Environment:** Lab Network

### Step-by-step activity
Follow the steps for LAB-010 in the module guide: [[MOD-07]]

- [ ] Complete every step in the module guide
- [ ] Verify the expected result
- [ ] Attach the evidence

**Expected result:** As stated for LAB-010 in the module guide.

**Evidence required:** Screenshot + command output

**Troubleshooting:** Record each problem and its fix in the issue notes. If stuck for more than 30 minutes, set the status to Blocked and describe the blocker.

**Security relevance:** Builds Network Security skills used by: SOC Engineer, Infrastructure Security Engineer.

**Assessment:** Instructor verifies the expected result from the attached evidence and may ask for a live demonstration. Type: Practical.

### Completion criteria
- Every step of the module guide for this task is done
- The expected result is demonstrated
- Required evidence is attached to the issue
- Actual time is logged against the issue
- Instructor Review is Approved and the status is Completed

**Estimated time:** 4 h

**Next task:** LAB-011","Network Security","V02.0 Networking & Network Security","MOD-07","THY-009","4","L2 - Basic","Hardening","Lab Network","Screenshot + command output","Firewall","","Core","Practical","0","SOC Engineer; Infrastructure Security Engineer","","","Pending"
"LAB-011","LAB-011","Lab","Normal","[LAB-011] VPN and reverse proxy in the lab","**Objective:** VPN and reverse proxy in the lab

**Prerequisites:** LAB-010

**Concepts:** Firewall; NAT; VPN; Proxy; Reverse proxy; Load balancing; WAF; IDS; IPS; Network segmentation; DMZ; Zero Trust networking

**Tools:** Firewall

**Environment:** Lab Network

### Step-by-step activity
Follow the steps for LAB-011 in the module guide: [[MOD-07]]

- [ ] Complete every step in the module guide
- [ ] Verify the expected result
- [ ] Attach the evidence

**Expected result:** As stated for LAB-011 in the module guide.

**Evidence required:** Screenshot + command output

**Troubleshooting:** Record each problem and its fix in the issue notes. If stuck for more than 30 minutes, set the status to Blocked and describe the blocker.

**Security relevance:** Builds Network Security skills used by: SOC Engineer, Infrastructure Security Engineer.

**Assessment:** Instructor verifies the expected result from the attached evidence and may ask for a live demonstration. Type: Practical.

### Completion criteria
- Every step of the module guide for this task is done
- The expected result is demonstrated
- Required evidence is attached to the issue
- Actual time is logged against the issue
- Instructor Review is Approved and the status is Completed

**Estimated time:** 3 h

**Next task:** ASG-005","Network Security","V02.0 Networking & Network Security","MOD-07","LAB-010","3","L2 - Basic","Guided Lab","Lab Network","Screenshot + command output","Firewall","","Core","Practical","0","SOC Engineer; Infrastructure Security Engineer","","","Pending"
"ASG-005","ASG-005","Assignment","Normal","[ASG-005] Segmentation and Zero Trust network design","**Objective:** Segmentation and Zero Trust network design

**Prerequisites:** LAB-011

**Concepts:** Firewall; NAT; VPN; Proxy; Reverse proxy; Load balancing; WAF; IDS; IPS; Network segmentation; DMZ; Zero Trust networking

**Tools:** Firewall

**Environment:** Lab Network

### Step-by-step activity
Follow the steps for ASG-005 in the module guide: [[MOD-07]]

- [ ] Complete every step in the module guide
- [ ] Verify the expected result
- [ ] Attach the evidence

**Expected result:** As stated for ASG-005 in the module guide.

**Evidence required:** Written deliverable

**Troubleshooting:** Record each problem and its fix in the issue notes. If stuck for more than 30 minutes, set the status to Blocked and describe the blocker.

**Security relevance:** Builds Network Security skills used by: SOC Engineer, Infrastructure Security Engineer.

**Assessment:** Instructor reviews the written deliverable against the module concepts. Type: Architecture question.

### Completion criteria
- Every step of the module guide for this task is done
- The expected result is demonstrated
- Required evidence is attached to the issue
- Actual time is logged against the issue
- Instructor Review is Approved and the status is Completed

**Estimated time:** 3 h

**Next task:** Last task of this module","Network Security","V02.0 Networking & Network Security","MOD-07","LAB-011","3","L2 - Basic","Assignment","Lab Network","Written deliverable","Firewall","","Core","Architecture question","0","SOC Engineer; Infrastructure Security Engineer","","","Pending"
"MOD-08","MOD-08","Module","Normal","[MOD-08] Wireshark and Packet Analysis","**Topics:** Packet analysis; Display and capture filters; TCP investigation; DNS investigation; HTTP investigation; TLS analysis; Suspicious traffic investigation

**Tools:** Wireshark; tcpdump

**Environment:** Lab Network

**Tasks:** 6, 19 estimated hours.

**Module guide (steps for every task):** [[MOD-08]]","Network Security","V02.0 Networking & Network Security","PHASE-02","","","","","Lab Network","","Wireshark; tcpdump","","Core","","","SOC Engineer; Infrastructure Security Engineer","","",""
"LAB-012","LAB-012","Lab","Normal","[LAB-012] Wireshark profiles, filters and statistics","**Objective:** Wireshark profiles, filters and statistics

**Prerequisites:** LAB-009

**Concepts:** Packet analysis; Display and capture filters; TCP investigation; DNS investigation; HTTP investigation; TLS analysis; Suspicious traffic investigation

**Tools:** Wireshark; tcpdump

**Environment:** Lab Network

### Step-by-step activity
Follow the steps for LAB-012 in the module guide: [[MOD-08]]

- [ ] Complete every step in the module guide
- [ ] Verify the expected result
- [ ] Attach the evidence

**Expected result:** As stated for LAB-012 in the module guide.

**Evidence required:** Screenshot + command output

**Troubleshooting:** Record each problem and its fix in the issue notes. If stuck for more than 30 minutes, set the status to Blocked and describe the blocker.

**Security relevance:** Builds Network Security skills used by: SOC Engineer, Infrastructure Security Engineer.

**Assessment:** Instructor verifies the expected result from the attached evidence and may ask for a live demonstration. Type: Practical.

### Completion criteria
- Every step of the module guide for this task is done
- The expected result is demonstrated
- Required evidence is attached to the issue
- Actual time is logged against the issue
- Instructor Review is Approved and the status is Completed

**Estimated time:** 3 h

**Next task:** LAB-013","Network Security","V02.0 Networking & Network Security","MOD-08","LAB-009","3","L3 - Intermediate","Guided Lab","Lab Network","Screenshot + command output","Wireshark; tcpdump","","Core","Practical","0","SOC Engineer; Infrastructure Security Engineer","","","Pending"
"LAB-013","LAB-013","Lab","Normal","[LAB-013] Analyze TCP Traffic with Wireshark","**Objective:** Analyze TCP Traffic with Wireshark

**Prerequisites:** LAB-012

**Concepts:** Packet analysis; Display and capture filters; TCP investigation; DNS investigation; HTTP investigation; TLS analysis; Suspicious traffic investigation

**Tools:** Wireshark; tcpdump

**Environment:** Lab Network

### Step-by-step activity
Follow the steps for LAB-013 in the module guide: [[MOD-08]]

- [ ] Complete every step in the module guide
- [ ] Verify the expected result
- [ ] Attach the evidence

**Expected result:** As stated for LAB-013 in the module guide.

**Evidence required:** Screenshot + command output

**Troubleshooting:** Record each problem and its fix in the issue notes. If stuck for more than 30 minutes, set the status to Blocked and describe the blocker.

**Security relevance:** Builds Network Security skills used by: SOC Engineer, Infrastructure Security Engineer.

**Assessment:** Instructor verifies the expected result from the attached evidence and may ask for a live demonstration. Type: Practical.

### Completion criteria
- Every step of the module guide for this task is done
- The expected result is demonstrated
- Required evidence is attached to the issue
- Actual time is logged against the issue
- Instructor Review is Approved and the status is Completed

**Estimated time:** 3 h

**Next task:** INV-001","Network Security","V02.0 Networking & Network Security","MOD-08","LAB-012","3","L3 - Intermediate","PCAP Analysis","Lab Network","Screenshot + command output","Wireshark; tcpdump","","Core","Practical","0","SOC Engineer; Infrastructure Security Engineer","","","Pending"
"INV-001","INV-001","Investigation","Normal","[INV-001] PCAP investigation: DNS anomalies","**Objective:** PCAP investigation: DNS anomalies

**Prerequisites:** LAB-013

**Concepts:** Packet analysis; Display and capture filters; TCP investigation; DNS investigation; HTTP investigation; TLS analysis; Suspicious traffic investigation

**Tools:** Wireshark; tcpdump

**Environment:** Lab Network

### Step-by-step activity
Follow the steps for INV-001 in the module guide: [[MOD-08]]

- [ ] Complete every step in the module guide
- [ ] Verify the expected result
- [ ] Attach the evidence

**Expected result:** As stated for INV-001 in the module guide.

**Evidence required:** Investigation report

**Troubleshooting:** Record each problem and its fix in the issue notes. If stuck for more than 30 minutes, set the status to Blocked and describe the blocker.

**Security relevance:** Builds Network Security skills used by: SOC Engineer, Infrastructure Security Engineer.

**Assessment:** Instructor grades the investigation report: timeline, evidence, root cause, impact and recommendations. Type: Practical.

### Completion criteria
- Every step of the module guide for this task is done
- The expected result is demonstrated
- Required evidence is attached to the issue
- Actual time is logged against the issue
- Instructor Review is Approved and the status is Completed

**Estimated time:** 3 h

**Next task:** INV-002","Network Security","V02.0 Networking & Network Security","MOD-08","LAB-013","3","L3 - Intermediate","Investigation","Lab Network","Investigation report","Wireshark; tcpdump","","Core","Practical","0","SOC Engineer; Infrastructure Security Engineer","Incident investigated","1","Pending"
"INV-002","INV-002","Investigation","Normal","[INV-002] PCAP investigation: HTTP session reconstruction","**Objective:** PCAP investigation: HTTP session reconstruction

**Prerequisites:** INV-001

**Concepts:** Packet analysis; Display and capture filters; TCP investigation; DNS investigation; HTTP investigation; TLS analysis; Suspicious traffic investigation

**Tools:** Wireshark; tcpdump

**Environment:** Lab Network

### Step-by-step activity
Follow the steps for INV-002 in the module guide: [[MOD-08]]

- [ ] Complete every step in the module guide
- [ ] Verify the expected result
- [ ] Attach the evidence

**Expected result:** As stated for INV-002 in the module guide.

**Evidence required:** Investigation report

**Troubleshooting:** Record each problem and its fix in the issue notes. If stuck for more than 30 minutes, set the status to Blocked and describe the blocker.

**Security relevance:** Builds Network Security skills used by: SOC Engineer, Infrastructure Security Engineer.

**Assessment:** Instructor grades the investigation report: timeline, evidence, root cause, impact and recommendations. Type: Practical.

### Completion criteria
- Every step of the module guide for this task is done
- The expected result is demonstrated
- Required evidence is attached to the issue
- Actual time is logged against the issue
- Instructor Review is Approved and the status is Completed

**Estimated time:** 3 h

**Next task:** INV-003","Network Security","V02.0 Networking & Network Security","MOD-08","INV-001","3","L3 - Intermediate","Investigation","Lab Network","Investigation report","Wireshark; tcpdump","","Core","Practical","0","SOC Engineer; Infrastructure Security Engineer","Incident investigated","1","Pending"
"INV-003","INV-003","Investigation","Normal","[INV-003] PCAP investigation: TLS and certificate anomalies","**Objective:** PCAP investigation: TLS and certificate anomalies

**Prerequisites:** INV-002

**Concepts:** Packet analysis; Display and capture filters; TCP investigation; DNS investigation; HTTP investigation; TLS analysis; Suspicious traffic investigation

**Tools:** Wireshark; tcpdump

**Environment:** Lab Network

### Step-by-step activity
Follow the steps for INV-003 in the module guide: [[MOD-08]]

- [ ] Complete every step in the module guide
- [ ] Verify the expected result
- [ ] Attach the evidence

**Expected result:** As stated for INV-003 in the module guide.

**Evidence required:** Investigation report

**Troubleshooting:** Record each problem and its fix in the issue notes. If stuck for more than 30 minutes, set the status to Blocked and describe the blocker.

**Security relevance:** Builds Network Security skills used by: SOC Engineer, Infrastructure Security Engineer.

**Assessment:** Instructor grades the investigation report: timeline, evidence, root cause, impact and recommendations. Type: Practical.

### Completion criteria
- Every step of the module guide for this task is done
- The expected result is demonstrated
- Required evidence is attached to the issue
- Actual time is logged against the issue
- Instructor Review is Approved and the status is Completed

**Estimated time:** 3 h

**Next task:** INV-004","Network Security","V02.0 Networking & Network Security","MOD-08","INV-002","3","L3 - Intermediate","Investigation","Lab Network","Investigation report","Wireshark; tcpdump","","Core","Practical","0","SOC Engineer; Infrastructure Security Engineer","Incident investigated","1","Pending"
"INV-004","INV-004","Investigation","Normal","[INV-004] PCAP investigation: suspicious outbound traffic","**Objective:** PCAP investigation: suspicious outbound traffic

**Prerequisites:** INV-003

**Concepts:** Packet analysis; Display and capture filters; TCP investigation; DNS investigation; HTTP investigation; TLS analysis; Suspicious traffic investigation

**Tools:** Wireshark; tcpdump

**Environment:** Lab Network

### Step-by-step activity
Follow the steps for INV-004 in the module guide: [[MOD-08]]

- [ ] Complete every step in the module guide
- [ ] Verify the expected result
- [ ] Attach the evidence

**Expected result:** As stated for INV-004 in the module guide.

**Evidence required:** Investigation report

**Troubleshooting:** Record each problem and its fix in the issue notes. If stuck for more than 30 minutes, set the status to Blocked and describe the blocker.

**Security relevance:** Builds Network Security skills used by: SOC Engineer, Infrastructure Security Engineer.

**Assessment:** Instructor grades the investigation report: timeline, evidence, root cause, impact and recommendations. Type: Practical.

### Completion criteria
- Every step of the module guide for this task is done
- The expected result is demonstrated
- Required evidence is attached to the issue
- Actual time is logged against the issue
- Instructor Review is Approved and the status is Completed

**Estimated time:** 4 h

**Next task:** Last task of this module","Network Security","V02.0 Networking & Network Security","MOD-08","INV-003","4","L3 - Intermediate","Investigation","Lab Network","Investigation report","Wireshark; tcpdump","","Core","Practical","0","SOC Engineer; Infrastructure Security Engineer","Incident investigated","1","Pending"
"MOD-09","MOD-09","Module","Normal","[MOD-09] Nmap and Network Discovery","**Topics:** Host discovery; Port states; Service and version detection; Scripting engine; Asset inventory; Scan visibility for defenders

**Tools:** Nmap

**Environment:** Lab Network

**Tasks:** 4, 11 estimated hours.

**Module guide (steps for every task):** [[MOD-09]]","Network Security","V02.0 Networking & Network Security","PHASE-02","","","","","Lab Network","","Nmap","","Core","","","SOC Engineer; Infrastructure Security Engineer","","",""
"LAB-014","LAB-014","Lab","Normal","[LAB-014] Host discovery and port scanning of the lab","**Objective:** Host discovery and port scanning of the lab

**Prerequisites:** LAB-005

**Concepts:** Host discovery; Port states; Service and version detection; Scripting engine; Asset inventory; Scan visibility for defenders

**Tools:** Nmap

**Environment:** Lab Network

### Step-by-step activity
Follow the steps for LAB-014 in the module guide: [[MOD-09]]

- [ ] Complete every step in the module guide
- [ ] Verify the expected result
- [ ] Attach the evidence

**Expected result:** As stated for LAB-014 in the module guide.

**Evidence required:** Screenshot + command output

**Troubleshooting:** Record each problem and its fix in the issue notes. If stuck for more than 30 minutes, set the status to Blocked and describe the blocker.

**Security relevance:** Builds Network Security skills used by: SOC Engineer, Infrastructure Security Engineer.

**Assessment:** Instructor verifies the expected result from the attached evidence and may ask for a live demonstration. Type: Practical.

### Completion criteria
- Every step of the module guide for this task is done
- The expected result is demonstrated
- Required evidence is attached to the issue
- Actual time is logged against the issue
- Instructor Review is Approved and the status is Completed

**Estimated time:** 3 h

**Next task:** LAB-015","Network Security","V02.0 Networking & Network Security","MOD-09","LAB-005","3","L2 - Basic","Guided Lab","Lab Network","Screenshot + command output","Nmap","","Core","Practical","0","SOC Engineer; Infrastructure Security Engineer","","","Pending"
"LAB-015","LAB-015","Lab","Normal","[LAB-015] Service detection and Nmap scripts for asset inventory","**Objective:** Service detection and Nmap scripts for asset inventory

**Prerequisites:** LAB-014

**Concepts:** Host discovery; Port states; Service and version detection; Scripting engine; Asset inventory; Scan visibility for defenders

**Tools:** Nmap

**Environment:** Lab Network

### Step-by-step activity
Follow the steps for LAB-015 in the module guide: [[MOD-09]]

- [ ] Complete every step in the module guide
- [ ] Verify the expected result
- [ ] Attach the evidence

**Expected result:** As stated for LAB-015 in the module guide.

**Evidence required:** Screenshot + command output

**Troubleshooting:** Record each problem and its fix in the issue notes. If stuck for more than 30 minutes, set the status to Blocked and describe the blocker.

**Security relevance:** Builds Network Security skills used by: SOC Engineer, Infrastructure Security Engineer.

**Assessment:** Instructor verifies the expected result from the attached evidence and may ask for a live demonstration. Type: Practical.

### Completion criteria
- Every step of the module guide for this task is done
- The expected result is demonstrated
- Required evidence is attached to the issue
- Actual time is logged against the issue
- Instructor Review is Approved and the status is Completed

**Estimated time:** 3 h

**Next task:** INV-005","Network Security","V02.0 Networking & Network Security","MOD-09","LAB-014","3","L2 - Basic","Guided Lab","Lab Network","Screenshot + command output","Nmap","","Core","Practical","0","SOC Engineer; Infrastructure Security Engineer","","","Pending"
"INV-005","INV-005","Investigation","Normal","[INV-005] See a scan from the defender side in captures and firewall logs","**Objective:** See a scan from the defender side in captures and firewall logs

**Prerequisites:** LAB-015

**Concepts:** Host discovery; Port states; Service and version detection; Scripting engine; Asset inventory; Scan visibility for defenders

**Tools:** Nmap

**Environment:** Lab Network

### Step-by-step activity
Follow the steps for INV-005 in the module guide: [[MOD-09]]

- [ ] Complete every step in the module guide
- [ ] Verify the expected result
- [ ] Attach the evidence

**Expected result:** As stated for INV-005 in the module guide.

**Evidence required:** Investigation report

**Troubleshooting:** Record each problem and its fix in the issue notes. If stuck for more than 30 minutes, set the status to Blocked and describe the blocker.

**Security relevance:** Builds Network Security skills used by: SOC Engineer, Infrastructure Security Engineer.

**Assessment:** Instructor grades the investigation report: timeline, evidence, root cause, impact and recommendations. Type: Practical.

### Completion criteria
- Every step of the module guide for this task is done
- The expected result is demonstrated
- Required evidence is attached to the issue
- Actual time is logged against the issue
- Instructor Review is Approved and the status is Completed

**Estimated time:** 3 h

**Next task:** ASG-006","Network Security","V02.0 Networking & Network Security","MOD-09","LAB-015","3","L2 - Basic","Investigation","Lab Network","Investigation report","Nmap","","Core","Practical","0","SOC Engineer; Infrastructure Security Engineer","Incident investigated","1","Pending"
"ASG-006","ASG-006","Assignment","Normal","[ASG-006] Asset inventory of the lab from scan results","**Objective:** Asset inventory of the lab from scan results

**Prerequisites:** INV-005

**Concepts:** Host discovery; Port states; Service and version detection; Scripting engine; Asset inventory; Scan visibility for defenders

**Tools:** Nmap

**Environment:** Lab Network

### Step-by-step activity
Follow the steps for ASG-006 in the module guide: [[MOD-09]]

- [ ] Complete every step in the module guide
- [ ] Verify the expected result
- [ ] Attach the evidence

**Expected result:** As stated for ASG-006 in the module guide.

**Evidence required:** Written deliverable

**Troubleshooting:** Record each problem and its fix in the issue notes. If stuck for more than 30 minutes, set the status to Blocked and describe the blocker.

**Security relevance:** Builds Network Security skills used by: SOC Engineer, Infrastructure Security Engineer.

**Assessment:** Instructor reviews the written deliverable against the module concepts. Type: Scenario question.

### Completion criteria
- Every step of the module guide for this task is done
- The expected result is demonstrated
- Required evidence is attached to the issue
- Actual time is logged against the issue
- Instructor Review is Approved and the status is Completed

**Estimated time:** 2 h

**Next task:** Last task of this module","Network Security","V02.0 Networking & Network Security","MOD-09","INV-005","2","L2 - Basic","Assignment","Lab Network","Written deliverable","Nmap","","Core","Scenario question","0","SOC Engineer; Infrastructure Security Engineer","","","Pending"
"MOD-10","MOD-10","Module","Normal","[MOD-10] Zeek Network Security Monitoring","**Topics:** Network metadata; Connections; DNS; HTTP; TLS; Files; Protocol analysis; Zeek logs

**Tools:** Zeek

**Environment:** Lab Network

**Tasks:** 4, 14 estimated hours.

**Module guide (steps for every task):** [[MOD-10]]","Network Security","V02.0 Networking & Network Security","PHASE-02","","","","","Lab Network","","Zeek","","Core","","","SOC Engineer; Infrastructure Security Engineer","","",""
"LAB-016","LAB-016","Lab","Normal","[LAB-016] Install Zeek on the network sensor","**Objective:** Install Zeek on the network sensor

**Prerequisites:** INV-004, ASG-006

**Concepts:** Network metadata; Connections; DNS; HTTP; TLS; Files; Protocol analysis; Zeek logs

**Tools:** Zeek

**Environment:** Lab Network

### Step-by-step activity
Follow the steps for LAB-016 in the module guide: [[MOD-10]]

- [ ] Complete every step in the module guide
- [ ] Verify the expected result
- [ ] Attach the evidence

**Expected result:** As stated for LAB-016 in the module guide.

**Evidence required:** Screenshot + command output

**Troubleshooting:** Record each problem and its fix in the issue notes. If stuck for more than 30 minutes, set the status to Blocked and describe the blocker.

**Security relevance:** Builds Network Security skills used by: SOC Engineer, Infrastructure Security Engineer.

**Assessment:** Instructor verifies the expected result from the attached evidence and may ask for a live demonstration. Type: Practical.

### Completion criteria
- Every step of the module guide for this task is done
- The expected result is demonstrated
- Required evidence is attached to the issue
- Actual time is logged against the issue
- Instructor Review is Approved and the status is Completed

**Estimated time:** 4 h

**Next task:** LAB-017","Network Security","V02.0 Networking & Network Security","MOD-10","INV-004, ASG-006","4","L3 - Intermediate","Setup","Lab Network","Screenshot + command output","Zeek","","Core","Practical","0","SOC Engineer; Infrastructure Security Engineer","","","Pending"
"LAB-017","LAB-017","Lab","Normal","[LAB-017] Read conn, dns, http, ssl and files logs","**Objective:** Read conn, dns, http, ssl and files logs

**Prerequisites:** LAB-016

**Concepts:** Network metadata; Connections; DNS; HTTP; TLS; Files; Protocol analysis; Zeek logs

**Tools:** Zeek

**Environment:** Lab Network

### Step-by-step activity
Follow the steps for LAB-017 in the module guide: [[MOD-10]]

- [ ] Complete every step in the module guide
- [ ] Verify the expected result
- [ ] Attach the evidence

**Expected result:** As stated for LAB-017 in the module guide.

**Evidence required:** Screenshot + command output

**Troubleshooting:** Record each problem and its fix in the issue notes. If stuck for more than 30 minutes, set the status to Blocked and describe the blocker.

**Security relevance:** Builds Network Security skills used by: SOC Engineer, Infrastructure Security Engineer.

**Assessment:** Instructor verifies the expected result from the attached evidence and may ask for a live demonstration. Type: Practical.

### Completion criteria
- Every step of the module guide for this task is done
- The expected result is demonstrated
- Required evidence is attached to the issue
- Actual time is logged against the issue
- Instructor Review is Approved and the status is Completed

**Estimated time:** 4 h

**Next task:** LAB-018","Network Security","V02.0 Networking & Network Security","MOD-10","LAB-016","4","L3 - Intermediate","Log Analysis","Lab Network","Screenshot + command output","Zeek","","Core","Practical","0","SOC Engineer; Infrastructure Security Engineer","","","Pending"
"LAB-018","LAB-018","Lab","Normal","[LAB-018] Detect Port Scanning with Zeek","**Objective:** Detect Port Scanning with Zeek

**Prerequisites:** LAB-017

**Concepts:** Network metadata; Connections; DNS; HTTP; TLS; Files; Protocol analysis; Zeek logs

**Tools:** Zeek

**Environment:** Lab Network

### Step-by-step activity
Follow the steps for LAB-018 in the module guide: [[MOD-10]]

- [ ] Complete every step in the module guide
- [ ] Verify the expected result
- [ ] Attach the evidence

**Expected result:** As stated for LAB-018 in the module guide.

**Evidence required:** Repository link

**Troubleshooting:** Record each problem and its fix in the issue notes. If stuck for more than 30 minutes, set the status to Blocked and describe the blocker.

**Security relevance:** Builds Network Security skills used by: SOC Engineer, Infrastructure Security Engineer.

**Assessment:** Instructor verifies the expected result from the attached evidence and may ask for a live demonstration. Type: Practical.

### Completion criteria
- Every step of the module guide for this task is done
- The expected result is demonstrated
- Required evidence is attached to the issue
- Actual time is logged against the issue
- Instructor Review is Approved and the status is Completed

**Estimated time:** 3 h

**Next task:** INV-006","Network Security","V02.0 Networking & Network Security","MOD-10","LAB-017","3","L3 - Intermediate","Detection Engineering","Lab Network","Repository link","Zeek","","Core","Practical","0","SOC Engineer; Infrastructure Security Engineer","Detection rule","1","Pending"
"INV-006","INV-006","Investigation","Normal","[INV-006] Investigate a session end to end with Zeek logs","**Objective:** Investigate a session end to end with Zeek logs

**Prerequisites:** LAB-018

**Concepts:** Network metadata; Connections; DNS; HTTP; TLS; Files; Protocol analysis; Zeek logs

**Tools:** Zeek

**Environment:** Lab Network

### Step-by-step activity
Follow the steps for INV-006 in the module guide: [[MOD-10]]

- [ ] Complete every step in the module guide
- [ ] Verify the expected result
- [ ] Attach the evidence

**Expected result:** As stated for INV-006 in the module guide.

**Evidence required:** Investigation report

**Troubleshooting:** Record each problem and its fix in the issue notes. If stuck for more than 30 minutes, set the status to Blocked and describe the blocker.

**Security relevance:** Builds Network Security skills used by: SOC Engineer, Infrastructure Security Engineer.

**Assessment:** Instructor grades the investigation report: timeline, evidence, root cause, impact and recommendations. Type: Practical.

### Completion criteria
- Every step of the module guide for this task is done
- The expected result is demonstrated
- Required evidence is attached to the issue
- Actual time is logged against the issue
- Instructor Review is Approved and the status is Completed

**Estimated time:** 3 h

**Next task:** Last task of this module","Network Security","V02.0 Networking & Network Security","MOD-10","LAB-018","3","L3 - Intermediate","Investigation","Lab Network","Investigation report","Zeek","","Core","Practical","0","SOC Engineer; Infrastructure Security Engineer","Incident investigated","1","Pending"
"MOD-11","MOD-11","Module","Normal","[MOD-11] Suricata IDS/IPS","**Topics:** IDS; IPS; Signatures; Rules; Alerts; Protocol inspection; Snort comparison

**Tools:** Suricata; Snort

**Environment:** Lab Network

**Tasks:** 7, 29 estimated hours.

**Module guide (steps for every task):** [[MOD-11]]","Network Security","V02.0 Networking & Network Security","PHASE-02","","","","","Lab Network","","Suricata; Snort","","Core","","","SOC Engineer; Infrastructure Security Engineer","","",""
"LAB-019","LAB-019","Lab","Normal","[LAB-019] Install Suricata in IDS mode with a rule set","**Objective:** Install Suricata in IDS mode with a rule set

**Prerequisites:** INV-006

**Concepts:** IDS; IPS; Signatures; Rules; Alerts; Protocol inspection; Snort comparison

**Tools:** Suricata; Snort

**Environment:** Lab Network

### Step-by-step activity
Follow the steps for LAB-019 in the module guide: [[MOD-11]]

- [ ] Complete every step in the module guide
- [ ] Verify the expected result
- [ ] Attach the evidence

**Expected result:** As stated for LAB-019 in the module guide.

**Evidence required:** Screenshot + command output

**Troubleshooting:** Record each problem and its fix in the issue notes. If stuck for more than 30 minutes, set the status to Blocked and describe the blocker.

**Security relevance:** Builds Network Security skills used by: SOC Engineer, Infrastructure Security Engineer.

**Assessment:** Instructor verifies the expected result from the attached evidence and may ask for a live demonstration. Type: Practical.

### Completion criteria
- Every step of the module guide for this task is done
- The expected result is demonstrated
- Required evidence is attached to the issue
- Actual time is logged against the issue
- Instructor Review is Approved and the status is Completed

**Estimated time:** 4 h

**Next task:** LAB-020","Network Security","V02.0 Networking & Network Security","MOD-11","INV-006","4","L3 - Intermediate","Setup","Lab Network","Screenshot + command output","Suricata; Snort","","Core","Practical","0","SOC Engineer; Infrastructure Security Engineer","","","Pending"
"LAB-020","LAB-020","Lab","Normal","[LAB-020] Read alerts and protocol events","**Objective:** Read alerts and protocol events

**Prerequisites:** LAB-019

**Concepts:** IDS; IPS; Signatures; Rules; Alerts; Protocol inspection; Snort comparison

**Tools:** Suricata; Snort

**Environment:** Lab Network

### Step-by-step activity
Follow the steps for LAB-020 in the module guide: [[MOD-11]]

- [ ] Complete every step in the module guide
- [ ] Verify the expected result
- [ ] Attach the evidence

**Expected result:** As stated for LAB-020 in the module guide.

**Evidence required:** Screenshot + command output

**Troubleshooting:** Record each problem and its fix in the issue notes. If stuck for more than 30 minutes, set the status to Blocked and describe the blocker.

**Security relevance:** Builds Network Security skills used by: SOC Engineer, Infrastructure Security Engineer.

**Assessment:** Instructor verifies the expected result from the attached evidence and may ask for a live demonstration. Type: Practical.

### Completion criteria
- Every step of the module guide for this task is done
- The expected result is demonstrated
- Required evidence is attached to the issue
- Actual time is logged against the issue
- Instructor Review is Approved and the status is Completed

**Estimated time:** 3 h

**Next task:** LAB-021","Network Security","V02.0 Networking & Network Security","MOD-11","LAB-019","3","L3 - Intermediate","Log Analysis","Lab Network","Screenshot + command output","Suricata; Snort","","Core","Practical","0","SOC Engineer; Infrastructure Security Engineer","","","Pending"
"LAB-021","LAB-021","Lab","Normal","[LAB-021] Write and test custom Suricata rules","**Objective:** Write and test custom Suricata rules

**Prerequisites:** LAB-020

**Concepts:** IDS; IPS; Signatures; Rules; Alerts; Protocol inspection; Snort comparison

**Tools:** Suricata; Snort

**Environment:** Lab Network

### Step-by-step activity
Follow the steps for LAB-021 in the module guide: [[MOD-11]]

- [ ] Complete every step in the module guide
- [ ] Verify the expected result
- [ ] Attach the evidence

**Expected result:** As stated for LAB-021 in the module guide.

**Evidence required:** Repository link

**Troubleshooting:** Record each problem and its fix in the issue notes. If stuck for more than 30 minutes, set the status to Blocked and describe the blocker.

**Security relevance:** Builds Network Security skills used by: SOC Engineer, Infrastructure Security Engineer.

**Assessment:** Instructor verifies the expected result from the attached evidence and may ask for a live demonstration. Type: Practical.

### Completion criteria
- Every step of the module guide for this task is done
- The expected result is demonstrated
- Required evidence is attached to the issue
- Actual time is logged against the issue
- Instructor Review is Approved and the status is Completed

**Estimated time:** 4 h

**Next task:** LAB-022","Network Security","V02.0 Networking & Network Security","MOD-11","LAB-020","4","L3 - Intermediate","Detection Engineering","Lab Network","Repository link","Suricata; Snort","","Core","Practical","0","SOC Engineer; Infrastructure Security Engineer","Detection rule","3","Pending"
"LAB-022","LAB-022","Lab","Normal","[LAB-022] Run Suricata inline as IPS","**Objective:** Run Suricata inline as IPS

**Prerequisites:** LAB-021

**Concepts:** IDS; IPS; Signatures; Rules; Alerts; Protocol inspection; Snort comparison

**Tools:** Suricata; Snort

**Environment:** Lab Network

### Step-by-step activity
Follow the steps for LAB-022 in the module guide: [[MOD-11]]

- [ ] Complete every step in the module guide
- [ ] Verify the expected result
- [ ] Attach the evidence

**Expected result:** As stated for LAB-022 in the module guide.

**Evidence required:** Screenshot + command output

**Troubleshooting:** Record each problem and its fix in the issue notes. If stuck for more than 30 minutes, set the status to Blocked and describe the blocker.

**Security relevance:** Builds Network Security skills used by: SOC Engineer, Infrastructure Security Engineer.

**Assessment:** Instructor verifies the expected result from the attached evidence and may ask for a live demonstration. Type: Practical.

### Completion criteria
- Every step of the module guide for this task is done
- The expected result is demonstrated
- Required evidence is attached to the issue
- Actual time is logged against the issue
- Instructor Review is Approved and the status is Completed

**Estimated time:** 3 h

**Next task:** INV-007","Network Security","V02.0 Networking & Network Security","MOD-11","LAB-021","3","L3 - Intermediate","Guided Lab","Lab Network","Screenshot + command output","Suricata; Snort","","Core","Practical","0","SOC Engineer; Infrastructure Security Engineer","","","Pending"
"INV-007","INV-007","Investigation","Normal","[INV-007] Correlate Suricata alerts with Zeek logs and packet captures","**Objective:** Correlate Suricata alerts with Zeek logs and packet captures

**Prerequisites:** LAB-022

**Concepts:** IDS; IPS; Signatures; Rules; Alerts; Protocol inspection; Snort comparison

**Tools:** Suricata; Snort

**Environment:** Lab Network

### Step-by-step activity
Follow the steps for INV-007 in the module guide: [[MOD-11]]

- [ ] Complete every step in the module guide
- [ ] Verify the expected result
- [ ] Attach the evidence

**Expected result:** As stated for INV-007 in the module guide.

**Evidence required:** Investigation report

**Troubleshooting:** Record each problem and its fix in the issue notes. If stuck for more than 30 minutes, set the status to Blocked and describe the blocker.

**Security relevance:** Builds Network Security skills used by: SOC Engineer, Infrastructure Security Engineer.

**Assessment:** Instructor grades the investigation report: timeline, evidence, root cause, impact and recommendations. Type: Practical.

### Completion criteria
- Every step of the module guide for this task is done
- The expected result is demonstrated
- Required evidence is attached to the issue
- Actual time is logged against the issue
- Instructor Review is Approved and the status is Completed

**Estimated time:** 4 h

**Next task:** PROJECT-001","Network Security","V02.0 Networking & Network Security","MOD-11","LAB-022","4","L3 - Intermediate","Investigation","Lab Network","Investigation report","Suricata; Snort","","Core","Practical","0","SOC Engineer; Infrastructure Security Engineer","Incident investigated","1","Pending"
"PROJECT-001","PROJECT-001","Project","Normal","[PROJECT-001] Network security monitoring sensor","**Objective:** Network security monitoring sensor

**Prerequisites:** INV-007

**Concepts:** IDS; IPS; Signatures; Rules; Alerts; Protocol inspection; Snort comparison

**Tools:** Suricata; Snort

**Environment:** Lab Network

### Step-by-step activity
Follow the steps for PROJECT-001 in the module guide: [[MOD-11]]

- [ ] Complete every step in the module guide
- [ ] Verify the expected result
- [ ] Attach the evidence

**Expected result:** As stated for PROJECT-001 in the module guide.

**Evidence required:** Repository link + documentation

**Troubleshooting:** Record each problem and its fix in the issue notes. If stuck for more than 30 minutes, set the status to Blocked and describe the blocker.

**Security relevance:** Builds Network Security skills used by: SOC Engineer, Infrastructure Security Engineer.

**Assessment:** Scored 0-100 on working result, documentation and repository quality. Type: Project.

### Completion criteria
- Every step of the module guide for this task is done
- The expected result is demonstrated
- Required evidence is attached to the issue
- Actual time is logged against the issue
- Instructor Review is Approved and the status is Completed

**Estimated time:** 8 h

**Next task:** ASM-002","Network Security","V02.0 Networking & Network Security","MOD-11","INV-007","8","L3 - Intermediate","Project","Lab Network","Repository link + documentation","Suricata; Snort","","Core","Project","1","SOC Engineer; Infrastructure Security Engineer","","","Pending"
"ASM-002","ASM-002","Assessment","High","[ASM-002] Phase 02 assessment: PCAP analysis practical","**Objective:** Phase 02 assessment: PCAP analysis practical

**Prerequisites:** PROJECT-001

**Concepts:** IDS; IPS; Signatures; Rules; Alerts; Protocol inspection; Snort comparison

**Tools:** Suricata; Snort

**Environment:** Lab Network

### Step-by-step activity
Follow the steps for ASM-002 in the module guide: [[MOD-11]]

- [ ] Complete every step in the module guide
- [ ] Verify the expected result
- [ ] Attach the evidence

**Expected result:** As stated for ASM-002 in the module guide.

**Evidence required:** Scored result

**Troubleshooting:** Record each problem and its fix in the issue notes. If stuck for more than 30 minutes, set the status to Blocked and describe the blocker.

**Security relevance:** Builds Network Security skills used by: SOC Engineer, Infrastructure Security Engineer.

**Assessment:** Scored 0-100. Pass mark 70. Type: Practical exam.

### Completion criteria
- Every step of the module guide for this task is done
- The expected result is demonstrated
- Required evidence is attached to the issue
- Actual time is logged against the issue
- Instructor Review is Approved and the status is Completed

**Estimated time:** 3 h

**Next task:** Last task of this module","Network Security","V02.0 Networking & Network Security","MOD-11","PROJECT-001","3","L3 - Intermediate","Assessment","Lab Network","Scored result","Suricata; Snort","","Core","Practical exam","0","SOC Engineer; Infrastructure Security Engineer","","","Pending"
"REVIEW-02","REVIEW-02","Review","High","[REVIEW-02] Phase 02 gate review","**Objective:** Confirm that phase 02 (Networking & Network Security) is complete.

### Checklist
- [ ] Every issue of the phase is Completed
- [ ] Evidence is attached to every issue
- [ ] Time is logged
- [ ] Assessment score is 70 or higher
- [ ] Portfolio items are in the repository

**Assessment:** Instructor confirms every issue of the phase is Completed and records the gate decision.

**Estimated time:** 1 h","","V02.0 Networking & Network Security","PHASE-02","LAB-005, LAB-009, ASG-005, INV-004, ASG-006, INV-006, ASM-002","1","","Review","","Instructor sign-off","","","","Review","0","","","","Pending"
"PHASE-03","PHASE-03","Phase","Normal","[PHASE-03] Linux Security","Phase 03 of 15. Version: V03.0 Linux Security.

Modules: 5. Estimated hours: 86.

- MOD-12 Linux Internals for Security
- MOD-13 Linux Logging and Auditing
- MOD-14 Linux Hardening
- MOD-15 Linux Privilege and Persistence Review
- MOD-16 Bash for Security

The phase closes with the gate review REVIEW-03.","","V03.0 Linux Security","EPIC","","","","","","","","","","","","","","",""
"MOD-12","MOD-12","Module","Normal","[MOD-12] Linux Internals for Security","**Topics:** Linux architecture; Users; Groups; Permissions; ACL; sudo; PAM; Processes; Services; systemd; Cron

**Tools:** Linux; ps; top; htop; ss; lsof; strace

**Environment:** Linux Server

**Tasks:** 5, 16 estimated hours.

**Module guide (steps for every task):** [[MOD-12]]","Linux Security","V03.0 Linux Security","PHASE-03","","","","","Linux Server","","Linux; ps; top; htop; ss; lsof; strace","","Core","","","Infrastructure Security Engineer; SOC Analyst","","",""
"THY-010","THY-010","Theory","Normal","[THY-010] Linux architecture, identities and permissions","**Objective:** Linux architecture, identities and permissions

**Prerequisites:** ASM-001

**Concepts:** Linux architecture; Users; Groups; Permissions; ACL; sudo; PAM; Processes; Services; systemd; Cron

**Tools:** Linux; ps; top; htop; ss; lsof; strace

**Environment:** Linux Server

### Step-by-step activity
Follow the steps for THY-010 in the module guide: [[MOD-12]]

- [ ] Complete every step in the module guide
- [ ] Verify the expected result
- [ ] Attach the evidence

**Expected result:** As stated for THY-010 in the module guide.

**Evidence required:** Notes

**Troubleshooting:** Record each problem and its fix in the issue notes. If stuck for more than 30 minutes, set the status to Blocked and describe the blocker.

**Security relevance:** Builds Linux Security skills used by: Infrastructure Security Engineer, SOC Analyst.

**Assessment:** Instructor checks the notes and asks short oral questions on the concepts. Type: Short answers.

### Completion criteria
- Every step of the module guide for this task is done
- The expected result is demonstrated
- Required evidence is attached to the issue
- Actual time is logged against the issue
- Instructor Review is Approved and the status is Completed

**Estimated time:** 3 h

**Next task:** LAB-023","Linux Security","V03.0 Linux Security","MOD-12","ASM-001","3","L2 - Basic","Theory","Linux Server","Notes","Linux; ps; top; htop; ss; lsof; strace","","Core","Short answers","0","Infrastructure Security Engineer; SOC Analyst","","","Pending"
"LAB-023","LAB-023","Lab","Normal","[LAB-023] Audit users, groups, permissions, ACLs and sudo","**Objective:** Audit users, groups, permissions, ACLs and sudo

**Prerequisites:** THY-010

**Concepts:** Linux architecture; Users; Groups; Permissions; ACL; sudo; PAM; Processes; Services; systemd; Cron

**Tools:** Linux; ps; top; htop; ss; lsof; strace

**Environment:** Linux Server

### Step-by-step activity
Follow the steps for LAB-023 in the module guide: [[MOD-12]]

- [ ] Complete every step in the module guide
- [ ] Verify the expected result
- [ ] Attach the evidence

**Expected result:** As stated for LAB-023 in the module guide.

**Evidence required:** Screenshot + command output

**Troubleshooting:** Record each problem and its fix in the issue notes. If stuck for more than 30 minutes, set the status to Blocked and describe the blocker.

**Security relevance:** Builds Linux Security skills used by: Infrastructure Security Engineer, SOC Analyst.

**Assessment:** Instructor verifies the expected result from the attached evidence and may ask for a live demonstration. Type: Practical.

### Completion criteria
- Every step of the module guide for this task is done
- The expected result is demonstrated
- Required evidence is attached to the issue
- Actual time is logged against the issue
- Instructor Review is Approved and the status is Completed

**Estimated time:** 4 h

**Next task:** LAB-024","Linux Security","V03.0 Linux Security","MOD-12","THY-010","4","L2 - Basic","Guided Lab","Linux Server","Screenshot + command output","Linux; ps; top; htop; ss; lsof; strace","","Core","Practical","0","Infrastructure Security Engineer; SOC Analyst","","","Pending"
"LAB-024","LAB-024","Lab","Normal","[LAB-024] PAM password and lockout policy","**Objective:** PAM password and lockout policy

**Prerequisites:** LAB-023

**Concepts:** Linux architecture; Users; Groups; Permissions; ACL; sudo; PAM; Processes; Services; systemd; Cron

**Tools:** Linux; ps; top; htop; ss; lsof; strace

**Environment:** Linux Server

### Step-by-step activity
Follow the steps for LAB-024 in the module guide: [[MOD-12]]

- [ ] Complete every step in the module guide
- [ ] Verify the expected result
- [ ] Attach the evidence

**Expected result:** As stated for LAB-024 in the module guide.

**Evidence required:** Screenshot + command output

**Troubleshooting:** Record each problem and its fix in the issue notes. If stuck for more than 30 minutes, set the status to Blocked and describe the blocker.

**Security relevance:** Builds Linux Security skills used by: Infrastructure Security Engineer, SOC Analyst.

**Assessment:** Instructor verifies the expected result from the attached evidence and may ask for a live demonstration. Type: Practical.

### Completion criteria
- Every step of the module guide for this task is done
- The expected result is demonstrated
- Required evidence is attached to the issue
- Actual time is logged against the issue
- Instructor Review is Approved and the status is Completed

**Estimated time:** 3 h

**Next task:** LAB-025","Linux Security","V03.0 Linux Security","MOD-12","LAB-023","3","L2 - Basic","Hardening","Linux Server","Screenshot + command output","Linux; ps; top; htop; ss; lsof; strace","","Core","Practical","0","Infrastructure Security Engineer; SOC Analyst","","","Pending"
"LAB-025","LAB-025","Lab","Normal","[LAB-025] Inspect processes, services and sockets","**Objective:** Inspect processes, services and sockets

**Prerequisites:** LAB-024

**Concepts:** Linux architecture; Users; Groups; Permissions; ACL; sudo; PAM; Processes; Services; systemd; Cron

**Tools:** Linux; ps; top; htop; ss; lsof; strace

**Environment:** Linux Server

### Step-by-step activity
Follow the steps for LAB-025 in the module guide: [[MOD-12]]

- [ ] Complete every step in the module guide
- [ ] Verify the expected result
- [ ] Attach the evidence

**Expected result:** As stated for LAB-025 in the module guide.

**Evidence required:** Screenshot + command output

**Troubleshooting:** Record each problem and its fix in the issue notes. If stuck for more than 30 minutes, set the status to Blocked and describe the blocker.

**Security relevance:** Builds Linux Security skills used by: Infrastructure Security Engineer, SOC Analyst.

**Assessment:** Instructor verifies the expected result from the attached evidence and may ask for a live demonstration. Type: Practical.

### Completion criteria
- Every step of the module guide for this task is done
- The expected result is demonstrated
- Required evidence is attached to the issue
- Actual time is logged against the issue
- Instructor Review is Approved and the status is Completed

**Estimated time:** 3 h

**Next task:** LAB-026","Linux Security","V03.0 Linux Security","MOD-12","LAB-024","3","L2 - Basic","Guided Lab","Linux Server","Screenshot + command output","Linux; ps; top; htop; ss; lsof; strace","","Core","Practical","0","Infrastructure Security Engineer; SOC Analyst","","","Pending"
"LAB-026","LAB-026","Lab","Normal","[LAB-026] Review cron and systemd units","**Objective:** Review cron and systemd units

**Prerequisites:** LAB-025

**Concepts:** Linux architecture; Users; Groups; Permissions; ACL; sudo; PAM; Processes; Services; systemd; Cron

**Tools:** Linux; ps; top; htop; ss; lsof; strace

**Environment:** Linux Server

### Step-by-step activity
Follow the steps for LAB-026 in the module guide: [[MOD-12]]

- [ ] Complete every step in the module guide
- [ ] Verify the expected result
- [ ] Attach the evidence

**Expected result:** As stated for LAB-026 in the module guide.

**Evidence required:** Screenshot + command output

**Troubleshooting:** Record each problem and its fix in the issue notes. If stuck for more than 30 minutes, set the status to Blocked and describe the blocker.

**Security relevance:** Builds Linux Security skills used by: Infrastructure Security Engineer, SOC Analyst.

**Assessment:** Instructor verifies the expected result from the attached evidence and may ask for a live demonstration. Type: Practical.

### Completion criteria
- Every step of the module guide for this task is done
- The expected result is demonstrated
- Required evidence is attached to the issue
- Actual time is logged against the issue
- Instructor Review is Approved and the status is Completed

**Estimated time:** 3 h

**Next task:** Last task of this module","Linux Security","V03.0 Linux Security","MOD-12","LAB-025","3","L2 - Basic","Guided Lab","Linux Server","Screenshot + command output","Linux; ps; top; htop; ss; lsof; strace","","Core","Practical","0","Infrastructure Security Engineer; SOC Analyst","","","Pending"
"MOD-13","MOD-13","Module","Normal","[MOD-13] Linux Logging and Auditing","**Topics:** Logs; journald; syslog; auditd; File integrity; Authentication logs

**Tools:** journalctl; auditd; syslog

**Environment:** Linux Server

**Tasks:** 5, 17 estimated hours.

**Module guide (steps for every task):** [[MOD-13]]","Linux Security","V03.0 Linux Security","PHASE-03","","","","","Linux Server","","journalctl; auditd; syslog","","Core","","","Infrastructure Security Engineer; SOC Analyst","","",""
"LAB-027","LAB-027","Lab","Normal","[LAB-027] journald and syslog with remote forwarding","**Objective:** journald and syslog with remote forwarding

**Prerequisites:** LAB-026

**Concepts:** Logs; journald; syslog; auditd; File integrity; Authentication logs

**Tools:** journalctl; auditd; syslog

**Environment:** Linux Server

### Step-by-step activity
Follow the steps for LAB-027 in the module guide: [[MOD-13]]

- [ ] Complete every step in the module guide
- [ ] Verify the expected result
- [ ] Attach the evidence

**Expected result:** As stated for LAB-027 in the module guide.

**Evidence required:** Screenshot + command output

**Troubleshooting:** Record each problem and its fix in the issue notes. If stuck for more than 30 minutes, set the status to Blocked and describe the blocker.

**Security relevance:** Builds Linux Security skills used by: Infrastructure Security Engineer, SOC Analyst.

**Assessment:** Instructor verifies the expected result from the attached evidence and may ask for a live demonstration. Type: Practical.

### Completion criteria
- Every step of the module guide for this task is done
- The expected result is demonstrated
- Required evidence is attached to the issue
- Actual time is logged against the issue
- Instructor Review is Approved and the status is Completed

**Estimated time:** 4 h

**Next task:** LAB-028","Linux Security","V03.0 Linux Security","MOD-13","LAB-026","4","L3 - Intermediate","Guided Lab","Linux Server","Screenshot + command output","journalctl; auditd; syslog","","Core","Practical","0","Infrastructure Security Engineer; SOC Analyst","","","Pending"
"LAB-028","LAB-028","Lab","Normal","[LAB-028] auditd rules for identity, privilege and file changes","**Objective:** auditd rules for identity, privilege and file changes

**Prerequisites:** LAB-027

**Concepts:** Logs; journald; syslog; auditd; File integrity; Authentication logs

**Tools:** journalctl; auditd; syslog

**Environment:** Linux Server

### Step-by-step activity
Follow the steps for LAB-028 in the module guide: [[MOD-13]]

- [ ] Complete every step in the module guide
- [ ] Verify the expected result
- [ ] Attach the evidence

**Expected result:** As stated for LAB-028 in the module guide.

**Evidence required:** Screenshot + command output

**Troubleshooting:** Record each problem and its fix in the issue notes. If stuck for more than 30 minutes, set the status to Blocked and describe the blocker.

**Security relevance:** Builds Linux Security skills used by: Infrastructure Security Engineer, SOC Analyst.

**Assessment:** Instructor verifies the expected result from the attached evidence and may ask for a live demonstration. Type: Practical.

### Completion criteria
- Every step of the module guide for this task is done
- The expected result is demonstrated
- Required evidence is attached to the issue
- Actual time is logged against the issue
- Instructor Review is Approved and the status is Completed

**Estimated time:** 4 h

**Next task:** INV-008","Linux Security","V03.0 Linux Security","MOD-13","LAB-027","4","L3 - Intermediate","Guided Lab","Linux Server","Screenshot + command output","journalctl; auditd; syslog","","Core","Practical","0","Infrastructure Security Engineer; SOC Analyst","","","Pending"
"INV-008","INV-008","Investigation","Normal","[INV-008] Investigate SSH authentication logs","**Objective:** Investigate SSH authentication logs

**Prerequisites:** LAB-028

**Concepts:** Logs; journald; syslog; auditd; File integrity; Authentication logs

**Tools:** journalctl; auditd; syslog

**Environment:** Linux Server

### Step-by-step activity
Follow the steps for INV-008 in the module guide: [[MOD-13]]

- [ ] Complete every step in the module guide
- [ ] Verify the expected result
- [ ] Attach the evidence

**Expected result:** As stated for INV-008 in the module guide.

**Evidence required:** Investigation report

**Troubleshooting:** Record each problem and its fix in the issue notes. If stuck for more than 30 minutes, set the status to Blocked and describe the blocker.

**Security relevance:** Builds Linux Security skills used by: Infrastructure Security Engineer, SOC Analyst.

**Assessment:** Instructor grades the investigation report: timeline, evidence, root cause, impact and recommendations. Type: Practical.

### Completion criteria
- Every step of the module guide for this task is done
- The expected result is demonstrated
- Required evidence is attached to the issue
- Actual time is logged against the issue
- Instructor Review is Approved and the status is Completed

**Estimated time:** 3 h

**Next task:** INV-009","Linux Security","V03.0 Linux Security","MOD-13","LAB-028","3","L3 - Intermediate","Investigation","Linux Server","Investigation report","journalctl; auditd; syslog","","Core","Practical","0","Infrastructure Security Engineer; SOC Analyst","Incident investigated","1","Pending"
"INV-009","INV-009","Investigation","Normal","[INV-009] Investigate sudo activity with auditd","**Objective:** Investigate sudo activity with auditd

**Prerequisites:** INV-008

**Concepts:** Logs; journald; syslog; auditd; File integrity; Authentication logs

**Tools:** journalctl; auditd; syslog

**Environment:** Linux Server

### Step-by-step activity
Follow the steps for INV-009 in the module guide: [[MOD-13]]

- [ ] Complete every step in the module guide
- [ ] Verify the expected result
- [ ] Attach the evidence

**Expected result:** As stated for INV-009 in the module guide.

**Evidence required:** Investigation report

**Troubleshooting:** Record each problem and its fix in the issue notes. If stuck for more than 30 minutes, set the status to Blocked and describe the blocker.

**Security relevance:** Builds Linux Security skills used by: Infrastructure Security Engineer, SOC Analyst.

**Assessment:** Instructor grades the investigation report: timeline, evidence, root cause, impact and recommendations. Type: Practical.

### Completion criteria
- Every step of the module guide for this task is done
- The expected result is demonstrated
- Required evidence is attached to the issue
- Actual time is logged against the issue
- Instructor Review is Approved and the status is Completed

**Estimated time:** 3 h

**Next task:** LAB-029","Linux Security","V03.0 Linux Security","MOD-13","INV-008","3","L3 - Intermediate","Investigation","Linux Server","Investigation report","journalctl; auditd; syslog","","Core","Practical","0","Infrastructure Security Engineer; SOC Analyst","Incident investigated","1","Pending"
"LAB-029","LAB-029","Lab","Normal","[LAB-029] File integrity monitoring","**Objective:** File integrity monitoring

**Prerequisites:** INV-009

**Concepts:** Logs; journald; syslog; auditd; File integrity; Authentication logs

**Tools:** journalctl; auditd; syslog

**Environment:** Linux Server

### Step-by-step activity
Follow the steps for LAB-029 in the module guide: [[MOD-13]]

- [ ] Complete every step in the module guide
- [ ] Verify the expected result
- [ ] Attach the evidence

**Expected result:** As stated for LAB-029 in the module guide.

**Evidence required:** Screenshot + command output

**Troubleshooting:** Record each problem and its fix in the issue notes. If stuck for more than 30 minutes, set the status to Blocked and describe the blocker.

**Security relevance:** Builds Linux Security skills used by: Infrastructure Security Engineer, SOC Analyst.

**Assessment:** Instructor verifies the expected result from the attached evidence and may ask for a live demonstration. Type: Practical.

### Completion criteria
- Every step of the module guide for this task is done
- The expected result is demonstrated
- Required evidence is attached to the issue
- Actual time is logged against the issue
- Instructor Review is Approved and the status is Completed

**Estimated time:** 3 h

**Next task:** Last task of this module","Linux Security","V03.0 Linux Security","MOD-13","INV-009","3","L3 - Intermediate","Guided Lab","Linux Server","Screenshot + command output","journalctl; auditd; syslog","","Core","Practical","0","Infrastructure Security Engineer; SOC Analyst","","","Pending"
"MOD-14","MOD-14","Module","Normal","[MOD-14] Linux Hardening","**Topics:** SSH hardening; Host firewall; Kernel security; SELinux; AppArmor; Linux capabilities; Namespaces; Containers; Benchmarks

**Tools:** iptables; nftables; UFW; Fail2Ban; Lynis; OpenSCAP; SELinux; AppArmor

**Environment:** Linux Server

**Tasks:** 5, 19 estimated hours.

**Module guide (steps for every task):** [[MOD-14]]","Linux Security","V03.0 Linux Security","PHASE-03","","","","","Linux Server","","iptables; nftables; UFW; Fail2Ban; Lynis; OpenSCAP; SELinux; AppArmor","","Core","","","Infrastructure Security Engineer; SOC Analyst","","",""
"LAB-030","LAB-030","Lab","Normal","[LAB-030] SSH hardening","**Objective:** SSH hardening

**Prerequisites:** LAB-029

**Concepts:** SSH hardening; Host firewall; Kernel security; SELinux; AppArmor; Linux capabilities; Namespaces; Containers; Benchmarks

**Tools:** iptables; nftables; UFW; Fail2Ban; Lynis; OpenSCAP; SELinux; AppArmor

**Environment:** Linux Server

### Step-by-step activity
Follow the steps for LAB-030 in the module guide: [[MOD-14]]

- [ ] Complete every step in the module guide
- [ ] Verify the expected result
- [ ] Attach the evidence

**Expected result:** As stated for LAB-030 in the module guide.

**Evidence required:** Screenshot + command output

**Troubleshooting:** Record each problem and its fix in the issue notes. If stuck for more than 30 minutes, set the status to Blocked and describe the blocker.

**Security relevance:** Builds Linux Security skills used by: Infrastructure Security Engineer, SOC Analyst.

**Assessment:** Instructor verifies the expected result from the attached evidence and may ask for a live demonstration. Type: Practical.

### Completion criteria
- Every step of the module guide for this task is done
- The expected result is demonstrated
- Required evidence is attached to the issue
- Actual time is logged against the issue
- Instructor Review is Approved and the status is Completed

**Estimated time:** 3 h

**Next task:** LAB-031","Linux Security","V03.0 Linux Security","MOD-14","LAB-029","3","L3 - Intermediate","Hardening","Linux Server","Screenshot + command output","iptables; nftables; UFW; Fail2Ban; Lynis; OpenSCAP; SELinux; AppArmor","","Core","Practical","0","Infrastructure Security Engineer; SOC Analyst","","","Pending"
"LAB-031","LAB-031","Lab","Normal","[LAB-031] Host firewall with nftables or UFW and Fail2Ban","**Objective:** Host firewall with nftables or UFW and Fail2Ban

**Prerequisites:** LAB-030

**Concepts:** SSH hardening; Host firewall; Kernel security; SELinux; AppArmor; Linux capabilities; Namespaces; Containers; Benchmarks

**Tools:** iptables; nftables; UFW; Fail2Ban; Lynis; OpenSCAP; SELinux; AppArmor

**Environment:** Linux Server

### Step-by-step activity
Follow the steps for LAB-031 in the module guide: [[MOD-14]]

- [ ] Complete every step in the module guide
- [ ] Verify the expected result
- [ ] Attach the evidence

**Expected result:** As stated for LAB-031 in the module guide.

**Evidence required:** Screenshot + command output

**Troubleshooting:** Record each problem and its fix in the issue notes. If stuck for more than 30 minutes, set the status to Blocked and describe the blocker.

**Security relevance:** Builds Linux Security skills used by: Infrastructure Security Engineer, SOC Analyst.

**Assessment:** Instructor verifies the expected result from the attached evidence and may ask for a live demonstration. Type: Practical.

### Completion criteria
- Every step of the module guide for this task is done
- The expected result is demonstrated
- Required evidence is attached to the issue
- Actual time is logged against the issue
- Instructor Review is Approved and the status is Completed

**Estimated time:** 4 h

**Next task:** LAB-032","Linux Security","V03.0 Linux Security","MOD-14","LAB-030","4","L3 - Intermediate","Hardening","Linux Server","Screenshot + command output","iptables; nftables; UFW; Fail2Ban; Lynis; OpenSCAP; SELinux; AppArmor","","Core","Practical","0","Infrastructure Security Engineer; SOC Analyst","","","Pending"
"LAB-032","LAB-032","Lab","Normal","[LAB-032] SELinux and AppArmor in enforcing mode","**Objective:** SELinux and AppArmor in enforcing mode

**Prerequisites:** LAB-031

**Concepts:** SSH hardening; Host firewall; Kernel security; SELinux; AppArmor; Linux capabilities; Namespaces; Containers; Benchmarks

**Tools:** iptables; nftables; UFW; Fail2Ban; Lynis; OpenSCAP; SELinux; AppArmor

**Environment:** Linux Server

### Step-by-step activity
Follow the steps for LAB-032 in the module guide: [[MOD-14]]

- [ ] Complete every step in the module guide
- [ ] Verify the expected result
- [ ] Attach the evidence

**Expected result:** As stated for LAB-032 in the module guide.

**Evidence required:** Screenshot + command output

**Troubleshooting:** Record each problem and its fix in the issue notes. If stuck for more than 30 minutes, set the status to Blocked and describe the blocker.

**Security relevance:** Builds Linux Security skills used by: Infrastructure Security Engineer, SOC Analyst.

**Assessment:** Instructor verifies the expected result from the attached evidence and may ask for a live demonstration. Type: Practical.

### Completion criteria
- Every step of the module guide for this task is done
- The expected result is demonstrated
- Required evidence is attached to the issue
- Actual time is logged against the issue
- Instructor Review is Approved and the status is Completed

**Estimated time:** 4 h

**Next task:** LAB-033","Linux Security","V03.0 Linux Security","MOD-14","LAB-031","4","L3 - Intermediate","Hardening","Linux Server","Screenshot + command output","iptables; nftables; UFW; Fail2Ban; Lynis; OpenSCAP; SELinux; AppArmor","","Core","Practical","0","Infrastructure Security Engineer; SOC Analyst","","","Pending"
"LAB-033","LAB-033","Lab","Normal","[LAB-033] Kernel parameters, capabilities and namespaces","**Objective:** Kernel parameters, capabilities and namespaces

**Prerequisites:** LAB-032

**Concepts:** SSH hardening; Host firewall; Kernel security; SELinux; AppArmor; Linux capabilities; Namespaces; Containers; Benchmarks

**Tools:** iptables; nftables; UFW; Fail2Ban; Lynis; OpenSCAP; SELinux; AppArmor

**Environment:** Linux Server

### Step-by-step activity
Follow the steps for LAB-033 in the module guide: [[MOD-14]]

- [ ] Complete every step in the module guide
- [ ] Verify the expected result
- [ ] Attach the evidence

**Expected result:** As stated for LAB-033 in the module guide.

**Evidence required:** Screenshot + command output

**Troubleshooting:** Record each problem and its fix in the issue notes. If stuck for more than 30 minutes, set the status to Blocked and describe the blocker.

**Security relevance:** Builds Linux Security skills used by: Infrastructure Security Engineer, SOC Analyst.

**Assessment:** Instructor verifies the expected result from the attached evidence and may ask for a live demonstration. Type: Practical.

### Completion criteria
- Every step of the module guide for this task is done
- The expected result is demonstrated
- Required evidence is attached to the issue
- Actual time is logged against the issue
- Instructor Review is Approved and the status is Completed

**Estimated time:** 3 h

**Next task:** LAB-034","Linux Security","V03.0 Linux Security","MOD-14","LAB-032","3","L3 - Intermediate","Hardening","Linux Server","Screenshot + command output","iptables; nftables; UFW; Fail2Ban; Lynis; OpenSCAP; SELinux; AppArmor","","Core","Practical","0","Infrastructure Security Engineer; SOC Analyst","","","Pending"
"LAB-034","LAB-034","Lab","Normal","[LAB-034] Benchmark scan with Lynis and OpenSCAP and remediation","**Objective:** Benchmark scan with Lynis and OpenSCAP and remediation

**Prerequisites:** LAB-033

**Concepts:** SSH hardening; Host firewall; Kernel security; SELinux; AppArmor; Linux capabilities; Namespaces; Containers; Benchmarks

**Tools:** iptables; nftables; UFW; Fail2Ban; Lynis; OpenSCAP; SELinux; AppArmor

**Environment:** Linux Server

### Step-by-step activity
Follow the steps for LAB-034 in the module guide: [[MOD-14]]

- [ ] Complete every step in the module guide
- [ ] Verify the expected result
- [ ] Attach the evidence

**Expected result:** As stated for LAB-034 in the module guide.

**Evidence required:** Screenshot + command output

**Troubleshooting:** Record each problem and its fix in the issue notes. If stuck for more than 30 minutes, set the status to Blocked and describe the blocker.

**Security relevance:** Builds Linux Security skills used by: Infrastructure Security Engineer, SOC Analyst.

**Assessment:** Instructor verifies the expected result from the attached evidence and may ask for a live demonstration. Type: Practical.

### Completion criteria
- Every step of the module guide for this task is done
- The expected result is demonstrated
- Required evidence is attached to the issue
- Actual time is logged against the issue
- Instructor Review is Approved and the status is Completed

**Estimated time:** 5 h

**Next task:** Last task of this module","Linux Security","V03.0 Linux Security","MOD-14","LAB-033","5","L3 - Intermediate","Hardening","Linux Server","Screenshot + command output","iptables; nftables; UFW; Fail2Ban; Lynis; OpenSCAP; SELinux; AppArmor","","Core","Practical","0","Infrastructure Security Engineer; SOC Analyst","","","Pending"
"MOD-15","MOD-15","Module","Normal","[MOD-15] Linux Privilege and Persistence Review","**Topics:** Privilege escalation concepts; Misconfiguration review; Persistence locations; Host triage

**Tools:** Linux; auditd

**Environment:** Linux Server

**Tasks:** 3, 11 estimated hours.

**Module guide (steps for every task):** [[MOD-15]]","Linux Security","V03.0 Linux Security","PHASE-03","","","","","Linux Server","","Linux; auditd","","Core","","","Infrastructure Security Engineer; SOC Analyst","","",""
"THY-011","THY-011","Theory","Normal","[THY-011] Privilege escalation concepts and common misconfigurations","**Objective:** Privilege escalation concepts and common misconfigurations

**Prerequisites:** LAB-034

**Concepts:** Privilege escalation concepts; Misconfiguration review; Persistence locations; Host triage

**Tools:** Linux; auditd

**Environment:** Linux Server

### Step-by-step activity
Follow the steps for THY-011 in the module guide: [[MOD-15]]

- [ ] Complete every step in the module guide
- [ ] Verify the expected result
- [ ] Attach the evidence

**Expected result:** As stated for THY-011 in the module guide.

**Evidence required:** Notes

**Troubleshooting:** Record each problem and its fix in the issue notes. If stuck for more than 30 minutes, set the status to Blocked and describe the blocker.

**Security relevance:** Builds Linux Security skills used by: Infrastructure Security Engineer, SOC Analyst.

**Assessment:** Instructor checks the notes and asks short oral questions on the concepts. Type: Short answers.

### Completion criteria
- Every step of the module guide for this task is done
- The expected result is demonstrated
- Required evidence is attached to the issue
- Actual time is logged against the issue
- Instructor Review is Approved and the status is Completed

**Estimated time:** 3 h

**Next task:** LAB-035","Linux Security","V03.0 Linux Security","MOD-15","LAB-034","3","L3 - Intermediate","Theory","Linux Server","Notes","Linux; auditd","","Core","Short answers","0","Infrastructure Security Engineer; SOC Analyst","","","Pending"
"LAB-035","LAB-035","Lab","Normal","[LAB-035] Review a host for privilege and persistence misconfigurations","**Objective:** Review a host for privilege and persistence misconfigurations

**Prerequisites:** THY-011

**Concepts:** Privilege escalation concepts; Misconfiguration review; Persistence locations; Host triage

**Tools:** Linux; auditd

**Environment:** Linux Server

### Step-by-step activity
Follow the steps for LAB-035 in the module guide: [[MOD-15]]

- [ ] Complete every step in the module guide
- [ ] Verify the expected result
- [ ] Attach the evidence

**Expected result:** As stated for LAB-035 in the module guide.

**Evidence required:** Screenshot + command output

**Troubleshooting:** Record each problem and its fix in the issue notes. If stuck for more than 30 minutes, set the status to Blocked and describe the blocker.

**Security relevance:** Builds Linux Security skills used by: Infrastructure Security Engineer, SOC Analyst.

**Assessment:** Instructor verifies the expected result from the attached evidence and may ask for a live demonstration. Type: Practical.

### Completion criteria
- Every step of the module guide for this task is done
- The expected result is demonstrated
- Required evidence is attached to the issue
- Actual time is logged against the issue
- Instructor Review is Approved and the status is Completed

**Estimated time:** 4 h

**Next task:** INV-010","Linux Security","V03.0 Linux Security","MOD-15","THY-011","4","L3 - Intermediate","Guided Lab","Linux Server","Screenshot + command output","Linux; auditd","","Core","Practical","0","Infrastructure Security Engineer; SOC Analyst","","","Pending"
"INV-010","INV-010","Investigation","Normal","[INV-010] Triage a Linux host from logs and system state","**Objective:** Triage a Linux host from logs and system state

**Prerequisites:** LAB-035

**Concepts:** Privilege escalation concepts; Misconfiguration review; Persistence locations; Host triage

**Tools:** Linux; auditd

**Environment:** Linux Server

### Step-by-step activity
Follow the steps for INV-010 in the module guide: [[MOD-15]]

- [ ] Complete every step in the module guide
- [ ] Verify the expected result
- [ ] Attach the evidence

**Expected result:** As stated for INV-010 in the module guide.

**Evidence required:** Investigation report

**Troubleshooting:** Record each problem and its fix in the issue notes. If stuck for more than 30 minutes, set the status to Blocked and describe the blocker.

**Security relevance:** Builds Linux Security skills used by: Infrastructure Security Engineer, SOC Analyst.

**Assessment:** Instructor grades the investigation report: timeline, evidence, root cause, impact and recommendations. Type: Practical.

### Completion criteria
- Every step of the module guide for this task is done
- The expected result is demonstrated
- Required evidence is attached to the issue
- Actual time is logged against the issue
- Instructor Review is Approved and the status is Completed

**Estimated time:** 4 h

**Next task:** Last task of this module","Linux Security","V03.0 Linux Security","MOD-15","LAB-035","4","L3 - Intermediate","Investigation","Linux Server","Investigation report","Linux; auditd","","Core","Practical","0","Infrastructure Security Engineer; SOC Analyst","Incident investigated","1","Pending"
"MOD-16","MOD-16","Module","Normal","[MOD-16] Bash for Security","**Topics:** Shell scripting; Log parsing; Automation; Cron; systemd

**Tools:** Bash

**Environment:** Linux Server

**Tasks:** 5, 22 estimated hours.

**Module guide (steps for every task):** [[MOD-16]]","Security Programming","V03.0 Linux Security","PHASE-03","","","","","Linux Server","","Bash","","Core","","","Security Automation Engineer","","",""
"LAB-036","LAB-036","Lab","Normal","[LAB-036] Bash scripting fundamentals","**Objective:** Bash scripting fundamentals

**Prerequisites:** LAB-026

**Concepts:** Shell scripting; Log parsing; Automation; Cron; systemd

**Tools:** Bash

**Environment:** Linux Server

### Step-by-step activity
Follow the steps for LAB-036 in the module guide: [[MOD-16]]

- [ ] Complete every step in the module guide
- [ ] Verify the expected result
- [ ] Attach the evidence

**Expected result:** As stated for LAB-036 in the module guide.

**Evidence required:** Repository link

**Troubleshooting:** Record each problem and its fix in the issue notes. If stuck for more than 30 minutes, set the status to Blocked and describe the blocker.

**Security relevance:** Builds Security Programming skills used by: Security Automation Engineer.

**Assessment:** Instructor verifies the expected result from the attached evidence and may ask for a live demonstration. Type: Practical.

### Completion criteria
- Every step of the module guide for this task is done
- The expected result is demonstrated
- Required evidence is attached to the issue
- Actual time is logged against the issue
- Instructor Review is Approved and the status is Completed

**Estimated time:** 4 h

**Next task:** LAB-037","Security Programming","V03.0 Linux Security","MOD-16","LAB-026","4","L2 - Basic","Programming","Linux Server","Repository link","Bash","","Core","Practical","0","Security Automation Engineer","","","Pending"
"LAB-037","LAB-037","Lab","Normal","[LAB-037] Log parsing with grep, awk, sed and jq","**Objective:** Log parsing with grep, awk, sed and jq

**Prerequisites:** LAB-036

**Concepts:** Shell scripting; Log parsing; Automation; Cron; systemd

**Tools:** Bash

**Environment:** Linux Server

### Step-by-step activity
Follow the steps for LAB-037 in the module guide: [[MOD-16]]

- [ ] Complete every step in the module guide
- [ ] Verify the expected result
- [ ] Attach the evidence

**Expected result:** As stated for LAB-037 in the module guide.

**Evidence required:** Repository link

**Troubleshooting:** Record each problem and its fix in the issue notes. If stuck for more than 30 minutes, set the status to Blocked and describe the blocker.

**Security relevance:** Builds Security Programming skills used by: Security Automation Engineer.

**Assessment:** Instructor verifies the expected result from the attached evidence and may ask for a live demonstration. Type: Practical.

### Completion criteria
- Every step of the module guide for this task is done
- The expected result is demonstrated
- Required evidence is attached to the issue
- Actual time is logged against the issue
- Instructor Review is Approved and the status is Completed

**Estimated time:** 4 h

**Next task:** LAB-038","Security Programming","V03.0 Linux Security","MOD-16","LAB-036","4","L2 - Basic","Programming","Linux Server","Repository link","Bash","","Core","Practical","0","Security Automation Engineer","","","Pending"
"LAB-038","LAB-038","Lab","Normal","[LAB-038] Scheduled collection script with cron or systemd timers","**Objective:** Scheduled collection script with cron or systemd timers

**Prerequisites:** LAB-037

**Concepts:** Shell scripting; Log parsing; Automation; Cron; systemd

**Tools:** Bash

**Environment:** Linux Server

### Step-by-step activity
Follow the steps for LAB-038 in the module guide: [[MOD-16]]

- [ ] Complete every step in the module guide
- [ ] Verify the expected result
- [ ] Attach the evidence

**Expected result:** As stated for LAB-038 in the module guide.

**Evidence required:** Repository link

**Troubleshooting:** Record each problem and its fix in the issue notes. If stuck for more than 30 minutes, set the status to Blocked and describe the blocker.

**Security relevance:** Builds Security Programming skills used by: Security Automation Engineer.

**Assessment:** Instructor verifies the expected result from the attached evidence and may ask for a live demonstration. Type: Practical.

### Completion criteria
- Every step of the module guide for this task is done
- The expected result is demonstrated
- Required evidence is attached to the issue
- Actual time is logged against the issue
- Instructor Review is Approved and the status is Completed

**Estimated time:** 3 h

**Next task:** PROJECT-002","Security Programming","V03.0 Linux Security","MOD-16","LAB-037","3","L2 - Basic","Automation","Linux Server","Repository link","Bash","","Core","Practical","0","Security Automation Engineer","","","Pending"
"PROJECT-002","PROJECT-002","Project","Normal","[PROJECT-002] Build Linux Security Monitoring","**Objective:** Build Linux Security Monitoring

**Prerequisites:** LAB-038

**Concepts:** Shell scripting; Log parsing; Automation; Cron; systemd

**Tools:** Bash

**Environment:** Linux Server

### Step-by-step activity
Follow the steps for PROJECT-002 in the module guide: [[MOD-16]]

- [ ] Complete every step in the module guide
- [ ] Verify the expected result
- [ ] Attach the evidence

**Expected result:** As stated for PROJECT-002 in the module guide.

**Evidence required:** Repository link + documentation

**Troubleshooting:** Record each problem and its fix in the issue notes. If stuck for more than 30 minutes, set the status to Blocked and describe the blocker.

**Security relevance:** Builds Security Programming skills used by: Security Automation Engineer.

**Assessment:** Scored 0-100 on working result, documentation and repository quality. Type: Project.

### Completion criteria
- Every step of the module guide for this task is done
- The expected result is demonstrated
- Required evidence is attached to the issue
- Actual time is logged against the issue
- Instructor Review is Approved and the status is Completed

**Estimated time:** 8 h

**Next task:** ASM-003","Security Programming","V03.0 Linux Security","MOD-16","LAB-038","8","L2 - Basic","Project","Linux Server","Repository link + documentation","Bash","","Core","Project","1","Security Automation Engineer","","","Pending"
"ASM-003","ASM-003","Assessment","High","[ASM-003] Phase 03 assessment: Linux security practical","**Objective:** Phase 03 assessment: Linux security practical

**Prerequisites:** PROJECT-002

**Concepts:** Shell scripting; Log parsing; Automation; Cron; systemd

**Tools:** Bash

**Environment:** Linux Server

### Step-by-step activity
Follow the steps for ASM-003 in the module guide: [[MOD-16]]

- [ ] Complete every step in the module guide
- [ ] Verify the expected result
- [ ] Attach the evidence

**Expected result:** As stated for ASM-003 in the module guide.

**Evidence required:** Scored result

**Troubleshooting:** Record each problem and its fix in the issue notes. If stuck for more than 30 minutes, set the status to Blocked and describe the blocker.

**Security relevance:** Builds Security Programming skills used by: Security Automation Engineer.

**Assessment:** Scored 0-100. Pass mark 70. Type: Practical exam.

### Completion criteria
- Every step of the module guide for this task is done
- The expected result is demonstrated
- Required evidence is attached to the issue
- Actual time is logged against the issue
- Instructor Review is Approved and the status is Completed

**Estimated time:** 3 h

**Next task:** Last task of this module","Security Programming","V03.0 Linux Security","MOD-16","PROJECT-002","3","L2 - Basic","Assessment","Linux Server","Scored result","Bash","","Core","Practical exam","0","Security Automation Engineer","","","Pending"
"REVIEW-03","REVIEW-03","Review","High","[REVIEW-03] Phase 03 gate review","**Objective:** Confirm that phase 03 (Linux Security) is complete.

### Checklist
- [ ] Every issue of the phase is Completed
- [ ] Evidence is attached to every issue
- [ ] Time is logged
- [ ] Assessment score is 70 or higher
- [ ] Portfolio items are in the repository

**Assessment:** Instructor confirms every issue of the phase is Completed and records the gate decision.

**Estimated time:** 1 h","","V03.0 Linux Security","PHASE-03","LAB-026, LAB-029, LAB-034, INV-010, ASM-003","1","","Review","","Instructor sign-off","","","","Review","0","","","","Pending"
"PHASE-04","PHASE-04","Phase","Normal","[PHASE-04] Windows & Active Directory Security","Phase 04 of 15. Version: V04.0 Windows & Active Directory Security.

Modules: 6. Estimated hours: 104.

- MOD-17 Windows Internals for Security
- MOD-18 PowerShell for Security
- MOD-19 Sysmon
- MOD-20 Active Directory Fundamentals
- MOD-21 Active Directory Security
- MOD-22 Windows Hardening and Microsoft Defender

The phase closes with the gate review REVIEW-04.","","V04.0 Windows & Active Directory Security","EPIC","","","","","","","","","","","","","","",""
"MOD-17","MOD-17","Module","Normal","[MOD-17] Windows Internals for Security","**Topics:** Windows architecture; Windows services; Registry; Windows Event Logs; Windows authentication; NTLM; Kerberos

**Tools:** Windows; Event Viewer; Autoruns; Process Explorer; Process Monitor; TCPView

**Environment:** Windows Domain

**Tasks:** 4, 15 estimated hours.

**Module guide (steps for every task):** [[MOD-17]]","Windows Security","V04.0 Windows & Active Directory Security","PHASE-04","","","","","Windows Domain","","Windows; Event Viewer; Autoruns; Process Explorer; Process Monitor; TCPView","","Core","","","Infrastructure Security Engineer; SOC Analyst","","",""
"THY-012","THY-012","Theory","Normal","[THY-012] Windows architecture, services, registry and authentication","**Objective:** Windows architecture, services, registry and authentication

**Prerequisites:** ASM-001

**Concepts:** Windows architecture; Windows services; Registry; Windows Event Logs; Windows authentication; NTLM; Kerberos

**Tools:** Windows; Event Viewer; Autoruns; Process Explorer; Process Monitor; TCPView

**Environment:** Windows Domain

### Step-by-step activity
Follow the steps for THY-012 in the module guide: [[MOD-17]]

- [ ] Complete every step in the module guide
- [ ] Verify the expected result
- [ ] Attach the evidence

**Expected result:** As stated for THY-012 in the module guide.

**Evidence required:** Notes

**Troubleshooting:** Record each problem and its fix in the issue notes. If stuck for more than 30 minutes, set the status to Blocked and describe the blocker.

**Security relevance:** Builds Windows Security skills used by: Infrastructure Security Engineer, SOC Analyst.

**Assessment:** Instructor checks the notes and asks short oral questions on the concepts. Type: Short answers.

### Completion criteria
- Every step of the module guide for this task is done
- The expected result is demonstrated
- Required evidence is attached to the issue
- Actual time is logged against the issue
- Instructor Review is Approved and the status is Completed

**Estimated time:** 4 h

**Next task:** LAB-039","Windows Security","V04.0 Windows & Active Directory Security","MOD-17","ASM-001","4","L2 - Basic","Theory","Windows Domain","Notes","Windows; Event Viewer; Autoruns; Process Explorer; Process Monitor; TCPView","","Core","Short answers","0","Infrastructure Security Engineer; SOC Analyst","","","Pending"
"LAB-039","LAB-039","Lab","Normal","[LAB-039] Sysinternals: Autoruns, Process Explorer, Process Monitor and TCPView","**Objective:** Sysinternals: Autoruns, Process Explorer, Process Monitor and TCPView

**Prerequisites:** THY-012

**Concepts:** Windows architecture; Windows services; Registry; Windows Event Logs; Windows authentication; NTLM; Kerberos

**Tools:** Windows; Event Viewer; Autoruns; Process Explorer; Process Monitor; TCPView

**Environment:** Windows Domain

### Step-by-step activity
Follow the steps for LAB-039 in the module guide: [[MOD-17]]

- [ ] Complete every step in the module guide
- [ ] Verify the expected result
- [ ] Attach the evidence

**Expected result:** As stated for LAB-039 in the module guide.

**Evidence required:** Screenshot + command output

**Troubleshooting:** Record each problem and its fix in the issue notes. If stuck for more than 30 minutes, set the status to Blocked and describe the blocker.

**Security relevance:** Builds Windows Security skills used by: Infrastructure Security Engineer, SOC Analyst.

**Assessment:** Instructor verifies the expected result from the attached evidence and may ask for a live demonstration. Type: Practical.

### Completion criteria
- Every step of the module guide for this task is done
- The expected result is demonstrated
- Required evidence is attached to the issue
- Actual time is logged against the issue
- Instructor Review is Approved and the status is Completed

**Estimated time:** 4 h

**Next task:** LAB-040","Windows Security","V04.0 Windows & Active Directory Security","MOD-17","THY-012","4","L2 - Basic","Guided Lab","Windows Domain","Screenshot + command output","Windows; Event Viewer; Autoruns; Process Explorer; Process Monitor; TCPView","","Core","Practical","0","Infrastructure Security Engineer; SOC Analyst","","","Pending"
"LAB-040","LAB-040","Lab","Normal","[LAB-040] Windows Event Logs and audit policy","**Objective:** Windows Event Logs and audit policy

**Prerequisites:** LAB-039

**Concepts:** Windows architecture; Windows services; Registry; Windows Event Logs; Windows authentication; NTLM; Kerberos

**Tools:** Windows; Event Viewer; Autoruns; Process Explorer; Process Monitor; TCPView

**Environment:** Windows Domain

### Step-by-step activity
Follow the steps for LAB-040 in the module guide: [[MOD-17]]

- [ ] Complete every step in the module guide
- [ ] Verify the expected result
- [ ] Attach the evidence

**Expected result:** As stated for LAB-040 in the module guide.

**Evidence required:** Screenshot + command output

**Troubleshooting:** Record each problem and its fix in the issue notes. If stuck for more than 30 minutes, set the status to Blocked and describe the blocker.

**Security relevance:** Builds Windows Security skills used by: Infrastructure Security Engineer, SOC Analyst.

**Assessment:** Instructor verifies the expected result from the attached evidence and may ask for a live demonstration. Type: Practical.

### Completion criteria
- Every step of the module guide for this task is done
- The expected result is demonstrated
- Required evidence is attached to the issue
- Actual time is logged against the issue
- Instructor Review is Approved and the status is Completed

**Estimated time:** 4 h

**Next task:** LAB-041","Windows Security","V04.0 Windows & Active Directory Security","MOD-17","LAB-039","4","L2 - Basic","Guided Lab","Windows Domain","Screenshot + command output","Windows; Event Viewer; Autoruns; Process Explorer; Process Monitor; TCPView","","Core","Practical","0","Infrastructure Security Engineer; SOC Analyst","","","Pending"
"LAB-041","LAB-041","Lab","Normal","[LAB-041] Registry and service review","**Objective:** Registry and service review

**Prerequisites:** LAB-040

**Concepts:** Windows architecture; Windows services; Registry; Windows Event Logs; Windows authentication; NTLM; Kerberos

**Tools:** Windows; Event Viewer; Autoruns; Process Explorer; Process Monitor; TCPView

**Environment:** Windows Domain

### Step-by-step activity
Follow the steps for LAB-041 in the module guide: [[MOD-17]]

- [ ] Complete every step in the module guide
- [ ] Verify the expected result
- [ ] Attach the evidence

**Expected result:** As stated for LAB-041 in the module guide.

**Evidence required:** Screenshot + command output

**Troubleshooting:** Record each problem and its fix in the issue notes. If stuck for more than 30 minutes, set the status to Blocked and describe the blocker.

**Security relevance:** Builds Windows Security skills used by: Infrastructure Security Engineer, SOC Analyst.

**Assessment:** Instructor verifies the expected result from the attached evidence and may ask for a live demonstration. Type: Practical.

### Completion criteria
- Every step of the module guide for this task is done
- The expected result is demonstrated
- Required evidence is attached to the issue
- Actual time is logged against the issue
- Instructor Review is Approved and the status is Completed

**Estimated time:** 3 h

**Next task:** Last task of this module","Windows Security","V04.0 Windows & Active Directory Security","MOD-17","LAB-040","3","L2 - Basic","Guided Lab","Windows Domain","Screenshot + command output","Windows; Event Viewer; Autoruns; Process Explorer; Process Monitor; TCPView","","Core","Practical","0","Infrastructure Security Engineer; SOC Analyst","","","Pending"
"MOD-18","MOD-18","Module","Normal","[MOD-18] PowerShell for Security","**Topics:** PowerShell; Event logs; Windows security; Automation; PowerShell logging

**Tools:** PowerShell

**Environment:** Windows Domain

**Tasks:** 4, 13 estimated hours.

**Module guide (steps for every task):** [[MOD-18]]","Security Programming","V04.0 Windows & Active Directory Security","PHASE-04","","","","","Windows Domain","","PowerShell","","Core","","","Security Automation Engineer","","",""
"LAB-042","LAB-042","Lab","Normal","[LAB-042] PowerShell fundamentals","**Objective:** PowerShell fundamentals

**Prerequisites:** LAB-041

**Concepts:** PowerShell; Event logs; Windows security; Automation; PowerShell logging

**Tools:** PowerShell

**Environment:** Windows Domain

### Step-by-step activity
Follow the steps for LAB-042 in the module guide: [[MOD-18]]

- [ ] Complete every step in the module guide
- [ ] Verify the expected result
- [ ] Attach the evidence

**Expected result:** As stated for LAB-042 in the module guide.

**Evidence required:** Repository link

**Troubleshooting:** Record each problem and its fix in the issue notes. If stuck for more than 30 minutes, set the status to Blocked and describe the blocker.

**Security relevance:** Builds Security Programming skills used by: Security Automation Engineer.

**Assessment:** Instructor verifies the expected result from the attached evidence and may ask for a live demonstration. Type: Practical.

### Completion criteria
- Every step of the module guide for this task is done
- The expected result is demonstrated
- Required evidence is attached to the issue
- Actual time is logged against the issue
- Instructor Review is Approved and the status is Completed

**Estimated time:** 4 h

**Next task:** LAB-043","Security Programming","V04.0 Windows & Active Directory Security","MOD-18","LAB-041","4","L2 - Basic","Programming","Windows Domain","Repository link","PowerShell","","Core","Practical","0","Security Automation Engineer","","","Pending"
"LAB-043","LAB-043","Lab","Normal","[LAB-043] Query event logs with PowerShell","**Objective:** Query event logs with PowerShell

**Prerequisites:** LAB-042

**Concepts:** PowerShell; Event logs; Windows security; Automation; PowerShell logging

**Tools:** PowerShell

**Environment:** Windows Domain

### Step-by-step activity
Follow the steps for LAB-043 in the module guide: [[MOD-18]]

- [ ] Complete every step in the module guide
- [ ] Verify the expected result
- [ ] Attach the evidence

**Expected result:** As stated for LAB-043 in the module guide.

**Evidence required:** Repository link

**Troubleshooting:** Record each problem and its fix in the issue notes. If stuck for more than 30 minutes, set the status to Blocked and describe the blocker.

**Security relevance:** Builds Security Programming skills used by: Security Automation Engineer.

**Assessment:** Instructor verifies the expected result from the attached evidence and may ask for a live demonstration. Type: Practical.

### Completion criteria
- Every step of the module guide for this task is done
- The expected result is demonstrated
- Required evidence is attached to the issue
- Actual time is logged against the issue
- Instructor Review is Approved and the status is Completed

**Estimated time:** 3 h

**Next task:** LAB-044","Security Programming","V04.0 Windows & Active Directory Security","MOD-18","LAB-042","3","L2 - Basic","Programming","Windows Domain","Repository link","PowerShell","","Core","Practical","0","Security Automation Engineer","","","Pending"
"LAB-044","LAB-044","Lab","Normal","[LAB-044] Enable and review PowerShell logging","**Objective:** Enable and review PowerShell logging

**Prerequisites:** LAB-043

**Concepts:** PowerShell; Event logs; Windows security; Automation; PowerShell logging

**Tools:** PowerShell

**Environment:** Windows Domain

### Step-by-step activity
Follow the steps for LAB-044 in the module guide: [[MOD-18]]

- [ ] Complete every step in the module guide
- [ ] Verify the expected result
- [ ] Attach the evidence

**Expected result:** As stated for LAB-044 in the module guide.

**Evidence required:** Screenshot + command output

**Troubleshooting:** Record each problem and its fix in the issue notes. If stuck for more than 30 minutes, set the status to Blocked and describe the blocker.

**Security relevance:** Builds Security Programming skills used by: Security Automation Engineer.

**Assessment:** Instructor verifies the expected result from the attached evidence and may ask for a live demonstration. Type: Practical.

### Completion criteria
- Every step of the module guide for this task is done
- The expected result is demonstrated
- Required evidence is attached to the issue
- Actual time is logged against the issue
- Instructor Review is Approved and the status is Completed

**Estimated time:** 3 h

**Next task:** LAB-045","Security Programming","V04.0 Windows & Active Directory Security","MOD-18","LAB-043","3","L2 - Basic","Guided Lab","Windows Domain","Screenshot + command output","PowerShell","","Core","Practical","0","Security Automation Engineer","","","Pending"
"LAB-045","LAB-045","Lab","Normal","[LAB-045] Collection script in PowerShell","**Objective:** Collection script in PowerShell

**Prerequisites:** LAB-044

**Concepts:** PowerShell; Event logs; Windows security; Automation; PowerShell logging

**Tools:** PowerShell

**Environment:** Windows Domain

### Step-by-step activity
Follow the steps for LAB-045 in the module guide: [[MOD-18]]

- [ ] Complete every step in the module guide
- [ ] Verify the expected result
- [ ] Attach the evidence

**Expected result:** As stated for LAB-045 in the module guide.

**Evidence required:** Repository link

**Troubleshooting:** Record each problem and its fix in the issue notes. If stuck for more than 30 minutes, set the status to Blocked and describe the blocker.

**Security relevance:** Builds Security Programming skills used by: Security Automation Engineer.

**Assessment:** Instructor verifies the expected result from the attached evidence and may ask for a live demonstration. Type: Practical.

### Completion criteria
- Every step of the module guide for this task is done
- The expected result is demonstrated
- Required evidence is attached to the issue
- Actual time is logged against the issue
- Instructor Review is Approved and the status is Completed

**Estimated time:** 3 h

**Next task:** Last task of this module","Security Programming","V04.0 Windows & Active Directory Security","MOD-18","LAB-044","3","L2 - Basic","Automation","Windows Domain","Repository link","PowerShell","","Core","Practical","0","Security Automation Engineer","","","Pending"
"MOD-19","MOD-19","Module","Normal","[MOD-19] Sysmon","**Topics:** Endpoint telemetry; Process creation; Network connections; File and registry events; Configuration tuning

**Tools:** Sysmon

**Environment:** Windows Domain

**Tasks:** 4, 14 estimated hours.

**Module guide (steps for every task):** [[MOD-19]]","Windows Security","V04.0 Windows & Active Directory Security","PHASE-04","","","","","Windows Domain","","Sysmon","","Core","","","Infrastructure Security Engineer; SOC Analyst","","",""
"LAB-046","LAB-046","Lab","Normal","[LAB-046] Deploy Sysmon with a configuration","**Objective:** Deploy Sysmon with a configuration

**Prerequisites:** LAB-041

**Concepts:** Endpoint telemetry; Process creation; Network connections; File and registry events; Configuration tuning

**Tools:** Sysmon

**Environment:** Windows Domain

### Step-by-step activity
Follow the steps for LAB-046 in the module guide: [[MOD-19]]

- [ ] Complete every step in the module guide
- [ ] Verify the expected result
- [ ] Attach the evidence

**Expected result:** As stated for LAB-046 in the module guide.

**Evidence required:** Screenshot + command output

**Troubleshooting:** Record each problem and its fix in the issue notes. If stuck for more than 30 minutes, set the status to Blocked and describe the blocker.

**Security relevance:** Builds Windows Security skills used by: Infrastructure Security Engineer, SOC Analyst.

**Assessment:** Instructor verifies the expected result from the attached evidence and may ask for a live demonstration. Type: Practical.

### Completion criteria
- Every step of the module guide for this task is done
- The expected result is demonstrated
- Required evidence is attached to the issue
- Actual time is logged against the issue
- Instructor Review is Approved and the status is Completed

**Estimated time:** 3 h

**Next task:** LAB-047","Windows Security","V04.0 Windows & Active Directory Security","MOD-19","LAB-041","3","L3 - Intermediate","Setup","Windows Domain","Screenshot + command output","Sysmon","","Core","Practical","0","Infrastructure Security Engineer; SOC Analyst","","","Pending"
"LAB-047","LAB-047","Lab","Normal","[LAB-047] Read and filter Sysmon events","**Objective:** Read and filter Sysmon events

**Prerequisites:** LAB-046

**Concepts:** Endpoint telemetry; Process creation; Network connections; File and registry events; Configuration tuning

**Tools:** Sysmon

**Environment:** Windows Domain

### Step-by-step activity
Follow the steps for LAB-047 in the module guide: [[MOD-19]]

- [ ] Complete every step in the module guide
- [ ] Verify the expected result
- [ ] Attach the evidence

**Expected result:** As stated for LAB-047 in the module guide.

**Evidence required:** Screenshot + command output

**Troubleshooting:** Record each problem and its fix in the issue notes. If stuck for more than 30 minutes, set the status to Blocked and describe the blocker.

**Security relevance:** Builds Windows Security skills used by: Infrastructure Security Engineer, SOC Analyst.

**Assessment:** Instructor verifies the expected result from the attached evidence and may ask for a live demonstration. Type: Practical.

### Completion criteria
- Every step of the module guide for this task is done
- The expected result is demonstrated
- Required evidence is attached to the issue
- Actual time is logged against the issue
- Instructor Review is Approved and the status is Completed

**Estimated time:** 4 h

**Next task:** LAB-048","Windows Security","V04.0 Windows & Active Directory Security","MOD-19","LAB-046","4","L3 - Intermediate","Log Analysis","Windows Domain","Screenshot + command output","Sysmon","","Core","Practical","0","Infrastructure Security Engineer; SOC Analyst","","","Pending"
"LAB-048","LAB-048","Lab","Normal","[LAB-048] Tune the Sysmon configuration","**Objective:** Tune the Sysmon configuration

**Prerequisites:** LAB-047

**Concepts:** Endpoint telemetry; Process creation; Network connections; File and registry events; Configuration tuning

**Tools:** Sysmon

**Environment:** Windows Domain

### Step-by-step activity
Follow the steps for LAB-048 in the module guide: [[MOD-19]]

- [ ] Complete every step in the module guide
- [ ] Verify the expected result
- [ ] Attach the evidence

**Expected result:** As stated for LAB-048 in the module guide.

**Evidence required:** Screenshot + command output

**Troubleshooting:** Record each problem and its fix in the issue notes. If stuck for more than 30 minutes, set the status to Blocked and describe the blocker.

**Security relevance:** Builds Windows Security skills used by: Infrastructure Security Engineer, SOC Analyst.

**Assessment:** Instructor verifies the expected result from the attached evidence and may ask for a live demonstration. Type: Practical.

### Completion criteria
- Every step of the module guide for this task is done
- The expected result is demonstrated
- Required evidence is attached to the issue
- Actual time is logged against the issue
- Instructor Review is Approved and the status is Completed

**Estimated time:** 3 h

**Next task:** INV-011","Windows Security","V04.0 Windows & Active Directory Security","MOD-19","LAB-047","3","L3 - Intermediate","Guided Lab","Windows Domain","Screenshot + command output","Sysmon","","Core","Practical","0","Infrastructure Security Engineer; SOC Analyst","","","Pending"
"INV-011","INV-011","Investigation","Normal","[INV-011] Investigate a process tree with Sysmon","**Objective:** Investigate a process tree with Sysmon

**Prerequisites:** LAB-048

**Concepts:** Endpoint telemetry; Process creation; Network connections; File and registry events; Configuration tuning

**Tools:** Sysmon

**Environment:** Windows Domain

### Step-by-step activity
Follow the steps for INV-011 in the module guide: [[MOD-19]]

- [ ] Complete every step in the module guide
- [ ] Verify the expected result
- [ ] Attach the evidence

**Expected result:** As stated for INV-011 in the module guide.

**Evidence required:** Investigation report

**Troubleshooting:** Record each problem and its fix in the issue notes. If stuck for more than 30 minutes, set the status to Blocked and describe the blocker.

**Security relevance:** Builds Windows Security skills used by: Infrastructure Security Engineer, SOC Analyst.

**Assessment:** Instructor grades the investigation report: timeline, evidence, root cause, impact and recommendations. Type: Practical.

### Completion criteria
- Every step of the module guide for this task is done
- The expected result is demonstrated
- Required evidence is attached to the issue
- Actual time is logged against the issue
- Instructor Review is Approved and the status is Completed

**Estimated time:** 4 h

**Next task:** Last task of this module","Windows Security","V04.0 Windows & Active Directory Security","MOD-19","LAB-048","4","L3 - Intermediate","Investigation","Windows Domain","Investigation report","Sysmon","","Core","Practical","0","Infrastructure Security Engineer; SOC Analyst","Incident investigated","1","Pending"
"MOD-20","MOD-20","Module","Normal","[MOD-20] Active Directory Fundamentals","**Topics:** AD architecture; Domains; Forests; Trusts; OU; GPO; Users; Groups; Computers; Domain Controllers; DNS; LDAP; Kerberos; NTLM; SPNs; Delegation; Service accounts

**Tools:** Active Directory

**Environment:** Windows Domain

**Tasks:** 4, 17 estimated hours.

**Module guide (steps for every task):** [[MOD-20]]","Windows Security","V04.0 Windows & Active Directory Security","PHASE-04","","","","","Windows Domain","","Active Directory","","Core","","","Infrastructure Security Engineer; SOC Analyst","","",""
"THY-013","THY-013","Theory","Normal","[THY-013] Active Directory architecture and authentication","**Objective:** Active Directory architecture and authentication

**Prerequisites:** LAB-041

**Concepts:** AD architecture; Domains; Forests; Trusts; OU; GPO; Users; Groups; Computers; Domain Controllers; DNS; LDAP; Kerberos; NTLM; SPNs; Delegation; Service accounts

**Tools:** Active Directory

**Environment:** Windows Domain

### Step-by-step activity
Follow the steps for THY-013 in the module guide: [[MOD-20]]

- [ ] Complete every step in the module guide
- [ ] Verify the expected result
- [ ] Attach the evidence

**Expected result:** As stated for THY-013 in the module guide.

**Evidence required:** Notes

**Troubleshooting:** Record each problem and its fix in the issue notes. If stuck for more than 30 minutes, set the status to Blocked and describe the blocker.

**Security relevance:** Builds Windows Security skills used by: Infrastructure Security Engineer, SOC Analyst.

**Assessment:** Instructor checks the notes and asks short oral questions on the concepts. Type: Short answers.

### Completion criteria
- Every step of the module guide for this task is done
- The expected result is demonstrated
- Required evidence is attached to the issue
- Actual time is logged against the issue
- Instructor Review is Approved and the status is Completed

**Estimated time:** 4 h

**Next task:** LAB-049","Windows Security","V04.0 Windows & Active Directory Security","MOD-20","LAB-041","4","L3 - Intermediate","Theory","Windows Domain","Notes","Active Directory","","Core","Short answers","0","Infrastructure Security Engineer; SOC Analyst","","","Pending"
"LAB-049","LAB-049","Lab","Normal","[LAB-049] Build the lab domain with OUs, users, groups and GPOs","**Objective:** Build the lab domain with OUs, users, groups and GPOs

**Prerequisites:** THY-013

**Concepts:** AD architecture; Domains; Forests; Trusts; OU; GPO; Users; Groups; Computers; Domain Controllers; DNS; LDAP; Kerberos; NTLM; SPNs; Delegation; Service accounts

**Tools:** Active Directory

**Environment:** Windows Domain

### Step-by-step activity
Follow the steps for LAB-049 in the module guide: [[MOD-20]]

- [ ] Complete every step in the module guide
- [ ] Verify the expected result
- [ ] Attach the evidence

**Expected result:** As stated for LAB-049 in the module guide.

**Evidence required:** Screenshot + command output

**Troubleshooting:** Record each problem and its fix in the issue notes. If stuck for more than 30 minutes, set the status to Blocked and describe the blocker.

**Security relevance:** Builds Windows Security skills used by: Infrastructure Security Engineer, SOC Analyst.

**Assessment:** Instructor verifies the expected result from the attached evidence and may ask for a live demonstration. Type: Practical.

### Completion criteria
- Every step of the module guide for this task is done
- The expected result is demonstrated
- Required evidence is attached to the issue
- Actual time is logged against the issue
- Instructor Review is Approved and the status is Completed

**Estimated time:** 5 h

**Next task:** LAB-050","Windows Security","V04.0 Windows & Active Directory Security","MOD-20","THY-013","5","L3 - Intermediate","Setup","Windows Domain","Screenshot + command output","Active Directory","","Core","Practical","0","Infrastructure Security Engineer; SOC Analyst","","","Pending"
"LAB-050","LAB-050","Lab","Normal","[LAB-050] Kerberos, NTLM, SPNs and delegation in the lab","**Objective:** Kerberos, NTLM, SPNs and delegation in the lab

**Prerequisites:** LAB-049

**Concepts:** AD architecture; Domains; Forests; Trusts; OU; GPO; Users; Groups; Computers; Domain Controllers; DNS; LDAP; Kerberos; NTLM; SPNs; Delegation; Service accounts

**Tools:** Active Directory

**Environment:** Windows Domain

### Step-by-step activity
Follow the steps for LAB-050 in the module guide: [[MOD-20]]

- [ ] Complete every step in the module guide
- [ ] Verify the expected result
- [ ] Attach the evidence

**Expected result:** As stated for LAB-050 in the module guide.

**Evidence required:** Screenshot + command output

**Troubleshooting:** Record each problem and its fix in the issue notes. If stuck for more than 30 minutes, set the status to Blocked and describe the blocker.

**Security relevance:** Builds Windows Security skills used by: Infrastructure Security Engineer, SOC Analyst.

**Assessment:** Instructor verifies the expected result from the attached evidence and may ask for a live demonstration. Type: Practical.

### Completion criteria
- Every step of the module guide for this task is done
- The expected result is demonstrated
- Required evidence is attached to the issue
- Actual time is logged against the issue
- Instructor Review is Approved and the status is Completed

**Estimated time:** 4 h

**Next task:** LAB-051","Windows Security","V04.0 Windows & Active Directory Security","MOD-20","LAB-049","4","L3 - Intermediate","Guided Lab","Windows Domain","Screenshot + command output","Active Directory","","Core","Practical","0","Infrastructure Security Engineer; SOC Analyst","","","Pending"
"LAB-051","LAB-051","Lab","Normal","[LAB-051] Domain controller auditing and key event IDs","**Objective:** Domain controller auditing and key event IDs

**Prerequisites:** LAB-050

**Concepts:** AD architecture; Domains; Forests; Trusts; OU; GPO; Users; Groups; Computers; Domain Controllers; DNS; LDAP; Kerberos; NTLM; SPNs; Delegation; Service accounts

**Tools:** Active Directory

**Environment:** Windows Domain

### Step-by-step activity
Follow the steps for LAB-051 in the module guide: [[MOD-20]]

- [ ] Complete every step in the module guide
- [ ] Verify the expected result
- [ ] Attach the evidence

**Expected result:** As stated for LAB-051 in the module guide.

**Evidence required:** Screenshot + command output

**Troubleshooting:** Record each problem and its fix in the issue notes. If stuck for more than 30 minutes, set the status to Blocked and describe the blocker.

**Security relevance:** Builds Windows Security skills used by: Infrastructure Security Engineer, SOC Analyst.

**Assessment:** Instructor verifies the expected result from the attached evidence and may ask for a live demonstration. Type: Practical.

### Completion criteria
- Every step of the module guide for this task is done
- The expected result is demonstrated
- Required evidence is attached to the issue
- Actual time is logged against the issue
- Instructor Review is Approved and the status is Completed

**Estimated time:** 4 h

**Next task:** Last task of this module","Windows Security","V04.0 Windows & Active Directory Security","MOD-20","LAB-050","4","L3 - Intermediate","Guided Lab","Windows Domain","Screenshot + command output","Active Directory","","Core","Practical","0","Infrastructure Security Engineer; SOC Analyst","","","Pending"
"MOD-21","MOD-21","Module","Normal","[MOD-21] Active Directory Security","**Topics:** Kerberoasting; AS-REP roasting; Pass-the-Hash; Pass-the-Ticket; Credential dumping; Lateral movement; AD hardening; Attack paths

**Tools:** BloodHound; SharpHound

**Environment:** Windows Domain

**Tasks:** 5, 22 estimated hours.

**Module guide (steps for every task):** [[MOD-21]]","Windows Security","V04.0 Windows & Active Directory Security","PHASE-04","","","","","Windows Domain","","BloodHound; SharpHound","","Advanced","","","Infrastructure Security Engineer; SOC Analyst","","",""
"THY-014","THY-014","Theory","Normal","[THY-014] Active Directory security scenarios and how they appear in logs","**Objective:** Active Directory security scenarios and how they appear in logs

**Prerequisites:** LAB-051, INV-011

**Concepts:** Kerberoasting; AS-REP roasting; Pass-the-Hash; Pass-the-Ticket; Credential dumping; Lateral movement; AD hardening; Attack paths

**Tools:** BloodHound; SharpHound

**Environment:** Windows Domain

### Step-by-step activity
Follow the steps for THY-014 in the module guide: [[MOD-21]]

- [ ] Complete every step in the module guide
- [ ] Verify the expected result
- [ ] Attach the evidence

**Expected result:** As stated for THY-014 in the module guide.

**Evidence required:** Notes

**Troubleshooting:** Record each problem and its fix in the issue notes. If stuck for more than 30 minutes, set the status to Blocked and describe the blocker.

**Security relevance:** Builds Windows Security skills used by: Infrastructure Security Engineer, SOC Analyst.

**Assessment:** Instructor checks the notes and asks short oral questions on the concepts. Type: Short answers.

### Completion criteria
- Every step of the module guide for this task is done
- The expected result is demonstrated
- Required evidence is attached to the issue
- Actual time is logged against the issue
- Instructor Review is Approved and the status is Completed

**Estimated time:** 4 h

**Next task:** LAB-052","Windows Security","V04.0 Windows & Active Directory Security","MOD-21","LAB-051, INV-011","4","L4 - Advanced","Theory","Windows Domain","Notes","BloodHound; SharpHound","","Advanced","Short answers","0","Infrastructure Security Engineer; SOC Analyst","","","Pending"
"LAB-052","LAB-052","Lab","Normal","[LAB-052] Map lab AD relationships with BloodHound","**Objective:** Map lab AD relationships with BloodHound

**Prerequisites:** THY-014

**Concepts:** Kerberoasting; AS-REP roasting; Pass-the-Hash; Pass-the-Ticket; Credential dumping; Lateral movement; AD hardening; Attack paths

**Tools:** BloodHound; SharpHound

**Environment:** Windows Domain

### Step-by-step activity
Follow the steps for LAB-052 in the module guide: [[MOD-21]]

- [ ] Complete every step in the module guide
- [ ] Verify the expected result
- [ ] Attach the evidence

**Expected result:** As stated for LAB-052 in the module guide.

**Evidence required:** Screenshot + command output

**Troubleshooting:** Record each problem and its fix in the issue notes. If stuck for more than 30 minutes, set the status to Blocked and describe the blocker.

**Security relevance:** Builds Windows Security skills used by: Infrastructure Security Engineer, SOC Analyst.

**Assessment:** Instructor verifies the expected result from the attached evidence and may ask for a live demonstration. Type: Practical.

### Completion criteria
- Every step of the module guide for this task is done
- The expected result is demonstrated
- Required evidence is attached to the issue
- Actual time is logged against the issue
- Instructor Review is Approved and the status is Completed

**Estimated time:** 4 h

**Next task:** INV-012","Windows Security","V04.0 Windows & Active Directory Security","MOD-21","THY-014","4","L4 - Advanced","Guided Lab","Windows Domain","Screenshot + command output","BloodHound; SharpHound","","Advanced","Practical","0","Infrastructure Security Engineer; SOC Analyst","","","Pending"
"INV-012","INV-012","Investigation","Normal","[INV-012] Detect and investigate Kerberos ticket abuse","**Objective:** Detect and investigate Kerberos ticket abuse

**Prerequisites:** LAB-052

**Concepts:** Kerberoasting; AS-REP roasting; Pass-the-Hash; Pass-the-Ticket; Credential dumping; Lateral movement; AD hardening; Attack paths

**Tools:** BloodHound; SharpHound

**Environment:** Windows Domain

### Step-by-step activity
Follow the steps for INV-012 in the module guide: [[MOD-21]]

- [ ] Complete every step in the module guide
- [ ] Verify the expected result
- [ ] Attach the evidence

**Expected result:** As stated for INV-012 in the module guide.

**Evidence required:** Investigation report

**Troubleshooting:** Record each problem and its fix in the issue notes. If stuck for more than 30 minutes, set the status to Blocked and describe the blocker.

**Security relevance:** Builds Windows Security skills used by: Infrastructure Security Engineer, SOC Analyst.

**Assessment:** Instructor grades the investigation report: timeline, evidence, root cause, impact and recommendations. Type: Practical.

### Completion criteria
- Every step of the module guide for this task is done
- The expected result is demonstrated
- Required evidence is attached to the issue
- Actual time is logged against the issue
- Instructor Review is Approved and the status is Completed

**Estimated time:** 4 h

**Next task:** INV-013","Windows Security","V04.0 Windows & Active Directory Security","MOD-21","LAB-052","4","L4 - Advanced","Investigation","Windows Domain","Investigation report","BloodHound; SharpHound","","Advanced","Practical","0","Infrastructure Security Engineer; SOC Analyst","Incident investigated","1","Pending"
"INV-013","INV-013","Investigation","Normal","[INV-013] Detect and investigate credential misuse and lateral movement","**Objective:** Detect and investigate credential misuse and lateral movement

**Prerequisites:** INV-012

**Concepts:** Kerberoasting; AS-REP roasting; Pass-the-Hash; Pass-the-Ticket; Credential dumping; Lateral movement; AD hardening; Attack paths

**Tools:** BloodHound; SharpHound

**Environment:** Windows Domain

### Step-by-step activity
Follow the steps for INV-013 in the module guide: [[MOD-21]]

- [ ] Complete every step in the module guide
- [ ] Verify the expected result
- [ ] Attach the evidence

**Expected result:** As stated for INV-013 in the module guide.

**Evidence required:** Investigation report

**Troubleshooting:** Record each problem and its fix in the issue notes. If stuck for more than 30 minutes, set the status to Blocked and describe the blocker.

**Security relevance:** Builds Windows Security skills used by: Infrastructure Security Engineer, SOC Analyst.

**Assessment:** Instructor grades the investigation report: timeline, evidence, root cause, impact and recommendations. Type: Practical.

### Completion criteria
- Every step of the module guide for this task is done
- The expected result is demonstrated
- Required evidence is attached to the issue
- Actual time is logged against the issue
- Instructor Review is Approved and the status is Completed

**Estimated time:** 5 h

**Next task:** LAB-053","Windows Security","V04.0 Windows & Active Directory Security","MOD-21","INV-012","5","L4 - Advanced","Investigation","Windows Domain","Investigation report","BloodHound; SharpHound","","Advanced","Practical","0","Infrastructure Security Engineer; SOC Analyst","Incident investigated","1","Pending"
"LAB-053","LAB-053","Lab","Normal","[LAB-053] AD hardening","**Objective:** AD hardening

**Prerequisites:** INV-013

**Concepts:** Kerberoasting; AS-REP roasting; Pass-the-Hash; Pass-the-Ticket; Credential dumping; Lateral movement; AD hardening; Attack paths

**Tools:** BloodHound; SharpHound

**Environment:** Windows Domain

### Step-by-step activity
Follow the steps for LAB-053 in the module guide: [[MOD-21]]

- [ ] Complete every step in the module guide
- [ ] Verify the expected result
- [ ] Attach the evidence

**Expected result:** As stated for LAB-053 in the module guide.

**Evidence required:** Screenshot + command output

**Troubleshooting:** Record each problem and its fix in the issue notes. If stuck for more than 30 minutes, set the status to Blocked and describe the blocker.

**Security relevance:** Builds Windows Security skills used by: Infrastructure Security Engineer, SOC Analyst.

**Assessment:** Instructor verifies the expected result from the attached evidence and may ask for a live demonstration. Type: Practical.

### Completion criteria
- Every step of the module guide for this task is done
- The expected result is demonstrated
- Required evidence is attached to the issue
- Actual time is logged against the issue
- Instructor Review is Approved and the status is Completed

**Estimated time:** 5 h

**Next task:** Last task of this module","Windows Security","V04.0 Windows & Active Directory Security","MOD-21","INV-013","5","L4 - Advanced","Hardening","Windows Domain","Screenshot + command output","BloodHound; SharpHound","","Advanced","Practical","0","Infrastructure Security Engineer; SOC Analyst","","","Pending"
"MOD-22","MOD-22","Module","Normal","[MOD-22] Windows Hardening and Microsoft Defender","**Topics:** Microsoft Defender; Group Policy baselines; Privilege escalation; Persistence; Lateral movement; SMB; RDP

**Tools:** Microsoft Defender; Windows

**Environment:** Windows Domain

**Tasks:** 5, 22 estimated hours.

**Module guide (steps for every task):** [[MOD-22]]","Windows Security","V04.0 Windows & Active Directory Security","PHASE-04","","","","","Windows Domain","","Microsoft Defender; Windows","","Core","","","Infrastructure Security Engineer; SOC Analyst","","",""
"LAB-054","LAB-054","Lab","Normal","[LAB-054] Microsoft Defender Antivirus configuration and logs","**Objective:** Microsoft Defender Antivirus configuration and logs

**Prerequisites:** LAB-051

**Concepts:** Microsoft Defender; Group Policy baselines; Privilege escalation; Persistence; Lateral movement; SMB; RDP

**Tools:** Microsoft Defender; Windows

**Environment:** Windows Domain

### Step-by-step activity
Follow the steps for LAB-054 in the module guide: [[MOD-22]]

- [ ] Complete every step in the module guide
- [ ] Verify the expected result
- [ ] Attach the evidence

**Expected result:** As stated for LAB-054 in the module guide.

**Evidence required:** Screenshot + command output

**Troubleshooting:** Record each problem and its fix in the issue notes. If stuck for more than 30 minutes, set the status to Blocked and describe the blocker.

**Security relevance:** Builds Windows Security skills used by: Infrastructure Security Engineer, SOC Analyst.

**Assessment:** Instructor verifies the expected result from the attached evidence and may ask for a live demonstration. Type: Practical.

### Completion criteria
- Every step of the module guide for this task is done
- The expected result is demonstrated
- Required evidence is attached to the issue
- Actual time is logged against the issue
- Instructor Review is Approved and the status is Completed

**Estimated time:** 3 h

**Next task:** LAB-055","Windows Security","V04.0 Windows & Active Directory Security","MOD-22","LAB-051","3","L3 - Intermediate","Guided Lab","Windows Domain","Screenshot + command output","Microsoft Defender; Windows","","Core","Practical","0","Infrastructure Security Engineer; SOC Analyst","","","Pending"
"LAB-055","LAB-055","Lab","Normal","[LAB-055] Hardening baseline through Group Policy","**Objective:** Hardening baseline through Group Policy

**Prerequisites:** LAB-054

**Concepts:** Microsoft Defender; Group Policy baselines; Privilege escalation; Persistence; Lateral movement; SMB; RDP

**Tools:** Microsoft Defender; Windows

**Environment:** Windows Domain

### Step-by-step activity
Follow the steps for LAB-055 in the module guide: [[MOD-22]]

- [ ] Complete every step in the module guide
- [ ] Verify the expected result
- [ ] Attach the evidence

**Expected result:** As stated for LAB-055 in the module guide.

**Evidence required:** Screenshot + command output

**Troubleshooting:** Record each problem and its fix in the issue notes. If stuck for more than 30 minutes, set the status to Blocked and describe the blocker.

**Security relevance:** Builds Windows Security skills used by: Infrastructure Security Engineer, SOC Analyst.

**Assessment:** Instructor verifies the expected result from the attached evidence and may ask for a live demonstration. Type: Practical.

### Completion criteria
- Every step of the module guide for this task is done
- The expected result is demonstrated
- Required evidence is attached to the issue
- Actual time is logged against the issue
- Instructor Review is Approved and the status is Completed

**Estimated time:** 4 h

**Next task:** INV-014","Windows Security","V04.0 Windows & Active Directory Security","MOD-22","LAB-054","4","L3 - Intermediate","Hardening","Windows Domain","Screenshot + command output","Microsoft Defender; Windows","","Core","Practical","0","Infrastructure Security Engineer; SOC Analyst","","","Pending"
"INV-014","INV-014","Investigation","Normal","[INV-014] Review a Windows host for persistence","**Objective:** Review a Windows host for persistence

**Prerequisites:** LAB-055

**Concepts:** Microsoft Defender; Group Policy baselines; Privilege escalation; Persistence; Lateral movement; SMB; RDP

**Tools:** Microsoft Defender; Windows

**Environment:** Windows Domain

### Step-by-step activity
Follow the steps for INV-014 in the module guide: [[MOD-22]]

- [ ] Complete every step in the module guide
- [ ] Verify the expected result
- [ ] Attach the evidence

**Expected result:** As stated for INV-014 in the module guide.

**Evidence required:** Investigation report

**Troubleshooting:** Record each problem and its fix in the issue notes. If stuck for more than 30 minutes, set the status to Blocked and describe the blocker.

**Security relevance:** Builds Windows Security skills used by: Infrastructure Security Engineer, SOC Analyst.

**Assessment:** Instructor grades the investigation report: timeline, evidence, root cause, impact and recommendations. Type: Practical.

### Completion criteria
- Every step of the module guide for this task is done
- The expected result is demonstrated
- Required evidence is attached to the issue
- Actual time is logged against the issue
- Instructor Review is Approved and the status is Completed

**Estimated time:** 4 h

**Next task:** PROJECT-003","Windows Security","V04.0 Windows & Active Directory Security","MOD-22","LAB-055","4","L3 - Intermediate","Investigation","Windows Domain","Investigation report","Microsoft Defender; Windows","","Core","Practical","0","Infrastructure Security Engineer; SOC Analyst","Incident investigated","1","Pending"
"PROJECT-003","PROJECT-003","Project","Normal","[PROJECT-003] Windows and Active Directory security monitoring baseline","**Objective:** Windows and Active Directory security monitoring baseline

**Prerequisites:** INV-014

**Concepts:** Microsoft Defender; Group Policy baselines; Privilege escalation; Persistence; Lateral movement; SMB; RDP

**Tools:** Microsoft Defender; Windows

**Environment:** Windows Domain

### Step-by-step activity
Follow the steps for PROJECT-003 in the module guide: [[MOD-22]]

- [ ] Complete every step in the module guide
- [ ] Verify the expected result
- [ ] Attach the evidence

**Expected result:** As stated for PROJECT-003 in the module guide.

**Evidence required:** Repository link + documentation

**Troubleshooting:** Record each problem and its fix in the issue notes. If stuck for more than 30 minutes, set the status to Blocked and describe the blocker.

**Security relevance:** Builds Windows Security skills used by: Infrastructure Security Engineer, SOC Analyst.

**Assessment:** Scored 0-100 on working result, documentation and repository quality. Type: Project.

### Completion criteria
- Every step of the module guide for this task is done
- The expected result is demonstrated
- Required evidence is attached to the issue
- Actual time is logged against the issue
- Instructor Review is Approved and the status is Completed

**Estimated time:** 8 h

**Next task:** ASM-004","Windows Security","V04.0 Windows & Active Directory Security","MOD-22","INV-014","8","L3 - Intermediate","Project","Windows Domain","Repository link + documentation","Microsoft Defender; Windows","","Core","Project","1","Infrastructure Security Engineer; SOC Analyst","","","Pending"
"ASM-004","ASM-004","Assessment","High","[ASM-004] Phase 04 assessment: Windows and AD practical","**Objective:** Phase 04 assessment: Windows and AD practical

**Prerequisites:** PROJECT-003

**Concepts:** Microsoft Defender; Group Policy baselines; Privilege escalation; Persistence; Lateral movement; SMB; RDP

**Tools:** Microsoft Defender; Windows

**Environment:** Windows Domain

### Step-by-step activity
Follow the steps for ASM-004 in the module guide: [[MOD-22]]

- [ ] Complete every step in the module guide
- [ ] Verify the expected result
- [ ] Attach the evidence

**Expected result:** As stated for ASM-004 in the module guide.

**Evidence required:** Scored result

**Troubleshooting:** Record each problem and its fix in the issue notes. If stuck for more than 30 minutes, set the status to Blocked and describe the blocker.

**Security relevance:** Builds Windows Security skills used by: Infrastructure Security Engineer, SOC Analyst.

**Assessment:** Scored 0-100. Pass mark 70. Type: Practical exam.

### Completion criteria
- Every step of the module guide for this task is done
- The expected result is demonstrated
- Required evidence is attached to the issue
- Actual time is logged against the issue
- Instructor Review is Approved and the status is Completed

**Estimated time:** 3 h

**Next task:** Last task of this module","Windows Security","V04.0 Windows & Active Directory Security","MOD-22","PROJECT-003","3","L3 - Intermediate","Assessment","Windows Domain","Scored result","Microsoft Defender; Windows","","Core","Practical exam","0","Infrastructure Security Engineer; SOC Analyst","","","Pending"
"REVIEW-04","REVIEW-04","Review","High","[REVIEW-04] Phase 04 gate review","**Objective:** Confirm that phase 04 (Windows & Active Directory Security) is complete.

### Checklist
- [ ] Every issue of the phase is Completed
- [ ] Evidence is attached to every issue
- [ ] Time is logged
- [ ] Assessment score is 70 or higher
- [ ] Portfolio items are in the repository

**Assessment:** Instructor confirms every issue of the phase is Completed and records the gate decision.

**Estimated time:** 1 h","","V04.0 Windows & Active Directory Security","PHASE-04","LAB-041, LAB-045, INV-011, LAB-051, LAB-053, ASM-004","1","","Review","","Instructor sign-off","","","","Review","0","","","","Pending"
"PHASE-05","PHASE-05","Phase","Normal","[PHASE-05] IAM & Cryptography","Phase 05 of 15. Version: V05.0 IAM & Cryptography.

Modules: 5. Estimated hours: 71.

- MOD-23 IAM Concepts
- MOD-24 Federation and Modern Authentication
- MOD-25 Secrets Management with OpenBao
- MOD-26 Cryptography Fundamentals
- MOD-27 PKI and TLS

The phase closes with the gate review REVIEW-05.","","V05.0 IAM & Cryptography","EPIC","","","","","","","","","","","","","","",""
"MOD-23","MOD-23","Module","Normal","[MOD-23] IAM Concepts","**Topics:** IAM; Authentication; Authorization; MFA; SSO; RBAC; ABAC; PAM; JIT access; JEA; Service accounts; Password policies

**Tools:** None

**Environment:** Workstation

**Tasks:** 3, 11 estimated hours.

**Module guide (steps for every task):** [[MOD-23]]","Identity & Access","V05.0 IAM & Cryptography","PHASE-05","","","","","Workstation","","","","Core","","","Cybersecurity Engineer; Cloud Security Engineer","","",""
"THY-015","THY-015","Theory","Normal","[THY-015] IAM, MFA, SSO, RBAC, ABAC and privileged access","**Objective:** IAM, MFA, SSO, RBAC, ABAC and privileged access

**Prerequisites:** ASM-001

**Concepts:** IAM; Authentication; Authorization; MFA; SSO; RBAC; ABAC; PAM; JIT access; JEA; Service accounts; Password policies

**Tools:** None

**Environment:** Workstation

### Step-by-step activity
Follow the steps for THY-015 in the module guide: [[MOD-23]]

- [ ] Complete every step in the module guide
- [ ] Verify the expected result
- [ ] Attach the evidence

**Expected result:** As stated for THY-015 in the module guide.

**Evidence required:** Notes

**Troubleshooting:** Record each problem and its fix in the issue notes. If stuck for more than 30 minutes, set the status to Blocked and describe the blocker.

**Security relevance:** Builds Identity & Access skills used by: Cybersecurity Engineer, Cloud Security Engineer.

**Assessment:** Instructor checks the notes and asks short oral questions on the concepts. Type: Short answers.

### Completion criteria
- Every step of the module guide for this task is done
- The expected result is demonstrated
- Required evidence is attached to the issue
- Actual time is logged against the issue
- Instructor Review is Approved and the status is Completed

**Estimated time:** 4 h

**Next task:** ASG-007","Identity & Access","V05.0 IAM & Cryptography","MOD-23","ASM-001","4","L2 - Basic","Theory","Workstation","Notes","","","Core","Short answers","0","Cybersecurity Engineer; Cloud Security Engineer","","","Pending"
"ASG-007","ASG-007","Assignment","Normal","[ASG-007] Design an RBAC model for the lab organisation","**Objective:** Design an RBAC model for the lab organisation

**Prerequisites:** THY-015

**Concepts:** IAM; Authentication; Authorization; MFA; SSO; RBAC; ABAC; PAM; JIT access; JEA; Service accounts; Password policies

**Tools:** None

**Environment:** Workstation

### Step-by-step activity
Follow the steps for ASG-007 in the module guide: [[MOD-23]]

- [ ] Complete every step in the module guide
- [ ] Verify the expected result
- [ ] Attach the evidence

**Expected result:** As stated for ASG-007 in the module guide.

**Evidence required:** Written deliverable

**Troubleshooting:** Record each problem and its fix in the issue notes. If stuck for more than 30 minutes, set the status to Blocked and describe the blocker.

**Security relevance:** Builds Identity & Access skills used by: Cybersecurity Engineer, Cloud Security Engineer.

**Assessment:** Instructor reviews the written deliverable against the module concepts. Type: Scenario question.

### Completion criteria
- Every step of the module guide for this task is done
- The expected result is demonstrated
- Required evidence is attached to the issue
- Actual time is logged against the issue
- Instructor Review is Approved and the status is Completed

**Estimated time:** 3 h

**Next task:** LAB-056","Identity & Access","V05.0 IAM & Cryptography","MOD-23","THY-015","3","L2 - Basic","Assignment","Workstation","Written deliverable","","","Core","Scenario question","0","Cybersecurity Engineer; Cloud Security Engineer","","","Pending"
"LAB-056","LAB-056","Lab","Normal","[LAB-056] Just-enough and just-in-time administration","**Objective:** Just-enough and just-in-time administration

**Prerequisites:** ASG-007

**Concepts:** IAM; Authentication; Authorization; MFA; SSO; RBAC; ABAC; PAM; JIT access; JEA; Service accounts; Password policies

**Tools:** None

**Environment:** Workstation

### Step-by-step activity
Follow the steps for LAB-056 in the module guide: [[MOD-23]]

- [ ] Complete every step in the module guide
- [ ] Verify the expected result
- [ ] Attach the evidence

**Expected result:** As stated for LAB-056 in the module guide.

**Evidence required:** Screenshot + command output

**Troubleshooting:** Record each problem and its fix in the issue notes. If stuck for more than 30 minutes, set the status to Blocked and describe the blocker.

**Security relevance:** Builds Identity & Access skills used by: Cybersecurity Engineer, Cloud Security Engineer.

**Assessment:** Instructor verifies the expected result from the attached evidence and may ask for a live demonstration. Type: Practical.

### Completion criteria
- Every step of the module guide for this task is done
- The expected result is demonstrated
- Required evidence is attached to the issue
- Actual time is logged against the issue
- Instructor Review is Approved and the status is Completed

**Estimated time:** 4 h

**Next task:** Last task of this module","Identity & Access","V05.0 IAM & Cryptography","MOD-23","ASG-007","4","L2 - Basic","Guided Lab","Workstation","Screenshot + command output","","","Core","Practical","0","Cybersecurity Engineer; Cloud Security Engineer","","","Pending"
"MOD-24","MOD-24","Module","Normal","[MOD-24] Federation and Modern Authentication","**Topics:** Federation; OAuth 2.0; OpenID Connect; SAML; Kerberos; LDAP; SSO

**Tools:** Keycloak; FreeIPA; Microsoft Entra ID; Active Directory

**Environment:** Lab Network

**Tasks:** 5, 20 estimated hours.

**Module guide (steps for every task):** [[MOD-24]]","Identity & Access","V05.0 IAM & Cryptography","PHASE-05","","","","","Lab Network","","Keycloak; FreeIPA; Microsoft Entra ID; Active Directory","","Advanced","","","Cybersecurity Engineer; Cloud Security Engineer","","",""
"THY-016","THY-016","Theory","Normal","[THY-016] OAuth 2.0, OpenID Connect and SAML","**Objective:** OAuth 2.0, OpenID Connect and SAML

**Prerequisites:** LAB-056, LAB-051

**Concepts:** Federation; OAuth 2.0; OpenID Connect; SAML; Kerberos; LDAP; SSO

**Tools:** Keycloak; FreeIPA; Microsoft Entra ID; Active Directory

**Environment:** Lab Network

### Step-by-step activity
Follow the steps for THY-016 in the module guide: [[MOD-24]]

- [ ] Complete every step in the module guide
- [ ] Verify the expected result
- [ ] Attach the evidence

**Expected result:** As stated for THY-016 in the module guide.

**Evidence required:** Notes

**Troubleshooting:** Record each problem and its fix in the issue notes. If stuck for more than 30 minutes, set the status to Blocked and describe the blocker.

**Security relevance:** Builds Identity & Access skills used by: Cybersecurity Engineer, Cloud Security Engineer.

**Assessment:** Instructor checks the notes and asks short oral questions on the concepts. Type: Short answers.

### Completion criteria
- Every step of the module guide for this task is done
- The expected result is demonstrated
- Required evidence is attached to the issue
- Actual time is logged against the issue
- Instructor Review is Approved and the status is Completed

**Estimated time:** 4 h

**Next task:** LAB-057","Identity & Access","V05.0 IAM & Cryptography","MOD-24","LAB-056, LAB-051","4","L3 - Intermediate","Theory","Lab Network","Notes","Keycloak; FreeIPA; Microsoft Entra ID; Active Directory","","Advanced","Short answers","0","Cybersecurity Engineer; Cloud Security Engineer","","","Pending"
"LAB-057","LAB-057","Lab","Normal","[LAB-057] Single sign-on with Keycloak and MFA","**Objective:** Single sign-on with Keycloak and MFA

**Prerequisites:** THY-016

**Concepts:** Federation; OAuth 2.0; OpenID Connect; SAML; Kerberos; LDAP; SSO

**Tools:** Keycloak; FreeIPA; Microsoft Entra ID; Active Directory

**Environment:** Lab Network

### Step-by-step activity
Follow the steps for LAB-057 in the module guide: [[MOD-24]]

- [ ] Complete every step in the module guide
- [ ] Verify the expected result
- [ ] Attach the evidence

**Expected result:** As stated for LAB-057 in the module guide.

**Evidence required:** Screenshot + command output

**Troubleshooting:** Record each problem and its fix in the issue notes. If stuck for more than 30 minutes, set the status to Blocked and describe the blocker.

**Security relevance:** Builds Identity & Access skills used by: Cybersecurity Engineer, Cloud Security Engineer.

**Assessment:** Instructor verifies the expected result from the attached evidence and may ask for a live demonstration. Type: Practical.

### Completion criteria
- Every step of the module guide for this task is done
- The expected result is demonstrated
- Required evidence is attached to the issue
- Actual time is logged against the issue
- Instructor Review is Approved and the status is Completed

**Estimated time:** 5 h

**Next task:** LAB-058","Identity & Access","V05.0 IAM & Cryptography","MOD-24","THY-016","5","L3 - Intermediate","Guided Lab","Lab Network","Screenshot + command output","Keycloak; FreeIPA; Microsoft Entra ID; Active Directory","","Advanced","Practical","0","Cybersecurity Engineer; Cloud Security Engineer","","","Pending"
"LAB-058","LAB-058","Lab","Normal","[LAB-058] Trace an OpenID Connect and a SAML sign-in","**Objective:** Trace an OpenID Connect and a SAML sign-in

**Prerequisites:** LAB-057

**Concepts:** Federation; OAuth 2.0; OpenID Connect; SAML; Kerberos; LDAP; SSO

**Tools:** Keycloak; FreeIPA; Microsoft Entra ID; Active Directory

**Environment:** Lab Network

### Step-by-step activity
Follow the steps for LAB-058 in the module guide: [[MOD-24]]

- [ ] Complete every step in the module guide
- [ ] Verify the expected result
- [ ] Attach the evidence

**Expected result:** As stated for LAB-058 in the module guide.

**Evidence required:** Screenshot + command output

**Troubleshooting:** Record each problem and its fix in the issue notes. If stuck for more than 30 minutes, set the status to Blocked and describe the blocker.

**Security relevance:** Builds Identity & Access skills used by: Cybersecurity Engineer, Cloud Security Engineer.

**Assessment:** Instructor verifies the expected result from the attached evidence and may ask for a live demonstration. Type: Practical.

### Completion criteria
- Every step of the module guide for this task is done
- The expected result is demonstrated
- Required evidence is attached to the issue
- Actual time is logged against the issue
- Instructor Review is Approved and the status is Completed

**Estimated time:** 3 h

**Next task:** LAB-059","Identity & Access","V05.0 IAM & Cryptography","MOD-24","LAB-057","3","L3 - Intermediate","Guided Lab","Lab Network","Screenshot + command output","Keycloak; FreeIPA; Microsoft Entra ID; Active Directory","","Advanced","Practical","0","Cybersecurity Engineer; Cloud Security Engineer","","","Pending"
"LAB-059","LAB-059","Lab","Normal","[LAB-059] Central Linux identity with FreeIPA","**Objective:** Central Linux identity with FreeIPA

**Prerequisites:** LAB-058

**Concepts:** Federation; OAuth 2.0; OpenID Connect; SAML; Kerberos; LDAP; SSO

**Tools:** Keycloak; FreeIPA; Microsoft Entra ID; Active Directory

**Environment:** Lab Network

### Step-by-step activity
Follow the steps for LAB-059 in the module guide: [[MOD-24]]

- [ ] Complete every step in the module guide
- [ ] Verify the expected result
- [ ] Attach the evidence

**Expected result:** As stated for LAB-059 in the module guide.

**Evidence required:** Screenshot + command output

**Troubleshooting:** Record each problem and its fix in the issue notes. If stuck for more than 30 minutes, set the status to Blocked and describe the blocker.

**Security relevance:** Builds Identity & Access skills used by: Cybersecurity Engineer, Cloud Security Engineer.

**Assessment:** Instructor verifies the expected result from the attached evidence and may ask for a live demonstration. Type: Practical.

### Completion criteria
- Every step of the module guide for this task is done
- The expected result is demonstrated
- Required evidence is attached to the issue
- Actual time is logged against the issue
- Instructor Review is Approved and the status is Completed

**Estimated time:** 4 h

**Next task:** LAB-060","Identity & Access","V05.0 IAM & Cryptography","MOD-24","LAB-058","4","L3 - Intermediate","Guided Lab","Lab Network","Screenshot + command output","Keycloak; FreeIPA; Microsoft Entra ID; Active Directory","","Advanced","Practical","0","Cybersecurity Engineer; Cloud Security Engineer","","","Pending"
"LAB-060","LAB-060","Lab","Normal","[LAB-060] Microsoft Entra ID tenant basics","**Objective:** Microsoft Entra ID tenant basics

**Prerequisites:** LAB-059

**Concepts:** Federation; OAuth 2.0; OpenID Connect; SAML; Kerberos; LDAP; SSO

**Tools:** Keycloak; FreeIPA; Microsoft Entra ID; Active Directory

**Environment:** Lab Network

### Step-by-step activity
Follow the steps for LAB-060 in the module guide: [[MOD-24]]

- [ ] Complete every step in the module guide
- [ ] Verify the expected result
- [ ] Attach the evidence

**Expected result:** As stated for LAB-060 in the module guide.

**Evidence required:** Screenshot + command output

**Troubleshooting:** Record each problem and its fix in the issue notes. If stuck for more than 30 minutes, set the status to Blocked and describe the blocker.

**Security relevance:** Builds Identity & Access skills used by: Cybersecurity Engineer, Cloud Security Engineer.

**Assessment:** Instructor verifies the expected result from the attached evidence and may ask for a live demonstration. Type: Practical.

### Completion criteria
- Every step of the module guide for this task is done
- The expected result is demonstrated
- Required evidence is attached to the issue
- Actual time is logged against the issue
- Instructor Review is Approved and the status is Completed

**Estimated time:** 4 h

**Next task:** Last task of this module","Identity & Access","V05.0 IAM & Cryptography","MOD-24","LAB-059","4","L3 - Intermediate","Cloud Lab","Lab Network","Screenshot + command output","Keycloak; FreeIPA; Microsoft Entra ID; Active Directory","","Advanced","Practical","0","Cybersecurity Engineer; Cloud Security Engineer","","","Pending"
"MOD-25","MOD-25","Module","Normal","[MOD-25] Secrets Management with OpenBao","**Topics:** Secrets management; Policies; Authentication methods; Dynamic secrets; Audit

**Tools:** OpenBao

**Environment:** Lab Network

**Tasks:** 3, 12 estimated hours.

**Module guide (steps for every task):** [[MOD-25]]","Identity & Access","V05.0 IAM & Cryptography","PHASE-05","","","","","Lab Network","","OpenBao","","Advanced","","","Cybersecurity Engineer; Cloud Security Engineer","","",""
"LAB-061","LAB-061","Lab","Normal","[LAB-061] Install OpenBao and store secrets","**Objective:** Install OpenBao and store secrets

**Prerequisites:** LAB-056

**Concepts:** Secrets management; Policies; Authentication methods; Dynamic secrets; Audit

**Tools:** OpenBao

**Environment:** Lab Network

### Step-by-step activity
Follow the steps for LAB-061 in the module guide: [[MOD-25]]

- [ ] Complete every step in the module guide
- [ ] Verify the expected result
- [ ] Attach the evidence

**Expected result:** As stated for LAB-061 in the module guide.

**Evidence required:** Screenshot + command output

**Troubleshooting:** Record each problem and its fix in the issue notes. If stuck for more than 30 minutes, set the status to Blocked and describe the blocker.

**Security relevance:** Builds Identity & Access skills used by: Cybersecurity Engineer, Cloud Security Engineer.

**Assessment:** Instructor verifies the expected result from the attached evidence and may ask for a live demonstration. Type: Practical.

### Completion criteria
- Every step of the module guide for this task is done
- The expected result is demonstrated
- Required evidence is attached to the issue
- Actual time is logged against the issue
- Instructor Review is Approved and the status is Completed

**Estimated time:** 4 h

**Next task:** LAB-062","Identity & Access","V05.0 IAM & Cryptography","MOD-25","LAB-056","4","L3 - Intermediate","Setup","Lab Network","Screenshot + command output","OpenBao","","Advanced","Practical","0","Cybersecurity Engineer; Cloud Security Engineer","","","Pending"
"LAB-062","LAB-062","Lab","Normal","[LAB-062] Policies and authentication methods","**Objective:** Policies and authentication methods

**Prerequisites:** LAB-061

**Concepts:** Secrets management; Policies; Authentication methods; Dynamic secrets; Audit

**Tools:** OpenBao

**Environment:** Lab Network

### Step-by-step activity
Follow the steps for LAB-062 in the module guide: [[MOD-25]]

- [ ] Complete every step in the module guide
- [ ] Verify the expected result
- [ ] Attach the evidence

**Expected result:** As stated for LAB-062 in the module guide.

**Evidence required:** Screenshot + command output

**Troubleshooting:** Record each problem and its fix in the issue notes. If stuck for more than 30 minutes, set the status to Blocked and describe the blocker.

**Security relevance:** Builds Identity & Access skills used by: Cybersecurity Engineer, Cloud Security Engineer.

**Assessment:** Instructor verifies the expected result from the attached evidence and may ask for a live demonstration. Type: Practical.

### Completion criteria
- Every step of the module guide for this task is done
- The expected result is demonstrated
- Required evidence is attached to the issue
- Actual time is logged against the issue
- Instructor Review is Approved and the status is Completed

**Estimated time:** 4 h

**Next task:** LAB-063","Identity & Access","V05.0 IAM & Cryptography","MOD-25","LAB-061","4","L3 - Intermediate","Guided Lab","Lab Network","Screenshot + command output","OpenBao","","Advanced","Practical","0","Cybersecurity Engineer; Cloud Security Engineer","","","Pending"
"LAB-063","LAB-063","Lab","Normal","[LAB-063] Dynamic secrets and audit log","**Objective:** Dynamic secrets and audit log

**Prerequisites:** LAB-062

**Concepts:** Secrets management; Policies; Authentication methods; Dynamic secrets; Audit

**Tools:** OpenBao

**Environment:** Lab Network

### Step-by-step activity
Follow the steps for LAB-063 in the module guide: [[MOD-25]]

- [ ] Complete every step in the module guide
- [ ] Verify the expected result
- [ ] Attach the evidence

**Expected result:** As stated for LAB-063 in the module guide.

**Evidence required:** Screenshot + command output

**Troubleshooting:** Record each problem and its fix in the issue notes. If stuck for more than 30 minutes, set the status to Blocked and describe the blocker.

**Security relevance:** Builds Identity & Access skills used by: Cybersecurity Engineer, Cloud Security Engineer.

**Assessment:** Instructor verifies the expected result from the attached evidence and may ask for a live demonstration. Type: Practical.

### Completion criteria
- Every step of the module guide for this task is done
- The expected result is demonstrated
- Required evidence is attached to the issue
- Actual time is logged against the issue
- Instructor Review is Approved and the status is Completed

**Estimated time:** 4 h

**Next task:** Last task of this module","Identity & Access","V05.0 IAM & Cryptography","MOD-25","LAB-062","4","L3 - Intermediate","Guided Lab","Lab Network","Screenshot + command output","OpenBao","","Advanced","Practical","0","Cybersecurity Engineer; Cloud Security Engineer","","","Pending"
"MOD-26","MOD-26","Module","Normal","[MOD-26] Cryptography Fundamentals","**Topics:** Symmetric encryption; AES; Asymmetric encryption; RSA; ECC; Hashing; SHA-256; SHA-3; HMAC; Digital signatures; Key exchange; Key management; Password hashing; Salting; Nonces

**Tools:** OpenSSL; GPG; Hashcat; John the Ripper

**Environment:** Workstation

**Tasks:** 4, 13 estimated hours.

**Module guide (steps for every task):** [[MOD-26]]","Cryptography","V05.0 IAM & Cryptography","PHASE-05","","","","","Workstation","","OpenSSL; GPG; Hashcat; John the Ripper","","Core","","","Cybersecurity Engineer","","",""
"THY-017","THY-017","Theory","Normal","[THY-017] Symmetric, asymmetric, hashing and signatures","**Objective:** Symmetric, asymmetric, hashing and signatures

**Prerequisites:** ASM-001

**Concepts:** Symmetric encryption; AES; Asymmetric encryption; RSA; ECC; Hashing; SHA-256; SHA-3; HMAC; Digital signatures; Key exchange; Key management; Password hashing; Salting; Nonces

**Tools:** OpenSSL; GPG; Hashcat; John the Ripper

**Environment:** Workstation

### Step-by-step activity
Follow the steps for THY-017 in the module guide: [[MOD-26]]

- [ ] Complete every step in the module guide
- [ ] Verify the expected result
- [ ] Attach the evidence

**Expected result:** As stated for THY-017 in the module guide.

**Evidence required:** Notes

**Troubleshooting:** Record each problem and its fix in the issue notes. If stuck for more than 30 minutes, set the status to Blocked and describe the blocker.

**Security relevance:** Builds Cryptography skills used by: Cybersecurity Engineer.

**Assessment:** Instructor checks the notes and asks short oral questions on the concepts. Type: Short answers.

### Completion criteria
- Every step of the module guide for this task is done
- The expected result is demonstrated
- Required evidence is attached to the issue
- Actual time is logged against the issue
- Instructor Review is Approved and the status is Completed

**Estimated time:** 4 h

**Next task:** LAB-064","Cryptography","V05.0 IAM & Cryptography","MOD-26","ASM-001","4","L2 - Basic","Theory","Workstation","Notes","OpenSSL; GPG; Hashcat; John the Ripper","","Core","Short answers","0","Cybersecurity Engineer","","","Pending"
"LAB-064","LAB-064","Lab","Normal","[LAB-064] OpenSSL: encrypt, hash, HMAC and sign","**Objective:** OpenSSL: encrypt, hash, HMAC and sign

**Prerequisites:** THY-017

**Concepts:** Symmetric encryption; AES; Asymmetric encryption; RSA; ECC; Hashing; SHA-256; SHA-3; HMAC; Digital signatures; Key exchange; Key management; Password hashing; Salting; Nonces

**Tools:** OpenSSL; GPG; Hashcat; John the Ripper

**Environment:** Workstation

### Step-by-step activity
Follow the steps for LAB-064 in the module guide: [[MOD-26]]

- [ ] Complete every step in the module guide
- [ ] Verify the expected result
- [ ] Attach the evidence

**Expected result:** As stated for LAB-064 in the module guide.

**Evidence required:** Screenshot + command output

**Troubleshooting:** Record each problem and its fix in the issue notes. If stuck for more than 30 minutes, set the status to Blocked and describe the blocker.

**Security relevance:** Builds Cryptography skills used by: Cybersecurity Engineer.

**Assessment:** Instructor verifies the expected result from the attached evidence and may ask for a live demonstration. Type: Practical.

### Completion criteria
- Every step of the module guide for this task is done
- The expected result is demonstrated
- Required evidence is attached to the issue
- Actual time is logged against the issue
- Instructor Review is Approved and the status is Completed

**Estimated time:** 4 h

**Next task:** LAB-065","Cryptography","V05.0 IAM & Cryptography","MOD-26","THY-017","4","L2 - Basic","Guided Lab","Workstation","Screenshot + command output","OpenSSL; GPG; Hashcat; John the Ripper","","Core","Practical","0","Cybersecurity Engineer","","","Pending"
"LAB-065","LAB-065","Lab","Normal","[LAB-065] GPG: sign and encrypt","**Objective:** GPG: sign and encrypt

**Prerequisites:** LAB-064

**Concepts:** Symmetric encryption; AES; Asymmetric encryption; RSA; ECC; Hashing; SHA-256; SHA-3; HMAC; Digital signatures; Key exchange; Key management; Password hashing; Salting; Nonces

**Tools:** OpenSSL; GPG; Hashcat; John the Ripper

**Environment:** Workstation

### Step-by-step activity
Follow the steps for LAB-065 in the module guide: [[MOD-26]]

- [ ] Complete every step in the module guide
- [ ] Verify the expected result
- [ ] Attach the evidence

**Expected result:** As stated for LAB-065 in the module guide.

**Evidence required:** Screenshot + command output

**Troubleshooting:** Record each problem and its fix in the issue notes. If stuck for more than 30 minutes, set the status to Blocked and describe the blocker.

**Security relevance:** Builds Cryptography skills used by: Cybersecurity Engineer.

**Assessment:** Instructor verifies the expected result from the attached evidence and may ask for a live demonstration. Type: Practical.

### Completion criteria
- Every step of the module guide for this task is done
- The expected result is demonstrated
- Required evidence is attached to the issue
- Actual time is logged against the issue
- Instructor Review is Approved and the status is Completed

**Estimated time:** 2 h

**Next task:** LAB-066","Cryptography","V05.0 IAM & Cryptography","MOD-26","LAB-064","2","L2 - Basic","Guided Lab","Workstation","Screenshot + command output","OpenSSL; GPG; Hashcat; John the Ripper","","Core","Practical","0","Cybersecurity Engineer","","","Pending"
"LAB-066","LAB-066","Lab","Normal","[LAB-066] Password hashing strength audit on lab accounts","**Objective:** Password hashing strength audit on lab accounts

**Prerequisites:** LAB-065

**Concepts:** Symmetric encryption; AES; Asymmetric encryption; RSA; ECC; Hashing; SHA-256; SHA-3; HMAC; Digital signatures; Key exchange; Key management; Password hashing; Salting; Nonces

**Tools:** OpenSSL; GPG; Hashcat; John the Ripper

**Environment:** Workstation

### Step-by-step activity
Follow the steps for LAB-066 in the module guide: [[MOD-26]]

- [ ] Complete every step in the module guide
- [ ] Verify the expected result
- [ ] Attach the evidence

**Expected result:** As stated for LAB-066 in the module guide.

**Evidence required:** Screenshot + command output

**Troubleshooting:** Record each problem and its fix in the issue notes. If stuck for more than 30 minutes, set the status to Blocked and describe the blocker.

**Security relevance:** Builds Cryptography skills used by: Cybersecurity Engineer.

**Assessment:** Instructor verifies the expected result from the attached evidence and may ask for a live demonstration. Type: Practical.

### Completion criteria
- Every step of the module guide for this task is done
- The expected result is demonstrated
- Required evidence is attached to the issue
- Actual time is logged against the issue
- Instructor Review is Approved and the status is Completed

**Estimated time:** 3 h

**Next task:** Last task of this module","Cryptography","V05.0 IAM & Cryptography","MOD-26","LAB-065","3","L2 - Basic","Guided Lab","Workstation","Screenshot + command output","OpenSSL; GPG; Hashcat; John the Ripper","","Core","Practical","0","Cybersecurity Engineer","","","Pending"
"MOD-27","MOD-27","Module","Normal","[MOD-27] PKI and TLS","**Topics:** Certificates; PKI; Certificate authorities; Certificate chains; TLS; Key exchange

**Tools:** OpenSSL

**Environment:** Lab Network

**Tasks:** 4, 14 estimated hours.

**Module guide (steps for every task):** [[MOD-27]]","Cryptography","V05.0 IAM & Cryptography","PHASE-05","","","","","Lab Network","","OpenSSL","","Core","","","Cybersecurity Engineer","","",""
"LAB-067","LAB-067","Lab","Normal","[LAB-067] Build a two-tier lab certificate authority","**Objective:** Build a two-tier lab certificate authority

**Prerequisites:** LAB-066

**Concepts:** Certificates; PKI; Certificate authorities; Certificate chains; TLS; Key exchange

**Tools:** OpenSSL

**Environment:** Lab Network

### Step-by-step activity
Follow the steps for LAB-067 in the module guide: [[MOD-27]]

- [ ] Complete every step in the module guide
- [ ] Verify the expected result
- [ ] Attach the evidence

**Expected result:** As stated for LAB-067 in the module guide.

**Evidence required:** Screenshot + command output

**Troubleshooting:** Record each problem and its fix in the issue notes. If stuck for more than 30 minutes, set the status to Blocked and describe the blocker.

**Security relevance:** Builds Cryptography skills used by: Cybersecurity Engineer.

**Assessment:** Instructor verifies the expected result from the attached evidence and may ask for a live demonstration. Type: Practical.

### Completion criteria
- Every step of the module guide for this task is done
- The expected result is demonstrated
- Required evidence is attached to the issue
- Actual time is logged against the issue
- Instructor Review is Approved and the status is Completed

**Estimated time:** 4 h

**Next task:** LAB-068","Cryptography","V05.0 IAM & Cryptography","MOD-27","LAB-066","4","L3 - Intermediate","Guided Lab","Lab Network","Screenshot + command output","OpenSSL","","Core","Practical","0","Cybersecurity Engineer","","","Pending"
"LAB-068","LAB-068","Lab","Normal","[LAB-068] Deploy and test TLS on a lab service","**Objective:** Deploy and test TLS on a lab service

**Prerequisites:** LAB-067

**Concepts:** Certificates; PKI; Certificate authorities; Certificate chains; TLS; Key exchange

**Tools:** OpenSSL

**Environment:** Lab Network

### Step-by-step activity
Follow the steps for LAB-068 in the module guide: [[MOD-27]]

- [ ] Complete every step in the module guide
- [ ] Verify the expected result
- [ ] Attach the evidence

**Expected result:** As stated for LAB-068 in the module guide.

**Evidence required:** Screenshot + command output

**Troubleshooting:** Record each problem and its fix in the issue notes. If stuck for more than 30 minutes, set the status to Blocked and describe the blocker.

**Security relevance:** Builds Cryptography skills used by: Cybersecurity Engineer.

**Assessment:** Instructor verifies the expected result from the attached evidence and may ask for a live demonstration. Type: Practical.

### Completion criteria
- Every step of the module guide for this task is done
- The expected result is demonstrated
- Required evidence is attached to the issue
- Actual time is logged against the issue
- Instructor Review is Approved and the status is Completed

**Estimated time:** 4 h

**Next task:** INV-015","Cryptography","V05.0 IAM & Cryptography","MOD-27","LAB-067","4","L3 - Intermediate","Hardening","Lab Network","Screenshot + command output","OpenSSL","","Core","Practical","0","Cybersecurity Engineer","","","Pending"
"INV-015","INV-015","Investigation","Normal","[INV-015] Investigate a certificate validation failure","**Objective:** Investigate a certificate validation failure

**Prerequisites:** LAB-068

**Concepts:** Certificates; PKI; Certificate authorities; Certificate chains; TLS; Key exchange

**Tools:** OpenSSL

**Environment:** Lab Network

### Step-by-step activity
Follow the steps for INV-015 in the module guide: [[MOD-27]]

- [ ] Complete every step in the module guide
- [ ] Verify the expected result
- [ ] Attach the evidence

**Expected result:** As stated for INV-015 in the module guide.

**Evidence required:** Investigation report

**Troubleshooting:** Record each problem and its fix in the issue notes. If stuck for more than 30 minutes, set the status to Blocked and describe the blocker.

**Security relevance:** Builds Cryptography skills used by: Cybersecurity Engineer.

**Assessment:** Instructor grades the investigation report: timeline, evidence, root cause, impact and recommendations. Type: Practical.

### Completion criteria
- Every step of the module guide for this task is done
- The expected result is demonstrated
- Required evidence is attached to the issue
- Actual time is logged against the issue
- Instructor Review is Approved and the status is Completed

**Estimated time:** 3 h

**Next task:** ASM-005","Cryptography","V05.0 IAM & Cryptography","MOD-27","LAB-068","3","L3 - Intermediate","Investigation","Lab Network","Investigation report","OpenSSL","","Core","Practical","0","Cybersecurity Engineer","Incident investigated","1","Pending"
"ASM-005","ASM-005","Assessment","High","[ASM-005] Phase 05 assessment: IAM and cryptography","**Objective:** Phase 05 assessment: IAM and cryptography

**Prerequisites:** INV-015

**Concepts:** Certificates; PKI; Certificate authorities; Certificate chains; TLS; Key exchange

**Tools:** OpenSSL

**Environment:** Lab Network

### Step-by-step activity
Follow the steps for ASM-005 in the module guide: [[MOD-27]]

- [ ] Complete every step in the module guide
- [ ] Verify the expected result
- [ ] Attach the evidence

**Expected result:** As stated for ASM-005 in the module guide.

**Evidence required:** Scored result

**Troubleshooting:** Record each problem and its fix in the issue notes. If stuck for more than 30 minutes, set the status to Blocked and describe the blocker.

**Security relevance:** Builds Cryptography skills used by: Cybersecurity Engineer.

**Assessment:** Scored 0-100. Pass mark 70. Type: MCQ + scenario.

### Completion criteria
- Every step of the module guide for this task is done
- The expected result is demonstrated
- Required evidence is attached to the issue
- Actual time is logged against the issue
- Instructor Review is Approved and the status is Completed

**Estimated time:** 3 h

**Next task:** Last task of this module","Cryptography","V05.0 IAM & Cryptography","MOD-27","INV-015","3","L3 - Intermediate","Assessment","Lab Network","Scored result","OpenSSL","","Core","MCQ + scenario","0","Cybersecurity Engineer","","","Pending"
"REVIEW-05","REVIEW-05","Review","High","[REVIEW-05] Phase 05 gate review","**Objective:** Confirm that phase 05 (IAM & Cryptography) is complete.

### Checklist
- [ ] Every issue of the phase is Completed
- [ ] Evidence is attached to every issue
- [ ] Time is logged
- [ ] Assessment score is 70 or higher
- [ ] Portfolio items are in the repository

**Assessment:** Instructor confirms every issue of the phase is Completed and records the gate decision.

**Estimated time:** 1 h","","V05.0 IAM & Cryptography","PHASE-05","LAB-056, LAB-060, LAB-063, LAB-066, ASM-005","1","","Review","","Instructor sign-off","","","","Review","0","","","","Pending"
"PHASE-06","PHASE-06","Phase","Normal","[PHASE-06] Vulnerability & Web Security","Phase 06 of 15. Version: V06.0 Vulnerability & Web Security.

Modules: 4. Estimated hours: 85.

- MOD-28 Vulnerability Management
- MOD-29 Web Fundamentals and Browser Security Controls
- MOD-30 OWASP Top 10
- MOD-31 API Security

The phase closes with the gate review REVIEW-06.","","V06.0 Vulnerability & Web Security","EPIC","","","","","","","","","","","","","","",""
"MOD-28","MOD-28","Module","Normal","[MOD-28] Vulnerability Management","**Topics:** Vulnerability management lifecycle; CVE; CVSS; CWE; CPE; Exploitation; Zero-days; Risk rating; Asset inventory; Patch management; Remediation; Compensating controls; Nessus concepts; Qualys concepts

**Tools:** Greenbone/OpenVAS; Nmap; Nuclei; Lynis; OpenSCAP

**Environment:** Lab Network

**Tasks:** 7, 32 estimated hours.

**Module guide (steps for every task):** [[MOD-28]]","Vulnerability Management","V06.0 Vulnerability & Web Security","PHASE-06","","","","","Lab Network","","Greenbone/OpenVAS; Nmap; Nuclei; Lynis; OpenSCAP","","Advanced","","","Cybersecurity Engineer; Infrastructure Security Engineer","","",""
"THY-018","THY-018","Theory","Normal","[THY-018] Vulnerability management lifecycle and scoring","**Objective:** Vulnerability management lifecycle and scoring

**Prerequisites:** ASG-006, LAB-034, ASM-004

**Concepts:** Vulnerability management lifecycle; CVE; CVSS; CWE; CPE; Exploitation; Zero-days; Risk rating; Asset inventory; Patch management; Remediation; Compensating controls; Nessus concepts; Qualys concepts

**Tools:** Greenbone/OpenVAS; Nmap; Nuclei; Lynis; OpenSCAP

**Environment:** Lab Network

### Step-by-step activity
Follow the steps for THY-018 in the module guide: [[MOD-28]]

- [ ] Complete every step in the module guide
- [ ] Verify the expected result
- [ ] Attach the evidence

**Expected result:** As stated for THY-018 in the module guide.

**Evidence required:** Notes

**Troubleshooting:** Record each problem and its fix in the issue notes. If stuck for more than 30 minutes, set the status to Blocked and describe the blocker.

**Security relevance:** Builds Vulnerability Management skills used by: Cybersecurity Engineer, Infrastructure Security Engineer.

**Assessment:** Instructor checks the notes and asks short oral questions on the concepts. Type: Short answers.

### Completion criteria
- Every step of the module guide for this task is done
- The expected result is demonstrated
- Required evidence is attached to the issue
- Actual time is logged against the issue
- Instructor Review is Approved and the status is Completed

**Estimated time:** 4 h

**Next task:** LAB-069","Vulnerability Management","V06.0 Vulnerability & Web Security","MOD-28","ASG-006, LAB-034, ASM-004","4","L3 - Intermediate","Theory","Lab Network","Notes","Greenbone/OpenVAS; Nmap; Nuclei; Lynis; OpenSCAP","","Advanced","Short answers","0","Cybersecurity Engineer; Infrastructure Security Engineer","","","Pending"
"LAB-069","LAB-069","Lab","Normal","[LAB-069] Deploy Greenbone and scan the lab","**Objective:** Deploy Greenbone and scan the lab

**Prerequisites:** THY-018

**Concepts:** Vulnerability management lifecycle; CVE; CVSS; CWE; CPE; Exploitation; Zero-days; Risk rating; Asset inventory; Patch management; Remediation; Compensating controls; Nessus concepts; Qualys concepts

**Tools:** Greenbone/OpenVAS; Nmap; Nuclei; Lynis; OpenSCAP

**Environment:** Lab Network

### Step-by-step activity
Follow the steps for LAB-069 in the module guide: [[MOD-28]]

- [ ] Complete every step in the module guide
- [ ] Verify the expected result
- [ ] Attach the evidence

**Expected result:** As stated for LAB-069 in the module guide.

**Evidence required:** Screenshot + command output

**Troubleshooting:** Record each problem and its fix in the issue notes. If stuck for more than 30 minutes, set the status to Blocked and describe the blocker.

**Security relevance:** Builds Vulnerability Management skills used by: Cybersecurity Engineer, Infrastructure Security Engineer.

**Assessment:** Instructor verifies the expected result from the attached evidence and may ask for a live demonstration. Type: Practical.

### Completion criteria
- Every step of the module guide for this task is done
- The expected result is demonstrated
- Required evidence is attached to the issue
- Actual time is logged against the issue
- Instructor Review is Approved and the status is Completed

**Estimated time:** 5 h

**Next task:** LAB-070","Vulnerability Management","V06.0 Vulnerability & Web Security","MOD-28","THY-018","5","L3 - Intermediate","Setup","Lab Network","Screenshot + command output","Greenbone/OpenVAS; Nmap; Nuclei; Lynis; OpenSCAP","","Advanced","Practical","0","Cybersecurity Engineer; Infrastructure Security Engineer","","","Pending"
"LAB-070","LAB-070","Lab","Normal","[LAB-070] Authenticated scans and triage by risk","**Objective:** Authenticated scans and triage by risk

**Prerequisites:** LAB-069

**Concepts:** Vulnerability management lifecycle; CVE; CVSS; CWE; CPE; Exploitation; Zero-days; Risk rating; Asset inventory; Patch management; Remediation; Compensating controls; Nessus concepts; Qualys concepts

**Tools:** Greenbone/OpenVAS; Nmap; Nuclei; Lynis; OpenSCAP

**Environment:** Lab Network

### Step-by-step activity
Follow the steps for LAB-070 in the module guide: [[MOD-28]]

- [ ] Complete every step in the module guide
- [ ] Verify the expected result
- [ ] Attach the evidence

**Expected result:** As stated for LAB-070 in the module guide.

**Evidence required:** Screenshot + command output

**Troubleshooting:** Record each problem and its fix in the issue notes. If stuck for more than 30 minutes, set the status to Blocked and describe the blocker.

**Security relevance:** Builds Vulnerability Management skills used by: Cybersecurity Engineer, Infrastructure Security Engineer.

**Assessment:** Instructor verifies the expected result from the attached evidence and may ask for a live demonstration. Type: Practical.

### Completion criteria
- Every step of the module guide for this task is done
- The expected result is demonstrated
- Required evidence is attached to the issue
- Actual time is logged against the issue
- Instructor Review is Approved and the status is Completed

**Estimated time:** 4 h

**Next task:** LAB-071","Vulnerability Management","V06.0 Vulnerability & Web Security","MOD-28","LAB-069","4","L3 - Intermediate","Guided Lab","Lab Network","Screenshot + command output","Greenbone/OpenVAS; Nmap; Nuclei; Lynis; OpenSCAP","","Advanced","Practical","0","Cybersecurity Engineer; Infrastructure Security Engineer","","","Pending"
"LAB-071","LAB-071","Lab","Normal","[LAB-071] Template-based checks with Nuclei on lab targets","**Objective:** Template-based checks with Nuclei on lab targets

**Prerequisites:** LAB-070

**Concepts:** Vulnerability management lifecycle; CVE; CVSS; CWE; CPE; Exploitation; Zero-days; Risk rating; Asset inventory; Patch management; Remediation; Compensating controls; Nessus concepts; Qualys concepts

**Tools:** Greenbone/OpenVAS; Nmap; Nuclei; Lynis; OpenSCAP

**Environment:** Lab Network

### Step-by-step activity
Follow the steps for LAB-071 in the module guide: [[MOD-28]]

- [ ] Complete every step in the module guide
- [ ] Verify the expected result
- [ ] Attach the evidence

**Expected result:** As stated for LAB-071 in the module guide.

**Evidence required:** Screenshot + command output

**Troubleshooting:** Record each problem and its fix in the issue notes. If stuck for more than 30 minutes, set the status to Blocked and describe the blocker.

**Security relevance:** Builds Vulnerability Management skills used by: Cybersecurity Engineer, Infrastructure Security Engineer.

**Assessment:** Instructor verifies the expected result from the attached evidence and may ask for a live demonstration. Type: Practical.

### Completion criteria
- Every step of the module guide for this task is done
- The expected result is demonstrated
- Required evidence is attached to the issue
- Actual time is logged against the issue
- Instructor Review is Approved and the status is Completed

**Estimated time:** 3 h

**Next task:** LAB-072","Vulnerability Management","V06.0 Vulnerability & Web Security","MOD-28","LAB-070","3","L3 - Intermediate","Guided Lab","Lab Network","Screenshot + command output","Greenbone/OpenVAS; Nmap; Nuclei; Lynis; OpenSCAP","","Advanced","Practical","0","Cybersecurity Engineer; Infrastructure Security Engineer","","","Pending"
"LAB-072","LAB-072","Lab","Normal","[LAB-072] Remediate findings and rescan","**Objective:** Remediate findings and rescan

**Prerequisites:** LAB-071

**Concepts:** Vulnerability management lifecycle; CVE; CVSS; CWE; CPE; Exploitation; Zero-days; Risk rating; Asset inventory; Patch management; Remediation; Compensating controls; Nessus concepts; Qualys concepts

**Tools:** Greenbone/OpenVAS; Nmap; Nuclei; Lynis; OpenSCAP

**Environment:** Lab Network

### Step-by-step activity
Follow the steps for LAB-072 in the module guide: [[MOD-28]]

- [ ] Complete every step in the module guide
- [ ] Verify the expected result
- [ ] Attach the evidence

**Expected result:** As stated for LAB-072 in the module guide.

**Evidence required:** Screenshot + command output

**Troubleshooting:** Record each problem and its fix in the issue notes. If stuck for more than 30 minutes, set the status to Blocked and describe the blocker.

**Security relevance:** Builds Vulnerability Management skills used by: Cybersecurity Engineer, Infrastructure Security Engineer.

**Assessment:** Instructor verifies the expected result from the attached evidence and may ask for a live demonstration. Type: Practical.

### Completion criteria
- Every step of the module guide for this task is done
- The expected result is demonstrated
- Required evidence is attached to the issue
- Actual time is logged against the issue
- Instructor Review is Approved and the status is Completed

**Estimated time:** 5 h

**Next task:** ASG-008","Vulnerability Management","V06.0 Vulnerability & Web Security","MOD-28","LAB-071","5","L3 - Intermediate","Hardening","Lab Network","Screenshot + command output","Greenbone/OpenVAS; Nmap; Nuclei; Lynis; OpenSCAP","","Advanced","Practical","0","Cybersecurity Engineer; Infrastructure Security Engineer","Vulnerability remediated","5","Pending"
"ASG-008","ASG-008","Assignment","Normal","[ASG-008] Vulnerability management policy and SLA","**Objective:** Vulnerability management policy and SLA

**Prerequisites:** LAB-072

**Concepts:** Vulnerability management lifecycle; CVE; CVSS; CWE; CPE; Exploitation; Zero-days; Risk rating; Asset inventory; Patch management; Remediation; Compensating controls; Nessus concepts; Qualys concepts

**Tools:** Greenbone/OpenVAS; Nmap; Nuclei; Lynis; OpenSCAP

**Environment:** Lab Network

### Step-by-step activity
Follow the steps for ASG-008 in the module guide: [[MOD-28]]

- [ ] Complete every step in the module guide
- [ ] Verify the expected result
- [ ] Attach the evidence

**Expected result:** As stated for ASG-008 in the module guide.

**Evidence required:** Written deliverable

**Troubleshooting:** Record each problem and its fix in the issue notes. If stuck for more than 30 minutes, set the status to Blocked and describe the blocker.

**Security relevance:** Builds Vulnerability Management skills used by: Cybersecurity Engineer, Infrastructure Security Engineer.

**Assessment:** Instructor reviews the written deliverable against the module concepts. Type: Scenario question.

### Completion criteria
- Every step of the module guide for this task is done
- The expected result is demonstrated
- Required evidence is attached to the issue
- Actual time is logged against the issue
- Instructor Review is Approved and the status is Completed

**Estimated time:** 3 h

**Next task:** PROJECT-004","Vulnerability Management","V06.0 Vulnerability & Web Security","MOD-28","LAB-072","3","L3 - Intermediate","Assignment","Lab Network","Written deliverable","Greenbone/OpenVAS; Nmap; Nuclei; Lynis; OpenSCAP","","Advanced","Scenario question","0","Cybersecurity Engineer; Infrastructure Security Engineer","","","Pending"
"PROJECT-004","PROJECT-004","Project","Normal","[PROJECT-004] Vulnerability management programme for the lab","**Objective:** Vulnerability management programme for the lab

**Prerequisites:** ASG-008

**Concepts:** Vulnerability management lifecycle; CVE; CVSS; CWE; CPE; Exploitation; Zero-days; Risk rating; Asset inventory; Patch management; Remediation; Compensating controls; Nessus concepts; Qualys concepts

**Tools:** Greenbone/OpenVAS; Nmap; Nuclei; Lynis; OpenSCAP

**Environment:** Lab Network

### Step-by-step activity
Follow the steps for PROJECT-004 in the module guide: [[MOD-28]]

- [ ] Complete every step in the module guide
- [ ] Verify the expected result
- [ ] Attach the evidence

**Expected result:** As stated for PROJECT-004 in the module guide.

**Evidence required:** Repository link + documentation

**Troubleshooting:** Record each problem and its fix in the issue notes. If stuck for more than 30 minutes, set the status to Blocked and describe the blocker.

**Security relevance:** Builds Vulnerability Management skills used by: Cybersecurity Engineer, Infrastructure Security Engineer.

**Assessment:** Scored 0-100 on working result, documentation and repository quality. Type: Project.

### Completion criteria
- Every step of the module guide for this task is done
- The expected result is demonstrated
- Required evidence is attached to the issue
- Actual time is logged against the issue
- Instructor Review is Approved and the status is Completed

**Estimated time:** 8 h

**Next task:** Last task of this module","Vulnerability Management","V06.0 Vulnerability & Web Security","MOD-28","ASG-008","8","L3 - Intermediate","Project","Lab Network","Repository link + documentation","Greenbone/OpenVAS; Nmap; Nuclei; Lynis; OpenSCAP","","Advanced","Project","1","Cybersecurity Engineer; Infrastructure Security Engineer","","","Pending"
"MOD-29","MOD-29","Module","Normal","[MOD-29] Web Fundamentals and Browser Security Controls","**Topics:** HTTP; Cookies; Sessions; JWT; CORS; CSRF; CSP; Security headers; Authorized training environments only

**Tools:** Burp Suite; OWASP ZAP; Postman; curl

**Environment:** Lab Network

**Tasks:** 4, 14 estimated hours.

**Module guide (steps for every task):** [[MOD-29]]","Application Security","V06.0 Vulnerability & Web Security","PHASE-06","","","","","Lab Network","","Burp Suite; OWASP ZAP; Postman; curl","","Advanced","","","DevSecOps Engineer; Cybersecurity Engineer","","",""
"THY-019","THY-019","Theory","Normal","[THY-019] HTTP, sessions, cookies and tokens","**Objective:** HTTP, sessions, cookies and tokens

**Prerequisites:** LAB-009

**Concepts:** HTTP; Cookies; Sessions; JWT; CORS; CSRF; CSP; Security headers; Authorized training environments only

**Tools:** Burp Suite; OWASP ZAP; Postman; curl

**Environment:** Lab Network

### Step-by-step activity
Follow the steps for THY-019 in the module guide: [[MOD-29]]

- [ ] Complete every step in the module guide
- [ ] Verify the expected result
- [ ] Attach the evidence

**Expected result:** As stated for THY-019 in the module guide.

**Evidence required:** Notes

**Troubleshooting:** Record each problem and its fix in the issue notes. If stuck for more than 30 minutes, set the status to Blocked and describe the blocker.

**Security relevance:** Builds Application Security skills used by: DevSecOps Engineer, Cybersecurity Engineer.

**Assessment:** Instructor checks the notes and asks short oral questions on the concepts. Type: Short answers.

### Completion criteria
- Every step of the module guide for this task is done
- The expected result is demonstrated
- Required evidence is attached to the issue
- Actual time is logged against the issue
- Instructor Review is Approved and the status is Completed

**Estimated time:** 4 h

**Next task:** LAB-073","Application Security","V06.0 Vulnerability & Web Security","MOD-29","LAB-009","4","L3 - Intermediate","Theory","Lab Network","Notes","Burp Suite; OWASP ZAP; Postman; curl","","Advanced","Short answers","0","DevSecOps Engineer; Cybersecurity Engineer","","","Pending"
"LAB-073","LAB-073","Lab","Normal","[LAB-073] Set up the authorized training application and an intercepting proxy","**Objective:** Set up the authorized training application and an intercepting proxy

**Prerequisites:** THY-019

**Concepts:** HTTP; Cookies; Sessions; JWT; CORS; CSRF; CSP; Security headers; Authorized training environments only

**Tools:** Burp Suite; OWASP ZAP; Postman; curl

**Environment:** Lab Network

### Step-by-step activity
Follow the steps for LAB-073 in the module guide: [[MOD-29]]

- [ ] Complete every step in the module guide
- [ ] Verify the expected result
- [ ] Attach the evidence

**Expected result:** As stated for LAB-073 in the module guide.

**Evidence required:** Screenshot + command output

**Troubleshooting:** Record each problem and its fix in the issue notes. If stuck for more than 30 minutes, set the status to Blocked and describe the blocker.

**Security relevance:** Builds Application Security skills used by: DevSecOps Engineer, Cybersecurity Engineer.

**Assessment:** Instructor verifies the expected result from the attached evidence and may ask for a live demonstration. Type: Practical.

### Completion criteria
- Every step of the module guide for this task is done
- The expected result is demonstrated
- Required evidence is attached to the issue
- Actual time is logged against the issue
- Instructor Review is Approved and the status is Completed

**Estimated time:** 4 h

**Next task:** LAB-074","Application Security","V06.0 Vulnerability & Web Security","MOD-29","THY-019","4","L3 - Intermediate","Setup","Lab Network","Screenshot + command output","Burp Suite; OWASP ZAP; Postman; curl","","Advanced","Practical","0","DevSecOps Engineer; Cybersecurity Engineer","","","Pending"
"LAB-074","LAB-074","Lab","Normal","[LAB-074] Sessions, cookies and JWT inspection","**Objective:** Sessions, cookies and JWT inspection

**Prerequisites:** LAB-073

**Concepts:** HTTP; Cookies; Sessions; JWT; CORS; CSRF; CSP; Security headers; Authorized training environments only

**Tools:** Burp Suite; OWASP ZAP; Postman; curl

**Environment:** Lab Network

### Step-by-step activity
Follow the steps for LAB-074 in the module guide: [[MOD-29]]

- [ ] Complete every step in the module guide
- [ ] Verify the expected result
- [ ] Attach the evidence

**Expected result:** As stated for LAB-074 in the module guide.

**Evidence required:** Screenshot + command output

**Troubleshooting:** Record each problem and its fix in the issue notes. If stuck for more than 30 minutes, set the status to Blocked and describe the blocker.

**Security relevance:** Builds Application Security skills used by: DevSecOps Engineer, Cybersecurity Engineer.

**Assessment:** Instructor verifies the expected result from the attached evidence and may ask for a live demonstration. Type: Practical.

### Completion criteria
- Every step of the module guide for this task is done
- The expected result is demonstrated
- Required evidence is attached to the issue
- Actual time is logged against the issue
- Instructor Review is Approved and the status is Completed

**Estimated time:** 3 h

**Next task:** LAB-075","Application Security","V06.0 Vulnerability & Web Security","MOD-29","LAB-073","3","L3 - Intermediate","Guided Lab","Lab Network","Screenshot + command output","Burp Suite; OWASP ZAP; Postman; curl","","Advanced","Practical","0","DevSecOps Engineer; Cybersecurity Engineer","","","Pending"
"LAB-075","LAB-075","Lab","Normal","[LAB-075] Security headers, CORS and CSP","**Objective:** Security headers, CORS and CSP

**Prerequisites:** LAB-074

**Concepts:** HTTP; Cookies; Sessions; JWT; CORS; CSRF; CSP; Security headers; Authorized training environments only

**Tools:** Burp Suite; OWASP ZAP; Postman; curl

**Environment:** Lab Network

### Step-by-step activity
Follow the steps for LAB-075 in the module guide: [[MOD-29]]

- [ ] Complete every step in the module guide
- [ ] Verify the expected result
- [ ] Attach the evidence

**Expected result:** As stated for LAB-075 in the module guide.

**Evidence required:** Screenshot + command output

**Troubleshooting:** Record each problem and its fix in the issue notes. If stuck for more than 30 minutes, set the status to Blocked and describe the blocker.

**Security relevance:** Builds Application Security skills used by: DevSecOps Engineer, Cybersecurity Engineer.

**Assessment:** Instructor verifies the expected result from the attached evidence and may ask for a live demonstration. Type: Practical.

### Completion criteria
- Every step of the module guide for this task is done
- The expected result is demonstrated
- Required evidence is attached to the issue
- Actual time is logged against the issue
- Instructor Review is Approved and the status is Completed

**Estimated time:** 3 h

**Next task:** Last task of this module","Application Security","V06.0 Vulnerability & Web Security","MOD-29","LAB-074","3","L3 - Intermediate","Hardening","Lab Network","Screenshot + command output","Burp Suite; OWASP ZAP; Postman; curl","","Advanced","Practical","0","DevSecOps Engineer; Cybersecurity Engineer","","","Pending"
"MOD-30","MOD-30","Module","Normal","[MOD-30] OWASP Top 10","**Topics:** Broken access control; Cryptographic failures; Injection; XSS; SSRF; Security misconfiguration; Authentication failures; Supply-chain risks; Logging failures; SQL injection; Command injection; File upload security; Authorized training environments only

**Tools:** Burp Suite; OWASP ZAP; Nikto; ffuf; Gobuster; Nuclei

**Environment:** Lab Network

**Tasks:** 5, 20 estimated hours.

**Module guide (steps for every task):** [[MOD-30]]","Application Security","V06.0 Vulnerability & Web Security","PHASE-06","","","","","Lab Network","","Burp Suite; OWASP ZAP; Nikto; ffuf; Gobuster; Nuclei","","Advanced","","","DevSecOps Engineer; Cybersecurity Engineer","","",""
"THY-020","THY-020","Theory","Normal","[THY-020] OWASP Top 10 categories and their controls","**Objective:** OWASP Top 10 categories and their controls

**Prerequisites:** LAB-075

**Concepts:** Broken access control; Cryptographic failures; Injection; XSS; SSRF; Security misconfiguration; Authentication failures; Supply-chain risks; Logging failures; SQL injection; Command injection; File upload security; Authorized training environments only

**Tools:** Burp Suite; OWASP ZAP; Nikto; ffuf; Gobuster; Nuclei

**Environment:** Lab Network

### Step-by-step activity
Follow the steps for THY-020 in the module guide: [[MOD-30]]

- [ ] Complete every step in the module guide
- [ ] Verify the expected result
- [ ] Attach the evidence

**Expected result:** As stated for THY-020 in the module guide.

**Evidence required:** Notes

**Troubleshooting:** Record each problem and its fix in the issue notes. If stuck for more than 30 minutes, set the status to Blocked and describe the blocker.

**Security relevance:** Builds Application Security skills used by: DevSecOps Engineer, Cybersecurity Engineer.

**Assessment:** Instructor checks the notes and asks short oral questions on the concepts. Type: Short answers.

### Completion criteria
- Every step of the module guide for this task is done
- The expected result is demonstrated
- Required evidence is attached to the issue
- Actual time is logged against the issue
- Instructor Review is Approved and the status is Completed

**Estimated time:** 4 h

**Next task:** LAB-076","Application Security","V06.0 Vulnerability & Web Security","MOD-30","LAB-075","4","L4 - Advanced","Theory","Lab Network","Notes","Burp Suite; OWASP ZAP; Nikto; ffuf; Gobuster; Nuclei","","Advanced","Short answers","0","DevSecOps Engineer; Cybersecurity Engineer","","","Pending"
"LAB-076","LAB-076","Lab","Normal","[LAB-076] Access control and authentication weaknesses in the training application","**Objective:** Access control and authentication weaknesses in the training application

**Prerequisites:** THY-020

**Concepts:** Broken access control; Cryptographic failures; Injection; XSS; SSRF; Security misconfiguration; Authentication failures; Supply-chain risks; Logging failures; SQL injection; Command injection; File upload security; Authorized training environments only

**Tools:** Burp Suite; OWASP ZAP; Nikto; ffuf; Gobuster; Nuclei

**Environment:** Lab Network

### Step-by-step activity
Follow the steps for LAB-076 in the module guide: [[MOD-30]]

- [ ] Complete every step in the module guide
- [ ] Verify the expected result
- [ ] Attach the evidence

**Expected result:** As stated for LAB-076 in the module guide.

**Evidence required:** Screenshot + command output

**Troubleshooting:** Record each problem and its fix in the issue notes. If stuck for more than 30 minutes, set the status to Blocked and describe the blocker.

**Security relevance:** Builds Application Security skills used by: DevSecOps Engineer, Cybersecurity Engineer.

**Assessment:** Instructor verifies the expected result from the attached evidence and may ask for a live demonstration. Type: Practical.

### Completion criteria
- Every step of the module guide for this task is done
- The expected result is demonstrated
- Required evidence is attached to the issue
- Actual time is logged against the issue
- Instructor Review is Approved and the status is Completed

**Estimated time:** 4 h

**Next task:** LAB-077","Application Security","V06.0 Vulnerability & Web Security","MOD-30","THY-020","4","L4 - Advanced","Guided Lab","Lab Network","Screenshot + command output","Burp Suite; OWASP ZAP; Nikto; ffuf; Gobuster; Nuclei","","Advanced","Practical","0","DevSecOps Engineer; Cybersecurity Engineer","","","Pending"
"LAB-077","LAB-077","Lab","Normal","[LAB-077] Injection and XSS in the training application and their fixes","**Objective:** Injection and XSS in the training application and their fixes

**Prerequisites:** LAB-076

**Concepts:** Broken access control; Cryptographic failures; Injection; XSS; SSRF; Security misconfiguration; Authentication failures; Supply-chain risks; Logging failures; SQL injection; Command injection; File upload security; Authorized training environments only

**Tools:** Burp Suite; OWASP ZAP; Nikto; ffuf; Gobuster; Nuclei

**Environment:** Lab Network

### Step-by-step activity
Follow the steps for LAB-077 in the module guide: [[MOD-30]]

- [ ] Complete every step in the module guide
- [ ] Verify the expected result
- [ ] Attach the evidence

**Expected result:** As stated for LAB-077 in the module guide.

**Evidence required:** Screenshot + command output

**Troubleshooting:** Record each problem and its fix in the issue notes. If stuck for more than 30 minutes, set the status to Blocked and describe the blocker.

**Security relevance:** Builds Application Security skills used by: DevSecOps Engineer, Cybersecurity Engineer.

**Assessment:** Instructor verifies the expected result from the attached evidence and may ask for a live demonstration. Type: Practical.

### Completion criteria
- Every step of the module guide for this task is done
- The expected result is demonstrated
- Required evidence is attached to the issue
- Actual time is logged against the issue
- Instructor Review is Approved and the status is Completed

**Estimated time:** 5 h

**Next task:** LAB-078","Application Security","V06.0 Vulnerability & Web Security","MOD-30","LAB-076","5","L4 - Advanced","Guided Lab","Lab Network","Screenshot + command output","Burp Suite; OWASP ZAP; Nikto; ffuf; Gobuster; Nuclei","","Advanced","Practical","0","DevSecOps Engineer; Cybersecurity Engineer","","","Pending"
"LAB-078","LAB-078","Lab","Normal","[LAB-078] SSRF, misconfiguration and file upload in the training application","**Objective:** SSRF, misconfiguration and file upload in the training application

**Prerequisites:** LAB-077

**Concepts:** Broken access control; Cryptographic failures; Injection; XSS; SSRF; Security misconfiguration; Authentication failures; Supply-chain risks; Logging failures; SQL injection; Command injection; File upload security; Authorized training environments only

**Tools:** Burp Suite; OWASP ZAP; Nikto; ffuf; Gobuster; Nuclei

**Environment:** Lab Network

### Step-by-step activity
Follow the steps for LAB-078 in the module guide: [[MOD-30]]

- [ ] Complete every step in the module guide
- [ ] Verify the expected result
- [ ] Attach the evidence

**Expected result:** As stated for LAB-078 in the module guide.

**Evidence required:** Screenshot + command output

**Troubleshooting:** Record each problem and its fix in the issue notes. If stuck for more than 30 minutes, set the status to Blocked and describe the blocker.

**Security relevance:** Builds Application Security skills used by: DevSecOps Engineer, Cybersecurity Engineer.

**Assessment:** Instructor verifies the expected result from the attached evidence and may ask for a live demonstration. Type: Practical.

### Completion criteria
- Every step of the module guide for this task is done
- The expected result is demonstrated
- Required evidence is attached to the issue
- Actual time is logged against the issue
- Instructor Review is Approved and the status is Completed

**Estimated time:** 4 h

**Next task:** LAB-079","Application Security","V06.0 Vulnerability & Web Security","MOD-30","LAB-077","4","L4 - Advanced","Guided Lab","Lab Network","Screenshot + command output","Burp Suite; OWASP ZAP; Nikto; ffuf; Gobuster; Nuclei","","Advanced","Practical","0","DevSecOps Engineer; Cybersecurity Engineer","","","Pending"
"LAB-079","LAB-079","Lab","Normal","[LAB-079] Scan the training application with OWASP ZAP","**Objective:** Scan the training application with OWASP ZAP

**Prerequisites:** LAB-078

**Concepts:** Broken access control; Cryptographic failures; Injection; XSS; SSRF; Security misconfiguration; Authentication failures; Supply-chain risks; Logging failures; SQL injection; Command injection; File upload security; Authorized training environments only

**Tools:** Burp Suite; OWASP ZAP; Nikto; ffuf; Gobuster; Nuclei

**Environment:** Lab Network

### Step-by-step activity
Follow the steps for LAB-079 in the module guide: [[MOD-30]]

- [ ] Complete every step in the module guide
- [ ] Verify the expected result
- [ ] Attach the evidence

**Expected result:** As stated for LAB-079 in the module guide.

**Evidence required:** Screenshot + command output

**Troubleshooting:** Record each problem and its fix in the issue notes. If stuck for more than 30 minutes, set the status to Blocked and describe the blocker.

**Security relevance:** Builds Application Security skills used by: DevSecOps Engineer, Cybersecurity Engineer.

**Assessment:** Instructor verifies the expected result from the attached evidence and may ask for a live demonstration. Type: Practical.

### Completion criteria
- Every step of the module guide for this task is done
- The expected result is demonstrated
- Required evidence is attached to the issue
- Actual time is logged against the issue
- Instructor Review is Approved and the status is Completed

**Estimated time:** 3 h

**Next task:** Last task of this module","Application Security","V06.0 Vulnerability & Web Security","MOD-30","LAB-078","3","L4 - Advanced","Guided Lab","Lab Network","Screenshot + command output","Burp Suite; OWASP ZAP; Nikto; ffuf; Gobuster; Nuclei","","Advanced","Practical","0","DevSecOps Engineer; Cybersecurity Engineer","","","Pending"
"MOD-31","MOD-31","Module","Normal","[MOD-31] API Security","**Topics:** API security; API authentication; API authorization; Logging failures; WAF

**Tools:** Postman; curl; Burp Suite

**Environment:** Lab Network

**Tasks:** 5, 18 estimated hours.

**Module guide (steps for every task):** [[MOD-31]]","Application Security","V06.0 Vulnerability & Web Security","PHASE-06","","","","","Lab Network","","Postman; curl; Burp Suite","","Advanced","","","DevSecOps Engineer; Cybersecurity Engineer","","",""
"THY-021","THY-021","Theory","Normal","[THY-021] API security risks and controls","**Objective:** API security risks and controls

**Prerequisites:** LAB-079

**Concepts:** API security; API authentication; API authorization; Logging failures; WAF

**Tools:** Postman; curl; Burp Suite

**Environment:** Lab Network

### Step-by-step activity
Follow the steps for THY-021 in the module guide: [[MOD-31]]

- [ ] Complete every step in the module guide
- [ ] Verify the expected result
- [ ] Attach the evidence

**Expected result:** As stated for THY-021 in the module guide.

**Evidence required:** Notes

**Troubleshooting:** Record each problem and its fix in the issue notes. If stuck for more than 30 minutes, set the status to Blocked and describe the blocker.

**Security relevance:** Builds Application Security skills used by: DevSecOps Engineer, Cybersecurity Engineer.

**Assessment:** Instructor checks the notes and asks short oral questions on the concepts. Type: Short answers.

### Completion criteria
- Every step of the module guide for this task is done
- The expected result is demonstrated
- Required evidence is attached to the issue
- Actual time is logged against the issue
- Instructor Review is Approved and the status is Completed

**Estimated time:** 3 h

**Next task:** LAB-080","Application Security","V06.0 Vulnerability & Web Security","MOD-31","LAB-079","3","L4 - Advanced","Theory","Lab Network","Notes","Postman; curl; Burp Suite","","Advanced","Short answers","0","DevSecOps Engineer; Cybersecurity Engineer","","","Pending"
"LAB-080","LAB-080","Lab","Normal","[LAB-080] Test API authentication and authorization in the training application","**Objective:** Test API authentication and authorization in the training application

**Prerequisites:** THY-021

**Concepts:** API security; API authentication; API authorization; Logging failures; WAF

**Tools:** Postman; curl; Burp Suite

**Environment:** Lab Network

### Step-by-step activity
Follow the steps for LAB-080 in the module guide: [[MOD-31]]

- [ ] Complete every step in the module guide
- [ ] Verify the expected result
- [ ] Attach the evidence

**Expected result:** As stated for LAB-080 in the module guide.

**Evidence required:** Screenshot + command output

**Troubleshooting:** Record each problem and its fix in the issue notes. If stuck for more than 30 minutes, set the status to Blocked and describe the blocker.

**Security relevance:** Builds Application Security skills used by: DevSecOps Engineer, Cybersecurity Engineer.

**Assessment:** Instructor verifies the expected result from the attached evidence and may ask for a live demonstration. Type: Practical.

### Completion criteria
- Every step of the module guide for this task is done
- The expected result is demonstrated
- Required evidence is attached to the issue
- Actual time is logged against the issue
- Instructor Review is Approved and the status is Completed

**Estimated time:** 4 h

**Next task:** LAB-081","Application Security","V06.0 Vulnerability & Web Security","MOD-31","THY-021","4","L4 - Advanced","Guided Lab","Lab Network","Screenshot + command output","Postman; curl; Burp Suite","","Advanced","Practical","0","DevSecOps Engineer; Cybersecurity Engineer","","","Pending"
"LAB-081","LAB-081","Lab","Normal","[LAB-081] Protect the training application with a WAF","**Objective:** Protect the training application with a WAF

**Prerequisites:** LAB-080

**Concepts:** API security; API authentication; API authorization; Logging failures; WAF

**Tools:** Postman; curl; Burp Suite

**Environment:** Lab Network

### Step-by-step activity
Follow the steps for LAB-081 in the module guide: [[MOD-31]]

- [ ] Complete every step in the module guide
- [ ] Verify the expected result
- [ ] Attach the evidence

**Expected result:** As stated for LAB-081 in the module guide.

**Evidence required:** Screenshot + command output

**Troubleshooting:** Record each problem and its fix in the issue notes. If stuck for more than 30 minutes, set the status to Blocked and describe the blocker.

**Security relevance:** Builds Application Security skills used by: DevSecOps Engineer, Cybersecurity Engineer.

**Assessment:** Instructor verifies the expected result from the attached evidence and may ask for a live demonstration. Type: Practical.

### Completion criteria
- Every step of the module guide for this task is done
- The expected result is demonstrated
- Required evidence is attached to the issue
- Actual time is logged against the issue
- Instructor Review is Approved and the status is Completed

**Estimated time:** 4 h

**Next task:** INV-016","Application Security","V06.0 Vulnerability & Web Security","MOD-31","LAB-080","4","L4 - Advanced","Hardening","Lab Network","Screenshot + command output","Postman; curl; Burp Suite","","Advanced","Practical","0","DevSecOps Engineer; Cybersecurity Engineer","","","Pending"
"INV-016","INV-016","Investigation","Normal","[INV-016] Investigate web server and WAF logs","**Objective:** Investigate web server and WAF logs

**Prerequisites:** LAB-081

**Concepts:** API security; API authentication; API authorization; Logging failures; WAF

**Tools:** Postman; curl; Burp Suite

**Environment:** Lab Network

### Step-by-step activity
Follow the steps for INV-016 in the module guide: [[MOD-31]]

- [ ] Complete every step in the module guide
- [ ] Verify the expected result
- [ ] Attach the evidence

**Expected result:** As stated for INV-016 in the module guide.

**Evidence required:** Investigation report

**Troubleshooting:** Record each problem and its fix in the issue notes. If stuck for more than 30 minutes, set the status to Blocked and describe the blocker.

**Security relevance:** Builds Application Security skills used by: DevSecOps Engineer, Cybersecurity Engineer.

**Assessment:** Instructor grades the investigation report: timeline, evidence, root cause, impact and recommendations. Type: Practical.

### Completion criteria
- Every step of the module guide for this task is done
- The expected result is demonstrated
- Required evidence is attached to the issue
- Actual time is logged against the issue
- Instructor Review is Approved and the status is Completed

**Estimated time:** 4 h

**Next task:** ASM-006","Application Security","V06.0 Vulnerability & Web Security","MOD-31","LAB-081","4","L4 - Advanced","Investigation","Lab Network","Investigation report","Postman; curl; Burp Suite","","Advanced","Practical","0","DevSecOps Engineer; Cybersecurity Engineer","Incident investigated","1","Pending"
"ASM-006","ASM-006","Assessment","High","[ASM-006] Phase 06 assessment: vulnerability and web security practical","**Objective:** Phase 06 assessment: vulnerability and web security practical

**Prerequisites:** INV-016

**Concepts:** API security; API authentication; API authorization; Logging failures; WAF

**Tools:** Postman; curl; Burp Suite

**Environment:** Lab Network

### Step-by-step activity
Follow the steps for ASM-006 in the module guide: [[MOD-31]]

- [ ] Complete every step in the module guide
- [ ] Verify the expected result
- [ ] Attach the evidence

**Expected result:** As stated for ASM-006 in the module guide.

**Evidence required:** Scored result

**Troubleshooting:** Record each problem and its fix in the issue notes. If stuck for more than 30 minutes, set the status to Blocked and describe the blocker.

**Security relevance:** Builds Application Security skills used by: DevSecOps Engineer, Cybersecurity Engineer.

**Assessment:** Scored 0-100. Pass mark 70. Type: Practical exam.

### Completion criteria
- Every step of the module guide for this task is done
- The expected result is demonstrated
- Required evidence is attached to the issue
- Actual time is logged against the issue
- Instructor Review is Approved and the status is Completed

**Estimated time:** 3 h

**Next task:** Last task of this module","Application Security","V06.0 Vulnerability & Web Security","MOD-31","INV-016","3","L4 - Advanced","Assessment","Lab Network","Scored result","Postman; curl; Burp Suite","","Advanced","Practical exam","0","DevSecOps Engineer; Cybersecurity Engineer","","","Pending"
"REVIEW-06","REVIEW-06","Review","High","[REVIEW-06] Phase 06 gate review","**Objective:** Confirm that phase 06 (Vulnerability & Web Security) is complete.

### Checklist
- [ ] Every issue of the phase is Completed
- [ ] Evidence is attached to every issue
- [ ] Time is logged
- [ ] Assessment score is 70 or higher
- [ ] Portfolio items are in the repository

**Assessment:** Instructor confirms every issue of the phase is Completed and records the gate decision.

**Estimated time:** 1 h","","V06.0 Vulnerability & Web Security","PHASE-06","PROJECT-004, LAB-075, LAB-079, ASM-006","1","","Review","","Instructor sign-off","","","","Review","0","","","","Pending"
"PHASE-07","PHASE-07","Phase","Normal","[PHASE-07] SOC & SIEM","Phase 07 of 15. Version: V07.0 SOC & SIEM.

Modules: 6. Estimated hours: 121.

- MOD-32 SOC Engineering
- MOD-33 Wazuh
- MOD-34 SIEM Concepts and Log Pipeline
- MOD-35 Security Logging Investigations
- MOD-36 Security Observability
- MOD-37 EDR and XDR

The phase closes with the gate review REVIEW-07.","","V07.0 SOC & SIEM","EPIC","","","","","","","","","","","","","","",""
"MOD-32","MOD-32","Module","Normal","[MOD-32] SOC Engineering","**Topics:** SOC architecture; SOC roles; L1 analyst; L2 analyst; L3 analyst; Security Engineer; Incident Responder; Threat Hunter; Detection Engineer; Alert triage; Alert enrichment; Incident classification; Escalation; Investigation; Evidence collection; Containment; Eradication; Recovery; Lessons learned

**Tools:** None

**Environment:** SOC Stack

**Tasks:** 5, 17 estimated hours.

**Module guide (steps for every task):** [[MOD-32]]","SOC Operations","V07.0 SOC & SIEM","PHASE-07","","","","","SOC Stack","","","","Core","","","SOC Analyst; SOC Engineer; Security Operations Engineer","","",""
"THY-022","THY-022","Theory","Normal","[THY-022] SOC architecture and roles","**Objective:** SOC architecture and roles

**Prerequisites:** ASM-002, LAB-029, INV-011

**Concepts:** SOC architecture; SOC roles; L1 analyst; L2 analyst; L3 analyst; Security Engineer; Incident Responder; Threat Hunter; Detection Engineer; Alert triage; Alert enrichment; Incident classification; Escalation; Investigation; Evidence collection; Containment; Eradication; Recovery; Lessons learned

**Tools:** None

**Environment:** SOC Stack

### Step-by-step activity
Follow the steps for THY-022 in the module guide: [[MOD-32]]

- [ ] Complete every step in the module guide
- [ ] Verify the expected result
- [ ] Attach the evidence

**Expected result:** As stated for THY-022 in the module guide.

**Evidence required:** Notes

**Troubleshooting:** Record each problem and its fix in the issue notes. If stuck for more than 30 minutes, set the status to Blocked and describe the blocker.

**Security relevance:** Builds SOC Operations skills used by: SOC Analyst, SOC Engineer, Security Operations Engineer.

**Assessment:** Instructor checks the notes and asks short oral questions on the concepts. Type: Short answers.

### Completion criteria
- Every step of the module guide for this task is done
- The expected result is demonstrated
- Required evidence is attached to the issue
- Actual time is logged against the issue
- Instructor Review is Approved and the status is Completed

**Estimated time:** 3 h

**Next task:** THY-023","SOC Operations","V07.0 SOC & SIEM","MOD-32","ASM-002, LAB-029, INV-011","3","L3 - Intermediate","Theory","SOC Stack","Notes","","","Core","Short answers","0","SOC Analyst; SOC Engineer; Security Operations Engineer","","","Pending"
"THY-023","THY-023","Theory","Normal","[THY-023] Alert triage, classification and escalation","**Objective:** Alert triage, classification and escalation

**Prerequisites:** THY-022

**Concepts:** SOC architecture; SOC roles; L1 analyst; L2 analyst; L3 analyst; Security Engineer; Incident Responder; Threat Hunter; Detection Engineer; Alert triage; Alert enrichment; Incident classification; Escalation; Investigation; Evidence collection; Containment; Eradication; Recovery; Lessons learned

**Tools:** None

**Environment:** SOC Stack

### Step-by-step activity
Follow the steps for THY-023 in the module guide: [[MOD-32]]

- [ ] Complete every step in the module guide
- [ ] Verify the expected result
- [ ] Attach the evidence

**Expected result:** As stated for THY-023 in the module guide.

**Evidence required:** Notes

**Troubleshooting:** Record each problem and its fix in the issue notes. If stuck for more than 30 minutes, set the status to Blocked and describe the blocker.

**Security relevance:** Builds SOC Operations skills used by: SOC Analyst, SOC Engineer, Security Operations Engineer.

**Assessment:** Instructor checks the notes and asks short oral questions on the concepts. Type: Short answers.

### Completion criteria
- Every step of the module guide for this task is done
- The expected result is demonstrated
- Required evidence is attached to the issue
- Actual time is logged against the issue
- Instructor Review is Approved and the status is Completed

**Estimated time:** 3 h

**Next task:** ASG-009","SOC Operations","V07.0 SOC & SIEM","MOD-32","THY-022","3","L3 - Intermediate","Theory","SOC Stack","Notes","","","Core","Short answers","0","SOC Analyst; SOC Engineer; Security Operations Engineer","","","Pending"
"ASG-009","ASG-009","Assignment","Normal","[ASG-009] Write the SOC triage procedure","**Objective:** Write the SOC triage procedure

**Prerequisites:** THY-023

**Concepts:** SOC architecture; SOC roles; L1 analyst; L2 analyst; L3 analyst; Security Engineer; Incident Responder; Threat Hunter; Detection Engineer; Alert triage; Alert enrichment; Incident classification; Escalation; Investigation; Evidence collection; Containment; Eradication; Recovery; Lessons learned

**Tools:** None

**Environment:** SOC Stack

### Step-by-step activity
Follow the steps for ASG-009 in the module guide: [[MOD-32]]

- [ ] Complete every step in the module guide
- [ ] Verify the expected result
- [ ] Attach the evidence

**Expected result:** As stated for ASG-009 in the module guide.

**Evidence required:** Written deliverable

**Troubleshooting:** Record each problem and its fix in the issue notes. If stuck for more than 30 minutes, set the status to Blocked and describe the blocker.

**Security relevance:** Builds SOC Operations skills used by: SOC Analyst, SOC Engineer, Security Operations Engineer.

**Assessment:** Instructor reviews the written deliverable against the module concepts. Type: Scenario question.

### Completion criteria
- Every step of the module guide for this task is done
- The expected result is demonstrated
- Required evidence is attached to the issue
- Actual time is logged against the issue
- Instructor Review is Approved and the status is Completed

**Estimated time:** 3 h

**Next task:** INV-017","SOC Operations","V07.0 SOC & SIEM","MOD-32","THY-023","3","L3 - Intermediate","Assignment","SOC Stack","Written deliverable","","","Core","Scenario question","0","SOC Analyst; SOC Engineer; Security Operations Engineer","","","Pending"
"INV-017","INV-017","Investigation","Normal","[INV-017] SOC ticket set 1: triage five alerts","**Objective:** SOC ticket set 1: triage five alerts

**Prerequisites:** ASG-009

**Concepts:** SOC architecture; SOC roles; L1 analyst; L2 analyst; L3 analyst; Security Engineer; Incident Responder; Threat Hunter; Detection Engineer; Alert triage; Alert enrichment; Incident classification; Escalation; Investigation; Evidence collection; Containment; Eradication; Recovery; Lessons learned

**Tools:** None

**Environment:** SOC Stack

### Step-by-step activity
Follow the steps for INV-017 in the module guide: [[MOD-32]]

- [ ] Complete every step in the module guide
- [ ] Verify the expected result
- [ ] Attach the evidence

**Expected result:** As stated for INV-017 in the module guide.

**Evidence required:** Investigation report

**Troubleshooting:** Record each problem and its fix in the issue notes. If stuck for more than 30 minutes, set the status to Blocked and describe the blocker.

**Security relevance:** Builds SOC Operations skills used by: SOC Analyst, SOC Engineer, Security Operations Engineer.

**Assessment:** Instructor grades the investigation report: timeline, evidence, root cause, impact and recommendations. Type: Practical.

### Completion criteria
- Every step of the module guide for this task is done
- The expected result is demonstrated
- Required evidence is attached to the issue
- Actual time is logged against the issue
- Instructor Review is Approved and the status is Completed

**Estimated time:** 4 h

**Next task:** INV-018","SOC Operations","V07.0 SOC & SIEM","MOD-32","ASG-009","4","L3 - Intermediate","Investigation","SOC Stack","Investigation report","","","Core","Practical","0","SOC Analyst; SOC Engineer; Security Operations Engineer","Incident investigated","1","Pending"
"INV-018","INV-018","Investigation","Normal","[INV-018] SOC ticket set 2: escalated investigation","**Objective:** SOC ticket set 2: escalated investigation

**Prerequisites:** INV-017

**Concepts:** SOC architecture; SOC roles; L1 analyst; L2 analyst; L3 analyst; Security Engineer; Incident Responder; Threat Hunter; Detection Engineer; Alert triage; Alert enrichment; Incident classification; Escalation; Investigation; Evidence collection; Containment; Eradication; Recovery; Lessons learned

**Tools:** None

**Environment:** SOC Stack

### Step-by-step activity
Follow the steps for INV-018 in the module guide: [[MOD-32]]

- [ ] Complete every step in the module guide
- [ ] Verify the expected result
- [ ] Attach the evidence

**Expected result:** As stated for INV-018 in the module guide.

**Evidence required:** Investigation report

**Troubleshooting:** Record each problem and its fix in the issue notes. If stuck for more than 30 minutes, set the status to Blocked and describe the blocker.

**Security relevance:** Builds SOC Operations skills used by: SOC Analyst, SOC Engineer, Security Operations Engineer.

**Assessment:** Instructor grades the investigation report: timeline, evidence, root cause, impact and recommendations. Type: Practical.

### Completion criteria
- Every step of the module guide for this task is done
- The expected result is demonstrated
- Required evidence is attached to the issue
- Actual time is logged against the issue
- Instructor Review is Approved and the status is Completed

**Estimated time:** 4 h

**Next task:** Last task of this module","SOC Operations","V07.0 SOC & SIEM","MOD-32","INV-017","4","L3 - Intermediate","Investigation","SOC Stack","Investigation report","","","Core","Practical","0","SOC Analyst; SOC Engineer; Security Operations Engineer","Incident investigated","1","Pending"
"MOD-33","MOD-33","Module","Normal","[MOD-33] Wazuh","**Topics:** Log collection; Agents; Decoders; Rules; Alerting; File integrity; Configuration assessment; Active response

**Tools:** Wazuh; Sysmon; auditd

**Environment:** SOC Stack

**Tasks:** 8, 29 estimated hours.

**Module guide (steps for every task):** [[MOD-33]]","SIEM & Logging","V07.0 SOC & SIEM","PHASE-07","","","","","SOC Stack","","Wazuh; Sysmon; auditd","","Core","","","SOC Engineer; Security Platform Engineer","","",""
"LAB-082","LAB-082","Lab","Normal","[LAB-082] Deploy the Wazuh server, indexer and dashboard","**Objective:** Deploy the Wazuh server, indexer and dashboard

**Prerequisites:** INV-018

**Concepts:** Log collection; Agents; Decoders; Rules; Alerting; File integrity; Configuration assessment; Active response

**Tools:** Wazuh; Sysmon; auditd

**Environment:** SOC Stack

### Step-by-step activity
Follow the steps for LAB-082 in the module guide: [[MOD-33]]

- [ ] Complete every step in the module guide
- [ ] Verify the expected result
- [ ] Attach the evidence

**Expected result:** As stated for LAB-082 in the module guide.

**Evidence required:** Screenshot + command output

**Troubleshooting:** Record each problem and its fix in the issue notes. If stuck for more than 30 minutes, set the status to Blocked and describe the blocker.

**Security relevance:** Builds SIEM & Logging skills used by: SOC Engineer, Security Platform Engineer.

**Assessment:** Instructor verifies the expected result from the attached evidence and may ask for a live demonstration. Type: Practical.

### Completion criteria
- Every step of the module guide for this task is done
- The expected result is demonstrated
- Required evidence is attached to the issue
- Actual time is logged against the issue
- Instructor Review is Approved and the status is Completed

**Estimated time:** 5 h

**Next task:** LAB-083","SIEM & Logging","V07.0 SOC & SIEM","MOD-33","INV-018","5","L3 - Intermediate","Setup","SOC Stack","Screenshot + command output","Wazuh; Sysmon; auditd","","Core","Practical","0","SOC Engineer; Security Platform Engineer","","","Pending"
"LAB-083","LAB-083","Lab","Normal","[LAB-083] Enrol Linux and Windows agents with auditd and Sysmon","**Objective:** Enrol Linux and Windows agents with auditd and Sysmon

**Prerequisites:** LAB-082

**Concepts:** Log collection; Agents; Decoders; Rules; Alerting; File integrity; Configuration assessment; Active response

**Tools:** Wazuh; Sysmon; auditd

**Environment:** SOC Stack

### Step-by-step activity
Follow the steps for LAB-083 in the module guide: [[MOD-33]]

- [ ] Complete every step in the module guide
- [ ] Verify the expected result
- [ ] Attach the evidence

**Expected result:** As stated for LAB-083 in the module guide.

**Evidence required:** Screenshot + command output

**Troubleshooting:** Record each problem and its fix in the issue notes. If stuck for more than 30 minutes, set the status to Blocked and describe the blocker.

**Security relevance:** Builds SIEM & Logging skills used by: SOC Engineer, Security Platform Engineer.

**Assessment:** Instructor verifies the expected result from the attached evidence and may ask for a live demonstration. Type: Practical.

### Completion criteria
- Every step of the module guide for this task is done
- The expected result is demonstrated
- Required evidence is attached to the issue
- Actual time is logged against the issue
- Instructor Review is Approved and the status is Completed

**Estimated time:** 4 h

**Next task:** LAB-084","SIEM & Logging","V07.0 SOC & SIEM","MOD-33","LAB-082","4","L3 - Intermediate","Setup","SOC Stack","Screenshot + command output","Wazuh; Sysmon; auditd","","Core","Practical","0","SOC Engineer; Security Platform Engineer","","","Pending"
"LAB-084","LAB-084","Lab","Normal","[LAB-084] Decoders and rules","**Objective:** Decoders and rules

**Prerequisites:** LAB-083

**Concepts:** Log collection; Agents; Decoders; Rules; Alerting; File integrity; Configuration assessment; Active response

**Tools:** Wazuh; Sysmon; auditd

**Environment:** SOC Stack

### Step-by-step activity
Follow the steps for LAB-084 in the module guide: [[MOD-33]]

- [ ] Complete every step in the module guide
- [ ] Verify the expected result
- [ ] Attach the evidence

**Expected result:** As stated for LAB-084 in the module guide.

**Evidence required:** Repository link

**Troubleshooting:** Record each problem and its fix in the issue notes. If stuck for more than 30 minutes, set the status to Blocked and describe the blocker.

**Security relevance:** Builds SIEM & Logging skills used by: SOC Engineer, Security Platform Engineer.

**Assessment:** Instructor verifies the expected result from the attached evidence and may ask for a live demonstration. Type: Practical.

### Completion criteria
- Every step of the module guide for this task is done
- The expected result is demonstrated
- Required evidence is attached to the issue
- Actual time is logged against the issue
- Instructor Review is Approved and the status is Completed

**Estimated time:** 4 h

**Next task:** LAB-085","SIEM & Logging","V07.0 SOC & SIEM","MOD-33","LAB-083","4","L3 - Intermediate","Detection Engineering","SOC Stack","Repository link","Wazuh; Sysmon; auditd","","Core","Practical","0","SOC Engineer; Security Platform Engineer","Detection rule","2","Pending"
"LAB-085","LAB-085","Lab","Normal","[LAB-085] Detect Brute Force with Wazuh","**Objective:** Detect Brute Force with Wazuh

**Prerequisites:** LAB-084

**Concepts:** Log collection; Agents; Decoders; Rules; Alerting; File integrity; Configuration assessment; Active response

**Tools:** Wazuh; Sysmon; auditd

**Environment:** SOC Stack

### Step-by-step activity
Follow the steps for LAB-085 in the module guide: [[MOD-33]]

- [ ] Complete every step in the module guide
- [ ] Verify the expected result
- [ ] Attach the evidence

**Expected result:** As stated for LAB-085 in the module guide.

**Evidence required:** Repository link

**Troubleshooting:** Record each problem and its fix in the issue notes. If stuck for more than 30 minutes, set the status to Blocked and describe the blocker.

**Security relevance:** Builds SIEM & Logging skills used by: SOC Engineer, Security Platform Engineer.

**Assessment:** Instructor verifies the expected result from the attached evidence and may ask for a live demonstration. Type: Practical.

### Completion criteria
- Every step of the module guide for this task is done
- The expected result is demonstrated
- Required evidence is attached to the issue
- Actual time is logged against the issue
- Instructor Review is Approved and the status is Completed

**Estimated time:** 3 h

**Next task:** LAB-086","SIEM & Logging","V07.0 SOC & SIEM","MOD-33","LAB-084","3","L3 - Intermediate","Detection Engineering","SOC Stack","Repository link","Wazuh; Sysmon; auditd","","Core","Practical","0","SOC Engineer; Security Platform Engineer","Detection rule","1","Pending"
"LAB-086","LAB-086","Lab","Normal","[LAB-086] File integrity, configuration assessment and vulnerability detection","**Objective:** File integrity, configuration assessment and vulnerability detection

**Prerequisites:** LAB-085

**Concepts:** Log collection; Agents; Decoders; Rules; Alerting; File integrity; Configuration assessment; Active response

**Tools:** Wazuh; Sysmon; auditd

**Environment:** SOC Stack

### Step-by-step activity
Follow the steps for LAB-086 in the module guide: [[MOD-33]]

- [ ] Complete every step in the module guide
- [ ] Verify the expected result
- [ ] Attach the evidence

**Expected result:** As stated for LAB-086 in the module guide.

**Evidence required:** Screenshot + command output

**Troubleshooting:** Record each problem and its fix in the issue notes. If stuck for more than 30 minutes, set the status to Blocked and describe the blocker.

**Security relevance:** Builds SIEM & Logging skills used by: SOC Engineer, Security Platform Engineer.

**Assessment:** Instructor verifies the expected result from the attached evidence and may ask for a live demonstration. Type: Practical.

### Completion criteria
- Every step of the module guide for this task is done
- The expected result is demonstrated
- Required evidence is attached to the issue
- Actual time is logged against the issue
- Instructor Review is Approved and the status is Completed

**Estimated time:** 4 h

**Next task:** LAB-087","SIEM & Logging","V07.0 SOC & SIEM","MOD-33","LAB-085","4","L3 - Intermediate","Guided Lab","SOC Stack","Screenshot + command output","Wazuh; Sysmon; auditd","","Core","Practical","0","SOC Engineer; Security Platform Engineer","","","Pending"
"LAB-087","LAB-087","Lab","Normal","[LAB-087] Active response","**Objective:** Active response

**Prerequisites:** LAB-086

**Concepts:** Log collection; Agents; Decoders; Rules; Alerting; File integrity; Configuration assessment; Active response

**Tools:** Wazuh; Sysmon; auditd

**Environment:** SOC Stack

### Step-by-step activity
Follow the steps for LAB-087 in the module guide: [[MOD-33]]

- [ ] Complete every step in the module guide
- [ ] Verify the expected result
- [ ] Attach the evidence

**Expected result:** As stated for LAB-087 in the module guide.

**Evidence required:** Repository link

**Troubleshooting:** Record each problem and its fix in the issue notes. If stuck for more than 30 minutes, set the status to Blocked and describe the blocker.

**Security relevance:** Builds SIEM & Logging skills used by: SOC Engineer, Security Platform Engineer.

**Assessment:** Instructor verifies the expected result from the attached evidence and may ask for a live demonstration. Type: Practical.

### Completion criteria
- Every step of the module guide for this task is done
- The expected result is demonstrated
- Required evidence is attached to the issue
- Actual time is logged against the issue
- Instructor Review is Approved and the status is Completed

**Estimated time:** 3 h

**Next task:** LAB-088","SIEM & Logging","V07.0 SOC & SIEM","MOD-33","LAB-086","3","L3 - Intermediate","Automation","SOC Stack","Repository link","Wazuh; Sysmon; auditd","","Core","Practical","0","SOC Engineer; Security Platform Engineer","","","Pending"
"LAB-088","LAB-088","Lab","Normal","[LAB-088] Ingest Zeek and Suricata logs","**Objective:** Ingest Zeek and Suricata logs

**Prerequisites:** LAB-087

**Concepts:** Log collection; Agents; Decoders; Rules; Alerting; File integrity; Configuration assessment; Active response

**Tools:** Wazuh; Sysmon; auditd

**Environment:** SOC Stack

### Step-by-step activity
Follow the steps for LAB-088 in the module guide: [[MOD-33]]

- [ ] Complete every step in the module guide
- [ ] Verify the expected result
- [ ] Attach the evidence

**Expected result:** As stated for LAB-088 in the module guide.

**Evidence required:** Screenshot + command output

**Troubleshooting:** Record each problem and its fix in the issue notes. If stuck for more than 30 minutes, set the status to Blocked and describe the blocker.

**Security relevance:** Builds SIEM & Logging skills used by: SOC Engineer, Security Platform Engineer.

**Assessment:** Instructor verifies the expected result from the attached evidence and may ask for a live demonstration. Type: Practical.

### Completion criteria
- Every step of the module guide for this task is done
- The expected result is demonstrated
- Required evidence is attached to the issue
- Actual time is logged against the issue
- Instructor Review is Approved and the status is Completed

**Estimated time:** 4 h

**Next task:** TSH-001","SIEM & Logging","V07.0 SOC & SIEM","MOD-33","LAB-087","4","L3 - Intermediate","Guided Lab","SOC Stack","Screenshot + command output","Wazuh; Sysmon; auditd","","Core","Practical","0","SOC Engineer; Security Platform Engineer","","","Pending"
"TSH-001","TSH-001","Troubleshooting","Normal","[TSH-001] Wazuh agent not reporting","**Objective:** Wazuh agent not reporting

**Prerequisites:** LAB-088

**Concepts:** Log collection; Agents; Decoders; Rules; Alerting; File integrity; Configuration assessment; Active response

**Tools:** Wazuh; Sysmon; auditd

**Environment:** SOC Stack

### Step-by-step activity
Follow the steps for TSH-001 in the module guide: [[MOD-33]]

- [ ] Complete every step in the module guide
- [ ] Verify the expected result
- [ ] Attach the evidence

**Expected result:** As stated for TSH-001 in the module guide.

**Evidence required:** Root cause report

**Troubleshooting:** Record each problem and its fix in the issue notes. If stuck for more than 30 minutes, set the status to Blocked and describe the blocker.

**Security relevance:** Builds SIEM & Logging skills used by: SOC Engineer, Security Platform Engineer.

**Assessment:** Instructor checks the root cause report and that the fault is fixed. Type: Practical.

### Completion criteria
- Every step of the module guide for this task is done
- The expected result is demonstrated
- Required evidence is attached to the issue
- Actual time is logged against the issue
- Instructor Review is Approved and the status is Completed

**Estimated time:** 2 h

**Next task:** Last task of this module","SIEM & Logging","V07.0 SOC & SIEM","MOD-33","LAB-088","2","L3 - Intermediate","Troubleshooting","SOC Stack","Root cause report","Wazuh; Sysmon; auditd","","Core","Practical","0","SOC Engineer; Security Platform Engineer","","","Pending"
"MOD-34","MOD-34","Module","Normal","[MOD-34] SIEM Concepts and Log Pipeline","**Topics:** Log collection; Log parsing; Normalization; Enrichment; Correlation; Searching; Indexing; Retention; Alerting; Detection rules; Dashboards; Threat intelligence integration

**Tools:** Wazuh; OpenSearch; Vector; Grafana Alloy

**Environment:** SOC Stack

**Tasks:** 5, 19 estimated hours.

**Module guide (steps for every task):** [[MOD-34]]","SIEM & Logging","V07.0 SOC & SIEM","PHASE-07","","","","","SOC Stack","","Wazuh; OpenSearch; Vector; Grafana Alloy","","Core","","","SOC Engineer; Security Platform Engineer","","",""
"THY-024","THY-024","Theory","Normal","[THY-024] SIEM data flow from collection to alert","**Objective:** SIEM data flow from collection to alert

**Prerequisites:** TSH-001

**Concepts:** Log collection; Log parsing; Normalization; Enrichment; Correlation; Searching; Indexing; Retention; Alerting; Detection rules; Dashboards; Threat intelligence integration

**Tools:** Wazuh; OpenSearch; Vector; Grafana Alloy

**Environment:** SOC Stack

### Step-by-step activity
Follow the steps for THY-024 in the module guide: [[MOD-34]]

- [ ] Complete every step in the module guide
- [ ] Verify the expected result
- [ ] Attach the evidence

**Expected result:** As stated for THY-024 in the module guide.

**Evidence required:** Notes

**Troubleshooting:** Record each problem and its fix in the issue notes. If stuck for more than 30 minutes, set the status to Blocked and describe the blocker.

**Security relevance:** Builds SIEM & Logging skills used by: SOC Engineer, Security Platform Engineer.

**Assessment:** Instructor checks the notes and asks short oral questions on the concepts. Type: Short answers.

### Completion criteria
- Every step of the module guide for this task is done
- The expected result is demonstrated
- Required evidence is attached to the issue
- Actual time is logged against the issue
- Instructor Review is Approved and the status is Completed

**Estimated time:** 4 h

**Next task:** LAB-089","SIEM & Logging","V07.0 SOC & SIEM","MOD-34","TSH-001","4","L3 - Intermediate","Theory","SOC Stack","Notes","Wazuh; OpenSearch; Vector; Grafana Alloy","","Core","Short answers","0","SOC Engineer; Security Platform Engineer","","","Pending"
"LAB-089","LAB-089","Lab","Normal","[LAB-089] Build the log pipeline","**Objective:** Build the log pipeline

**Prerequisites:** THY-024

**Concepts:** Log collection; Log parsing; Normalization; Enrichment; Correlation; Searching; Indexing; Retention; Alerting; Detection rules; Dashboards; Threat intelligence integration

**Tools:** Wazuh; OpenSearch; Vector; Grafana Alloy

**Environment:** SOC Stack

### Step-by-step activity
Follow the steps for LAB-089 in the module guide: [[MOD-34]]

- [ ] Complete every step in the module guide
- [ ] Verify the expected result
- [ ] Attach the evidence

**Expected result:** As stated for LAB-089 in the module guide.

**Evidence required:** Screenshot + command output

**Troubleshooting:** Record each problem and its fix in the issue notes. If stuck for more than 30 minutes, set the status to Blocked and describe the blocker.

**Security relevance:** Builds SIEM & Logging skills used by: SOC Engineer, Security Platform Engineer.

**Assessment:** Instructor verifies the expected result from the attached evidence and may ask for a live demonstration. Type: Practical.

### Completion criteria
- Every step of the module guide for this task is done
- The expected result is demonstrated
- Required evidence is attached to the issue
- Actual time is logged against the issue
- Instructor Review is Approved and the status is Completed

**Estimated time:** 5 h

**Next task:** LAB-090","SIEM & Logging","V07.0 SOC & SIEM","MOD-34","THY-024","5","L3 - Intermediate","Setup","SOC Stack","Screenshot + command output","Wazuh; OpenSearch; Vector; Grafana Alloy","","Core","Practical","0","SOC Engineer; Security Platform Engineer","","","Pending"
"LAB-090","LAB-090","Lab","Normal","[LAB-090] Parsing and normalization","**Objective:** Parsing and normalization

**Prerequisites:** LAB-089

**Concepts:** Log collection; Log parsing; Normalization; Enrichment; Correlation; Searching; Indexing; Retention; Alerting; Detection rules; Dashboards; Threat intelligence integration

**Tools:** Wazuh; OpenSearch; Vector; Grafana Alloy

**Environment:** SOC Stack

### Step-by-step activity
Follow the steps for LAB-090 in the module guide: [[MOD-34]]

- [ ] Complete every step in the module guide
- [ ] Verify the expected result
- [ ] Attach the evidence

**Expected result:** As stated for LAB-090 in the module guide.

**Evidence required:** Screenshot + command output

**Troubleshooting:** Record each problem and its fix in the issue notes. If stuck for more than 30 minutes, set the status to Blocked and describe the blocker.

**Security relevance:** Builds SIEM & Logging skills used by: SOC Engineer, Security Platform Engineer.

**Assessment:** Instructor verifies the expected result from the attached evidence and may ask for a live demonstration. Type: Practical.

### Completion criteria
- Every step of the module guide for this task is done
- The expected result is demonstrated
- Required evidence is attached to the issue
- Actual time is logged against the issue
- Instructor Review is Approved and the status is Completed

**Estimated time:** 4 h

**Next task:** LAB-091","SIEM & Logging","V07.0 SOC & SIEM","MOD-34","LAB-089","4","L3 - Intermediate","Guided Lab","SOC Stack","Screenshot + command output","Wazuh; OpenSearch; Vector; Grafana Alloy","","Core","Practical","0","SOC Engineer; Security Platform Engineer","","","Pending"
"LAB-091","LAB-091","Lab","Normal","[LAB-091] Enrichment","**Objective:** Enrichment

**Prerequisites:** LAB-090

**Concepts:** Log collection; Log parsing; Normalization; Enrichment; Correlation; Searching; Indexing; Retention; Alerting; Detection rules; Dashboards; Threat intelligence integration

**Tools:** Wazuh; OpenSearch; Vector; Grafana Alloy

**Environment:** SOC Stack

### Step-by-step activity
Follow the steps for LAB-091 in the module guide: [[MOD-34]]

- [ ] Complete every step in the module guide
- [ ] Verify the expected result
- [ ] Attach the evidence

**Expected result:** As stated for LAB-091 in the module guide.

**Evidence required:** Screenshot + command output

**Troubleshooting:** Record each problem and its fix in the issue notes. If stuck for more than 30 minutes, set the status to Blocked and describe the blocker.

**Security relevance:** Builds SIEM & Logging skills used by: SOC Engineer, Security Platform Engineer.

**Assessment:** Instructor verifies the expected result from the attached evidence and may ask for a live demonstration. Type: Practical.

### Completion criteria
- Every step of the module guide for this task is done
- The expected result is demonstrated
- Required evidence is attached to the issue
- Actual time is logged against the issue
- Instructor Review is Approved and the status is Completed

**Estimated time:** 3 h

**Next task:** LAB-092","SIEM & Logging","V07.0 SOC & SIEM","MOD-34","LAB-090","3","L3 - Intermediate","Guided Lab","SOC Stack","Screenshot + command output","Wazuh; OpenSearch; Vector; Grafana Alloy","","Core","Practical","0","SOC Engineer; Security Platform Engineer","","","Pending"
"LAB-092","LAB-092","Lab","Normal","[LAB-092] Retention and index lifecycle","**Objective:** Retention and index lifecycle

**Prerequisites:** LAB-091

**Concepts:** Log collection; Log parsing; Normalization; Enrichment; Correlation; Searching; Indexing; Retention; Alerting; Detection rules; Dashboards; Threat intelligence integration

**Tools:** Wazuh; OpenSearch; Vector; Grafana Alloy

**Environment:** SOC Stack

### Step-by-step activity
Follow the steps for LAB-092 in the module guide: [[MOD-34]]

- [ ] Complete every step in the module guide
- [ ] Verify the expected result
- [ ] Attach the evidence

**Expected result:** As stated for LAB-092 in the module guide.

**Evidence required:** Screenshot + command output

**Troubleshooting:** Record each problem and its fix in the issue notes. If stuck for more than 30 minutes, set the status to Blocked and describe the blocker.

**Security relevance:** Builds SIEM & Logging skills used by: SOC Engineer, Security Platform Engineer.

**Assessment:** Instructor verifies the expected result from the attached evidence and may ask for a live demonstration. Type: Practical.

### Completion criteria
- Every step of the module guide for this task is done
- The expected result is demonstrated
- Required evidence is attached to the issue
- Actual time is logged against the issue
- Instructor Review is Approved and the status is Completed

**Estimated time:** 3 h

**Next task:** Last task of this module","SIEM & Logging","V07.0 SOC & SIEM","MOD-34","LAB-091","3","L3 - Intermediate","Guided Lab","SOC Stack","Screenshot + command output","Wazuh; OpenSearch; Vector; Grafana Alloy","","Core","Practical","0","SOC Engineer; Security Platform Engineer","","","Pending"
"MOD-35","MOD-35","Module","Normal","[MOD-35] Security Logging Investigations","**Topics:** Linux: SSH, sudo, authentication, auditd, system, application, web server and database logs; Windows: Security, System, Application, PowerShell, Sysmon, Defender and Active Directory logs; Network: firewall, DNS, DHCP, VPN, proxy, IDS/IPS, NetFlow and Zeek logs

**Tools:** Wazuh; OpenSearch

**Environment:** SOC Stack

**Tasks:** 3, 12 estimated hours.

**Module guide (steps for every task):** [[MOD-35]]","SIEM & Logging","V07.0 SOC & SIEM","PHASE-07","","","","","SOC Stack","","Wazuh; OpenSearch","","Core","","","SOC Engineer; Security Platform Engineer","","",""
"INV-019","INV-019","Investigation","Normal","[INV-019] Linux log investigation","**Objective:** Linux log investigation

**Prerequisites:** LAB-092

**Concepts:** Linux: SSH, sudo, authentication, auditd, system, application, web server and database logs; Windows: Security, System, Application, PowerShell, Sysmon, Defender and Active Directory logs; Network: firewall, DNS, DHCP, VPN, proxy, IDS/IPS, NetFlow and Zeek logs

**Tools:** Wazuh; OpenSearch

**Environment:** SOC Stack

### Step-by-step activity
Follow the steps for INV-019 in the module guide: [[MOD-35]]

- [ ] Complete every step in the module guide
- [ ] Verify the expected result
- [ ] Attach the evidence

**Expected result:** As stated for INV-019 in the module guide.

**Evidence required:** Investigation report

**Troubleshooting:** Record each problem and its fix in the issue notes. If stuck for more than 30 minutes, set the status to Blocked and describe the blocker.

**Security relevance:** Builds SIEM & Logging skills used by: SOC Engineer, Security Platform Engineer.

**Assessment:** Instructor grades the investigation report: timeline, evidence, root cause, impact and recommendations. Type: Practical.

### Completion criteria
- Every step of the module guide for this task is done
- The expected result is demonstrated
- Required evidence is attached to the issue
- Actual time is logged against the issue
- Instructor Review is Approved and the status is Completed

**Estimated time:** 4 h

**Next task:** INV-020","SIEM & Logging","V07.0 SOC & SIEM","MOD-35","LAB-092","4","L3 - Intermediate","Investigation","SOC Stack","Investigation report","Wazuh; OpenSearch","","Core","Practical","0","SOC Engineer; Security Platform Engineer","Incident investigated","1","Pending"
"INV-020","INV-020","Investigation","Normal","[INV-020] Windows log investigation","**Objective:** Windows log investigation

**Prerequisites:** INV-019

**Concepts:** Linux: SSH, sudo, authentication, auditd, system, application, web server and database logs; Windows: Security, System, Application, PowerShell, Sysmon, Defender and Active Directory logs; Network: firewall, DNS, DHCP, VPN, proxy, IDS/IPS, NetFlow and Zeek logs

**Tools:** Wazuh; OpenSearch

**Environment:** SOC Stack

### Step-by-step activity
Follow the steps for INV-020 in the module guide: [[MOD-35]]

- [ ] Complete every step in the module guide
- [ ] Verify the expected result
- [ ] Attach the evidence

**Expected result:** As stated for INV-020 in the module guide.

**Evidence required:** Investigation report

**Troubleshooting:** Record each problem and its fix in the issue notes. If stuck for more than 30 minutes, set the status to Blocked and describe the blocker.

**Security relevance:** Builds SIEM & Logging skills used by: SOC Engineer, Security Platform Engineer.

**Assessment:** Instructor grades the investigation report: timeline, evidence, root cause, impact and recommendations. Type: Practical.

### Completion criteria
- Every step of the module guide for this task is done
- The expected result is demonstrated
- Required evidence is attached to the issue
- Actual time is logged against the issue
- Instructor Review is Approved and the status is Completed

**Estimated time:** 4 h

**Next task:** INV-021","SIEM & Logging","V07.0 SOC & SIEM","MOD-35","INV-019","4","L3 - Intermediate","Investigation","SOC Stack","Investigation report","Wazuh; OpenSearch","","Core","Practical","0","SOC Engineer; Security Platform Engineer","Incident investigated","1","Pending"
"INV-021","INV-021","Investigation","Normal","[INV-021] Network log investigation","**Objective:** Network log investigation

**Prerequisites:** INV-020

**Concepts:** Linux: SSH, sudo, authentication, auditd, system, application, web server and database logs; Windows: Security, System, Application, PowerShell, Sysmon, Defender and Active Directory logs; Network: firewall, DNS, DHCP, VPN, proxy, IDS/IPS, NetFlow and Zeek logs

**Tools:** Wazuh; OpenSearch

**Environment:** SOC Stack

### Step-by-step activity
Follow the steps for INV-021 in the module guide: [[MOD-35]]

- [ ] Complete every step in the module guide
- [ ] Verify the expected result
- [ ] Attach the evidence

**Expected result:** As stated for INV-021 in the module guide.

**Evidence required:** Investigation report

**Troubleshooting:** Record each problem and its fix in the issue notes. If stuck for more than 30 minutes, set the status to Blocked and describe the blocker.

**Security relevance:** Builds SIEM & Logging skills used by: SOC Engineer, Security Platform Engineer.

**Assessment:** Instructor grades the investigation report: timeline, evidence, root cause, impact and recommendations. Type: Practical.

### Completion criteria
- Every step of the module guide for this task is done
- The expected result is demonstrated
- Required evidence is attached to the issue
- Actual time is logged against the issue
- Instructor Review is Approved and the status is Completed

**Estimated time:** 4 h

**Next task:** Last task of this module","SIEM & Logging","V07.0 SOC & SIEM","MOD-35","INV-020","4","L3 - Intermediate","Investigation","SOC Stack","Investigation report","Wazuh; OpenSearch","","Core","Practical","0","SOC Engineer; Security Platform Engineer","Incident investigated","1","Pending"
"MOD-36","MOD-36","Module","Normal","[MOD-36] Security Observability","**Topics:** Logs; Metrics; Traces; Events; Labels; Metadata; Pipelines; Parsing; Enrichment; Retention; Aggregation; Alerting

**Tools:** Grafana; Prometheus; Grafana Alloy; Vector; Loki; OpenTelemetry; OpenSearch; Elasticsearch; ClickHouse

**Environment:** SOC Stack

**Tasks:** 5, 19 estimated hours.

**Module guide (steps for every task):** [[MOD-36]]","Observability","V07.0 SOC & SIEM","PHASE-07","","","","","SOC Stack","","Grafana; Prometheus; Grafana Alloy; Vector; Loki; OpenTelemetry; OpenSearch; Elasticsearch; ClickHouse","","Core","","","Security Platform Engineer","","",""
"THY-025","THY-025","Theory","Normal","[THY-025] Logs, metrics, traces and events","**Objective:** Logs, metrics, traces and events

**Prerequisites:** LAB-092

**Concepts:** Logs; Metrics; Traces; Events; Labels; Metadata; Pipelines; Parsing; Enrichment; Retention; Aggregation; Alerting

**Tools:** Grafana; Prometheus; Grafana Alloy; Vector; Loki; OpenTelemetry; OpenSearch; Elasticsearch; ClickHouse

**Environment:** SOC Stack

### Step-by-step activity
Follow the steps for THY-025 in the module guide: [[MOD-36]]

- [ ] Complete every step in the module guide
- [ ] Verify the expected result
- [ ] Attach the evidence

**Expected result:** As stated for THY-025 in the module guide.

**Evidence required:** Notes

**Troubleshooting:** Record each problem and its fix in the issue notes. If stuck for more than 30 minutes, set the status to Blocked and describe the blocker.

**Security relevance:** Builds Observability skills used by: Security Platform Engineer.

**Assessment:** Instructor checks the notes and asks short oral questions on the concepts. Type: Short answers.

### Completion criteria
- Every step of the module guide for this task is done
- The expected result is demonstrated
- Required evidence is attached to the issue
- Actual time is logged against the issue
- Instructor Review is Approved and the status is Completed

**Estimated time:** 3 h

**Next task:** LAB-093","Observability","V07.0 SOC & SIEM","MOD-36","LAB-092","3","L3 - Intermediate","Theory","SOC Stack","Notes","Grafana; Prometheus; Grafana Alloy; Vector; Loki; OpenTelemetry; OpenSearch; Elasticsearch; ClickHouse","","Core","Short answers","0","Security Platform Engineer","","","Pending"
"LAB-093","LAB-093","Lab","Normal","[LAB-093] Prometheus for the security infrastructure","**Objective:** Prometheus for the security infrastructure

**Prerequisites:** THY-025

**Concepts:** Logs; Metrics; Traces; Events; Labels; Metadata; Pipelines; Parsing; Enrichment; Retention; Aggregation; Alerting

**Tools:** Grafana; Prometheus; Grafana Alloy; Vector; Loki; OpenTelemetry; OpenSearch; Elasticsearch; ClickHouse

**Environment:** SOC Stack

### Step-by-step activity
Follow the steps for LAB-093 in the module guide: [[MOD-36]]

- [ ] Complete every step in the module guide
- [ ] Verify the expected result
- [ ] Attach the evidence

**Expected result:** As stated for LAB-093 in the module guide.

**Evidence required:** Screenshot + command output

**Troubleshooting:** Record each problem and its fix in the issue notes. If stuck for more than 30 minutes, set the status to Blocked and describe the blocker.

**Security relevance:** Builds Observability skills used by: Security Platform Engineer.

**Assessment:** Instructor verifies the expected result from the attached evidence and may ask for a live demonstration. Type: Practical.

### Completion criteria
- Every step of the module guide for this task is done
- The expected result is demonstrated
- Required evidence is attached to the issue
- Actual time is logged against the issue
- Instructor Review is Approved and the status is Completed

**Estimated time:** 4 h

**Next task:** LAB-094","Observability","V07.0 SOC & SIEM","MOD-36","THY-025","4","L3 - Intermediate","Setup","SOC Stack","Screenshot + command output","Grafana; Prometheus; Grafana Alloy; Vector; Loki; OpenTelemetry; OpenSearch; Elasticsearch; ClickHouse","","Core","Practical","0","Security Platform Engineer","","","Pending"
"LAB-094","LAB-094","Lab","Normal","[LAB-094] Loki and collectors","**Objective:** Loki and collectors

**Prerequisites:** LAB-093

**Concepts:** Logs; Metrics; Traces; Events; Labels; Metadata; Pipelines; Parsing; Enrichment; Retention; Aggregation; Alerting

**Tools:** Grafana; Prometheus; Grafana Alloy; Vector; Loki; OpenTelemetry; OpenSearch; Elasticsearch; ClickHouse

**Environment:** SOC Stack

### Step-by-step activity
Follow the steps for LAB-094 in the module guide: [[MOD-36]]

- [ ] Complete every step in the module guide
- [ ] Verify the expected result
- [ ] Attach the evidence

**Expected result:** As stated for LAB-094 in the module guide.

**Evidence required:** Screenshot + command output

**Troubleshooting:** Record each problem and its fix in the issue notes. If stuck for more than 30 minutes, set the status to Blocked and describe the blocker.

**Security relevance:** Builds Observability skills used by: Security Platform Engineer.

**Assessment:** Instructor verifies the expected result from the attached evidence and may ask for a live demonstration. Type: Practical.

### Completion criteria
- Every step of the module guide for this task is done
- The expected result is demonstrated
- Required evidence is attached to the issue
- Actual time is logged against the issue
- Instructor Review is Approved and the status is Completed

**Estimated time:** 4 h

**Next task:** LAB-095","Observability","V07.0 SOC & SIEM","MOD-36","LAB-093","4","L3 - Intermediate","Setup","SOC Stack","Screenshot + command output","Grafana; Prometheus; Grafana Alloy; Vector; Loki; OpenTelemetry; OpenSearch; Elasticsearch; ClickHouse","","Core","Practical","0","Security Platform Engineer","","","Pending"
"LAB-095","LAB-095","Lab","Normal","[LAB-095] Security dashboards in Grafana","**Objective:** Security dashboards in Grafana

**Prerequisites:** LAB-094

**Concepts:** Logs; Metrics; Traces; Events; Labels; Metadata; Pipelines; Parsing; Enrichment; Retention; Aggregation; Alerting

**Tools:** Grafana; Prometheus; Grafana Alloy; Vector; Loki; OpenTelemetry; OpenSearch; Elasticsearch; ClickHouse

**Environment:** SOC Stack

### Step-by-step activity
Follow the steps for LAB-095 in the module guide: [[MOD-36]]

- [ ] Complete every step in the module guide
- [ ] Verify the expected result
- [ ] Attach the evidence

**Expected result:** As stated for LAB-095 in the module guide.

**Evidence required:** Screenshot + command output

**Troubleshooting:** Record each problem and its fix in the issue notes. If stuck for more than 30 minutes, set the status to Blocked and describe the blocker.

**Security relevance:** Builds Observability skills used by: Security Platform Engineer.

**Assessment:** Instructor verifies the expected result from the attached evidence and may ask for a live demonstration. Type: Practical.

### Completion criteria
- Every step of the module guide for this task is done
- The expected result is demonstrated
- Required evidence is attached to the issue
- Actual time is logged against the issue
- Instructor Review is Approved and the status is Completed

**Estimated time:** 5 h

**Next task:** LAB-096","Observability","V07.0 SOC & SIEM","MOD-36","LAB-094","5","L3 - Intermediate","Guided Lab","SOC Stack","Screenshot + command output","Grafana; Prometheus; Grafana Alloy; Vector; Loki; OpenTelemetry; OpenSearch; Elasticsearch; ClickHouse","","Core","Practical","0","Security Platform Engineer","","","Pending"
"LAB-096","LAB-096","Lab","Normal","[LAB-096] Alerting from Grafana and Prometheus","**Objective:** Alerting from Grafana and Prometheus

**Prerequisites:** LAB-095

**Concepts:** Logs; Metrics; Traces; Events; Labels; Metadata; Pipelines; Parsing; Enrichment; Retention; Aggregation; Alerting

**Tools:** Grafana; Prometheus; Grafana Alloy; Vector; Loki; OpenTelemetry; OpenSearch; Elasticsearch; ClickHouse

**Environment:** SOC Stack

### Step-by-step activity
Follow the steps for LAB-096 in the module guide: [[MOD-36]]

- [ ] Complete every step in the module guide
- [ ] Verify the expected result
- [ ] Attach the evidence

**Expected result:** As stated for LAB-096 in the module guide.

**Evidence required:** Screenshot + command output

**Troubleshooting:** Record each problem and its fix in the issue notes. If stuck for more than 30 minutes, set the status to Blocked and describe the blocker.

**Security relevance:** Builds Observability skills used by: Security Platform Engineer.

**Assessment:** Instructor verifies the expected result from the attached evidence and may ask for a live demonstration. Type: Practical.

### Completion criteria
- Every step of the module guide for this task is done
- The expected result is demonstrated
- Required evidence is attached to the issue
- Actual time is logged against the issue
- Instructor Review is Approved and the status is Completed

**Estimated time:** 3 h

**Next task:** Last task of this module","Observability","V07.0 SOC & SIEM","MOD-36","LAB-095","3","L3 - Intermediate","Guided Lab","SOC Stack","Screenshot + command output","Grafana; Prometheus; Grafana Alloy; Vector; Loki; OpenTelemetry; OpenSearch; Elasticsearch; ClickHouse","","Core","Practical","0","Security Platform Engineer","","","Pending"
"MOD-37","MOD-37","Module","Normal","[MOD-37] EDR and XDR","**Topics:** Endpoint telemetry; Process monitoring; File monitoring; Registry monitoring; Network connections; Behavioral detection; Malware detection; Persistence; Endpoint isolation

**Tools:** Wazuh; osquery; Velociraptor; Microsoft Defender; Elastic Defend

**Environment:** SOC Stack

**Tasks:** 5, 24 estimated hours.

**Module guide (steps for every task):** [[MOD-37]]","Endpoint Security","V07.0 SOC & SIEM","PHASE-07","","","","","SOC Stack","","Wazuh; osquery; Velociraptor; Microsoft Defender; Elastic Defend","","Core","","","SOC Engineer; Incident Response Engineer","","",""
"THY-026","THY-026","Theory","Normal","[THY-026] Endpoint telemetry and behavioural detection","**Objective:** Endpoint telemetry and behavioural detection

**Prerequisites:** TSH-001

**Concepts:** Endpoint telemetry; Process monitoring; File monitoring; Registry monitoring; Network connections; Behavioral detection; Malware detection; Persistence; Endpoint isolation

**Tools:** Wazuh; osquery; Velociraptor; Microsoft Defender; Elastic Defend

**Environment:** SOC Stack

### Step-by-step activity
Follow the steps for THY-026 in the module guide: [[MOD-37]]

- [ ] Complete every step in the module guide
- [ ] Verify the expected result
- [ ] Attach the evidence

**Expected result:** As stated for THY-026 in the module guide.

**Evidence required:** Notes

**Troubleshooting:** Record each problem and its fix in the issue notes. If stuck for more than 30 minutes, set the status to Blocked and describe the blocker.

**Security relevance:** Builds Endpoint Security skills used by: SOC Engineer, Incident Response Engineer.

**Assessment:** Instructor checks the notes and asks short oral questions on the concepts. Type: Short answers.

### Completion criteria
- Every step of the module guide for this task is done
- The expected result is demonstrated
- Required evidence is attached to the issue
- Actual time is logged against the issue
- Instructor Review is Approved and the status is Completed

**Estimated time:** 3 h

**Next task:** LAB-097","Endpoint Security","V07.0 SOC & SIEM","MOD-37","TSH-001","3","L3 - Intermediate","Theory","SOC Stack","Notes","Wazuh; osquery; Velociraptor; Microsoft Defender; Elastic Defend","","Core","Short answers","0","SOC Engineer; Incident Response Engineer","","","Pending"
"LAB-097","LAB-097","Lab","Normal","[LAB-097] Endpoint queries with osquery","**Objective:** Endpoint queries with osquery

**Prerequisites:** THY-026

**Concepts:** Endpoint telemetry; Process monitoring; File monitoring; Registry monitoring; Network connections; Behavioral detection; Malware detection; Persistence; Endpoint isolation

**Tools:** Wazuh; osquery; Velociraptor; Microsoft Defender; Elastic Defend

**Environment:** SOC Stack

### Step-by-step activity
Follow the steps for LAB-097 in the module guide: [[MOD-37]]

- [ ] Complete every step in the module guide
- [ ] Verify the expected result
- [ ] Attach the evidence

**Expected result:** As stated for LAB-097 in the module guide.

**Evidence required:** Screenshot + command output

**Troubleshooting:** Record each problem and its fix in the issue notes. If stuck for more than 30 minutes, set the status to Blocked and describe the blocker.

**Security relevance:** Builds Endpoint Security skills used by: SOC Engineer, Incident Response Engineer.

**Assessment:** Instructor verifies the expected result from the attached evidence and may ask for a live demonstration. Type: Practical.

### Completion criteria
- Every step of the module guide for this task is done
- The expected result is demonstrated
- Required evidence is attached to the issue
- Actual time is logged against the issue
- Instructor Review is Approved and the status is Completed

**Estimated time:** 4 h

**Next task:** LAB-098","Endpoint Security","V07.0 SOC & SIEM","MOD-37","THY-026","4","L3 - Intermediate","Guided Lab","SOC Stack","Screenshot + command output","Wazuh; osquery; Velociraptor; Microsoft Defender; Elastic Defend","","Core","Practical","0","SOC Engineer; Incident Response Engineer","","","Pending"
"LAB-098","LAB-098","Lab","Normal","[LAB-098] Endpoint response and isolation in the lab","**Objective:** Endpoint response and isolation in the lab

**Prerequisites:** LAB-097

**Concepts:** Endpoint telemetry; Process monitoring; File monitoring; Registry monitoring; Network connections; Behavioral detection; Malware detection; Persistence; Endpoint isolation

**Tools:** Wazuh; osquery; Velociraptor; Microsoft Defender; Elastic Defend

**Environment:** SOC Stack

### Step-by-step activity
Follow the steps for LAB-098 in the module guide: [[MOD-37]]

- [ ] Complete every step in the module guide
- [ ] Verify the expected result
- [ ] Attach the evidence

**Expected result:** As stated for LAB-098 in the module guide.

**Evidence required:** Screenshot + command output

**Troubleshooting:** Record each problem and its fix in the issue notes. If stuck for more than 30 minutes, set the status to Blocked and describe the blocker.

**Security relevance:** Builds Endpoint Security skills used by: SOC Engineer, Incident Response Engineer.

**Assessment:** Instructor verifies the expected result from the attached evidence and may ask for a live demonstration. Type: Practical.

### Completion criteria
- Every step of the module guide for this task is done
- The expected result is demonstrated
- Required evidence is attached to the issue
- Actual time is logged against the issue
- Instructor Review is Approved and the status is Completed

**Estimated time:** 4 h

**Next task:** PROJECT-005","Endpoint Security","V07.0 SOC & SIEM","MOD-37","LAB-097","4","L3 - Intermediate","Guided Lab","SOC Stack","Screenshot + command output","Wazuh; osquery; Velociraptor; Microsoft Defender; Elastic Defend","","Core","Practical","0","SOC Engineer; Incident Response Engineer","","","Pending"
"PROJECT-005","PROJECT-005","Project","Normal","[PROJECT-005] Build SOC Monitoring Stack","**Objective:** Build SOC Monitoring Stack

**Prerequisites:** LAB-098

**Concepts:** Endpoint telemetry; Process monitoring; File monitoring; Registry monitoring; Network connections; Behavioral detection; Malware detection; Persistence; Endpoint isolation

**Tools:** Wazuh; osquery; Velociraptor; Microsoft Defender; Elastic Defend

**Environment:** SOC Stack

### Step-by-step activity
Follow the steps for PROJECT-005 in the module guide: [[MOD-37]]

- [ ] Complete every step in the module guide
- [ ] Verify the expected result
- [ ] Attach the evidence

**Expected result:** As stated for PROJECT-005 in the module guide.

**Evidence required:** Repository link + documentation

**Troubleshooting:** Record each problem and its fix in the issue notes. If stuck for more than 30 minutes, set the status to Blocked and describe the blocker.

**Security relevance:** Builds Endpoint Security skills used by: SOC Engineer, Incident Response Engineer.

**Assessment:** Scored 0-100 on working result, documentation and repository quality. Type: Project.

### Completion criteria
- Every step of the module guide for this task is done
- The expected result is demonstrated
- Required evidence is attached to the issue
- Actual time is logged against the issue
- Instructor Review is Approved and the status is Completed

**Estimated time:** 10 h

**Next task:** ASM-007","Endpoint Security","V07.0 SOC & SIEM","MOD-37","LAB-098","10","L3 - Intermediate","Project","SOC Stack","Repository link + documentation","Wazuh; osquery; Velociraptor; Microsoft Defender; Elastic Defend","","Core","Project","1","SOC Engineer; Incident Response Engineer","","","Pending"
"ASM-007","ASM-007","Assessment","High","[ASM-007] Phase 07 assessment: SIEM investigation practical","**Objective:** Phase 07 assessment: SIEM investigation practical

**Prerequisites:** PROJECT-005

**Concepts:** Endpoint telemetry; Process monitoring; File monitoring; Registry monitoring; Network connections; Behavioral detection; Malware detection; Persistence; Endpoint isolation

**Tools:** Wazuh; osquery; Velociraptor; Microsoft Defender; Elastic Defend

**Environment:** SOC Stack

### Step-by-step activity
Follow the steps for ASM-007 in the module guide: [[MOD-37]]

- [ ] Complete every step in the module guide
- [ ] Verify the expected result
- [ ] Attach the evidence

**Expected result:** As stated for ASM-007 in the module guide.

**Evidence required:** Scored result

**Troubleshooting:** Record each problem and its fix in the issue notes. If stuck for more than 30 minutes, set the status to Blocked and describe the blocker.

**Security relevance:** Builds Endpoint Security skills used by: SOC Engineer, Incident Response Engineer.

**Assessment:** Scored 0-100. Pass mark 70. Type: Practical exam.

### Completion criteria
- Every step of the module guide for this task is done
- The expected result is demonstrated
- Required evidence is attached to the issue
- Actual time is logged against the issue
- Instructor Review is Approved and the status is Completed

**Estimated time:** 3 h

**Next task:** Last task of this module","Endpoint Security","V07.0 SOC & SIEM","MOD-37","PROJECT-005","3","L3 - Intermediate","Assessment","SOC Stack","Scored result","Wazuh; osquery; Velociraptor; Microsoft Defender; Elastic Defend","","Core","Practical exam","0","SOC Engineer; Incident Response Engineer","","","Pending"
"REVIEW-07","REVIEW-07","Review","High","[REVIEW-07] Phase 07 gate review","**Objective:** Confirm that phase 07 (SOC & SIEM) is complete.

### Checklist
- [ ] Every issue of the phase is Completed
- [ ] Evidence is attached to every issue
- [ ] Time is logged
- [ ] Assessment score is 70 or higher
- [ ] Portfolio items are in the repository

**Assessment:** Instructor confirms every issue of the phase is Completed and records the gate decision.

**Estimated time:** 1 h","","V07.0 SOC & SIEM","PHASE-07","INV-018, TSH-001, LAB-092, INV-021, LAB-096, ASM-007","1","","Review","","Instructor sign-off","","","","Review","0","","","","Pending"
"PHASE-08","PHASE-08","Phase","Normal","[PHASE-08] Detection Engineering","Phase 08 of 15. Version: V08.0 Detection Engineering.

Modules: 3. Estimated hours: 93.

- MOD-38 MITRE ATT&CK
- MOD-39 Detection Engineering Fundamentals
- MOD-40 Detection Engineering Project

The phase closes with the gate review REVIEW-08.","","V08.0 Detection Engineering","EPIC","","","","","","","","","","","","","","",""
"MOD-38","MOD-38","Module","Normal","[MOD-38] MITRE ATT&CK","**Topics:** Reconnaissance; Resource Development; Initial Access; Execution; Persistence; Privilege Escalation; Defense Evasion; Credential Access; Discovery; Lateral Movement; Collection; Command and Control; Exfiltration; Impact; Technique to scenario to evidence to detection to mitigation

**Tools:** MITRE ATT&CK

**Environment:** SOC Stack

**Tasks:** 8, 31 estimated hours.

**Module guide (steps for every task):** [[MOD-38]]","Detection Engineering","V08.0 Detection Engineering","PHASE-08","","","","","SOC Stack","","MITRE ATT&CK","","Core","","","Detection Engineer; Threat Detection Engineer","","",""
"THY-027","THY-027","Theory","Normal","[THY-027] ATT&CK structure, tactics, techniques and data sources","**Objective:** ATT&CK structure, tactics, techniques and data sources

**Prerequisites:** ASM-007

**Concepts:** Reconnaissance; Resource Development; Initial Access; Execution; Persistence; Privilege Escalation; Defense Evasion; Credential Access; Discovery; Lateral Movement; Collection; Command and Control; Exfiltration; Impact; Technique to scenario to evidence to detection to mitigation

**Tools:** MITRE ATT&CK

**Environment:** SOC Stack

### Step-by-step activity
Follow the steps for THY-027 in the module guide: [[MOD-38]]

- [ ] Complete every step in the module guide
- [ ] Verify the expected result
- [ ] Attach the evidence

**Expected result:** As stated for THY-027 in the module guide.

**Evidence required:** Notes

**Troubleshooting:** Record each problem and its fix in the issue notes. If stuck for more than 30 minutes, set the status to Blocked and describe the blocker.

**Security relevance:** Builds Detection Engineering skills used by: Detection Engineer, Threat Detection Engineer.

**Assessment:** Instructor checks the notes and asks short oral questions on the concepts. Type: Short answers.

### Completion criteria
- Every step of the module guide for this task is done
- The expected result is demonstrated
- Required evidence is attached to the issue
- Actual time is logged against the issue
- Instructor Review is Approved and the status is Completed

**Estimated time:** 4 h

**Next task:** ASG-010","Detection Engineering","V08.0 Detection Engineering","MOD-38","ASM-007","4","L3 - Intermediate","Theory","SOC Stack","Notes","MITRE ATT&CK","","Core","Short answers","0","Detection Engineer; Threat Detection Engineer","","","Pending"
"ASG-010","ASG-010","Assignment","Normal","[ASG-010] Technique sheets: Reconnaissance, Resource Development and Initial Access","**Objective:** Technique sheets: Reconnaissance, Resource Development and Initial Access

**Prerequisites:** THY-027

**Concepts:** Reconnaissance; Resource Development; Initial Access; Execution; Persistence; Privilege Escalation; Defense Evasion; Credential Access; Discovery; Lateral Movement; Collection; Command and Control; Exfiltration; Impact; Technique to scenario to evidence to detection to mitigation

**Tools:** MITRE ATT&CK

**Environment:** SOC Stack

### Step-by-step activity
Follow the steps for ASG-010 in the module guide: [[MOD-38]]

- [ ] Complete every step in the module guide
- [ ] Verify the expected result
- [ ] Attach the evidence

**Expected result:** As stated for ASG-010 in the module guide.

**Evidence required:** Written deliverable

**Troubleshooting:** Record each problem and its fix in the issue notes. If stuck for more than 30 minutes, set the status to Blocked and describe the blocker.

**Security relevance:** Builds Detection Engineering skills used by: Detection Engineer, Threat Detection Engineer.

**Assessment:** Instructor reviews the written deliverable against the module concepts. Type: Scenario question.

### Completion criteria
- Every step of the module guide for this task is done
- The expected result is demonstrated
- Required evidence is attached to the issue
- Actual time is logged against the issue
- Instructor Review is Approved and the status is Completed

**Estimated time:** 4 h

**Next task:** ASG-011","Detection Engineering","V08.0 Detection Engineering","MOD-38","THY-027","4","L3 - Intermediate","Assignment","SOC Stack","Written deliverable","MITRE ATT&CK","","Core","Scenario question","0","Detection Engineer; Threat Detection Engineer","","","Pending"
"ASG-011","ASG-011","Assignment","Normal","[ASG-011] Technique sheets: Execution and Persistence","**Objective:** Technique sheets: Execution and Persistence

**Prerequisites:** ASG-010

**Concepts:** Reconnaissance; Resource Development; Initial Access; Execution; Persistence; Privilege Escalation; Defense Evasion; Credential Access; Discovery; Lateral Movement; Collection; Command and Control; Exfiltration; Impact; Technique to scenario to evidence to detection to mitigation

**Tools:** MITRE ATT&CK

**Environment:** SOC Stack

### Step-by-step activity
Follow the steps for ASG-011 in the module guide: [[MOD-38]]

- [ ] Complete every step in the module guide
- [ ] Verify the expected result
- [ ] Attach the evidence

**Expected result:** As stated for ASG-011 in the module guide.

**Evidence required:** Written deliverable

**Troubleshooting:** Record each problem and its fix in the issue notes. If stuck for more than 30 minutes, set the status to Blocked and describe the blocker.

**Security relevance:** Builds Detection Engineering skills used by: Detection Engineer, Threat Detection Engineer.

**Assessment:** Instructor reviews the written deliverable against the module concepts. Type: Scenario question.

### Completion criteria
- Every step of the module guide for this task is done
- The expected result is demonstrated
- Required evidence is attached to the issue
- Actual time is logged against the issue
- Instructor Review is Approved and the status is Completed

**Estimated time:** 4 h

**Next task:** ASG-012","Detection Engineering","V08.0 Detection Engineering","MOD-38","ASG-010","4","L3 - Intermediate","Assignment","SOC Stack","Written deliverable","MITRE ATT&CK","","Core","Scenario question","0","Detection Engineer; Threat Detection Engineer","","","Pending"
"ASG-012","ASG-012","Assignment","Normal","[ASG-012] Technique sheets: Privilege Escalation and Defense Evasion","**Objective:** Technique sheets: Privilege Escalation and Defense Evasion

**Prerequisites:** ASG-011

**Concepts:** Reconnaissance; Resource Development; Initial Access; Execution; Persistence; Privilege Escalation; Defense Evasion; Credential Access; Discovery; Lateral Movement; Collection; Command and Control; Exfiltration; Impact; Technique to scenario to evidence to detection to mitigation

**Tools:** MITRE ATT&CK

**Environment:** SOC Stack

### Step-by-step activity
Follow the steps for ASG-012 in the module guide: [[MOD-38]]

- [ ] Complete every step in the module guide
- [ ] Verify the expected result
- [ ] Attach the evidence

**Expected result:** As stated for ASG-012 in the module guide.

**Evidence required:** Written deliverable

**Troubleshooting:** Record each problem and its fix in the issue notes. If stuck for more than 30 minutes, set the status to Blocked and describe the blocker.

**Security relevance:** Builds Detection Engineering skills used by: Detection Engineer, Threat Detection Engineer.

**Assessment:** Instructor reviews the written deliverable against the module concepts. Type: Scenario question.

### Completion criteria
- Every step of the module guide for this task is done
- The expected result is demonstrated
- Required evidence is attached to the issue
- Actual time is logged against the issue
- Instructor Review is Approved and the status is Completed

**Estimated time:** 4 h

**Next task:** ASG-013","Detection Engineering","V08.0 Detection Engineering","MOD-38","ASG-011","4","L3 - Intermediate","Assignment","SOC Stack","Written deliverable","MITRE ATT&CK","","Core","Scenario question","0","Detection Engineer; Threat Detection Engineer","","","Pending"
"ASG-013","ASG-013","Assignment","Normal","[ASG-013] Technique sheets: Credential Access and Discovery","**Objective:** Technique sheets: Credential Access and Discovery

**Prerequisites:** ASG-012

**Concepts:** Reconnaissance; Resource Development; Initial Access; Execution; Persistence; Privilege Escalation; Defense Evasion; Credential Access; Discovery; Lateral Movement; Collection; Command and Control; Exfiltration; Impact; Technique to scenario to evidence to detection to mitigation

**Tools:** MITRE ATT&CK

**Environment:** SOC Stack

### Step-by-step activity
Follow the steps for ASG-013 in the module guide: [[MOD-38]]

- [ ] Complete every step in the module guide
- [ ] Verify the expected result
- [ ] Attach the evidence

**Expected result:** As stated for ASG-013 in the module guide.

**Evidence required:** Written deliverable

**Troubleshooting:** Record each problem and its fix in the issue notes. If stuck for more than 30 minutes, set the status to Blocked and describe the blocker.

**Security relevance:** Builds Detection Engineering skills used by: Detection Engineer, Threat Detection Engineer.

**Assessment:** Instructor reviews the written deliverable against the module concepts. Type: Scenario question.

### Completion criteria
- Every step of the module guide for this task is done
- The expected result is demonstrated
- Required evidence is attached to the issue
- Actual time is logged against the issue
- Instructor Review is Approved and the status is Completed

**Estimated time:** 4 h

**Next task:** ASG-014","Detection Engineering","V08.0 Detection Engineering","MOD-38","ASG-012","4","L3 - Intermediate","Assignment","SOC Stack","Written deliverable","MITRE ATT&CK","","Core","Scenario question","0","Detection Engineer; Threat Detection Engineer","","","Pending"
"ASG-014","ASG-014","Assignment","Normal","[ASG-014] Technique sheets: Lateral Movement and Collection","**Objective:** Technique sheets: Lateral Movement and Collection

**Prerequisites:** ASG-013

**Concepts:** Reconnaissance; Resource Development; Initial Access; Execution; Persistence; Privilege Escalation; Defense Evasion; Credential Access; Discovery; Lateral Movement; Collection; Command and Control; Exfiltration; Impact; Technique to scenario to evidence to detection to mitigation

**Tools:** MITRE ATT&CK

**Environment:** SOC Stack

### Step-by-step activity
Follow the steps for ASG-014 in the module guide: [[MOD-38]]

- [ ] Complete every step in the module guide
- [ ] Verify the expected result
- [ ] Attach the evidence

**Expected result:** As stated for ASG-014 in the module guide.

**Evidence required:** Written deliverable

**Troubleshooting:** Record each problem and its fix in the issue notes. If stuck for more than 30 minutes, set the status to Blocked and describe the blocker.

**Security relevance:** Builds Detection Engineering skills used by: Detection Engineer, Threat Detection Engineer.

**Assessment:** Instructor reviews the written deliverable against the module concepts. Type: Scenario question.

### Completion criteria
- Every step of the module guide for this task is done
- The expected result is demonstrated
- Required evidence is attached to the issue
- Actual time is logged against the issue
- Instructor Review is Approved and the status is Completed

**Estimated time:** 4 h

**Next task:** ASG-015","Detection Engineering","V08.0 Detection Engineering","MOD-38","ASG-013","4","L3 - Intermediate","Assignment","SOC Stack","Written deliverable","MITRE ATT&CK","","Core","Scenario question","0","Detection Engineer; Threat Detection Engineer","","","Pending"
"ASG-015","ASG-015","Assignment","Normal","[ASG-015] Technique sheets: Command and Control, Exfiltration and Impact","**Objective:** Technique sheets: Command and Control, Exfiltration and Impact

**Prerequisites:** ASG-014

**Concepts:** Reconnaissance; Resource Development; Initial Access; Execution; Persistence; Privilege Escalation; Defense Evasion; Credential Access; Discovery; Lateral Movement; Collection; Command and Control; Exfiltration; Impact; Technique to scenario to evidence to detection to mitigation

**Tools:** MITRE ATT&CK

**Environment:** SOC Stack

### Step-by-step activity
Follow the steps for ASG-015 in the module guide: [[MOD-38]]

- [ ] Complete every step in the module guide
- [ ] Verify the expected result
- [ ] Attach the evidence

**Expected result:** As stated for ASG-015 in the module guide.

**Evidence required:** Written deliverable

**Troubleshooting:** Record each problem and its fix in the issue notes. If stuck for more than 30 minutes, set the status to Blocked and describe the blocker.

**Security relevance:** Builds Detection Engineering skills used by: Detection Engineer, Threat Detection Engineer.

**Assessment:** Instructor reviews the written deliverable against the module concepts. Type: Scenario question.

### Completion criteria
- Every step of the module guide for this task is done
- The expected result is demonstrated
- Required evidence is attached to the issue
- Actual time is logged against the issue
- Instructor Review is Approved and the status is Completed

**Estimated time:** 4 h

**Next task:** ASG-016","Detection Engineering","V08.0 Detection Engineering","MOD-38","ASG-014","4","L3 - Intermediate","Assignment","SOC Stack","Written deliverable","MITRE ATT&CK","","Core","Scenario question","0","Detection Engineer; Threat Detection Engineer","","","Pending"
"ASG-016","ASG-016","Assignment","Normal","[ASG-016] Coverage heat map of the lab","**Objective:** Coverage heat map of the lab

**Prerequisites:** ASG-015

**Concepts:** Reconnaissance; Resource Development; Initial Access; Execution; Persistence; Privilege Escalation; Defense Evasion; Credential Access; Discovery; Lateral Movement; Collection; Command and Control; Exfiltration; Impact; Technique to scenario to evidence to detection to mitigation

**Tools:** MITRE ATT&CK

**Environment:** SOC Stack

### Step-by-step activity
Follow the steps for ASG-016 in the module guide: [[MOD-38]]

- [ ] Complete every step in the module guide
- [ ] Verify the expected result
- [ ] Attach the evidence

**Expected result:** As stated for ASG-016 in the module guide.

**Evidence required:** Written deliverable

**Troubleshooting:** Record each problem and its fix in the issue notes. If stuck for more than 30 minutes, set the status to Blocked and describe the blocker.

**Security relevance:** Builds Detection Engineering skills used by: Detection Engineer, Threat Detection Engineer.

**Assessment:** Instructor reviews the written deliverable against the module concepts. Type: Scenario question.

### Completion criteria
- Every step of the module guide for this task is done
- The expected result is demonstrated
- Required evidence is attached to the issue
- Actual time is logged against the issue
- Instructor Review is Approved and the status is Completed

**Estimated time:** 3 h

**Next task:** Last task of this module","Detection Engineering","V08.0 Detection Engineering","MOD-38","ASG-015","3","L3 - Intermediate","Assignment","SOC Stack","Written deliverable","MITRE ATT&CK","","Core","Scenario question","0","Detection Engineer; Threat Detection Engineer","","","Pending"
"MOD-39","MOD-39","Module","Normal","[MOD-39] Detection Engineering Fundamentals","**Topics:** Detection lifecycle; Detection logic; False positives; Detection tuning; Rule testing; Alert severity; Detection coverage; MITRE mapping; Threat hunting queries; Detection-as-code

**Tools:** Sigma; KQL; SPL; EQL; SQL

**Environment:** SOC Stack

**Tasks:** 5, 20 estimated hours.

**Module guide (steps for every task):** [[MOD-39]]","Detection Engineering","V08.0 Detection Engineering","PHASE-08","","","","","SOC Stack","","Sigma; KQL; SPL; EQL; SQL","","Core","","","Detection Engineer; Threat Detection Engineer","","",""
"THY-028","THY-028","Theory","Normal","[THY-028] Detection lifecycle and quality","**Objective:** Detection lifecycle and quality

**Prerequisites:** ASG-016

**Concepts:** Detection lifecycle; Detection logic; False positives; Detection tuning; Rule testing; Alert severity; Detection coverage; MITRE mapping; Threat hunting queries; Detection-as-code

**Tools:** Sigma; KQL; SPL; EQL; SQL

**Environment:** SOC Stack

### Step-by-step activity
Follow the steps for THY-028 in the module guide: [[MOD-39]]

- [ ] Complete every step in the module guide
- [ ] Verify the expected result
- [ ] Attach the evidence

**Expected result:** As stated for THY-028 in the module guide.

**Evidence required:** Notes

**Troubleshooting:** Record each problem and its fix in the issue notes. If stuck for more than 30 minutes, set the status to Blocked and describe the blocker.

**Security relevance:** Builds Detection Engineering skills used by: Detection Engineer, Threat Detection Engineer.

**Assessment:** Instructor checks the notes and asks short oral questions on the concepts. Type: Short answers.

### Completion criteria
- Every step of the module guide for this task is done
- The expected result is demonstrated
- Required evidence is attached to the issue
- Actual time is logged against the issue
- Instructor Review is Approved and the status is Completed

**Estimated time:** 3 h

**Next task:** LAB-099","Detection Engineering","V08.0 Detection Engineering","MOD-39","ASG-016","3","L4 - Advanced","Theory","SOC Stack","Notes","Sigma; KQL; SPL; EQL; SQL","","Core","Short answers","0","Detection Engineer; Threat Detection Engineer","","","Pending"
"LAB-099","LAB-099","Lab","Normal","[LAB-099] Write Sigma rules and convert them","**Objective:** Write Sigma rules and convert them

**Prerequisites:** THY-028

**Concepts:** Detection lifecycle; Detection logic; False positives; Detection tuning; Rule testing; Alert severity; Detection coverage; MITRE mapping; Threat hunting queries; Detection-as-code

**Tools:** Sigma; KQL; SPL; EQL; SQL

**Environment:** SOC Stack

### Step-by-step activity
Follow the steps for LAB-099 in the module guide: [[MOD-39]]

- [ ] Complete every step in the module guide
- [ ] Verify the expected result
- [ ] Attach the evidence

**Expected result:** As stated for LAB-099 in the module guide.

**Evidence required:** Repository link

**Troubleshooting:** Record each problem and its fix in the issue notes. If stuck for more than 30 minutes, set the status to Blocked and describe the blocker.

**Security relevance:** Builds Detection Engineering skills used by: Detection Engineer, Threat Detection Engineer.

**Assessment:** Instructor verifies the expected result from the attached evidence and may ask for a live demonstration. Type: Practical.

### Completion criteria
- Every step of the module guide for this task is done
- The expected result is demonstrated
- Required evidence is attached to the issue
- Actual time is logged against the issue
- Instructor Review is Approved and the status is Completed

**Estimated time:** 5 h

**Next task:** LAB-100","Detection Engineering","V08.0 Detection Engineering","MOD-39","THY-028","5","L4 - Advanced","Detection Engineering","SOC Stack","Repository link","Sigma; KQL; SPL; EQL; SQL","","Core","Practical","0","Detection Engineer; Threat Detection Engineer","Detection rule","3","Pending"
"LAB-100","LAB-100","Lab","Normal","[LAB-100] The same logic in KQL, SPL, EQL and SQL","**Objective:** The same logic in KQL, SPL, EQL and SQL

**Prerequisites:** LAB-099

**Concepts:** Detection lifecycle; Detection logic; False positives; Detection tuning; Rule testing; Alert severity; Detection coverage; MITRE mapping; Threat hunting queries; Detection-as-code

**Tools:** Sigma; KQL; SPL; EQL; SQL

**Environment:** SOC Stack

### Step-by-step activity
Follow the steps for LAB-100 in the module guide: [[MOD-39]]

- [ ] Complete every step in the module guide
- [ ] Verify the expected result
- [ ] Attach the evidence

**Expected result:** As stated for LAB-100 in the module guide.

**Evidence required:** Repository link

**Troubleshooting:** Record each problem and its fix in the issue notes. If stuck for more than 30 minutes, set the status to Blocked and describe the blocker.

**Security relevance:** Builds Detection Engineering skills used by: Detection Engineer, Threat Detection Engineer.

**Assessment:** Instructor verifies the expected result from the attached evidence and may ask for a live demonstration. Type: Practical.

### Completion criteria
- Every step of the module guide for this task is done
- The expected result is demonstrated
- Required evidence is attached to the issue
- Actual time is logged against the issue
- Instructor Review is Approved and the status is Completed

**Estimated time:** 4 h

**Next task:** LAB-101","Detection Engineering","V08.0 Detection Engineering","MOD-39","LAB-099","4","L4 - Advanced","Detection Engineering","SOC Stack","Repository link","Sigma; KQL; SPL; EQL; SQL","","Core","Practical","0","Detection Engineer; Threat Detection Engineer","","","Pending"
"LAB-101","LAB-101","Lab","Normal","[LAB-101] Test and tune detections","**Objective:** Test and tune detections

**Prerequisites:** LAB-100

**Concepts:** Detection lifecycle; Detection logic; False positives; Detection tuning; Rule testing; Alert severity; Detection coverage; MITRE mapping; Threat hunting queries; Detection-as-code

**Tools:** Sigma; KQL; SPL; EQL; SQL

**Environment:** SOC Stack

### Step-by-step activity
Follow the steps for LAB-101 in the module guide: [[MOD-39]]

- [ ] Complete every step in the module guide
- [ ] Verify the expected result
- [ ] Attach the evidence

**Expected result:** As stated for LAB-101 in the module guide.

**Evidence required:** Repository link

**Troubleshooting:** Record each problem and its fix in the issue notes. If stuck for more than 30 minutes, set the status to Blocked and describe the blocker.

**Security relevance:** Builds Detection Engineering skills used by: Detection Engineer, Threat Detection Engineer.

**Assessment:** Instructor verifies the expected result from the attached evidence and may ask for a live demonstration. Type: Practical.

### Completion criteria
- Every step of the module guide for this task is done
- The expected result is demonstrated
- Required evidence is attached to the issue
- Actual time is logged against the issue
- Instructor Review is Approved and the status is Completed

**Estimated time:** 4 h

**Next task:** LAB-102","Detection Engineering","V08.0 Detection Engineering","MOD-39","LAB-100","4","L4 - Advanced","Detection Engineering","SOC Stack","Repository link","Sigma; KQL; SPL; EQL; SQL","","Core","Practical","0","Detection Engineer; Threat Detection Engineer","","","Pending"
"LAB-102","LAB-102","Lab","Normal","[LAB-102] Detection-as-code repository","**Objective:** Detection-as-code repository

**Prerequisites:** LAB-101

**Concepts:** Detection lifecycle; Detection logic; False positives; Detection tuning; Rule testing; Alert severity; Detection coverage; MITRE mapping; Threat hunting queries; Detection-as-code

**Tools:** Sigma; KQL; SPL; EQL; SQL

**Environment:** SOC Stack

### Step-by-step activity
Follow the steps for LAB-102 in the module guide: [[MOD-39]]

- [ ] Complete every step in the module guide
- [ ] Verify the expected result
- [ ] Attach the evidence

**Expected result:** As stated for LAB-102 in the module guide.

**Evidence required:** Repository link

**Troubleshooting:** Record each problem and its fix in the issue notes. If stuck for more than 30 minutes, set the status to Blocked and describe the blocker.

**Security relevance:** Builds Detection Engineering skills used by: Detection Engineer, Threat Detection Engineer.

**Assessment:** Instructor verifies the expected result from the attached evidence and may ask for a live demonstration. Type: Practical.

### Completion criteria
- Every step of the module guide for this task is done
- The expected result is demonstrated
- Required evidence is attached to the issue
- Actual time is logged against the issue
- Instructor Review is Approved and the status is Completed

**Estimated time:** 4 h

**Next task:** Last task of this module","Detection Engineering","V08.0 Detection Engineering","MOD-39","LAB-101","4","L4 - Advanced","Automation","SOC Stack","Repository link","Sigma; KQL; SPL; EQL; SQL","","Core","Practical","0","Detection Engineer; Threat Detection Engineer","","","Pending"
"MOD-40","MOD-40","Module","Normal","[MOD-40] Detection Engineering Project","**Topics:** Twenty-five realistic detections with ATT&CK mapping, test evidence, tuning notes and severity

**Tools:** Sigma; Wazuh; Zeek; Suricata; Sysmon

**Environment:** SOC Stack

**Tasks:** 7, 41 estimated hours.

**Module guide (steps for every task):** [[MOD-40]]","Detection Engineering","V08.0 Detection Engineering","PHASE-08","","","","","SOC Stack","","Sigma; Wazuh; Zeek; Suricata; Sysmon","","Advanced","","","Detection Engineer; Threat Detection Engineer","","",""
"LAB-103","LAB-103","Lab","Normal","[LAB-103] Detection pack 1: Windows endpoint","**Objective:** Detection pack 1: Windows endpoint

**Prerequisites:** LAB-102

**Concepts:** Twenty-five realistic detections with ATT&CK mapping, test evidence, tuning notes and severity

**Tools:** Sigma; Wazuh; Zeek; Suricata; Sysmon

**Environment:** SOC Stack

### Step-by-step activity
Follow the steps for LAB-103 in the module guide: [[MOD-40]]

- [ ] Complete every step in the module guide
- [ ] Verify the expected result
- [ ] Attach the evidence

**Expected result:** As stated for LAB-103 in the module guide.

**Evidence required:** Repository link

**Troubleshooting:** Record each problem and its fix in the issue notes. If stuck for more than 30 minutes, set the status to Blocked and describe the blocker.

**Security relevance:** Builds Detection Engineering skills used by: Detection Engineer, Threat Detection Engineer.

**Assessment:** Instructor verifies the expected result from the attached evidence and may ask for a live demonstration. Type: Practical.

### Completion criteria
- Every step of the module guide for this task is done
- The expected result is demonstrated
- Required evidence is attached to the issue
- Actual time is logged against the issue
- Instructor Review is Approved and the status is Completed

**Estimated time:** 6 h

**Next task:** LAB-104","Detection Engineering","V08.0 Detection Engineering","MOD-40","LAB-102","6","L4 - Advanced","Detection Engineering","SOC Stack","Repository link","Sigma; Wazuh; Zeek; Suricata; Sysmon","","Advanced","Practical","0","Detection Engineer; Threat Detection Engineer","Detection rule","5","Pending"
"LAB-104","LAB-104","Lab","Normal","[LAB-104] Detection pack 2: identity and Active Directory","**Objective:** Detection pack 2: identity and Active Directory

**Prerequisites:** LAB-103

**Concepts:** Twenty-five realistic detections with ATT&CK mapping, test evidence, tuning notes and severity

**Tools:** Sigma; Wazuh; Zeek; Suricata; Sysmon

**Environment:** SOC Stack

### Step-by-step activity
Follow the steps for LAB-104 in the module guide: [[MOD-40]]

- [ ] Complete every step in the module guide
- [ ] Verify the expected result
- [ ] Attach the evidence

**Expected result:** As stated for LAB-104 in the module guide.

**Evidence required:** Repository link

**Troubleshooting:** Record each problem and its fix in the issue notes. If stuck for more than 30 minutes, set the status to Blocked and describe the blocker.

**Security relevance:** Builds Detection Engineering skills used by: Detection Engineer, Threat Detection Engineer.

**Assessment:** Instructor verifies the expected result from the attached evidence and may ask for a live demonstration. Type: Practical.

### Completion criteria
- Every step of the module guide for this task is done
- The expected result is demonstrated
- Required evidence is attached to the issue
- Actual time is logged against the issue
- Instructor Review is Approved and the status is Completed

**Estimated time:** 6 h

**Next task:** LAB-105","Detection Engineering","V08.0 Detection Engineering","MOD-40","LAB-103","6","L4 - Advanced","Detection Engineering","SOC Stack","Repository link","Sigma; Wazuh; Zeek; Suricata; Sysmon","","Advanced","Practical","0","Detection Engineer; Threat Detection Engineer","Detection rule","5","Pending"
"LAB-105","LAB-105","Lab","Normal","[LAB-105] Detection pack 3: Linux","**Objective:** Detection pack 3: Linux

**Prerequisites:** LAB-104

**Concepts:** Twenty-five realistic detections with ATT&CK mapping, test evidence, tuning notes and severity

**Tools:** Sigma; Wazuh; Zeek; Suricata; Sysmon

**Environment:** SOC Stack

### Step-by-step activity
Follow the steps for LAB-105 in the module guide: [[MOD-40]]

- [ ] Complete every step in the module guide
- [ ] Verify the expected result
- [ ] Attach the evidence

**Expected result:** As stated for LAB-105 in the module guide.

**Evidence required:** Repository link

**Troubleshooting:** Record each problem and its fix in the issue notes. If stuck for more than 30 minutes, set the status to Blocked and describe the blocker.

**Security relevance:** Builds Detection Engineering skills used by: Detection Engineer, Threat Detection Engineer.

**Assessment:** Instructor verifies the expected result from the attached evidence and may ask for a live demonstration. Type: Practical.

### Completion criteria
- Every step of the module guide for this task is done
- The expected result is demonstrated
- Required evidence is attached to the issue
- Actual time is logged against the issue
- Instructor Review is Approved and the status is Completed

**Estimated time:** 6 h

**Next task:** LAB-106","Detection Engineering","V08.0 Detection Engineering","MOD-40","LAB-104","6","L4 - Advanced","Detection Engineering","SOC Stack","Repository link","Sigma; Wazuh; Zeek; Suricata; Sysmon","","Advanced","Practical","0","Detection Engineer; Threat Detection Engineer","Detection rule","5","Pending"
"LAB-106","LAB-106","Lab","Normal","[LAB-106] Detection pack 4: network","**Objective:** Detection pack 4: network

**Prerequisites:** LAB-105

**Concepts:** Twenty-five realistic detections with ATT&CK mapping, test evidence, tuning notes and severity

**Tools:** Sigma; Wazuh; Zeek; Suricata; Sysmon

**Environment:** SOC Stack

### Step-by-step activity
Follow the steps for LAB-106 in the module guide: [[MOD-40]]

- [ ] Complete every step in the module guide
- [ ] Verify the expected result
- [ ] Attach the evidence

**Expected result:** As stated for LAB-106 in the module guide.

**Evidence required:** Repository link

**Troubleshooting:** Record each problem and its fix in the issue notes. If stuck for more than 30 minutes, set the status to Blocked and describe the blocker.

**Security relevance:** Builds Detection Engineering skills used by: Detection Engineer, Threat Detection Engineer.

**Assessment:** Instructor verifies the expected result from the attached evidence and may ask for a live demonstration. Type: Practical.

### Completion criteria
- Every step of the module guide for this task is done
- The expected result is demonstrated
- Required evidence is attached to the issue
- Actual time is logged against the issue
- Instructor Review is Approved and the status is Completed

**Estimated time:** 6 h

**Next task:** LAB-107","Detection Engineering","V08.0 Detection Engineering","MOD-40","LAB-105","6","L4 - Advanced","Detection Engineering","SOC Stack","Repository link","Sigma; Wazuh; Zeek; Suricata; Sysmon","","Advanced","Practical","0","Detection Engineer; Threat Detection Engineer","Detection rule","5","Pending"
"LAB-107","LAB-107","Lab","Normal","[LAB-107] Detection pack 5: web and cloud","**Objective:** Detection pack 5: web and cloud

**Prerequisites:** LAB-106

**Concepts:** Twenty-five realistic detections with ATT&CK mapping, test evidence, tuning notes and severity

**Tools:** Sigma; Wazuh; Zeek; Suricata; Sysmon

**Environment:** SOC Stack

### Step-by-step activity
Follow the steps for LAB-107 in the module guide: [[MOD-40]]

- [ ] Complete every step in the module guide
- [ ] Verify the expected result
- [ ] Attach the evidence

**Expected result:** As stated for LAB-107 in the module guide.

**Evidence required:** Repository link

**Troubleshooting:** Record each problem and its fix in the issue notes. If stuck for more than 30 minutes, set the status to Blocked and describe the blocker.

**Security relevance:** Builds Detection Engineering skills used by: Detection Engineer, Threat Detection Engineer.

**Assessment:** Instructor verifies the expected result from the attached evidence and may ask for a live demonstration. Type: Practical.

### Completion criteria
- Every step of the module guide for this task is done
- The expected result is demonstrated
- Required evidence is attached to the issue
- Actual time is logged against the issue
- Instructor Review is Approved and the status is Completed

**Estimated time:** 6 h

**Next task:** PROJECT-006","Detection Engineering","V08.0 Detection Engineering","MOD-40","LAB-106","6","L4 - Advanced","Detection Engineering","SOC Stack","Repository link","Sigma; Wazuh; Zeek; Suricata; Sysmon","","Advanced","Practical","0","Detection Engineer; Threat Detection Engineer","Detection rule","5","Pending"
"PROJECT-006","PROJECT-006","Project","Normal","[PROJECT-006] Detection engineering project: coverage, documentation and metrics","**Objective:** Detection engineering project: coverage, documentation and metrics

**Prerequisites:** LAB-107

**Concepts:** Twenty-five realistic detections with ATT&CK mapping, test evidence, tuning notes and severity

**Tools:** Sigma; Wazuh; Zeek; Suricata; Sysmon

**Environment:** SOC Stack

### Step-by-step activity
Follow the steps for PROJECT-006 in the module guide: [[MOD-40]]

- [ ] Complete every step in the module guide
- [ ] Verify the expected result
- [ ] Attach the evidence

**Expected result:** As stated for PROJECT-006 in the module guide.

**Evidence required:** Repository link + documentation

**Troubleshooting:** Record each problem and its fix in the issue notes. If stuck for more than 30 minutes, set the status to Blocked and describe the blocker.

**Security relevance:** Builds Detection Engineering skills used by: Detection Engineer, Threat Detection Engineer.

**Assessment:** Scored 0-100 on working result, documentation and repository quality. Type: Project.

### Completion criteria
- Every step of the module guide for this task is done
- The expected result is demonstrated
- Required evidence is attached to the issue
- Actual time is logged against the issue
- Instructor Review is Approved and the status is Completed

**Estimated time:** 8 h

**Next task:** ASM-008","Detection Engineering","V08.0 Detection Engineering","MOD-40","LAB-107","8","L4 - Advanced","Project","SOC Stack","Repository link + documentation","Sigma; Wazuh; Zeek; Suricata; Sysmon","","Advanced","Project","1","Detection Engineer; Threat Detection Engineer","","","Pending"
"ASM-008","ASM-008","Assessment","High","[ASM-008] Phase 08 assessment: detection writing practical","**Objective:** Phase 08 assessment: detection writing practical

**Prerequisites:** PROJECT-006

**Concepts:** Twenty-five realistic detections with ATT&CK mapping, test evidence, tuning notes and severity

**Tools:** Sigma; Wazuh; Zeek; Suricata; Sysmon

**Environment:** SOC Stack

### Step-by-step activity
Follow the steps for ASM-008 in the module guide: [[MOD-40]]

- [ ] Complete every step in the module guide
- [ ] Verify the expected result
- [ ] Attach the evidence

**Expected result:** As stated for ASM-008 in the module guide.

**Evidence required:** Scored result

**Troubleshooting:** Record each problem and its fix in the issue notes. If stuck for more than 30 minutes, set the status to Blocked and describe the blocker.

**Security relevance:** Builds Detection Engineering skills used by: Detection Engineer, Threat Detection Engineer.

**Assessment:** Scored 0-100. Pass mark 70. Type: Practical exam.

### Completion criteria
- Every step of the module guide for this task is done
- The expected result is demonstrated
- Required evidence is attached to the issue
- Actual time is logged against the issue
- Instructor Review is Approved and the status is Completed

**Estimated time:** 3 h

**Next task:** Last task of this module","Detection Engineering","V08.0 Detection Engineering","MOD-40","PROJECT-006","3","L4 - Advanced","Assessment","SOC Stack","Scored result","Sigma; Wazuh; Zeek; Suricata; Sysmon","","Advanced","Practical exam","0","Detection Engineer; Threat Detection Engineer","","","Pending"
"REVIEW-08","REVIEW-08","Review","High","[REVIEW-08] Phase 08 gate review","**Objective:** Confirm that phase 08 (Detection Engineering) is complete.

### Checklist
- [ ] Every issue of the phase is Completed
- [ ] Evidence is attached to every issue
- [ ] Time is logged
- [ ] Assessment score is 70 or higher
- [ ] Portfolio items are in the repository

**Assessment:** Instructor confirms every issue of the phase is Completed and records the gate decision.

**Estimated time:** 1 h","","V08.0 Detection Engineering","PHASE-08","ASG-016, LAB-102, ASM-008","1","","Review","","Instructor sign-off","","","","Review","0","","","","Pending"
"PHASE-09","PHASE-09","Phase","Normal","[PHASE-09] Threat Intelligence","Phase 09 of 15. Version: V09.0 Threat Intelligence.

Modules: 3. Estimated hours: 39.

- MOD-41 Threat Intelligence Fundamentals
- MOD-42 MISP
- MOD-43 OpenCTI

The phase closes with the gate review REVIEW-09.","","V09.0 Threat Intelligence","EPIC","","","","","","","","","","","","","","",""
"MOD-41","MOD-41","Module","Normal","[MOD-41] Threat Intelligence Fundamentals","**Topics:** IOC; IOA; TTP; Threat actors; Campaigns; Malware families; Threat feeds; Indicator enrichment; Threat intelligence lifecycle

**Tools:** VirusTotal; AbuseIPDB; AlienVault OTX; URLhaus; ThreatFox

**Environment:** SOC Stack

**Tasks:** 3, 10 estimated hours.

**Module guide (steps for every task):** [[MOD-41]]","Threat Intelligence","V09.0 Threat Intelligence","PHASE-09","","","","","SOC Stack","","VirusTotal; AbuseIPDB; AlienVault OTX; URLhaus; ThreatFox","","Advanced","","","Threat Hunter; SOC Analyst","","",""
"THY-029","THY-029","Theory","Normal","[THY-029] Indicators, behaviours and the intelligence lifecycle","**Objective:** Indicators, behaviours and the intelligence lifecycle

**Prerequisites:** ASG-016

**Concepts:** IOC; IOA; TTP; Threat actors; Campaigns; Malware families; Threat feeds; Indicator enrichment; Threat intelligence lifecycle

**Tools:** VirusTotal; AbuseIPDB; AlienVault OTX; URLhaus; ThreatFox

**Environment:** SOC Stack

### Step-by-step activity
Follow the steps for THY-029 in the module guide: [[MOD-41]]

- [ ] Complete every step in the module guide
- [ ] Verify the expected result
- [ ] Attach the evidence

**Expected result:** As stated for THY-029 in the module guide.

**Evidence required:** Notes

**Troubleshooting:** Record each problem and its fix in the issue notes. If stuck for more than 30 minutes, set the status to Blocked and describe the blocker.

**Security relevance:** Builds Threat Intelligence skills used by: Threat Hunter, SOC Analyst.

**Assessment:** Instructor checks the notes and asks short oral questions on the concepts. Type: Short answers.

### Completion criteria
- Every step of the module guide for this task is done
- The expected result is demonstrated
- Required evidence is attached to the issue
- Actual time is logged against the issue
- Instructor Review is Approved and the status is Completed

**Estimated time:** 3 h

**Next task:** ASG-017","Threat Intelligence","V09.0 Threat Intelligence","MOD-41","ASG-016","3","L3 - Intermediate","Theory","SOC Stack","Notes","VirusTotal; AbuseIPDB; AlienVault OTX; URLhaus; ThreatFox","","Advanced","Short answers","0","Threat Hunter; SOC Analyst","","","Pending"
"ASG-017","ASG-017","Assignment","Normal","[ASG-017] Threat actor profile mapped to ATT&CK","**Objective:** Threat actor profile mapped to ATT&CK

**Prerequisites:** THY-029

**Concepts:** IOC; IOA; TTP; Threat actors; Campaigns; Malware families; Threat feeds; Indicator enrichment; Threat intelligence lifecycle

**Tools:** VirusTotal; AbuseIPDB; AlienVault OTX; URLhaus; ThreatFox

**Environment:** SOC Stack

### Step-by-step activity
Follow the steps for ASG-017 in the module guide: [[MOD-41]]

- [ ] Complete every step in the module guide
- [ ] Verify the expected result
- [ ] Attach the evidence

**Expected result:** As stated for ASG-017 in the module guide.

**Evidence required:** Written deliverable

**Troubleshooting:** Record each problem and its fix in the issue notes. If stuck for more than 30 minutes, set the status to Blocked and describe the blocker.

**Security relevance:** Builds Threat Intelligence skills used by: Threat Hunter, SOC Analyst.

**Assessment:** Instructor reviews the written deliverable against the module concepts. Type: Scenario question.

### Completion criteria
- Every step of the module guide for this task is done
- The expected result is demonstrated
- Required evidence is attached to the issue
- Actual time is logged against the issue
- Instructor Review is Approved and the status is Completed

**Estimated time:** 3 h

**Next task:** LAB-108","Threat Intelligence","V09.0 Threat Intelligence","MOD-41","THY-029","3","L3 - Intermediate","Assignment","SOC Stack","Written deliverable","VirusTotal; AbuseIPDB; AlienVault OTX; URLhaus; ThreatFox","","Advanced","Scenario question","0","Threat Hunter; SOC Analyst","","","Pending"
"LAB-108","LAB-108","Lab","Normal","[LAB-108] Indicator enrichment from public sources","**Objective:** Indicator enrichment from public sources

**Prerequisites:** ASG-017

**Concepts:** IOC; IOA; TTP; Threat actors; Campaigns; Malware families; Threat feeds; Indicator enrichment; Threat intelligence lifecycle

**Tools:** VirusTotal; AbuseIPDB; AlienVault OTX; URLhaus; ThreatFox

**Environment:** SOC Stack

### Step-by-step activity
Follow the steps for LAB-108 in the module guide: [[MOD-41]]

- [ ] Complete every step in the module guide
- [ ] Verify the expected result
- [ ] Attach the evidence

**Expected result:** As stated for LAB-108 in the module guide.

**Evidence required:** Screenshot + command output

**Troubleshooting:** Record each problem and its fix in the issue notes. If stuck for more than 30 minutes, set the status to Blocked and describe the blocker.

**Security relevance:** Builds Threat Intelligence skills used by: Threat Hunter, SOC Analyst.

**Assessment:** Instructor verifies the expected result from the attached evidence and may ask for a live demonstration. Type: Practical.

### Completion criteria
- Every step of the module guide for this task is done
- The expected result is demonstrated
- Required evidence is attached to the issue
- Actual time is logged against the issue
- Instructor Review is Approved and the status is Completed

**Estimated time:** 4 h

**Next task:** Last task of this module","Threat Intelligence","V09.0 Threat Intelligence","MOD-41","ASG-017","4","L3 - Intermediate","Guided Lab","SOC Stack","Screenshot + command output","VirusTotal; AbuseIPDB; AlienVault OTX; URLhaus; ThreatFox","","Advanced","Practical","0","Threat Hunter; SOC Analyst","","","Pending"
"MOD-42","MOD-42","Module","Normal","[MOD-42] MISP","**Topics:** Events; Attributes; Feeds; Taxonomies; Sharing; Integration with detection

**Tools:** MISP

**Environment:** SOC Stack

**Tasks:** 3, 13 estimated hours.

**Module guide (steps for every task):** [[MOD-42]]","Threat Intelligence","V09.0 Threat Intelligence","PHASE-09","","","","","SOC Stack","","MISP","","Advanced","","","Threat Hunter; SOC Analyst","","",""
"LAB-109","LAB-109","Lab","Normal","[LAB-109] Deploy MISP","**Objective:** Deploy MISP

**Prerequisites:** LAB-108

**Concepts:** Events; Attributes; Feeds; Taxonomies; Sharing; Integration with detection

**Tools:** MISP

**Environment:** SOC Stack

### Step-by-step activity
Follow the steps for LAB-109 in the module guide: [[MOD-42]]

- [ ] Complete every step in the module guide
- [ ] Verify the expected result
- [ ] Attach the evidence

**Expected result:** As stated for LAB-109 in the module guide.

**Evidence required:** Screenshot + command output

**Troubleshooting:** Record each problem and its fix in the issue notes. If stuck for more than 30 minutes, set the status to Blocked and describe the blocker.

**Security relevance:** Builds Threat Intelligence skills used by: Threat Hunter, SOC Analyst.

**Assessment:** Instructor verifies the expected result from the attached evidence and may ask for a live demonstration. Type: Practical.

### Completion criteria
- Every step of the module guide for this task is done
- The expected result is demonstrated
- Required evidence is attached to the issue
- Actual time is logged against the issue
- Instructor Review is Approved and the status is Completed

**Estimated time:** 4 h

**Next task:** LAB-110","Threat Intelligence","V09.0 Threat Intelligence","MOD-42","LAB-108","4","L3 - Intermediate","Setup","SOC Stack","Screenshot + command output","MISP","","Advanced","Practical","0","Threat Hunter; SOC Analyst","","","Pending"
"LAB-110","LAB-110","Lab","Normal","[LAB-110] Events, attributes, feeds and taxonomies","**Objective:** Events, attributes, feeds and taxonomies

**Prerequisites:** LAB-109

**Concepts:** Events; Attributes; Feeds; Taxonomies; Sharing; Integration with detection

**Tools:** MISP

**Environment:** SOC Stack

### Step-by-step activity
Follow the steps for LAB-110 in the module guide: [[MOD-42]]

- [ ] Complete every step in the module guide
- [ ] Verify the expected result
- [ ] Attach the evidence

**Expected result:** As stated for LAB-110 in the module guide.

**Evidence required:** Screenshot + command output

**Troubleshooting:** Record each problem and its fix in the issue notes. If stuck for more than 30 minutes, set the status to Blocked and describe the blocker.

**Security relevance:** Builds Threat Intelligence skills used by: Threat Hunter, SOC Analyst.

**Assessment:** Instructor verifies the expected result from the attached evidence and may ask for a live demonstration. Type: Practical.

### Completion criteria
- Every step of the module guide for this task is done
- The expected result is demonstrated
- Required evidence is attached to the issue
- Actual time is logged against the issue
- Instructor Review is Approved and the status is Completed

**Estimated time:** 4 h

**Next task:** LAB-111","Threat Intelligence","V09.0 Threat Intelligence","MOD-42","LAB-109","4","L3 - Intermediate","Guided Lab","SOC Stack","Screenshot + command output","MISP","","Advanced","Practical","0","Threat Hunter; SOC Analyst","","","Pending"
"LAB-111","LAB-111","Lab","Normal","[LAB-111] Feed indicators into Wazuh, Zeek and Suricata","**Objective:** Feed indicators into Wazuh, Zeek and Suricata

**Prerequisites:** LAB-110

**Concepts:** Events; Attributes; Feeds; Taxonomies; Sharing; Integration with detection

**Tools:** MISP

**Environment:** SOC Stack

### Step-by-step activity
Follow the steps for LAB-111 in the module guide: [[MOD-42]]

- [ ] Complete every step in the module guide
- [ ] Verify the expected result
- [ ] Attach the evidence

**Expected result:** As stated for LAB-111 in the module guide.

**Evidence required:** Screenshot + command output

**Troubleshooting:** Record each problem and its fix in the issue notes. If stuck for more than 30 minutes, set the status to Blocked and describe the blocker.

**Security relevance:** Builds Threat Intelligence skills used by: Threat Hunter, SOC Analyst.

**Assessment:** Instructor verifies the expected result from the attached evidence and may ask for a live demonstration. Type: Practical.

### Completion criteria
- Every step of the module guide for this task is done
- The expected result is demonstrated
- Required evidence is attached to the issue
- Actual time is logged against the issue
- Instructor Review is Approved and the status is Completed

**Estimated time:** 5 h

**Next task:** Last task of this module","Threat Intelligence","V09.0 Threat Intelligence","MOD-42","LAB-110","5","L3 - Intermediate","Guided Lab","SOC Stack","Screenshot + command output","MISP","","Advanced","Practical","0","Threat Hunter; SOC Analyst","","","Pending"
"MOD-43","MOD-43","Module","Normal","[MOD-43] OpenCTI","**Topics:** Knowledge graph; STIX; Connectors; Campaign modelling

**Tools:** OpenCTI

**Environment:** SOC Stack

**Tasks:** 4, 15 estimated hours.

**Module guide (steps for every task):** [[MOD-43]]","Threat Intelligence","V09.0 Threat Intelligence","PHASE-09","","","","","SOC Stack","","OpenCTI","","Advanced","","","Threat Hunter; SOC Analyst","","",""
"LAB-112","LAB-112","Lab","Normal","[LAB-112] Deploy OpenCTI with connectors","**Objective:** Deploy OpenCTI with connectors

**Prerequisites:** LAB-111

**Concepts:** Knowledge graph; STIX; Connectors; Campaign modelling

**Tools:** OpenCTI

**Environment:** SOC Stack

### Step-by-step activity
Follow the steps for LAB-112 in the module guide: [[MOD-43]]

- [ ] Complete every step in the module guide
- [ ] Verify the expected result
- [ ] Attach the evidence

**Expected result:** As stated for LAB-112 in the module guide.

**Evidence required:** Screenshot + command output

**Troubleshooting:** Record each problem and its fix in the issue notes. If stuck for more than 30 minutes, set the status to Blocked and describe the blocker.

**Security relevance:** Builds Threat Intelligence skills used by: Threat Hunter, SOC Analyst.

**Assessment:** Instructor verifies the expected result from the attached evidence and may ask for a live demonstration. Type: Practical.

### Completion criteria
- Every step of the module guide for this task is done
- The expected result is demonstrated
- Required evidence is attached to the issue
- Actual time is logged against the issue
- Instructor Review is Approved and the status is Completed

**Estimated time:** 5 h

**Next task:** LAB-113","Threat Intelligence","V09.0 Threat Intelligence","MOD-43","LAB-111","5","L4 - Advanced","Setup","SOC Stack","Screenshot + command output","OpenCTI","","Advanced","Practical","0","Threat Hunter; SOC Analyst","","","Pending"
"LAB-113","LAB-113","Lab","Normal","[LAB-113] Model a campaign","**Objective:** Model a campaign

**Prerequisites:** LAB-112

**Concepts:** Knowledge graph; STIX; Connectors; Campaign modelling

**Tools:** OpenCTI

**Environment:** SOC Stack

### Step-by-step activity
Follow the steps for LAB-113 in the module guide: [[MOD-43]]

- [ ] Complete every step in the module guide
- [ ] Verify the expected result
- [ ] Attach the evidence

**Expected result:** As stated for LAB-113 in the module guide.

**Evidence required:** Screenshot + command output

**Troubleshooting:** Record each problem and its fix in the issue notes. If stuck for more than 30 minutes, set the status to Blocked and describe the blocker.

**Security relevance:** Builds Threat Intelligence skills used by: Threat Hunter, SOC Analyst.

**Assessment:** Instructor verifies the expected result from the attached evidence and may ask for a live demonstration. Type: Practical.

### Completion criteria
- Every step of the module guide for this task is done
- The expected result is demonstrated
- Required evidence is attached to the issue
- Actual time is logged against the issue
- Instructor Review is Approved and the status is Completed

**Estimated time:** 4 h

**Next task:** INV-022","Threat Intelligence","V09.0 Threat Intelligence","MOD-43","LAB-112","4","L4 - Advanced","Guided Lab","SOC Stack","Screenshot + command output","OpenCTI","","Advanced","Practical","0","Threat Hunter; SOC Analyst","","","Pending"
"INV-022","INV-022","Investigation","Normal","[INV-022] Intelligence-driven investigation","**Objective:** Intelligence-driven investigation

**Prerequisites:** LAB-113

**Concepts:** Knowledge graph; STIX; Connectors; Campaign modelling

**Tools:** OpenCTI

**Environment:** SOC Stack

### Step-by-step activity
Follow the steps for INV-022 in the module guide: [[MOD-43]]

- [ ] Complete every step in the module guide
- [ ] Verify the expected result
- [ ] Attach the evidence

**Expected result:** As stated for INV-022 in the module guide.

**Evidence required:** Investigation report

**Troubleshooting:** Record each problem and its fix in the issue notes. If stuck for more than 30 minutes, set the status to Blocked and describe the blocker.

**Security relevance:** Builds Threat Intelligence skills used by: Threat Hunter, SOC Analyst.

**Assessment:** Instructor grades the investigation report: timeline, evidence, root cause, impact and recommendations. Type: Practical.

### Completion criteria
- Every step of the module guide for this task is done
- The expected result is demonstrated
- Required evidence is attached to the issue
- Actual time is logged against the issue
- Instructor Review is Approved and the status is Completed

**Estimated time:** 4 h

**Next task:** ASM-009","Threat Intelligence","V09.0 Threat Intelligence","MOD-43","LAB-113","4","L4 - Advanced","Investigation","SOC Stack","Investigation report","OpenCTI","","Advanced","Practical","0","Threat Hunter; SOC Analyst","Incident investigated","1","Pending"
"ASM-009","ASM-009","Assessment","High","[ASM-009] Phase 09 assessment: threat intelligence","**Objective:** Phase 09 assessment: threat intelligence

**Prerequisites:** INV-022

**Concepts:** Knowledge graph; STIX; Connectors; Campaign modelling

**Tools:** OpenCTI

**Environment:** SOC Stack

### Step-by-step activity
Follow the steps for ASM-009 in the module guide: [[MOD-43]]

- [ ] Complete every step in the module guide
- [ ] Verify the expected result
- [ ] Attach the evidence

**Expected result:** As stated for ASM-009 in the module guide.

**Evidence required:** Scored result

**Troubleshooting:** Record each problem and its fix in the issue notes. If stuck for more than 30 minutes, set the status to Blocked and describe the blocker.

**Security relevance:** Builds Threat Intelligence skills used by: Threat Hunter, SOC Analyst.

**Assessment:** Scored 0-100. Pass mark 70. Type: MCQ + scenario.

### Completion criteria
- Every step of the module guide for this task is done
- The expected result is demonstrated
- Required evidence is attached to the issue
- Actual time is logged against the issue
- Instructor Review is Approved and the status is Completed

**Estimated time:** 2 h

**Next task:** Last task of this module","Threat Intelligence","V09.0 Threat Intelligence","MOD-43","INV-022","2","L4 - Advanced","Assessment","SOC Stack","Scored result","OpenCTI","","Advanced","MCQ + scenario","0","Threat Hunter; SOC Analyst","","","Pending"
"REVIEW-09","REVIEW-09","Review","High","[REVIEW-09] Phase 09 gate review","**Objective:** Confirm that phase 09 (Threat Intelligence) is complete.

### Checklist
- [ ] Every issue of the phase is Completed
- [ ] Evidence is attached to every issue
- [ ] Time is logged
- [ ] Assessment score is 70 or higher
- [ ] Portfolio items are in the repository

**Assessment:** Instructor confirms every issue of the phase is Completed and records the gate decision.

**Estimated time:** 1 h","","V09.0 Threat Intelligence","PHASE-09","LAB-108, LAB-111, ASM-009","1","","Review","","Instructor sign-off","","","","Review","0","","","","Pending"
"PHASE-10","PHASE-10","Phase","Normal","[PHASE-10] Incident Response & DFIR","Phase 10 of 15. Version: V10.0 Incident Response & DFIR.

Modules: 5. Estimated hours: 111.

- MOD-44 Incident Response Process
- MOD-45 Case Management with TheHive
- MOD-46 Incident Scenarios
- MOD-47 Email Security
- MOD-48 Digital Forensics

The phase closes with the gate review REVIEW-10.","","V10.0 Incident Response & DFIR","EPIC","","","","","","","","","","","","","","",""
"MOD-44","MOD-44","Module","Normal","[MOD-44] Incident Response Process","**Topics:** Preparation; Identification; Containment; Eradication; Recovery; Lessons Learned; NIST 800-61; Playbooks

**Tools:** None

**Environment:** SOC Stack

**Tasks:** 3, 12 estimated hours.

**Module guide (steps for every task):** [[MOD-44]]","Incident Response","V10.0 Incident Response & DFIR","PHASE-10","","","","","SOC Stack","","","","Core","","","Incident Response Engineer; SOC Analyst","","",""
"THY-030","THY-030","Theory","Normal","[THY-030] The incident response lifecycle","**Objective:** The incident response lifecycle

**Prerequisites:** INV-018, INV-021

**Concepts:** Preparation; Identification; Containment; Eradication; Recovery; Lessons Learned; NIST 800-61; Playbooks

**Tools:** None

**Environment:** SOC Stack

### Step-by-step activity
Follow the steps for THY-030 in the module guide: [[MOD-44]]

- [ ] Complete every step in the module guide
- [ ] Verify the expected result
- [ ] Attach the evidence

**Expected result:** As stated for THY-030 in the module guide.

**Evidence required:** Notes

**Troubleshooting:** Record each problem and its fix in the issue notes. If stuck for more than 30 minutes, set the status to Blocked and describe the blocker.

**Security relevance:** Builds Incident Response skills used by: Incident Response Engineer, SOC Analyst.

**Assessment:** Instructor checks the notes and asks short oral questions on the concepts. Type: Short answers.

### Completion criteria
- Every step of the module guide for this task is done
- The expected result is demonstrated
- Required evidence is attached to the issue
- Actual time is logged against the issue
- Instructor Review is Approved and the status is Completed

**Estimated time:** 3 h

**Next task:** ASG-018","Incident Response","V10.0 Incident Response & DFIR","MOD-44","INV-018, INV-021","3","L3 - Intermediate","Theory","SOC Stack","Notes","","","Core","Short answers","0","Incident Response Engineer; SOC Analyst","","","Pending"
"ASG-018","ASG-018","Assignment","Normal","[ASG-018] Incident response plan and communication matrix","**Objective:** Incident response plan and communication matrix

**Prerequisites:** THY-030

**Concepts:** Preparation; Identification; Containment; Eradication; Recovery; Lessons Learned; NIST 800-61; Playbooks

**Tools:** None

**Environment:** SOC Stack

### Step-by-step activity
Follow the steps for ASG-018 in the module guide: [[MOD-44]]

- [ ] Complete every step in the module guide
- [ ] Verify the expected result
- [ ] Attach the evidence

**Expected result:** As stated for ASG-018 in the module guide.

**Evidence required:** Written deliverable

**Troubleshooting:** Record each problem and its fix in the issue notes. If stuck for more than 30 minutes, set the status to Blocked and describe the blocker.

**Security relevance:** Builds Incident Response skills used by: Incident Response Engineer, SOC Analyst.

**Assessment:** Instructor reviews the written deliverable against the module concepts. Type: Scenario question.

### Completion criteria
- Every step of the module guide for this task is done
- The expected result is demonstrated
- Required evidence is attached to the issue
- Actual time is logged against the issue
- Instructor Review is Approved and the status is Completed

**Estimated time:** 4 h

**Next task:** DOC-002","Incident Response","V10.0 Incident Response & DFIR","MOD-44","THY-030","4","L3 - Intermediate","Assignment","SOC Stack","Written deliverable","","","Core","Scenario question","0","Incident Response Engineer; SOC Analyst","","","Pending"
"DOC-002","DOC-002","Documentation","Normal","[DOC-002] Incident response playbooks","**Objective:** Incident response playbooks

**Prerequisites:** ASG-018

**Concepts:** Preparation; Identification; Containment; Eradication; Recovery; Lessons Learned; NIST 800-61; Playbooks

**Tools:** None

**Environment:** SOC Stack

### Step-by-step activity
Follow the steps for DOC-002 in the module guide: [[MOD-44]]

- [ ] Complete every step in the module guide
- [ ] Verify the expected result
- [ ] Attach the evidence

**Expected result:** As stated for DOC-002 in the module guide.

**Evidence required:** Written deliverable

**Troubleshooting:** Record each problem and its fix in the issue notes. If stuck for more than 30 minutes, set the status to Blocked and describe the blocker.

**Security relevance:** Builds Incident Response skills used by: Incident Response Engineer, SOC Analyst.

**Assessment:** Instructor reviews the document for completeness and accuracy. Type: Review.

### Completion criteria
- Every step of the module guide for this task is done
- The expected result is demonstrated
- Required evidence is attached to the issue
- Actual time is logged against the issue
- Instructor Review is Approved and the status is Completed

**Estimated time:** 5 h

**Next task:** Last task of this module","Incident Response","V10.0 Incident Response & DFIR","MOD-44","ASG-018","5","L3 - Intermediate","Documentation","SOC Stack","Written deliverable","","","Core","Review","0","Incident Response Engineer; SOC Analyst","","","Pending"
"MOD-45","MOD-45","Module","Normal","[MOD-45] Case Management with TheHive","**Topics:** Cases; Tasks; Observables; Templates; Analyzers; Alert intake

**Tools:** TheHive; Cortex

**Environment:** SOC Stack

**Tasks:** 3, 13 estimated hours.

**Module guide (steps for every task):** [[MOD-45]]","Incident Response","V10.0 Incident Response & DFIR","PHASE-10","","","","","SOC Stack","","TheHive; Cortex","","Advanced","","","Incident Response Engineer; SOC Analyst","","",""
"LAB-114","LAB-114","Lab","Normal","[LAB-114] Deploy TheHive and Cortex","**Objective:** Deploy TheHive and Cortex

**Prerequisites:** DOC-002, TSH-001

**Concepts:** Cases; Tasks; Observables; Templates; Analyzers; Alert intake

**Tools:** TheHive; Cortex

**Environment:** SOC Stack

### Step-by-step activity
Follow the steps for LAB-114 in the module guide: [[MOD-45]]

- [ ] Complete every step in the module guide
- [ ] Verify the expected result
- [ ] Attach the evidence

**Expected result:** As stated for LAB-114 in the module guide.

**Evidence required:** Screenshot + command output

**Troubleshooting:** Record each problem and its fix in the issue notes. If stuck for more than 30 minutes, set the status to Blocked and describe the blocker.

**Security relevance:** Builds Incident Response skills used by: Incident Response Engineer, SOC Analyst.

**Assessment:** Instructor verifies the expected result from the attached evidence and may ask for a live demonstration. Type: Practical.

### Completion criteria
- Every step of the module guide for this task is done
- The expected result is demonstrated
- Required evidence is attached to the issue
- Actual time is logged against the issue
- Instructor Review is Approved and the status is Completed

**Estimated time:** 5 h

**Next task:** LAB-115","Incident Response","V10.0 Incident Response & DFIR","MOD-45","DOC-002, TSH-001","5","L3 - Intermediate","Setup","SOC Stack","Screenshot + command output","TheHive; Cortex","","Advanced","Practical","0","Incident Response Engineer; SOC Analyst","","","Pending"
"LAB-115","LAB-115","Lab","Normal","[LAB-115] Case templates, observables and analyzers","**Objective:** Case templates, observables and analyzers

**Prerequisites:** LAB-114

**Concepts:** Cases; Tasks; Observables; Templates; Analyzers; Alert intake

**Tools:** TheHive; Cortex

**Environment:** SOC Stack

### Step-by-step activity
Follow the steps for LAB-115 in the module guide: [[MOD-45]]

- [ ] Complete every step in the module guide
- [ ] Verify the expected result
- [ ] Attach the evidence

**Expected result:** As stated for LAB-115 in the module guide.

**Evidence required:** Screenshot + command output

**Troubleshooting:** Record each problem and its fix in the issue notes. If stuck for more than 30 minutes, set the status to Blocked and describe the blocker.

**Security relevance:** Builds Incident Response skills used by: Incident Response Engineer, SOC Analyst.

**Assessment:** Instructor verifies the expected result from the attached evidence and may ask for a live demonstration. Type: Practical.

### Completion criteria
- Every step of the module guide for this task is done
- The expected result is demonstrated
- Required evidence is attached to the issue
- Actual time is logged against the issue
- Instructor Review is Approved and the status is Completed

**Estimated time:** 4 h

**Next task:** LAB-116","Incident Response","V10.0 Incident Response & DFIR","MOD-45","LAB-114","4","L3 - Intermediate","Guided Lab","SOC Stack","Screenshot + command output","TheHive; Cortex","","Advanced","Practical","0","Incident Response Engineer; SOC Analyst","","","Pending"
"LAB-116","LAB-116","Lab","Normal","[LAB-116] Send Wazuh alerts to TheHive","**Objective:** Send Wazuh alerts to TheHive

**Prerequisites:** LAB-115

**Concepts:** Cases; Tasks; Observables; Templates; Analyzers; Alert intake

**Tools:** TheHive; Cortex

**Environment:** SOC Stack

### Step-by-step activity
Follow the steps for LAB-116 in the module guide: [[MOD-45]]

- [ ] Complete every step in the module guide
- [ ] Verify the expected result
- [ ] Attach the evidence

**Expected result:** As stated for LAB-116 in the module guide.

**Evidence required:** Repository link

**Troubleshooting:** Record each problem and its fix in the issue notes. If stuck for more than 30 minutes, set the status to Blocked and describe the blocker.

**Security relevance:** Builds Incident Response skills used by: Incident Response Engineer, SOC Analyst.

**Assessment:** Instructor verifies the expected result from the attached evidence and may ask for a live demonstration. Type: Practical.

### Completion criteria
- Every step of the module guide for this task is done
- The expected result is demonstrated
- Required evidence is attached to the issue
- Actual time is logged against the issue
- Instructor Review is Approved and the status is Completed

**Estimated time:** 4 h

**Next task:** Last task of this module","Incident Response","V10.0 Incident Response & DFIR","MOD-45","LAB-115","4","L3 - Intermediate","Automation","SOC Stack","Repository link","TheHive; Cortex","","Advanced","Practical","0","Incident Response Engineer; SOC Analyst","","","Pending"
"MOD-46","MOD-46","Module","Normal","[MOD-46] Incident Scenarios","**Topics:** Malware; Ransomware; Phishing; Credential compromise; Brute force; Insider threat; Data exfiltration; Web attacks; DDoS; Account takeover; Privilege escalation; Lateral movement

**Tools:** TheHive; Wazuh; Zeek; Suricata; Sysmon

**Environment:** SOC Stack

**Tasks:** 8, 34 estimated hours.

**Module guide (steps for every task):** [[MOD-46]]","Incident Response","V10.0 Incident Response & DFIR","PHASE-10","","","","","SOC Stack","","TheHive; Wazuh; Zeek; Suricata; Sysmon","","Advanced","","","Incident Response Engineer; SOC Analyst","","",""
"INV-023","INV-023","Investigation","Normal","[INV-023] Incident: malware on an endpoint","**Objective:** Incident: malware on an endpoint

**Prerequisites:** LAB-116

**Concepts:** Malware; Ransomware; Phishing; Credential compromise; Brute force; Insider threat; Data exfiltration; Web attacks; DDoS; Account takeover; Privilege escalation; Lateral movement

**Tools:** TheHive; Wazuh; Zeek; Suricata; Sysmon

**Environment:** SOC Stack

### Step-by-step activity
Follow the steps for INV-023 in the module guide: [[MOD-46]]

- [ ] Complete every step in the module guide
- [ ] Verify the expected result
- [ ] Attach the evidence

**Expected result:** As stated for INV-023 in the module guide.

**Evidence required:** Investigation report

**Troubleshooting:** Record each problem and its fix in the issue notes. If stuck for more than 30 minutes, set the status to Blocked and describe the blocker.

**Security relevance:** Builds Incident Response skills used by: Incident Response Engineer, SOC Analyst.

**Assessment:** Instructor grades the investigation report: timeline, evidence, root cause, impact and recommendations. Type: Practical.

### Completion criteria
- Every step of the module guide for this task is done
- The expected result is demonstrated
- Required evidence is attached to the issue
- Actual time is logged against the issue
- Instructor Review is Approved and the status is Completed

**Estimated time:** 4 h

**Next task:** INV-024","Incident Response","V10.0 Incident Response & DFIR","MOD-46","LAB-116","4","L4 - Advanced","Investigation","SOC Stack","Investigation report","TheHive; Wazuh; Zeek; Suricata; Sysmon","","Advanced","Practical","0","Incident Response Engineer; SOC Analyst","Incident investigated","1","Pending"
"INV-024","INV-024","Investigation","Normal","[INV-024] Incident: ransomware","**Objective:** Incident: ransomware

**Prerequisites:** INV-023

**Concepts:** Malware; Ransomware; Phishing; Credential compromise; Brute force; Insider threat; Data exfiltration; Web attacks; DDoS; Account takeover; Privilege escalation; Lateral movement

**Tools:** TheHive; Wazuh; Zeek; Suricata; Sysmon

**Environment:** SOC Stack

### Step-by-step activity
Follow the steps for INV-024 in the module guide: [[MOD-46]]

- [ ] Complete every step in the module guide
- [ ] Verify the expected result
- [ ] Attach the evidence

**Expected result:** As stated for INV-024 in the module guide.

**Evidence required:** Investigation report

**Troubleshooting:** Record each problem and its fix in the issue notes. If stuck for more than 30 minutes, set the status to Blocked and describe the blocker.

**Security relevance:** Builds Incident Response skills used by: Incident Response Engineer, SOC Analyst.

**Assessment:** Instructor grades the investigation report: timeline, evidence, root cause, impact and recommendations. Type: Practical.

### Completion criteria
- Every step of the module guide for this task is done
- The expected result is demonstrated
- Required evidence is attached to the issue
- Actual time is logged against the issue
- Instructor Review is Approved and the status is Completed

**Estimated time:** 5 h

**Next task:** INV-025","Incident Response","V10.0 Incident Response & DFIR","MOD-46","INV-023","5","L4 - Advanced","Investigation","SOC Stack","Investigation report","TheHive; Wazuh; Zeek; Suricata; Sysmon","","Advanced","Practical","0","Incident Response Engineer; SOC Analyst","Incident investigated","1","Pending"
"INV-025","INV-025","Investigation","Normal","[INV-025] Incident: brute force and credential compromise","**Objective:** Incident: brute force and credential compromise

**Prerequisites:** INV-024

**Concepts:** Malware; Ransomware; Phishing; Credential compromise; Brute force; Insider threat; Data exfiltration; Web attacks; DDoS; Account takeover; Privilege escalation; Lateral movement

**Tools:** TheHive; Wazuh; Zeek; Suricata; Sysmon

**Environment:** SOC Stack

### Step-by-step activity
Follow the steps for INV-025 in the module guide: [[MOD-46]]

- [ ] Complete every step in the module guide
- [ ] Verify the expected result
- [ ] Attach the evidence

**Expected result:** As stated for INV-025 in the module guide.

**Evidence required:** Investigation report

**Troubleshooting:** Record each problem and its fix in the issue notes. If stuck for more than 30 minutes, set the status to Blocked and describe the blocker.

**Security relevance:** Builds Incident Response skills used by: Incident Response Engineer, SOC Analyst.

**Assessment:** Instructor grades the investigation report: timeline, evidence, root cause, impact and recommendations. Type: Practical.

### Completion criteria
- Every step of the module guide for this task is done
- The expected result is demonstrated
- Required evidence is attached to the issue
- Actual time is logged against the issue
- Instructor Review is Approved and the status is Completed

**Estimated time:** 4 h

**Next task:** INV-026","Incident Response","V10.0 Incident Response & DFIR","MOD-46","INV-024","4","L4 - Advanced","Investigation","SOC Stack","Investigation report","TheHive; Wazuh; Zeek; Suricata; Sysmon","","Advanced","Practical","0","Incident Response Engineer; SOC Analyst","Incident investigated","1","Pending"
"INV-026","INV-026","Investigation","Normal","[INV-026] Incident: account takeover","**Objective:** Incident: account takeover

**Prerequisites:** INV-025

**Concepts:** Malware; Ransomware; Phishing; Credential compromise; Brute force; Insider threat; Data exfiltration; Web attacks; DDoS; Account takeover; Privilege escalation; Lateral movement

**Tools:** TheHive; Wazuh; Zeek; Suricata; Sysmon

**Environment:** SOC Stack

### Step-by-step activity
Follow the steps for INV-026 in the module guide: [[MOD-46]]

- [ ] Complete every step in the module guide
- [ ] Verify the expected result
- [ ] Attach the evidence

**Expected result:** As stated for INV-026 in the module guide.

**Evidence required:** Investigation report

**Troubleshooting:** Record each problem and its fix in the issue notes. If stuck for more than 30 minutes, set the status to Blocked and describe the blocker.

**Security relevance:** Builds Incident Response skills used by: Incident Response Engineer, SOC Analyst.

**Assessment:** Instructor grades the investigation report: timeline, evidence, root cause, impact and recommendations. Type: Practical.

### Completion criteria
- Every step of the module guide for this task is done
- The expected result is demonstrated
- Required evidence is attached to the issue
- Actual time is logged against the issue
- Instructor Review is Approved and the status is Completed

**Estimated time:** 4 h

**Next task:** INV-027","Incident Response","V10.0 Incident Response & DFIR","MOD-46","INV-025","4","L4 - Advanced","Investigation","SOC Stack","Investigation report","TheHive; Wazuh; Zeek; Suricata; Sysmon","","Advanced","Practical","0","Incident Response Engineer; SOC Analyst","Incident investigated","1","Pending"
"INV-027","INV-027","Investigation","Normal","[INV-027] Incident: insider threat and data exfiltration","**Objective:** Incident: insider threat and data exfiltration

**Prerequisites:** INV-026

**Concepts:** Malware; Ransomware; Phishing; Credential compromise; Brute force; Insider threat; Data exfiltration; Web attacks; DDoS; Account takeover; Privilege escalation; Lateral movement

**Tools:** TheHive; Wazuh; Zeek; Suricata; Sysmon

**Environment:** SOC Stack

### Step-by-step activity
Follow the steps for INV-027 in the module guide: [[MOD-46]]

- [ ] Complete every step in the module guide
- [ ] Verify the expected result
- [ ] Attach the evidence

**Expected result:** As stated for INV-027 in the module guide.

**Evidence required:** Investigation report

**Troubleshooting:** Record each problem and its fix in the issue notes. If stuck for more than 30 minutes, set the status to Blocked and describe the blocker.

**Security relevance:** Builds Incident Response skills used by: Incident Response Engineer, SOC Analyst.

**Assessment:** Instructor grades the investigation report: timeline, evidence, root cause, impact and recommendations. Type: Practical.

### Completion criteria
- Every step of the module guide for this task is done
- The expected result is demonstrated
- Required evidence is attached to the issue
- Actual time is logged against the issue
- Instructor Review is Approved and the status is Completed

**Estimated time:** 5 h

**Next task:** INV-028","Incident Response","V10.0 Incident Response & DFIR","MOD-46","INV-026","5","L4 - Advanced","Investigation","SOC Stack","Investigation report","TheHive; Wazuh; Zeek; Suricata; Sysmon","","Advanced","Practical","0","Incident Response Engineer; SOC Analyst","Incident investigated","1","Pending"
"INV-028","INV-028","Investigation","Normal","[INV-028] Incident: web attack","**Objective:** Incident: web attack

**Prerequisites:** INV-027

**Concepts:** Malware; Ransomware; Phishing; Credential compromise; Brute force; Insider threat; Data exfiltration; Web attacks; DDoS; Account takeover; Privilege escalation; Lateral movement

**Tools:** TheHive; Wazuh; Zeek; Suricata; Sysmon

**Environment:** SOC Stack

### Step-by-step activity
Follow the steps for INV-028 in the module guide: [[MOD-46]]

- [ ] Complete every step in the module guide
- [ ] Verify the expected result
- [ ] Attach the evidence

**Expected result:** As stated for INV-028 in the module guide.

**Evidence required:** Investigation report

**Troubleshooting:** Record each problem and its fix in the issue notes. If stuck for more than 30 minutes, set the status to Blocked and describe the blocker.

**Security relevance:** Builds Incident Response skills used by: Incident Response Engineer, SOC Analyst.

**Assessment:** Instructor grades the investigation report: timeline, evidence, root cause, impact and recommendations. Type: Practical.

### Completion criteria
- Every step of the module guide for this task is done
- The expected result is demonstrated
- Required evidence is attached to the issue
- Actual time is logged against the issue
- Instructor Review is Approved and the status is Completed

**Estimated time:** 4 h

**Next task:** INV-029","Incident Response","V10.0 Incident Response & DFIR","MOD-46","INV-027","4","L4 - Advanced","Investigation","SOC Stack","Investigation report","TheHive; Wazuh; Zeek; Suricata; Sysmon","","Advanced","Practical","0","Incident Response Engineer; SOC Analyst","Incident investigated","1","Pending"
"INV-029","INV-029","Investigation","Normal","[INV-029] Incident: DDoS","**Objective:** Incident: DDoS

**Prerequisites:** INV-028

**Concepts:** Malware; Ransomware; Phishing; Credential compromise; Brute force; Insider threat; Data exfiltration; Web attacks; DDoS; Account takeover; Privilege escalation; Lateral movement

**Tools:** TheHive; Wazuh; Zeek; Suricata; Sysmon

**Environment:** SOC Stack

### Step-by-step activity
Follow the steps for INV-029 in the module guide: [[MOD-46]]

- [ ] Complete every step in the module guide
- [ ] Verify the expected result
- [ ] Attach the evidence

**Expected result:** As stated for INV-029 in the module guide.

**Evidence required:** Investigation report

**Troubleshooting:** Record each problem and its fix in the issue notes. If stuck for more than 30 minutes, set the status to Blocked and describe the blocker.

**Security relevance:** Builds Incident Response skills used by: Incident Response Engineer, SOC Analyst.

**Assessment:** Instructor grades the investigation report: timeline, evidence, root cause, impact and recommendations. Type: Practical.

### Completion criteria
- Every step of the module guide for this task is done
- The expected result is demonstrated
- Required evidence is attached to the issue
- Actual time is logged against the issue
- Instructor Review is Approved and the status is Completed

**Estimated time:** 3 h

**Next task:** INV-030","Incident Response","V10.0 Incident Response & DFIR","MOD-46","INV-028","3","L4 - Advanced","Investigation","SOC Stack","Investigation report","TheHive; Wazuh; Zeek; Suricata; Sysmon","","Advanced","Practical","0","Incident Response Engineer; SOC Analyst","Incident investigated","1","Pending"
"INV-030","INV-030","Investigation","Normal","[INV-030] Incident: privilege escalation and lateral movement","**Objective:** Incident: privilege escalation and lateral movement

**Prerequisites:** INV-029

**Concepts:** Malware; Ransomware; Phishing; Credential compromise; Brute force; Insider threat; Data exfiltration; Web attacks; DDoS; Account takeover; Privilege escalation; Lateral movement

**Tools:** TheHive; Wazuh; Zeek; Suricata; Sysmon

**Environment:** SOC Stack

### Step-by-step activity
Follow the steps for INV-030 in the module guide: [[MOD-46]]

- [ ] Complete every step in the module guide
- [ ] Verify the expected result
- [ ] Attach the evidence

**Expected result:** As stated for INV-030 in the module guide.

**Evidence required:** Investigation report

**Troubleshooting:** Record each problem and its fix in the issue notes. If stuck for more than 30 minutes, set the status to Blocked and describe the blocker.

**Security relevance:** Builds Incident Response skills used by: Incident Response Engineer, SOC Analyst.

**Assessment:** Instructor grades the investigation report: timeline, evidence, root cause, impact and recommendations. Type: Practical.

### Completion criteria
- Every step of the module guide for this task is done
- The expected result is demonstrated
- Required evidence is attached to the issue
- Actual time is logged against the issue
- Instructor Review is Approved and the status is Completed

**Estimated time:** 5 h

**Next task:** Last task of this module","Incident Response","V10.0 Incident Response & DFIR","MOD-46","INV-029","5","L4 - Advanced","Investigation","SOC Stack","Investigation report","TheHive; Wazuh; Zeek; Suricata; Sysmon","","Advanced","Practical","0","Incident Response Engineer; SOC Analyst","Incident investigated","1","Pending"
"MOD-47","MOD-47","Module","Normal","[MOD-47] Email Security","**Topics:** SMTP; SPF; DKIM; DMARC; ARC; Email headers; Phishing; Business Email Compromise; Malicious attachments; Malicious links

**Tools:** None

**Environment:** Lab Network

**Tasks:** 4, 14 estimated hours.

**Module guide (steps for every task):** [[MOD-47]]","Incident Response","V10.0 Incident Response & DFIR","PHASE-10","","","","","Lab Network","","","","Core","","","Incident Response Engineer; SOC Analyst","","",""
"THY-031","THY-031","Theory","Normal","[THY-031] SMTP, SPF, DKIM, DMARC and ARC","**Objective:** SMTP, SPF, DKIM, DMARC and ARC

**Prerequisites:** LAB-009

**Concepts:** SMTP; SPF; DKIM; DMARC; ARC; Email headers; Phishing; Business Email Compromise; Malicious attachments; Malicious links

**Tools:** None

**Environment:** Lab Network

### Step-by-step activity
Follow the steps for THY-031 in the module guide: [[MOD-47]]

- [ ] Complete every step in the module guide
- [ ] Verify the expected result
- [ ] Attach the evidence

**Expected result:** As stated for THY-031 in the module guide.

**Evidence required:** Notes

**Troubleshooting:** Record each problem and its fix in the issue notes. If stuck for more than 30 minutes, set the status to Blocked and describe the blocker.

**Security relevance:** Builds Incident Response skills used by: Incident Response Engineer, SOC Analyst.

**Assessment:** Instructor checks the notes and asks short oral questions on the concepts. Type: Short answers.

### Completion criteria
- Every step of the module guide for this task is done
- The expected result is demonstrated
- Required evidence is attached to the issue
- Actual time is logged against the issue
- Instructor Review is Approved and the status is Completed

**Estimated time:** 3 h

**Next task:** LAB-117","Incident Response","V10.0 Incident Response & DFIR","MOD-47","LAB-009","3","L3 - Intermediate","Theory","Lab Network","Notes","","","Core","Short answers","0","Incident Response Engineer; SOC Analyst","","","Pending"
"LAB-117","LAB-117","Lab","Normal","[LAB-117] Validate SPF, DKIM and DMARC for the lab domain","**Objective:** Validate SPF, DKIM and DMARC for the lab domain

**Prerequisites:** THY-031

**Concepts:** SMTP; SPF; DKIM; DMARC; ARC; Email headers; Phishing; Business Email Compromise; Malicious attachments; Malicious links

**Tools:** None

**Environment:** Lab Network

### Step-by-step activity
Follow the steps for LAB-117 in the module guide: [[MOD-47]]

- [ ] Complete every step in the module guide
- [ ] Verify the expected result
- [ ] Attach the evidence

**Expected result:** As stated for LAB-117 in the module guide.

**Evidence required:** Screenshot + command output

**Troubleshooting:** Record each problem and its fix in the issue notes. If stuck for more than 30 minutes, set the status to Blocked and describe the blocker.

**Security relevance:** Builds Incident Response skills used by: Incident Response Engineer, SOC Analyst.

**Assessment:** Instructor verifies the expected result from the attached evidence and may ask for a live demonstration. Type: Practical.

### Completion criteria
- Every step of the module guide for this task is done
- The expected result is demonstrated
- Required evidence is attached to the issue
- Actual time is logged against the issue
- Instructor Review is Approved and the status is Completed

**Estimated time:** 3 h

**Next task:** INV-031","Incident Response","V10.0 Incident Response & DFIR","MOD-47","THY-031","3","L3 - Intermediate","Guided Lab","Lab Network","Screenshot + command output","","","Core","Practical","0","Incident Response Engineer; SOC Analyst","","","Pending"
"INV-031","INV-031","Investigation","Normal","[INV-031] Phishing investigation: headers, links and attachments","**Objective:** Phishing investigation: headers, links and attachments

**Prerequisites:** LAB-117

**Concepts:** SMTP; SPF; DKIM; DMARC; ARC; Email headers; Phishing; Business Email Compromise; Malicious attachments; Malicious links

**Tools:** None

**Environment:** Lab Network

### Step-by-step activity
Follow the steps for INV-031 in the module guide: [[MOD-47]]

- [ ] Complete every step in the module guide
- [ ] Verify the expected result
- [ ] Attach the evidence

**Expected result:** As stated for INV-031 in the module guide.

**Evidence required:** Investigation report

**Troubleshooting:** Record each problem and its fix in the issue notes. If stuck for more than 30 minutes, set the status to Blocked and describe the blocker.

**Security relevance:** Builds Incident Response skills used by: Incident Response Engineer, SOC Analyst.

**Assessment:** Instructor grades the investigation report: timeline, evidence, root cause, impact and recommendations. Type: Practical.

### Completion criteria
- Every step of the module guide for this task is done
- The expected result is demonstrated
- Required evidence is attached to the issue
- Actual time is logged against the issue
- Instructor Review is Approved and the status is Completed

**Estimated time:** 4 h

**Next task:** INV-032","Incident Response","V10.0 Incident Response & DFIR","MOD-47","LAB-117","4","L3 - Intermediate","Investigation","Lab Network","Investigation report","","","Core","Practical","0","Incident Response Engineer; SOC Analyst","Incident investigated","1","Pending"
"INV-032","INV-032","Investigation","Normal","[INV-032] Business Email Compromise investigation","**Objective:** Business Email Compromise investigation

**Prerequisites:** INV-031

**Concepts:** SMTP; SPF; DKIM; DMARC; ARC; Email headers; Phishing; Business Email Compromise; Malicious attachments; Malicious links

**Tools:** None

**Environment:** Lab Network

### Step-by-step activity
Follow the steps for INV-032 in the module guide: [[MOD-47]]

- [ ] Complete every step in the module guide
- [ ] Verify the expected result
- [ ] Attach the evidence

**Expected result:** As stated for INV-032 in the module guide.

**Evidence required:** Investigation report

**Troubleshooting:** Record each problem and its fix in the issue notes. If stuck for more than 30 minutes, set the status to Blocked and describe the blocker.

**Security relevance:** Builds Incident Response skills used by: Incident Response Engineer, SOC Analyst.

**Assessment:** Instructor grades the investigation report: timeline, evidence, root cause, impact and recommendations. Type: Practical.

### Completion criteria
- Every step of the module guide for this task is done
- The expected result is demonstrated
- Required evidence is attached to the issue
- Actual time is logged against the issue
- Instructor Review is Approved and the status is Completed

**Estimated time:** 4 h

**Next task:** Last task of this module","Incident Response","V10.0 Incident Response & DFIR","MOD-47","INV-031","4","L3 - Intermediate","Investigation","Lab Network","Investigation report","","","Core","Practical","0","Incident Response Engineer; SOC Analyst","Incident investigated","1","Pending"
"MOD-48","MOD-48","Module","Normal","[MOD-48] Digital Forensics","**Topics:** Evidence preservation; Chain of custody; Disk forensics; File systems; Deleted files; Metadata; Timeline analysis; Memory forensics; Process analysis; Network connections; Malware artifacts

**Tools:** Velociraptor; Volatility; Autopsy; KAPE; Eric Zimmerman tools

**Environment:** Analysis Workstation

**Tasks:** 8, 37 estimated hours.

**Module guide (steps for every task):** [[MOD-48]]","Digital Forensics","V10.0 Incident Response & DFIR","PHASE-10","","","","","Analysis Workstation","","Velociraptor; Volatility; Autopsy; KAPE; Eric Zimmerman tools","","Advanced","","","Incident Response Engineer","","",""
"THY-032","THY-032","Theory","Normal","[THY-032] Evidence preservation and chain of custody","**Objective:** Evidence preservation and chain of custody

**Prerequisites:** DOC-002

**Concepts:** Evidence preservation; Chain of custody; Disk forensics; File systems; Deleted files; Metadata; Timeline analysis; Memory forensics; Process analysis; Network connections; Malware artifacts

**Tools:** Velociraptor; Volatility; Autopsy; KAPE; Eric Zimmerman tools

**Environment:** Analysis Workstation

### Step-by-step activity
Follow the steps for THY-032 in the module guide: [[MOD-48]]

- [ ] Complete every step in the module guide
- [ ] Verify the expected result
- [ ] Attach the evidence

**Expected result:** As stated for THY-032 in the module guide.

**Evidence required:** Notes

**Troubleshooting:** Record each problem and its fix in the issue notes. If stuck for more than 30 minutes, set the status to Blocked and describe the blocker.

**Security relevance:** Builds Digital Forensics skills used by: Incident Response Engineer.

**Assessment:** Instructor checks the notes and asks short oral questions on the concepts. Type: Short answers.

### Completion criteria
- Every step of the module guide for this task is done
- The expected result is demonstrated
- Required evidence is attached to the issue
- Actual time is logged against the issue
- Instructor Review is Approved and the status is Completed

**Estimated time:** 3 h

**Next task:** LAB-118","Digital Forensics","V10.0 Incident Response & DFIR","MOD-48","DOC-002","3","L4 - Advanced","Theory","Analysis Workstation","Notes","Velociraptor; Volatility; Autopsy; KAPE; Eric Zimmerman tools","","Advanced","Short answers","0","Incident Response Engineer","","","Pending"
"LAB-118","LAB-118","Lab","Normal","[LAB-118] Disk image analysis with Autopsy","**Objective:** Disk image analysis with Autopsy

**Prerequisites:** THY-032

**Concepts:** Evidence preservation; Chain of custody; Disk forensics; File systems; Deleted files; Metadata; Timeline analysis; Memory forensics; Process analysis; Network connections; Malware artifacts

**Tools:** Velociraptor; Volatility; Autopsy; KAPE; Eric Zimmerman tools

**Environment:** Analysis Workstation

### Step-by-step activity
Follow the steps for LAB-118 in the module guide: [[MOD-48]]

- [ ] Complete every step in the module guide
- [ ] Verify the expected result
- [ ] Attach the evidence

**Expected result:** As stated for LAB-118 in the module guide.

**Evidence required:** Screenshot + command output

**Troubleshooting:** Record each problem and its fix in the issue notes. If stuck for more than 30 minutes, set the status to Blocked and describe the blocker.

**Security relevance:** Builds Digital Forensics skills used by: Incident Response Engineer.

**Assessment:** Instructor verifies the expected result from the attached evidence and may ask for a live demonstration. Type: Practical.

### Completion criteria
- Every step of the module guide for this task is done
- The expected result is demonstrated
- Required evidence is attached to the issue
- Actual time is logged against the issue
- Instructor Review is Approved and the status is Completed

**Estimated time:** 5 h

**Next task:** LAB-119","Digital Forensics","V10.0 Incident Response & DFIR","MOD-48","THY-032","5","L4 - Advanced","Forensics","Analysis Workstation","Screenshot + command output","Velociraptor; Volatility; Autopsy; KAPE; Eric Zimmerman tools","","Advanced","Practical","0","Incident Response Engineer","","","Pending"
"LAB-119","LAB-119","Lab","Normal","[LAB-119] Windows artifacts with KAPE and Eric Zimmerman tools","**Objective:** Windows artifacts with KAPE and Eric Zimmerman tools

**Prerequisites:** LAB-118

**Concepts:** Evidence preservation; Chain of custody; Disk forensics; File systems; Deleted files; Metadata; Timeline analysis; Memory forensics; Process analysis; Network connections; Malware artifacts

**Tools:** Velociraptor; Volatility; Autopsy; KAPE; Eric Zimmerman tools

**Environment:** Analysis Workstation

### Step-by-step activity
Follow the steps for LAB-119 in the module guide: [[MOD-48]]

- [ ] Complete every step in the module guide
- [ ] Verify the expected result
- [ ] Attach the evidence

**Expected result:** As stated for LAB-119 in the module guide.

**Evidence required:** Screenshot + command output

**Troubleshooting:** Record each problem and its fix in the issue notes. If stuck for more than 30 minutes, set the status to Blocked and describe the blocker.

**Security relevance:** Builds Digital Forensics skills used by: Incident Response Engineer.

**Assessment:** Instructor verifies the expected result from the attached evidence and may ask for a live demonstration. Type: Practical.

### Completion criteria
- Every step of the module guide for this task is done
- The expected result is demonstrated
- Required evidence is attached to the issue
- Actual time is logged against the issue
- Instructor Review is Approved and the status is Completed

**Estimated time:** 5 h

**Next task:** LAB-120","Digital Forensics","V10.0 Incident Response & DFIR","MOD-48","LAB-118","5","L4 - Advanced","Forensics","Analysis Workstation","Screenshot + command output","Velociraptor; Volatility; Autopsy; KAPE; Eric Zimmerman tools","","Advanced","Practical","0","Incident Response Engineer","","","Pending"
"LAB-120","LAB-120","Lab","Normal","[LAB-120] Timeline analysis","**Objective:** Timeline analysis

**Prerequisites:** LAB-119

**Concepts:** Evidence preservation; Chain of custody; Disk forensics; File systems; Deleted files; Metadata; Timeline analysis; Memory forensics; Process analysis; Network connections; Malware artifacts

**Tools:** Velociraptor; Volatility; Autopsy; KAPE; Eric Zimmerman tools

**Environment:** Analysis Workstation

### Step-by-step activity
Follow the steps for LAB-120 in the module guide: [[MOD-48]]

- [ ] Complete every step in the module guide
- [ ] Verify the expected result
- [ ] Attach the evidence

**Expected result:** As stated for LAB-120 in the module guide.

**Evidence required:** Screenshot + command output

**Troubleshooting:** Record each problem and its fix in the issue notes. If stuck for more than 30 minutes, set the status to Blocked and describe the blocker.

**Security relevance:** Builds Digital Forensics skills used by: Incident Response Engineer.

**Assessment:** Instructor verifies the expected result from the attached evidence and may ask for a live demonstration. Type: Practical.

### Completion criteria
- Every step of the module guide for this task is done
- The expected result is demonstrated
- Required evidence is attached to the issue
- Actual time is logged against the issue
- Instructor Review is Approved and the status is Completed

**Estimated time:** 4 h

**Next task:** LAB-121","Digital Forensics","V10.0 Incident Response & DFIR","MOD-48","LAB-119","4","L4 - Advanced","Forensics","Analysis Workstation","Screenshot + command output","Velociraptor; Volatility; Autopsy; KAPE; Eric Zimmerman tools","","Advanced","Practical","0","Incident Response Engineer","","","Pending"
"LAB-121","LAB-121","Lab","Normal","[LAB-121] Memory analysis with Volatility","**Objective:** Memory analysis with Volatility

**Prerequisites:** LAB-120

**Concepts:** Evidence preservation; Chain of custody; Disk forensics; File systems; Deleted files; Metadata; Timeline analysis; Memory forensics; Process analysis; Network connections; Malware artifacts

**Tools:** Velociraptor; Volatility; Autopsy; KAPE; Eric Zimmerman tools

**Environment:** Analysis Workstation

### Step-by-step activity
Follow the steps for LAB-121 in the module guide: [[MOD-48]]

- [ ] Complete every step in the module guide
- [ ] Verify the expected result
- [ ] Attach the evidence

**Expected result:** As stated for LAB-121 in the module guide.

**Evidence required:** Screenshot + command output

**Troubleshooting:** Record each problem and its fix in the issue notes. If stuck for more than 30 minutes, set the status to Blocked and describe the blocker.

**Security relevance:** Builds Digital Forensics skills used by: Incident Response Engineer.

**Assessment:** Instructor verifies the expected result from the attached evidence and may ask for a live demonstration. Type: Practical.

### Completion criteria
- Every step of the module guide for this task is done
- The expected result is demonstrated
- Required evidence is attached to the issue
- Actual time is logged against the issue
- Instructor Review is Approved and the status is Completed

**Estimated time:** 5 h

**Next task:** LAB-122","Digital Forensics","V10.0 Incident Response & DFIR","MOD-48","LAB-120","5","L4 - Advanced","Forensics","Analysis Workstation","Screenshot + command output","Velociraptor; Volatility; Autopsy; KAPE; Eric Zimmerman tools","","Advanced","Practical","0","Incident Response Engineer","","","Pending"
"LAB-122","LAB-122","Lab","Normal","[LAB-122] Velociraptor deployment, collection and hunts","**Objective:** Velociraptor deployment, collection and hunts

**Prerequisites:** LAB-121

**Concepts:** Evidence preservation; Chain of custody; Disk forensics; File systems; Deleted files; Metadata; Timeline analysis; Memory forensics; Process analysis; Network connections; Malware artifacts

**Tools:** Velociraptor; Volatility; Autopsy; KAPE; Eric Zimmerman tools

**Environment:** Analysis Workstation

### Step-by-step activity
Follow the steps for LAB-122 in the module guide: [[MOD-48]]

- [ ] Complete every step in the module guide
- [ ] Verify the expected result
- [ ] Attach the evidence

**Expected result:** As stated for LAB-122 in the module guide.

**Evidence required:** Screenshot + command output

**Troubleshooting:** Record each problem and its fix in the issue notes. If stuck for more than 30 minutes, set the status to Blocked and describe the blocker.

**Security relevance:** Builds Digital Forensics skills used by: Incident Response Engineer.

**Assessment:** Instructor verifies the expected result from the attached evidence and may ask for a live demonstration. Type: Practical.

### Completion criteria
- Every step of the module guide for this task is done
- The expected result is demonstrated
- Required evidence is attached to the issue
- Actual time is logged against the issue
- Instructor Review is Approved and the status is Completed

**Estimated time:** 5 h

**Next task:** INV-033","Digital Forensics","V10.0 Incident Response & DFIR","MOD-48","LAB-121","5","L4 - Advanced","Forensics","Analysis Workstation","Screenshot + command output","Velociraptor; Volatility; Autopsy; KAPE; Eric Zimmerman tools","","Advanced","Practical","0","Incident Response Engineer","","","Pending"
"INV-033","INV-033","Investigation","Normal","[INV-033] Host forensic investigation","**Objective:** Host forensic investigation

**Prerequisites:** LAB-122

**Concepts:** Evidence preservation; Chain of custody; Disk forensics; File systems; Deleted files; Metadata; Timeline analysis; Memory forensics; Process analysis; Network connections; Malware artifacts

**Tools:** Velociraptor; Volatility; Autopsy; KAPE; Eric Zimmerman tools

**Environment:** Analysis Workstation

### Step-by-step activity
Follow the steps for INV-033 in the module guide: [[MOD-48]]

- [ ] Complete every step in the module guide
- [ ] Verify the expected result
- [ ] Attach the evidence

**Expected result:** As stated for INV-033 in the module guide.

**Evidence required:** Investigation report

**Troubleshooting:** Record each problem and its fix in the issue notes. If stuck for more than 30 minutes, set the status to Blocked and describe the blocker.

**Security relevance:** Builds Digital Forensics skills used by: Incident Response Engineer.

**Assessment:** Instructor grades the investigation report: timeline, evidence, root cause, impact and recommendations. Type: Practical.

### Completion criteria
- Every step of the module guide for this task is done
- The expected result is demonstrated
- Required evidence is attached to the issue
- Actual time is logged against the issue
- Instructor Review is Approved and the status is Completed

**Estimated time:** 6 h

**Next task:** ASM-010","Digital Forensics","V10.0 Incident Response & DFIR","MOD-48","LAB-122","6","L4 - Advanced","Investigation","Analysis Workstation","Investigation report","Velociraptor; Volatility; Autopsy; KAPE; Eric Zimmerman tools","","Advanced","Practical","0","Incident Response Engineer","Incident investigated","1","Pending"
"ASM-010","ASM-010","Assessment","High","[ASM-010] Phase 10 assessment: incident response practical","**Objective:** Phase 10 assessment: incident response practical

**Prerequisites:** INV-033

**Concepts:** Evidence preservation; Chain of custody; Disk forensics; File systems; Deleted files; Metadata; Timeline analysis; Memory forensics; Process analysis; Network connections; Malware artifacts

**Tools:** Velociraptor; Volatility; Autopsy; KAPE; Eric Zimmerman tools

**Environment:** Analysis Workstation

### Step-by-step activity
Follow the steps for ASM-010 in the module guide: [[MOD-48]]

- [ ] Complete every step in the module guide
- [ ] Verify the expected result
- [ ] Attach the evidence

**Expected result:** As stated for ASM-010 in the module guide.

**Evidence required:** Scored result

**Troubleshooting:** Record each problem and its fix in the issue notes. If stuck for more than 30 minutes, set the status to Blocked and describe the blocker.

**Security relevance:** Builds Digital Forensics skills used by: Incident Response Engineer.

**Assessment:** Scored 0-100. Pass mark 70. Type: Practical exam.

### Completion criteria
- Every step of the module guide for this task is done
- The expected result is demonstrated
- Required evidence is attached to the issue
- Actual time is logged against the issue
- Instructor Review is Approved and the status is Completed

**Estimated time:** 4 h

**Next task:** Last task of this module","Digital Forensics","V10.0 Incident Response & DFIR","MOD-48","INV-033","4","L4 - Advanced","Assessment","Analysis Workstation","Scored result","Velociraptor; Volatility; Autopsy; KAPE; Eric Zimmerman tools","","Advanced","Practical exam","0","Incident Response Engineer","","","Pending"
"REVIEW-10","REVIEW-10","Review","High","[REVIEW-10] Phase 10 gate review","**Objective:** Confirm that phase 10 (Incident Response & DFIR) is complete.

### Checklist
- [ ] Every issue of the phase is Completed
- [ ] Evidence is attached to every issue
- [ ] Time is logged
- [ ] Assessment score is 70 or higher
- [ ] Portfolio items are in the repository

**Assessment:** Instructor confirms every issue of the phase is Completed and records the gate decision.

**Estimated time:** 1 h","","V10.0 Incident Response & DFIR","PHASE-10","DOC-002, LAB-116, INV-030, INV-032, ASM-010","1","","Review","","Instructor sign-off","","","","Review","0","","","","Pending"
"PHASE-11","PHASE-11","Phase","Normal","[PHASE-11] Threat Hunting & Malware","Phase 11 of 15. Version: V11.0 Threat Hunting & Malware.

Modules: 2. Estimated hours: 78.

- MOD-49 Threat Hunting
- MOD-50 Malware Analysis

The phase closes with the gate review REVIEW-11.","","V11.0 Threat Hunting & Malware","EPIC","","","","","","","","","","","","","","",""
"MOD-49","MOD-49","Module","Normal","[MOD-49] Threat Hunting","**Topics:** Hypothesis-driven hunting; IOC hunting; TTP hunting; Behavioral hunting; Baseline analysis; Anomaly detection; Threat intelligence; MITRE mapping

**Tools:** KQL; SPL; EQL; SQL; Sigma; Wazuh; Velociraptor

**Environment:** SOC Stack

**Tasks:** 12, 47 estimated hours.

**Module guide (steps for every task):** [[MOD-49]]","Threat Hunting","V11.0 Threat Hunting & Malware","PHASE-11","","","","","SOC Stack","","KQL; SPL; EQL; SQL; Sigma; Wazuh; Velociraptor","","Advanced","","","Threat Hunter","","",""
"THY-033","THY-033","Theory","Normal","[THY-033] Hunting method and hypothesis writing","**Objective:** Hunting method and hypothesis writing

**Prerequisites:** ASM-008, LAB-108

**Concepts:** Hypothesis-driven hunting; IOC hunting; TTP hunting; Behavioral hunting; Baseline analysis; Anomaly detection; Threat intelligence; MITRE mapping

**Tools:** KQL; SPL; EQL; SQL; Sigma; Wazuh; Velociraptor

**Environment:** SOC Stack

### Step-by-step activity
Follow the steps for THY-033 in the module guide: [[MOD-49]]

- [ ] Complete every step in the module guide
- [ ] Verify the expected result
- [ ] Attach the evidence

**Expected result:** As stated for THY-033 in the module guide.

**Evidence required:** Notes

**Troubleshooting:** Record each problem and its fix in the issue notes. If stuck for more than 30 minutes, set the status to Blocked and describe the blocker.

**Security relevance:** Builds Threat Hunting skills used by: Threat Hunter.

**Assessment:** Instructor checks the notes and asks short oral questions on the concepts. Type: Short answers.

### Completion criteria
- Every step of the module guide for this task is done
- The expected result is demonstrated
- Required evidence is attached to the issue
- Actual time is logged against the issue
- Instructor Review is Approved and the status is Completed

**Estimated time:** 3 h

**Next task:** LAB-123","Threat Hunting","V11.0 Threat Hunting & Malware","MOD-49","ASM-008, LAB-108","3","L4 - Advanced","Theory","SOC Stack","Notes","KQL; SPL; EQL; SQL; Sigma; Wazuh; Velociraptor","","Advanced","Short answers","0","Threat Hunter","","","Pending"
"LAB-123","LAB-123","Lab","Normal","[LAB-123] Baselines and anomaly analysis","**Objective:** Baselines and anomaly analysis

**Prerequisites:** THY-033

**Concepts:** Hypothesis-driven hunting; IOC hunting; TTP hunting; Behavioral hunting; Baseline analysis; Anomaly detection; Threat intelligence; MITRE mapping

**Tools:** KQL; SPL; EQL; SQL; Sigma; Wazuh; Velociraptor

**Environment:** SOC Stack

### Step-by-step activity
Follow the steps for LAB-123 in the module guide: [[MOD-49]]

- [ ] Complete every step in the module guide
- [ ] Verify the expected result
- [ ] Attach the evidence

**Expected result:** As stated for LAB-123 in the module guide.

**Evidence required:** Screenshot + command output

**Troubleshooting:** Record each problem and its fix in the issue notes. If stuck for more than 30 minutes, set the status to Blocked and describe the blocker.

**Security relevance:** Builds Threat Hunting skills used by: Threat Hunter.

**Assessment:** Instructor verifies the expected result from the attached evidence and may ask for a live demonstration. Type: Practical.

### Completion criteria
- Every step of the module guide for this task is done
- The expected result is demonstrated
- Required evidence is attached to the issue
- Actual time is logged against the issue
- Instructor Review is Approved and the status is Completed

**Estimated time:** 4 h

**Next task:** LAB-124","Threat Hunting","V11.0 Threat Hunting & Malware","MOD-49","THY-033","4","L4 - Advanced","Threat Hunt","SOC Stack","Screenshot + command output","KQL; SPL; EQL; SQL; Sigma; Wazuh; Velociraptor","","Advanced","Practical","0","Threat Hunter","","","Pending"
"LAB-124","LAB-124","Lab","Normal","[LAB-124] Hunt pack 01: persistence","**Objective:** Hunt pack 01: persistence

**Prerequisites:** LAB-123

**Concepts:** Hypothesis-driven hunting; IOC hunting; TTP hunting; Behavioral hunting; Baseline analysis; Anomaly detection; Threat intelligence; MITRE mapping

**Tools:** KQL; SPL; EQL; SQL; Sigma; Wazuh; Velociraptor

**Environment:** SOC Stack

### Step-by-step activity
Follow the steps for LAB-124 in the module guide: [[MOD-49]]

- [ ] Complete every step in the module guide
- [ ] Verify the expected result
- [ ] Attach the evidence

**Expected result:** As stated for LAB-124 in the module guide.

**Evidence required:** Screenshot + command output

**Troubleshooting:** Record each problem and its fix in the issue notes. If stuck for more than 30 minutes, set the status to Blocked and describe the blocker.

**Security relevance:** Builds Threat Hunting skills used by: Threat Hunter.

**Assessment:** Instructor verifies the expected result from the attached evidence and may ask for a live demonstration. Type: Practical.

### Completion criteria
- Every step of the module guide for this task is done
- The expected result is demonstrated
- Required evidence is attached to the issue
- Actual time is logged against the issue
- Instructor Review is Approved and the status is Completed

**Estimated time:** 4 h

**Next task:** LAB-125","Threat Hunting","V11.0 Threat Hunting & Malware","MOD-49","LAB-123","4","L4 - Advanced","Threat Hunt","SOC Stack","Screenshot + command output","KQL; SPL; EQL; SQL; Sigma; Wazuh; Velociraptor","","Advanced","Practical","0","Threat Hunter","Threat hunt","2","Pending"
"LAB-125","LAB-125","Lab","Normal","[LAB-125] Hunt pack 02: credential access","**Objective:** Hunt pack 02: credential access

**Prerequisites:** LAB-124

**Concepts:** Hypothesis-driven hunting; IOC hunting; TTP hunting; Behavioral hunting; Baseline analysis; Anomaly detection; Threat intelligence; MITRE mapping

**Tools:** KQL; SPL; EQL; SQL; Sigma; Wazuh; Velociraptor

**Environment:** SOC Stack

### Step-by-step activity
Follow the steps for LAB-125 in the module guide: [[MOD-49]]

- [ ] Complete every step in the module guide
- [ ] Verify the expected result
- [ ] Attach the evidence

**Expected result:** As stated for LAB-125 in the module guide.

**Evidence required:** Screenshot + command output

**Troubleshooting:** Record each problem and its fix in the issue notes. If stuck for more than 30 minutes, set the status to Blocked and describe the blocker.

**Security relevance:** Builds Threat Hunting skills used by: Threat Hunter.

**Assessment:** Instructor verifies the expected result from the attached evidence and may ask for a live demonstration. Type: Practical.

### Completion criteria
- Every step of the module guide for this task is done
- The expected result is demonstrated
- Required evidence is attached to the issue
- Actual time is logged against the issue
- Instructor Review is Approved and the status is Completed

**Estimated time:** 4 h

**Next task:** LAB-126","Threat Hunting","V11.0 Threat Hunting & Malware","MOD-49","LAB-124","4","L4 - Advanced","Threat Hunt","SOC Stack","Screenshot + command output","KQL; SPL; EQL; SQL; Sigma; Wazuh; Velociraptor","","Advanced","Practical","0","Threat Hunter","Threat hunt","2","Pending"
"LAB-126","LAB-126","Lab","Normal","[LAB-126] Hunt pack 03: lateral movement","**Objective:** Hunt pack 03: lateral movement

**Prerequisites:** LAB-125

**Concepts:** Hypothesis-driven hunting; IOC hunting; TTP hunting; Behavioral hunting; Baseline analysis; Anomaly detection; Threat intelligence; MITRE mapping

**Tools:** KQL; SPL; EQL; SQL; Sigma; Wazuh; Velociraptor

**Environment:** SOC Stack

### Step-by-step activity
Follow the steps for LAB-126 in the module guide: [[MOD-49]]

- [ ] Complete every step in the module guide
- [ ] Verify the expected result
- [ ] Attach the evidence

**Expected result:** As stated for LAB-126 in the module guide.

**Evidence required:** Screenshot + command output

**Troubleshooting:** Record each problem and its fix in the issue notes. If stuck for more than 30 minutes, set the status to Blocked and describe the blocker.

**Security relevance:** Builds Threat Hunting skills used by: Threat Hunter.

**Assessment:** Instructor verifies the expected result from the attached evidence and may ask for a live demonstration. Type: Practical.

### Completion criteria
- Every step of the module guide for this task is done
- The expected result is demonstrated
- Required evidence is attached to the issue
- Actual time is logged against the issue
- Instructor Review is Approved and the status is Completed

**Estimated time:** 4 h

**Next task:** LAB-127","Threat Hunting","V11.0 Threat Hunting & Malware","MOD-49","LAB-125","4","L4 - Advanced","Threat Hunt","SOC Stack","Screenshot + command output","KQL; SPL; EQL; SQL; Sigma; Wazuh; Velociraptor","","Advanced","Practical","0","Threat Hunter","Threat hunt","2","Pending"
"LAB-127","LAB-127","Lab","Normal","[LAB-127] Hunt pack 04: command and control","**Objective:** Hunt pack 04: command and control

**Prerequisites:** LAB-126

**Concepts:** Hypothesis-driven hunting; IOC hunting; TTP hunting; Behavioral hunting; Baseline analysis; Anomaly detection; Threat intelligence; MITRE mapping

**Tools:** KQL; SPL; EQL; SQL; Sigma; Wazuh; Velociraptor

**Environment:** SOC Stack

### Step-by-step activity
Follow the steps for LAB-127 in the module guide: [[MOD-49]]

- [ ] Complete every step in the module guide
- [ ] Verify the expected result
- [ ] Attach the evidence

**Expected result:** As stated for LAB-127 in the module guide.

**Evidence required:** Screenshot + command output

**Troubleshooting:** Record each problem and its fix in the issue notes. If stuck for more than 30 minutes, set the status to Blocked and describe the blocker.

**Security relevance:** Builds Threat Hunting skills used by: Threat Hunter.

**Assessment:** Instructor verifies the expected result from the attached evidence and may ask for a live demonstration. Type: Practical.

### Completion criteria
- Every step of the module guide for this task is done
- The expected result is demonstrated
- Required evidence is attached to the issue
- Actual time is logged against the issue
- Instructor Review is Approved and the status is Completed

**Estimated time:** 4 h

**Next task:** LAB-128","Threat Hunting","V11.0 Threat Hunting & Malware","MOD-49","LAB-126","4","L4 - Advanced","Threat Hunt","SOC Stack","Screenshot + command output","KQL; SPL; EQL; SQL; Sigma; Wazuh; Velociraptor","","Advanced","Practical","0","Threat Hunter","Threat hunt","2","Pending"
"LAB-128","LAB-128","Lab","Normal","[LAB-128] Hunt pack 05: scripting and built-in tools","**Objective:** Hunt pack 05: scripting and built-in tools

**Prerequisites:** LAB-127

**Concepts:** Hypothesis-driven hunting; IOC hunting; TTP hunting; Behavioral hunting; Baseline analysis; Anomaly detection; Threat intelligence; MITRE mapping

**Tools:** KQL; SPL; EQL; SQL; Sigma; Wazuh; Velociraptor

**Environment:** SOC Stack

### Step-by-step activity
Follow the steps for LAB-128 in the module guide: [[MOD-49]]

- [ ] Complete every step in the module guide
- [ ] Verify the expected result
- [ ] Attach the evidence

**Expected result:** As stated for LAB-128 in the module guide.

**Evidence required:** Screenshot + command output

**Troubleshooting:** Record each problem and its fix in the issue notes. If stuck for more than 30 minutes, set the status to Blocked and describe the blocker.

**Security relevance:** Builds Threat Hunting skills used by: Threat Hunter.

**Assessment:** Instructor verifies the expected result from the attached evidence and may ask for a live demonstration. Type: Practical.

### Completion criteria
- Every step of the module guide for this task is done
- The expected result is demonstrated
- Required evidence is attached to the issue
- Actual time is logged against the issue
- Instructor Review is Approved and the status is Completed

**Estimated time:** 4 h

**Next task:** LAB-129","Threat Hunting","V11.0 Threat Hunting & Malware","MOD-49","LAB-127","4","L4 - Advanced","Threat Hunt","SOC Stack","Screenshot + command output","KQL; SPL; EQL; SQL; Sigma; Wazuh; Velociraptor","","Advanced","Practical","0","Threat Hunter","Threat hunt","2","Pending"
"LAB-129","LAB-129","Lab","Normal","[LAB-129] Hunt pack 06: Linux servers","**Objective:** Hunt pack 06: Linux servers

**Prerequisites:** LAB-128

**Concepts:** Hypothesis-driven hunting; IOC hunting; TTP hunting; Behavioral hunting; Baseline analysis; Anomaly detection; Threat intelligence; MITRE mapping

**Tools:** KQL; SPL; EQL; SQL; Sigma; Wazuh; Velociraptor

**Environment:** SOC Stack

### Step-by-step activity
Follow the steps for LAB-129 in the module guide: [[MOD-49]]

- [ ] Complete every step in the module guide
- [ ] Verify the expected result
- [ ] Attach the evidence

**Expected result:** As stated for LAB-129 in the module guide.

**Evidence required:** Screenshot + command output

**Troubleshooting:** Record each problem and its fix in the issue notes. If stuck for more than 30 minutes, set the status to Blocked and describe the blocker.

**Security relevance:** Builds Threat Hunting skills used by: Threat Hunter.

**Assessment:** Instructor verifies the expected result from the attached evidence and may ask for a live demonstration. Type: Practical.

### Completion criteria
- Every step of the module guide for this task is done
- The expected result is demonstrated
- Required evidence is attached to the issue
- Actual time is logged against the issue
- Instructor Review is Approved and the status is Completed

**Estimated time:** 4 h

**Next task:** LAB-130","Threat Hunting","V11.0 Threat Hunting & Malware","MOD-49","LAB-128","4","L4 - Advanced","Threat Hunt","SOC Stack","Screenshot + command output","KQL; SPL; EQL; SQL; Sigma; Wazuh; Velociraptor","","Advanced","Practical","0","Threat Hunter","Threat hunt","2","Pending"
"LAB-130","LAB-130","Lab","Normal","[LAB-130] Hunt pack 07: data exfiltration","**Objective:** Hunt pack 07: data exfiltration

**Prerequisites:** LAB-129

**Concepts:** Hypothesis-driven hunting; IOC hunting; TTP hunting; Behavioral hunting; Baseline analysis; Anomaly detection; Threat intelligence; MITRE mapping

**Tools:** KQL; SPL; EQL; SQL; Sigma; Wazuh; Velociraptor

**Environment:** SOC Stack

### Step-by-step activity
Follow the steps for LAB-130 in the module guide: [[MOD-49]]

- [ ] Complete every step in the module guide
- [ ] Verify the expected result
- [ ] Attach the evidence

**Expected result:** As stated for LAB-130 in the module guide.

**Evidence required:** Screenshot + command output

**Troubleshooting:** Record each problem and its fix in the issue notes. If stuck for more than 30 minutes, set the status to Blocked and describe the blocker.

**Security relevance:** Builds Threat Hunting skills used by: Threat Hunter.

**Assessment:** Instructor verifies the expected result from the attached evidence and may ask for a live demonstration. Type: Practical.

### Completion criteria
- Every step of the module guide for this task is done
- The expected result is demonstrated
- Required evidence is attached to the issue
- Actual time is logged against the issue
- Instructor Review is Approved and the status is Completed

**Estimated time:** 4 h

**Next task:** LAB-131","Threat Hunting","V11.0 Threat Hunting & Malware","MOD-49","LAB-129","4","L4 - Advanced","Threat Hunt","SOC Stack","Screenshot + command output","KQL; SPL; EQL; SQL; Sigma; Wazuh; Velociraptor","","Advanced","Practical","0","Threat Hunter","Threat hunt","2","Pending"
"LAB-131","LAB-131","Lab","Normal","[LAB-131] Hunt pack 08: identity anomalies","**Objective:** Hunt pack 08: identity anomalies

**Prerequisites:** LAB-130

**Concepts:** Hypothesis-driven hunting; IOC hunting; TTP hunting; Behavioral hunting; Baseline analysis; Anomaly detection; Threat intelligence; MITRE mapping

**Tools:** KQL; SPL; EQL; SQL; Sigma; Wazuh; Velociraptor

**Environment:** SOC Stack

### Step-by-step activity
Follow the steps for LAB-131 in the module guide: [[MOD-49]]

- [ ] Complete every step in the module guide
- [ ] Verify the expected result
- [ ] Attach the evidence

**Expected result:** As stated for LAB-131 in the module guide.

**Evidence required:** Screenshot + command output

**Troubleshooting:** Record each problem and its fix in the issue notes. If stuck for more than 30 minutes, set the status to Blocked and describe the blocker.

**Security relevance:** Builds Threat Hunting skills used by: Threat Hunter.

**Assessment:** Instructor verifies the expected result from the attached evidence and may ask for a live demonstration. Type: Practical.

### Completion criteria
- Every step of the module guide for this task is done
- The expected result is demonstrated
- Required evidence is attached to the issue
- Actual time is logged against the issue
- Instructor Review is Approved and the status is Completed

**Estimated time:** 4 h

**Next task:** LAB-132","Threat Hunting","V11.0 Threat Hunting & Malware","MOD-49","LAB-130","4","L4 - Advanced","Threat Hunt","SOC Stack","Screenshot + command output","KQL; SPL; EQL; SQL; Sigma; Wazuh; Velociraptor","","Advanced","Practical","0","Threat Hunter","Threat hunt","2","Pending"
"LAB-132","LAB-132","Lab","Normal","[LAB-132] Hunt pack 09: indicator-driven hunts","**Objective:** Hunt pack 09: indicator-driven hunts

**Prerequisites:** LAB-131

**Concepts:** Hypothesis-driven hunting; IOC hunting; TTP hunting; Behavioral hunting; Baseline analysis; Anomaly detection; Threat intelligence; MITRE mapping

**Tools:** KQL; SPL; EQL; SQL; Sigma; Wazuh; Velociraptor

**Environment:** SOC Stack

### Step-by-step activity
Follow the steps for LAB-132 in the module guide: [[MOD-49]]

- [ ] Complete every step in the module guide
- [ ] Verify the expected result
- [ ] Attach the evidence

**Expected result:** As stated for LAB-132 in the module guide.

**Evidence required:** Screenshot + command output

**Troubleshooting:** Record each problem and its fix in the issue notes. If stuck for more than 30 minutes, set the status to Blocked and describe the blocker.

**Security relevance:** Builds Threat Hunting skills used by: Threat Hunter.

**Assessment:** Instructor verifies the expected result from the attached evidence and may ask for a live demonstration. Type: Practical.

### Completion criteria
- Every step of the module guide for this task is done
- The expected result is demonstrated
- Required evidence is attached to the issue
- Actual time is logged against the issue
- Instructor Review is Approved and the status is Completed

**Estimated time:** 4 h

**Next task:** LAB-133","Threat Hunting","V11.0 Threat Hunting & Malware","MOD-49","LAB-131","4","L4 - Advanced","Threat Hunt","SOC Stack","Screenshot + command output","KQL; SPL; EQL; SQL; Sigma; Wazuh; Velociraptor","","Advanced","Practical","0","Threat Hunter","Threat hunt","2","Pending"
"LAB-133","LAB-133","Lab","Normal","[LAB-133] Hunt pack 10: defense evasion","**Objective:** Hunt pack 10: defense evasion

**Prerequisites:** LAB-132

**Concepts:** Hypothesis-driven hunting; IOC hunting; TTP hunting; Behavioral hunting; Baseline analysis; Anomaly detection; Threat intelligence; MITRE mapping

**Tools:** KQL; SPL; EQL; SQL; Sigma; Wazuh; Velociraptor

**Environment:** SOC Stack

### Step-by-step activity
Follow the steps for LAB-133 in the module guide: [[MOD-49]]

- [ ] Complete every step in the module guide
- [ ] Verify the expected result
- [ ] Attach the evidence

**Expected result:** As stated for LAB-133 in the module guide.

**Evidence required:** Screenshot + command output

**Troubleshooting:** Record each problem and its fix in the issue notes. If stuck for more than 30 minutes, set the status to Blocked and describe the blocker.

**Security relevance:** Builds Threat Hunting skills used by: Threat Hunter.

**Assessment:** Instructor verifies the expected result from the attached evidence and may ask for a live demonstration. Type: Practical.

### Completion criteria
- Every step of the module guide for this task is done
- The expected result is demonstrated
- Required evidence is attached to the issue
- Actual time is logged against the issue
- Instructor Review is Approved and the status is Completed

**Estimated time:** 4 h

**Next task:** Last task of this module","Threat Hunting","V11.0 Threat Hunting & Malware","MOD-49","LAB-132","4","L4 - Advanced","Threat Hunt","SOC Stack","Screenshot + command output","KQL; SPL; EQL; SQL; Sigma; Wazuh; Velociraptor","","Advanced","Practical","0","Threat Hunter","Threat hunt","2","Pending"
"MOD-50","MOD-50","Module","Normal","[MOD-50] Malware Analysis","**Topics:** Malware lifecycle; PE; ELF; Packers; Obfuscation; Persistence; C2; Static analysis; Dynamic analysis; Behavioral analysis; Instructor-provided training samples only

**Tools:** Ghidra; YARA; capa; VirusTotal; REMnux; FLARE-VM; x64dbg

**Environment:** Analysis Workstation

**Tasks:** 7, 30 estimated hours.

**Module guide (steps for every task):** [[MOD-50]]","Malware Analysis","V11.0 Threat Hunting & Malware","PHASE-11","","","","","Analysis Workstation","","Ghidra; YARA; capa; VirusTotal; REMnux; FLARE-VM; x64dbg","","Advanced","","","Incident Response Engineer; Threat Hunter","","",""
"THY-034","THY-034","Theory","Normal","[THY-034] Malware lifecycle and file formats","**Objective:** Malware lifecycle and file formats

**Prerequisites:** ASM-010

**Concepts:** Malware lifecycle; PE; ELF; Packers; Obfuscation; Persistence; C2; Static analysis; Dynamic analysis; Behavioral analysis; Instructor-provided training samples only

**Tools:** Ghidra; YARA; capa; VirusTotal; REMnux; FLARE-VM; x64dbg

**Environment:** Analysis Workstation

### Step-by-step activity
Follow the steps for THY-034 in the module guide: [[MOD-50]]

- [ ] Complete every step in the module guide
- [ ] Verify the expected result
- [ ] Attach the evidence

**Expected result:** As stated for THY-034 in the module guide.

**Evidence required:** Notes

**Troubleshooting:** Record each problem and its fix in the issue notes. If stuck for more than 30 minutes, set the status to Blocked and describe the blocker.

**Security relevance:** Builds Malware Analysis skills used by: Incident Response Engineer, Threat Hunter.

**Assessment:** Instructor checks the notes and asks short oral questions on the concepts. Type: Short answers.

### Completion criteria
- Every step of the module guide for this task is done
- The expected result is demonstrated
- Required evidence is attached to the issue
- Actual time is logged against the issue
- Instructor Review is Approved and the status is Completed

**Estimated time:** 4 h

**Next task:** LAB-134","Malware Analysis","V11.0 Threat Hunting & Malware","MOD-50","ASM-010","4","L4 - Advanced","Theory","Analysis Workstation","Notes","Ghidra; YARA; capa; VirusTotal; REMnux; FLARE-VM; x64dbg","","Advanced","Short answers","0","Incident Response Engineer; Threat Hunter","","","Pending"
"LAB-134","LAB-134","Lab","Normal","[LAB-134] Isolated analysis environment","**Objective:** Isolated analysis environment

**Prerequisites:** THY-034

**Concepts:** Malware lifecycle; PE; ELF; Packers; Obfuscation; Persistence; C2; Static analysis; Dynamic analysis; Behavioral analysis; Instructor-provided training samples only

**Tools:** Ghidra; YARA; capa; VirusTotal; REMnux; FLARE-VM; x64dbg

**Environment:** Analysis Workstation

### Step-by-step activity
Follow the steps for LAB-134 in the module guide: [[MOD-50]]

- [ ] Complete every step in the module guide
- [ ] Verify the expected result
- [ ] Attach the evidence

**Expected result:** As stated for LAB-134 in the module guide.

**Evidence required:** Screenshot + command output

**Troubleshooting:** Record each problem and its fix in the issue notes. If stuck for more than 30 minutes, set the status to Blocked and describe the blocker.

**Security relevance:** Builds Malware Analysis skills used by: Incident Response Engineer, Threat Hunter.

**Assessment:** Instructor verifies the expected result from the attached evidence and may ask for a live demonstration. Type: Practical.

### Completion criteria
- Every step of the module guide for this task is done
- The expected result is demonstrated
- Required evidence is attached to the issue
- Actual time is logged against the issue
- Instructor Review is Approved and the status is Completed

**Estimated time:** 4 h

**Next task:** LAB-135","Malware Analysis","V11.0 Threat Hunting & Malware","MOD-50","THY-034","4","L4 - Advanced","Setup","Analysis Workstation","Screenshot + command output","Ghidra; YARA; capa; VirusTotal; REMnux; FLARE-VM; x64dbg","","Advanced","Practical","0","Incident Response Engineer; Threat Hunter","","","Pending"
"LAB-135","LAB-135","Lab","Normal","[LAB-135] Static analysis of a training sample","**Objective:** Static analysis of a training sample

**Prerequisites:** LAB-134

**Concepts:** Malware lifecycle; PE; ELF; Packers; Obfuscation; Persistence; C2; Static analysis; Dynamic analysis; Behavioral analysis; Instructor-provided training samples only

**Tools:** Ghidra; YARA; capa; VirusTotal; REMnux; FLARE-VM; x64dbg

**Environment:** Analysis Workstation

### Step-by-step activity
Follow the steps for LAB-135 in the module guide: [[MOD-50]]

- [ ] Complete every step in the module guide
- [ ] Verify the expected result
- [ ] Attach the evidence

**Expected result:** As stated for LAB-135 in the module guide.

**Evidence required:** Screenshot + command output

**Troubleshooting:** Record each problem and its fix in the issue notes. If stuck for more than 30 minutes, set the status to Blocked and describe the blocker.

**Security relevance:** Builds Malware Analysis skills used by: Incident Response Engineer, Threat Hunter.

**Assessment:** Instructor verifies the expected result from the attached evidence and may ask for a live demonstration. Type: Practical.

### Completion criteria
- Every step of the module guide for this task is done
- The expected result is demonstrated
- Required evidence is attached to the issue
- Actual time is logged against the issue
- Instructor Review is Approved and the status is Completed

**Estimated time:** 5 h

**Next task:** LAB-136","Malware Analysis","V11.0 Threat Hunting & Malware","MOD-50","LAB-134","5","L4 - Advanced","Guided Lab","Analysis Workstation","Screenshot + command output","Ghidra; YARA; capa; VirusTotal; REMnux; FLARE-VM; x64dbg","","Advanced","Practical","0","Incident Response Engineer; Threat Hunter","","","Pending"
"LAB-136","LAB-136","Lab","Normal","[LAB-136] Write YARA rules","**Objective:** Write YARA rules

**Prerequisites:** LAB-135

**Concepts:** Malware lifecycle; PE; ELF; Packers; Obfuscation; Persistence; C2; Static analysis; Dynamic analysis; Behavioral analysis; Instructor-provided training samples only

**Tools:** Ghidra; YARA; capa; VirusTotal; REMnux; FLARE-VM; x64dbg

**Environment:** Analysis Workstation

### Step-by-step activity
Follow the steps for LAB-136 in the module guide: [[MOD-50]]

- [ ] Complete every step in the module guide
- [ ] Verify the expected result
- [ ] Attach the evidence

**Expected result:** As stated for LAB-136 in the module guide.

**Evidence required:** Repository link

**Troubleshooting:** Record each problem and its fix in the issue notes. If stuck for more than 30 minutes, set the status to Blocked and describe the blocker.

**Security relevance:** Builds Malware Analysis skills used by: Incident Response Engineer, Threat Hunter.

**Assessment:** Instructor verifies the expected result from the attached evidence and may ask for a live demonstration. Type: Practical.

### Completion criteria
- Every step of the module guide for this task is done
- The expected result is demonstrated
- Required evidence is attached to the issue
- Actual time is logged against the issue
- Instructor Review is Approved and the status is Completed

**Estimated time:** 4 h

**Next task:** LAB-137","Malware Analysis","V11.0 Threat Hunting & Malware","MOD-50","LAB-135","4","L4 - Advanced","Detection Engineering","Analysis Workstation","Repository link","Ghidra; YARA; capa; VirusTotal; REMnux; FLARE-VM; x64dbg","","Advanced","Practical","0","Incident Response Engineer; Threat Hunter","Detection rule","3","Pending"
"LAB-137","LAB-137","Lab","Normal","[LAB-137] Behavioural analysis of a training sample","**Objective:** Behavioural analysis of a training sample

**Prerequisites:** LAB-136

**Concepts:** Malware lifecycle; PE; ELF; Packers; Obfuscation; Persistence; C2; Static analysis; Dynamic analysis; Behavioral analysis; Instructor-provided training samples only

**Tools:** Ghidra; YARA; capa; VirusTotal; REMnux; FLARE-VM; x64dbg

**Environment:** Analysis Workstation

### Step-by-step activity
Follow the steps for LAB-137 in the module guide: [[MOD-50]]

- [ ] Complete every step in the module guide
- [ ] Verify the expected result
- [ ] Attach the evidence

**Expected result:** As stated for LAB-137 in the module guide.

**Evidence required:** Screenshot + command output

**Troubleshooting:** Record each problem and its fix in the issue notes. If stuck for more than 30 minutes, set the status to Blocked and describe the blocker.

**Security relevance:** Builds Malware Analysis skills used by: Incident Response Engineer, Threat Hunter.

**Assessment:** Instructor verifies the expected result from the attached evidence and may ask for a live demonstration. Type: Practical.

### Completion criteria
- Every step of the module guide for this task is done
- The expected result is demonstrated
- Required evidence is attached to the issue
- Actual time is logged against the issue
- Instructor Review is Approved and the status is Completed

**Estimated time:** 5 h

**Next task:** INV-034","Malware Analysis","V11.0 Threat Hunting & Malware","MOD-50","LAB-136","5","L4 - Advanced","Guided Lab","Analysis Workstation","Screenshot + command output","Ghidra; YARA; capa; VirusTotal; REMnux; FLARE-VM; x64dbg","","Advanced","Practical","0","Incident Response Engineer; Threat Hunter","","","Pending"
"INV-034","INV-034","Investigation","Normal","[INV-034] Analysis report with indicators and detections","**Objective:** Analysis report with indicators and detections

**Prerequisites:** LAB-137

**Concepts:** Malware lifecycle; PE; ELF; Packers; Obfuscation; Persistence; C2; Static analysis; Dynamic analysis; Behavioral analysis; Instructor-provided training samples only

**Tools:** Ghidra; YARA; capa; VirusTotal; REMnux; FLARE-VM; x64dbg

**Environment:** Analysis Workstation

### Step-by-step activity
Follow the steps for INV-034 in the module guide: [[MOD-50]]

- [ ] Complete every step in the module guide
- [ ] Verify the expected result
- [ ] Attach the evidence

**Expected result:** As stated for INV-034 in the module guide.

**Evidence required:** Investigation report

**Troubleshooting:** Record each problem and its fix in the issue notes. If stuck for more than 30 minutes, set the status to Blocked and describe the blocker.

**Security relevance:** Builds Malware Analysis skills used by: Incident Response Engineer, Threat Hunter.

**Assessment:** Instructor grades the investigation report: timeline, evidence, root cause, impact and recommendations. Type: Practical.

### Completion criteria
- Every step of the module guide for this task is done
- The expected result is demonstrated
- Required evidence is attached to the issue
- Actual time is logged against the issue
- Instructor Review is Approved and the status is Completed

**Estimated time:** 5 h

**Next task:** ASM-011","Malware Analysis","V11.0 Threat Hunting & Malware","MOD-50","LAB-137","5","L4 - Advanced","Investigation","Analysis Workstation","Investigation report","Ghidra; YARA; capa; VirusTotal; REMnux; FLARE-VM; x64dbg","","Advanced","Practical","0","Incident Response Engineer; Threat Hunter","Incident investigated","1","Pending"
"ASM-011","ASM-011","Assessment","High","[ASM-011] Phase 11 assessment: threat hunting practical","**Objective:** Phase 11 assessment: threat hunting practical

**Prerequisites:** INV-034

**Concepts:** Malware lifecycle; PE; ELF; Packers; Obfuscation; Persistence; C2; Static analysis; Dynamic analysis; Behavioral analysis; Instructor-provided training samples only

**Tools:** Ghidra; YARA; capa; VirusTotal; REMnux; FLARE-VM; x64dbg

**Environment:** Analysis Workstation

### Step-by-step activity
Follow the steps for ASM-011 in the module guide: [[MOD-50]]

- [ ] Complete every step in the module guide
- [ ] Verify the expected result
- [ ] Attach the evidence

**Expected result:** As stated for ASM-011 in the module guide.

**Evidence required:** Scored result

**Troubleshooting:** Record each problem and its fix in the issue notes. If stuck for more than 30 minutes, set the status to Blocked and describe the blocker.

**Security relevance:** Builds Malware Analysis skills used by: Incident Response Engineer, Threat Hunter.

**Assessment:** Scored 0-100. Pass mark 70. Type: Practical exam.

### Completion criteria
- Every step of the module guide for this task is done
- The expected result is demonstrated
- Required evidence is attached to the issue
- Actual time is logged against the issue
- Instructor Review is Approved and the status is Completed

**Estimated time:** 3 h

**Next task:** Last task of this module","Malware Analysis","V11.0 Threat Hunting & Malware","MOD-50","INV-034","3","L4 - Advanced","Assessment","Analysis Workstation","Scored result","Ghidra; YARA; capa; VirusTotal; REMnux; FLARE-VM; x64dbg","","Advanced","Practical exam","0","Incident Response Engineer; Threat Hunter","","","Pending"
"REVIEW-11","REVIEW-11","Review","High","[REVIEW-11] Phase 11 gate review","**Objective:** Confirm that phase 11 (Threat Hunting & Malware) is complete.

### Checklist
- [ ] Every issue of the phase is Completed
- [ ] Evidence is attached to every issue
- [ ] Time is logged
- [ ] Assessment score is 70 or higher
- [ ] Portfolio items are in the repository

**Assessment:** Instructor confirms every issue of the phase is Completed and records the gate decision.

**Estimated time:** 1 h","","V11.0 Threat Hunting & Malware","PHASE-11","LAB-133, ASM-011","1","","Review","","Instructor sign-off","","","","Review","0","","","","Pending"
"PHASE-12","PHASE-12","Phase","Normal","[PHASE-12] Cloud & DevSecOps","Phase 12 of 15. Version: V12.0 Cloud & DevSecOps.

Modules: 5. Estimated hours: 105.

- MOD-51 AWS Security
- MOD-52 Azure Security
- MOD-53 Container Security
- MOD-54 Kubernetes Security
- MOD-55 DevSecOps Pipeline

The phase closes with the gate review REVIEW-12.","","V12.0 Cloud & DevSecOps","EPIC","","","","","","","","","","","","","","",""
"MOD-51","MOD-51","Module","Normal","[MOD-51] AWS Security","**Topics:** IAM; VPC; Security Groups; NACL; CloudTrail; GuardDuty; Security Hub; KMS; S3 security; EC2 security

**Tools:** AWS Security

**Environment:** AWS

**Tasks:** 6, 24 estimated hours.

**Module guide (steps for every task):** [[MOD-51]]","Cloud Security","V12.0 Cloud & DevSecOps","PHASE-12","","","","","AWS","","AWS Security","","Enterprise","","","Cloud Security Engineer","","",""
"THY-035","THY-035","Theory","Normal","[THY-035] AWS shared responsibility and security services","**Objective:** AWS shared responsibility and security services

**Prerequisites:** LAB-056, LAB-092

**Concepts:** IAM; VPC; Security Groups; NACL; CloudTrail; GuardDuty; Security Hub; KMS; S3 security; EC2 security

**Tools:** AWS Security

**Environment:** AWS

### Step-by-step activity
Follow the steps for THY-035 in the module guide: [[MOD-51]]

- [ ] Complete every step in the module guide
- [ ] Verify the expected result
- [ ] Attach the evidence

**Expected result:** As stated for THY-035 in the module guide.

**Evidence required:** Notes

**Troubleshooting:** Record each problem and its fix in the issue notes. If stuck for more than 30 minutes, set the status to Blocked and describe the blocker.

**Security relevance:** Builds Cloud Security skills used by: Cloud Security Engineer.

**Assessment:** Instructor checks the notes and asks short oral questions on the concepts. Type: Short answers.

### Completion criteria
- Every step of the module guide for this task is done
- The expected result is demonstrated
- Required evidence is attached to the issue
- Actual time is logged against the issue
- Instructor Review is Approved and the status is Completed

**Estimated time:** 3 h

**Next task:** LAB-138","Cloud Security","V12.0 Cloud & DevSecOps","MOD-51","LAB-056, LAB-092","3","L4 - Advanced","Theory","AWS","Notes","AWS Security","","Enterprise","Short answers","0","Cloud Security Engineer","","","Pending"
"LAB-138","LAB-138","Lab","Normal","[LAB-138] IAM review and least privilege","**Objective:** IAM review and least privilege

**Prerequisites:** THY-035

**Concepts:** IAM; VPC; Security Groups; NACL; CloudTrail; GuardDuty; Security Hub; KMS; S3 security; EC2 security

**Tools:** AWS Security

**Environment:** AWS

### Step-by-step activity
Follow the steps for LAB-138 in the module guide: [[MOD-51]]

- [ ] Complete every step in the module guide
- [ ] Verify the expected result
- [ ] Attach the evidence

**Expected result:** As stated for LAB-138 in the module guide.

**Evidence required:** Screenshot + command output

**Troubleshooting:** Record each problem and its fix in the issue notes. If stuck for more than 30 minutes, set the status to Blocked and describe the blocker.

**Security relevance:** Builds Cloud Security skills used by: Cloud Security Engineer.

**Assessment:** Instructor verifies the expected result from the attached evidence and may ask for a live demonstration. Type: Practical.

### Completion criteria
- Every step of the module guide for this task is done
- The expected result is demonstrated
- Required evidence is attached to the issue
- Actual time is logged against the issue
- Instructor Review is Approved and the status is Completed

**Estimated time:** 4 h

**Next task:** LAB-139","Cloud Security","V12.0 Cloud & DevSecOps","MOD-51","THY-035","4","L4 - Advanced","Cloud Lab","AWS","Screenshot + command output","AWS Security","","Enterprise","Practical","0","Cloud Security Engineer","","","Pending"
"LAB-139","LAB-139","Lab","Normal","[LAB-139] VPC, Security Groups and NACLs","**Objective:** VPC, Security Groups and NACLs

**Prerequisites:** LAB-138

**Concepts:** IAM; VPC; Security Groups; NACL; CloudTrail; GuardDuty; Security Hub; KMS; S3 security; EC2 security

**Tools:** AWS Security

**Environment:** AWS

### Step-by-step activity
Follow the steps for LAB-139 in the module guide: [[MOD-51]]

- [ ] Complete every step in the module guide
- [ ] Verify the expected result
- [ ] Attach the evidence

**Expected result:** As stated for LAB-139 in the module guide.

**Evidence required:** Screenshot + command output

**Troubleshooting:** Record each problem and its fix in the issue notes. If stuck for more than 30 minutes, set the status to Blocked and describe the blocker.

**Security relevance:** Builds Cloud Security skills used by: Cloud Security Engineer.

**Assessment:** Instructor verifies the expected result from the attached evidence and may ask for a live demonstration. Type: Practical.

### Completion criteria
- Every step of the module guide for this task is done
- The expected result is demonstrated
- Required evidence is attached to the issue
- Actual time is logged against the issue
- Instructor Review is Approved and the status is Completed

**Estimated time:** 4 h

**Next task:** LAB-140","Cloud Security","V12.0 Cloud & DevSecOps","MOD-51","LAB-138","4","L4 - Advanced","Cloud Lab","AWS","Screenshot + command output","AWS Security","","Enterprise","Practical","0","Cloud Security Engineer","","","Pending"
"LAB-140","LAB-140","Lab","Normal","[LAB-140] CloudTrail, GuardDuty and Security Hub","**Objective:** CloudTrail, GuardDuty and Security Hub

**Prerequisites:** LAB-139

**Concepts:** IAM; VPC; Security Groups; NACL; CloudTrail; GuardDuty; Security Hub; KMS; S3 security; EC2 security

**Tools:** AWS Security

**Environment:** AWS

### Step-by-step activity
Follow the steps for LAB-140 in the module guide: [[MOD-51]]

- [ ] Complete every step in the module guide
- [ ] Verify the expected result
- [ ] Attach the evidence

**Expected result:** As stated for LAB-140 in the module guide.

**Evidence required:** Screenshot + command output

**Troubleshooting:** Record each problem and its fix in the issue notes. If stuck for more than 30 minutes, set the status to Blocked and describe the blocker.

**Security relevance:** Builds Cloud Security skills used by: Cloud Security Engineer.

**Assessment:** Instructor verifies the expected result from the attached evidence and may ask for a live demonstration. Type: Practical.

### Completion criteria
- Every step of the module guide for this task is done
- The expected result is demonstrated
- Required evidence is attached to the issue
- Actual time is logged against the issue
- Instructor Review is Approved and the status is Completed

**Estimated time:** 5 h

**Next task:** LAB-141","Cloud Security","V12.0 Cloud & DevSecOps","MOD-51","LAB-139","5","L4 - Advanced","Cloud Lab","AWS","Screenshot + command output","AWS Security","","Enterprise","Practical","0","Cloud Security Engineer","","","Pending"
"LAB-141","LAB-141","Lab","Normal","[LAB-141] KMS, S3 and EC2 security","**Objective:** KMS, S3 and EC2 security

**Prerequisites:** LAB-140

**Concepts:** IAM; VPC; Security Groups; NACL; CloudTrail; GuardDuty; Security Hub; KMS; S3 security; EC2 security

**Tools:** AWS Security

**Environment:** AWS

### Step-by-step activity
Follow the steps for LAB-141 in the module guide: [[MOD-51]]

- [ ] Complete every step in the module guide
- [ ] Verify the expected result
- [ ] Attach the evidence

**Expected result:** As stated for LAB-141 in the module guide.

**Evidence required:** Screenshot + command output

**Troubleshooting:** Record each problem and its fix in the issue notes. If stuck for more than 30 minutes, set the status to Blocked and describe the blocker.

**Security relevance:** Builds Cloud Security skills used by: Cloud Security Engineer.

**Assessment:** Instructor verifies the expected result from the attached evidence and may ask for a live demonstration. Type: Practical.

### Completion criteria
- Every step of the module guide for this task is done
- The expected result is demonstrated
- Required evidence is attached to the issue
- Actual time is logged against the issue
- Instructor Review is Approved and the status is Completed

**Estimated time:** 4 h

**Next task:** INV-035","Cloud Security","V12.0 Cloud & DevSecOps","MOD-51","LAB-140","4","L4 - Advanced","Cloud Lab","AWS","Screenshot + command output","AWS Security","","Enterprise","Practical","0","Cloud Security Engineer","","","Pending"
"INV-035","INV-035","Investigation","Normal","[INV-035] CloudTrail investigation","**Objective:** CloudTrail investigation

**Prerequisites:** LAB-141

**Concepts:** IAM; VPC; Security Groups; NACL; CloudTrail; GuardDuty; Security Hub; KMS; S3 security; EC2 security

**Tools:** AWS Security

**Environment:** AWS

### Step-by-step activity
Follow the steps for INV-035 in the module guide: [[MOD-51]]

- [ ] Complete every step in the module guide
- [ ] Verify the expected result
- [ ] Attach the evidence

**Expected result:** As stated for INV-035 in the module guide.

**Evidence required:** Investigation report

**Troubleshooting:** Record each problem and its fix in the issue notes. If stuck for more than 30 minutes, set the status to Blocked and describe the blocker.

**Security relevance:** Builds Cloud Security skills used by: Cloud Security Engineer.

**Assessment:** Instructor grades the investigation report: timeline, evidence, root cause, impact and recommendations. Type: Practical.

### Completion criteria
- Every step of the module guide for this task is done
- The expected result is demonstrated
- Required evidence is attached to the issue
- Actual time is logged against the issue
- Instructor Review is Approved and the status is Completed

**Estimated time:** 4 h

**Next task:** Last task of this module","Cloud Security","V12.0 Cloud & DevSecOps","MOD-51","LAB-141","4","L4 - Advanced","Investigation","AWS","Investigation report","AWS Security","","Enterprise","Practical","0","Cloud Security Engineer","Incident investigated","1","Pending"
"MOD-52","MOD-52","Module","Normal","[MOD-52] Azure Security","**Topics:** Entra ID; RBAC; NSG; Defender for Cloud; Sentinel; Key Vault; Azure Monitor

**Tools:** Azure Security; Microsoft Entra ID

**Environment:** Azure

**Tasks:** 4, 16 estimated hours.

**Module guide (steps for every task):** [[MOD-52]]","Cloud Security","V12.0 Cloud & DevSecOps","PHASE-12","","","","","Azure","","Azure Security; Microsoft Entra ID","","Enterprise","","","Cloud Security Engineer","","",""
"LAB-142","LAB-142","Lab","Normal","[LAB-142] Entra ID and Azure RBAC","**Objective:** Entra ID and Azure RBAC

**Prerequisites:** LAB-056, LAB-092

**Concepts:** Entra ID; RBAC; NSG; Defender for Cloud; Sentinel; Key Vault; Azure Monitor

**Tools:** Azure Security; Microsoft Entra ID

**Environment:** Azure

### Step-by-step activity
Follow the steps for LAB-142 in the module guide: [[MOD-52]]

- [ ] Complete every step in the module guide
- [ ] Verify the expected result
- [ ] Attach the evidence

**Expected result:** As stated for LAB-142 in the module guide.

**Evidence required:** Screenshot + command output

**Troubleshooting:** Record each problem and its fix in the issue notes. If stuck for more than 30 minutes, set the status to Blocked and describe the blocker.

**Security relevance:** Builds Cloud Security skills used by: Cloud Security Engineer.

**Assessment:** Instructor verifies the expected result from the attached evidence and may ask for a live demonstration. Type: Practical.

### Completion criteria
- Every step of the module guide for this task is done
- The expected result is demonstrated
- Required evidence is attached to the issue
- Actual time is logged against the issue
- Instructor Review is Approved and the status is Completed

**Estimated time:** 4 h

**Next task:** LAB-143","Cloud Security","V12.0 Cloud & DevSecOps","MOD-52","LAB-056, LAB-092","4","L4 - Advanced","Cloud Lab","Azure","Screenshot + command output","Azure Security; Microsoft Entra ID","","Enterprise","Practical","0","Cloud Security Engineer","","","Pending"
"LAB-143","LAB-143","Lab","Normal","[LAB-143] NSG, Key Vault and Azure Monitor","**Objective:** NSG, Key Vault and Azure Monitor

**Prerequisites:** LAB-142

**Concepts:** Entra ID; RBAC; NSG; Defender for Cloud; Sentinel; Key Vault; Azure Monitor

**Tools:** Azure Security; Microsoft Entra ID

**Environment:** Azure

### Step-by-step activity
Follow the steps for LAB-143 in the module guide: [[MOD-52]]

- [ ] Complete every step in the module guide
- [ ] Verify the expected result
- [ ] Attach the evidence

**Expected result:** As stated for LAB-143 in the module guide.

**Evidence required:** Screenshot + command output

**Troubleshooting:** Record each problem and its fix in the issue notes. If stuck for more than 30 minutes, set the status to Blocked and describe the blocker.

**Security relevance:** Builds Cloud Security skills used by: Cloud Security Engineer.

**Assessment:** Instructor verifies the expected result from the attached evidence and may ask for a live demonstration. Type: Practical.

### Completion criteria
- Every step of the module guide for this task is done
- The expected result is demonstrated
- Required evidence is attached to the issue
- Actual time is logged against the issue
- Instructor Review is Approved and the status is Completed

**Estimated time:** 4 h

**Next task:** LAB-144","Cloud Security","V12.0 Cloud & DevSecOps","MOD-52","LAB-142","4","L4 - Advanced","Cloud Lab","Azure","Screenshot + command output","Azure Security; Microsoft Entra ID","","Enterprise","Practical","0","Cloud Security Engineer","","","Pending"
"LAB-144","LAB-144","Lab","Normal","[LAB-144] Defender for Cloud","**Objective:** Defender for Cloud

**Prerequisites:** LAB-143

**Concepts:** Entra ID; RBAC; NSG; Defender for Cloud; Sentinel; Key Vault; Azure Monitor

**Tools:** Azure Security; Microsoft Entra ID

**Environment:** Azure

### Step-by-step activity
Follow the steps for LAB-144 in the module guide: [[MOD-52]]

- [ ] Complete every step in the module guide
- [ ] Verify the expected result
- [ ] Attach the evidence

**Expected result:** As stated for LAB-144 in the module guide.

**Evidence required:** Screenshot + command output

**Troubleshooting:** Record each problem and its fix in the issue notes. If stuck for more than 30 minutes, set the status to Blocked and describe the blocker.

**Security relevance:** Builds Cloud Security skills used by: Cloud Security Engineer.

**Assessment:** Instructor verifies the expected result from the attached evidence and may ask for a live demonstration. Type: Practical.

### Completion criteria
- Every step of the module guide for this task is done
- The expected result is demonstrated
- Required evidence is attached to the issue
- Actual time is logged against the issue
- Instructor Review is Approved and the status is Completed

**Estimated time:** 4 h

**Next task:** INV-036","Cloud Security","V12.0 Cloud & DevSecOps","MOD-52","LAB-143","4","L4 - Advanced","Cloud Lab","Azure","Screenshot + command output","Azure Security; Microsoft Entra ID","","Enterprise","Practical","0","Cloud Security Engineer","","","Pending"
"INV-036","INV-036","Investigation","Normal","[INV-036] Entra ID sign-in log investigation","**Objective:** Entra ID sign-in log investigation

**Prerequisites:** LAB-144

**Concepts:** Entra ID; RBAC; NSG; Defender for Cloud; Sentinel; Key Vault; Azure Monitor

**Tools:** Azure Security; Microsoft Entra ID

**Environment:** Azure

### Step-by-step activity
Follow the steps for INV-036 in the module guide: [[MOD-52]]

- [ ] Complete every step in the module guide
- [ ] Verify the expected result
- [ ] Attach the evidence

**Expected result:** As stated for INV-036 in the module guide.

**Evidence required:** Investigation report

**Troubleshooting:** Record each problem and its fix in the issue notes. If stuck for more than 30 minutes, set the status to Blocked and describe the blocker.

**Security relevance:** Builds Cloud Security skills used by: Cloud Security Engineer.

**Assessment:** Instructor grades the investigation report: timeline, evidence, root cause, impact and recommendations. Type: Practical.

### Completion criteria
- Every step of the module guide for this task is done
- The expected result is demonstrated
- Required evidence is attached to the issue
- Actual time is logged against the issue
- Instructor Review is Approved and the status is Completed

**Estimated time:** 4 h

**Next task:** Last task of this module","Cloud Security","V12.0 Cloud & DevSecOps","MOD-52","LAB-144","4","L4 - Advanced","Investigation","Azure","Investigation report","Azure Security; Microsoft Entra ID","","Enterprise","Practical","0","Cloud Security Engineer","Incident investigated","1","Pending"
"MOD-53","MOD-53","Module","Normal","[MOD-53] Container Security","**Topics:** Docker security; Container isolation; Images; Registries; Secrets; Capabilities; Namespaces; cgroups; Container networking; Runtime security

**Tools:** Trivy; Grype; Syft; Docker Scout; Falco; Docker

**Environment:** Linux Server

**Tasks:** 4, 15 estimated hours.

**Module guide (steps for every task):** [[MOD-53]]","Container & Kubernetes Security","V12.0 Cloud & DevSecOps","PHASE-12","","","","","Linux Server","","Trivy; Grype; Syft; Docker Scout; Falco; Docker","","Advanced","","","Cloud Security Engineer; DevSecOps Engineer","","",""
"THY-036","THY-036","Theory","Normal","[THY-036] Container isolation model","**Objective:** Container isolation model

**Prerequisites:** LAB-034

**Concepts:** Docker security; Container isolation; Images; Registries; Secrets; Capabilities; Namespaces; cgroups; Container networking; Runtime security

**Tools:** Trivy; Grype; Syft; Docker Scout; Falco; Docker

**Environment:** Linux Server

### Step-by-step activity
Follow the steps for THY-036 in the module guide: [[MOD-53]]

- [ ] Complete every step in the module guide
- [ ] Verify the expected result
- [ ] Attach the evidence

**Expected result:** As stated for THY-036 in the module guide.

**Evidence required:** Notes

**Troubleshooting:** Record each problem and its fix in the issue notes. If stuck for more than 30 minutes, set the status to Blocked and describe the blocker.

**Security relevance:** Builds Container & Kubernetes Security skills used by: Cloud Security Engineer, DevSecOps Engineer.

**Assessment:** Instructor checks the notes and asks short oral questions on the concepts. Type: Short answers.

### Completion criteria
- Every step of the module guide for this task is done
- The expected result is demonstrated
- Required evidence is attached to the issue
- Actual time is logged against the issue
- Instructor Review is Approved and the status is Completed

**Estimated time:** 3 h

**Next task:** LAB-145","Container & Kubernetes Security","V12.0 Cloud & DevSecOps","MOD-53","LAB-034","3","L3 - Intermediate","Theory","Linux Server","Notes","Trivy; Grype; Syft; Docker Scout; Falco; Docker","","Advanced","Short answers","0","Cloud Security Engineer; DevSecOps Engineer","","","Pending"
"LAB-145","LAB-145","Lab","Normal","[LAB-145] Container host and runtime hardening","**Objective:** Container host and runtime hardening

**Prerequisites:** THY-036

**Concepts:** Docker security; Container isolation; Images; Registries; Secrets; Capabilities; Namespaces; cgroups; Container networking; Runtime security

**Tools:** Trivy; Grype; Syft; Docker Scout; Falco; Docker

**Environment:** Linux Server

### Step-by-step activity
Follow the steps for LAB-145 in the module guide: [[MOD-53]]

- [ ] Complete every step in the module guide
- [ ] Verify the expected result
- [ ] Attach the evidence

**Expected result:** As stated for LAB-145 in the module guide.

**Evidence required:** Screenshot + command output

**Troubleshooting:** Record each problem and its fix in the issue notes. If stuck for more than 30 minutes, set the status to Blocked and describe the blocker.

**Security relevance:** Builds Container & Kubernetes Security skills used by: Cloud Security Engineer, DevSecOps Engineer.

**Assessment:** Instructor verifies the expected result from the attached evidence and may ask for a live demonstration. Type: Practical.

### Completion criteria
- Every step of the module guide for this task is done
- The expected result is demonstrated
- Required evidence is attached to the issue
- Actual time is logged against the issue
- Instructor Review is Approved and the status is Completed

**Estimated time:** 4 h

**Next task:** LAB-146","Container & Kubernetes Security","V12.0 Cloud & DevSecOps","MOD-53","THY-036","4","L3 - Intermediate","Hardening","Linux Server","Screenshot + command output","Trivy; Grype; Syft; Docker Scout; Falco; Docker","","Advanced","Practical","0","Cloud Security Engineer; DevSecOps Engineer","","","Pending"
"LAB-146","LAB-146","Lab","Normal","[LAB-146] Image scanning and SBOM","**Objective:** Image scanning and SBOM

**Prerequisites:** LAB-145

**Concepts:** Docker security; Container isolation; Images; Registries; Secrets; Capabilities; Namespaces; cgroups; Container networking; Runtime security

**Tools:** Trivy; Grype; Syft; Docker Scout; Falco; Docker

**Environment:** Linux Server

### Step-by-step activity
Follow the steps for LAB-146 in the module guide: [[MOD-53]]

- [ ] Complete every step in the module guide
- [ ] Verify the expected result
- [ ] Attach the evidence

**Expected result:** As stated for LAB-146 in the module guide.

**Evidence required:** Screenshot + command output

**Troubleshooting:** Record each problem and its fix in the issue notes. If stuck for more than 30 minutes, set the status to Blocked and describe the blocker.

**Security relevance:** Builds Container & Kubernetes Security skills used by: Cloud Security Engineer, DevSecOps Engineer.

**Assessment:** Instructor verifies the expected result from the attached evidence and may ask for a live demonstration. Type: Practical.

### Completion criteria
- Every step of the module guide for this task is done
- The expected result is demonstrated
- Required evidence is attached to the issue
- Actual time is logged against the issue
- Instructor Review is Approved and the status is Completed

**Estimated time:** 4 h

**Next task:** LAB-147","Container & Kubernetes Security","V12.0 Cloud & DevSecOps","MOD-53","LAB-145","4","L3 - Intermediate","Guided Lab","Linux Server","Screenshot + command output","Trivy; Grype; Syft; Docker Scout; Falco; Docker","","Advanced","Practical","0","Cloud Security Engineer; DevSecOps Engineer","","","Pending"
"LAB-147","LAB-147","Lab","Normal","[LAB-147] Runtime detection with Falco","**Objective:** Runtime detection with Falco

**Prerequisites:** LAB-146

**Concepts:** Docker security; Container isolation; Images; Registries; Secrets; Capabilities; Namespaces; cgroups; Container networking; Runtime security

**Tools:** Trivy; Grype; Syft; Docker Scout; Falco; Docker

**Environment:** Linux Server

### Step-by-step activity
Follow the steps for LAB-147 in the module guide: [[MOD-53]]

- [ ] Complete every step in the module guide
- [ ] Verify the expected result
- [ ] Attach the evidence

**Expected result:** As stated for LAB-147 in the module guide.

**Evidence required:** Repository link

**Troubleshooting:** Record each problem and its fix in the issue notes. If stuck for more than 30 minutes, set the status to Blocked and describe the blocker.

**Security relevance:** Builds Container & Kubernetes Security skills used by: Cloud Security Engineer, DevSecOps Engineer.

**Assessment:** Instructor verifies the expected result from the attached evidence and may ask for a live demonstration. Type: Practical.

### Completion criteria
- Every step of the module guide for this task is done
- The expected result is demonstrated
- Required evidence is attached to the issue
- Actual time is logged against the issue
- Instructor Review is Approved and the status is Completed

**Estimated time:** 4 h

**Next task:** Last task of this module","Container & Kubernetes Security","V12.0 Cloud & DevSecOps","MOD-53","LAB-146","4","L3 - Intermediate","Detection Engineering","Linux Server","Repository link","Trivy; Grype; Syft; Docker Scout; Falco; Docker","","Advanced","Practical","0","Cloud Security Engineer; DevSecOps Engineer","Detection rule","2","Pending"
"MOD-54","MOD-54","Module","Normal","[MOD-54] Kubernetes Security","**Topics:** RBAC; Service Accounts; Network Policies; Secrets; Pod Security; Admission Controllers; API security; etcd; Kubernetes audit logs

**Tools:** Falco; Trivy; Kubescape; kube-bench; Kyverno; OPA Gatekeeper

**Environment:** Kubernetes Lab Cluster

**Tasks:** 5, 21 estimated hours.

**Module guide (steps for every task):** [[MOD-54]]","Container & Kubernetes Security","V12.0 Cloud & DevSecOps","PHASE-12","","","","","Kubernetes Lab Cluster","","Falco; Trivy; Kubescape; kube-bench; Kyverno; OPA Gatekeeper","","Advanced","","","Cloud Security Engineer; DevSecOps Engineer","","",""
"LAB-148","LAB-148","Lab","Normal","[LAB-148] Lab cluster, RBAC and service accounts","**Objective:** Lab cluster, RBAC and service accounts

**Prerequisites:** LAB-147

**Concepts:** RBAC; Service Accounts; Network Policies; Secrets; Pod Security; Admission Controllers; API security; etcd; Kubernetes audit logs

**Tools:** Falco; Trivy; Kubescape; kube-bench; Kyverno; OPA Gatekeeper

**Environment:** Kubernetes Lab Cluster

### Step-by-step activity
Follow the steps for LAB-148 in the module guide: [[MOD-54]]

- [ ] Complete every step in the module guide
- [ ] Verify the expected result
- [ ] Attach the evidence

**Expected result:** As stated for LAB-148 in the module guide.

**Evidence required:** Screenshot + command output

**Troubleshooting:** Record each problem and its fix in the issue notes. If stuck for more than 30 minutes, set the status to Blocked and describe the blocker.

**Security relevance:** Builds Container & Kubernetes Security skills used by: Cloud Security Engineer, DevSecOps Engineer.

**Assessment:** Instructor verifies the expected result from the attached evidence and may ask for a live demonstration. Type: Practical.

### Completion criteria
- Every step of the module guide for this task is done
- The expected result is demonstrated
- Required evidence is attached to the issue
- Actual time is logged against the issue
- Instructor Review is Approved and the status is Completed

**Estimated time:** 5 h

**Next task:** LAB-149","Container & Kubernetes Security","V12.0 Cloud & DevSecOps","MOD-54","LAB-147","5","L4 - Advanced","Setup","Kubernetes Lab Cluster","Screenshot + command output","Falco; Trivy; Kubescape; kube-bench; Kyverno; OPA Gatekeeper","","Advanced","Practical","0","Cloud Security Engineer; DevSecOps Engineer","","","Pending"
"LAB-149","LAB-149","Lab","Normal","[LAB-149] Network Policies and Pod Security","**Objective:** Network Policies and Pod Security

**Prerequisites:** LAB-148

**Concepts:** RBAC; Service Accounts; Network Policies; Secrets; Pod Security; Admission Controllers; API security; etcd; Kubernetes audit logs

**Tools:** Falco; Trivy; Kubescape; kube-bench; Kyverno; OPA Gatekeeper

**Environment:** Kubernetes Lab Cluster

### Step-by-step activity
Follow the steps for LAB-149 in the module guide: [[MOD-54]]

- [ ] Complete every step in the module guide
- [ ] Verify the expected result
- [ ] Attach the evidence

**Expected result:** As stated for LAB-149 in the module guide.

**Evidence required:** Screenshot + command output

**Troubleshooting:** Record each problem and its fix in the issue notes. If stuck for more than 30 minutes, set the status to Blocked and describe the blocker.

**Security relevance:** Builds Container & Kubernetes Security skills used by: Cloud Security Engineer, DevSecOps Engineer.

**Assessment:** Instructor verifies the expected result from the attached evidence and may ask for a live demonstration. Type: Practical.

### Completion criteria
- Every step of the module guide for this task is done
- The expected result is demonstrated
- Required evidence is attached to the issue
- Actual time is logged against the issue
- Instructor Review is Approved and the status is Completed

**Estimated time:** 4 h

**Next task:** LAB-150","Container & Kubernetes Security","V12.0 Cloud & DevSecOps","MOD-54","LAB-148","4","L4 - Advanced","Hardening","Kubernetes Lab Cluster","Screenshot + command output","Falco; Trivy; Kubescape; kube-bench; Kyverno; OPA Gatekeeper","","Advanced","Practical","0","Cloud Security Engineer; DevSecOps Engineer","","","Pending"
"LAB-150","LAB-150","Lab","Normal","[LAB-150] Benchmark with kube-bench and Kubescape","**Objective:** Benchmark with kube-bench and Kubescape

**Prerequisites:** LAB-149

**Concepts:** RBAC; Service Accounts; Network Policies; Secrets; Pod Security; Admission Controllers; API security; etcd; Kubernetes audit logs

**Tools:** Falco; Trivy; Kubescape; kube-bench; Kyverno; OPA Gatekeeper

**Environment:** Kubernetes Lab Cluster

### Step-by-step activity
Follow the steps for LAB-150 in the module guide: [[MOD-54]]

- [ ] Complete every step in the module guide
- [ ] Verify the expected result
- [ ] Attach the evidence

**Expected result:** As stated for LAB-150 in the module guide.

**Evidence required:** Screenshot + command output

**Troubleshooting:** Record each problem and its fix in the issue notes. If stuck for more than 30 minutes, set the status to Blocked and describe the blocker.

**Security relevance:** Builds Container & Kubernetes Security skills used by: Cloud Security Engineer, DevSecOps Engineer.

**Assessment:** Instructor verifies the expected result from the attached evidence and may ask for a live demonstration. Type: Practical.

### Completion criteria
- Every step of the module guide for this task is done
- The expected result is demonstrated
- Required evidence is attached to the issue
- Actual time is logged against the issue
- Instructor Review is Approved and the status is Completed

**Estimated time:** 4 h

**Next task:** LAB-151","Container & Kubernetes Security","V12.0 Cloud & DevSecOps","MOD-54","LAB-149","4","L4 - Advanced","Hardening","Kubernetes Lab Cluster","Screenshot + command output","Falco; Trivy; Kubescape; kube-bench; Kyverno; OPA Gatekeeper","","Advanced","Practical","0","Cloud Security Engineer; DevSecOps Engineer","","","Pending"
"LAB-151","LAB-151","Lab","Normal","[LAB-151] Admission policy with Kyverno","**Objective:** Admission policy with Kyverno

**Prerequisites:** LAB-150

**Concepts:** RBAC; Service Accounts; Network Policies; Secrets; Pod Security; Admission Controllers; API security; etcd; Kubernetes audit logs

**Tools:** Falco; Trivy; Kubescape; kube-bench; Kyverno; OPA Gatekeeper

**Environment:** Kubernetes Lab Cluster

### Step-by-step activity
Follow the steps for LAB-151 in the module guide: [[MOD-54]]

- [ ] Complete every step in the module guide
- [ ] Verify the expected result
- [ ] Attach the evidence

**Expected result:** As stated for LAB-151 in the module guide.

**Evidence required:** Screenshot + command output

**Troubleshooting:** Record each problem and its fix in the issue notes. If stuck for more than 30 minutes, set the status to Blocked and describe the blocker.

**Security relevance:** Builds Container & Kubernetes Security skills used by: Cloud Security Engineer, DevSecOps Engineer.

**Assessment:** Instructor verifies the expected result from the attached evidence and may ask for a live demonstration. Type: Practical.

### Completion criteria
- Every step of the module guide for this task is done
- The expected result is demonstrated
- Required evidence is attached to the issue
- Actual time is logged against the issue
- Instructor Review is Approved and the status is Completed

**Estimated time:** 4 h

**Next task:** LAB-152","Container & Kubernetes Security","V12.0 Cloud & DevSecOps","MOD-54","LAB-150","4","L4 - Advanced","Hardening","Kubernetes Lab Cluster","Screenshot + command output","Falco; Trivy; Kubescape; kube-bench; Kyverno; OPA Gatekeeper","","Advanced","Practical","0","Cloud Security Engineer; DevSecOps Engineer","","","Pending"
"LAB-152","LAB-152","Lab","Normal","[LAB-152] Kubernetes audit logs and Falco","**Objective:** Kubernetes audit logs and Falco

**Prerequisites:** LAB-151

**Concepts:** RBAC; Service Accounts; Network Policies; Secrets; Pod Security; Admission Controllers; API security; etcd; Kubernetes audit logs

**Tools:** Falco; Trivy; Kubescape; kube-bench; Kyverno; OPA Gatekeeper

**Environment:** Kubernetes Lab Cluster

### Step-by-step activity
Follow the steps for LAB-152 in the module guide: [[MOD-54]]

- [ ] Complete every step in the module guide
- [ ] Verify the expected result
- [ ] Attach the evidence

**Expected result:** As stated for LAB-152 in the module guide.

**Evidence required:** Screenshot + command output

**Troubleshooting:** Record each problem and its fix in the issue notes. If stuck for more than 30 minutes, set the status to Blocked and describe the blocker.

**Security relevance:** Builds Container & Kubernetes Security skills used by: Cloud Security Engineer, DevSecOps Engineer.

**Assessment:** Instructor verifies the expected result from the attached evidence and may ask for a live demonstration. Type: Practical.

### Completion criteria
- Every step of the module guide for this task is done
- The expected result is demonstrated
- Required evidence is attached to the issue
- Actual time is logged against the issue
- Instructor Review is Approved and the status is Completed

**Estimated time:** 4 h

**Next task:** Last task of this module","Container & Kubernetes Security","V12.0 Cloud & DevSecOps","MOD-54","LAB-151","4","L4 - Advanced","Guided Lab","Kubernetes Lab Cluster","Screenshot + command output","Falco; Trivy; Kubescape; kube-bench; Kyverno; OPA Gatekeeper","","Advanced","Practical","0","Cloud Security Engineer; DevSecOps Engineer","","","Pending"
"MOD-55","MOD-55","Module","Normal","[MOD-55] DevSecOps Pipeline","**Topics:** Git; CI/CD; SAST; SCA; Secrets Scan; Container Scan; DAST; Deployment; Runtime Security

**Tools:** GitLab; Semgrep; Gitleaks; Trivy; OWASP ZAP; Syft; Grype

**Environment:** Lab Network

**Tasks:** 6, 28 estimated hours.

**Module guide (steps for every task):** [[MOD-55]]","DevSecOps","V12.0 Cloud & DevSecOps","PHASE-12","","","","","Lab Network","","GitLab; Semgrep; Gitleaks; Trivy; OWASP ZAP; Syft; Grype","","Advanced","","","DevSecOps Engineer","","",""
"THY-037","THY-037","Theory","Normal","[THY-037] Security stages in a delivery pipeline","**Objective:** Security stages in a delivery pipeline

**Prerequisites:** LAB-147, LAB-079

**Concepts:** Git; CI/CD; SAST; SCA; Secrets Scan; Container Scan; DAST; Deployment; Runtime Security

**Tools:** GitLab; Semgrep; Gitleaks; Trivy; OWASP ZAP; Syft; Grype

**Environment:** Lab Network

### Step-by-step activity
Follow the steps for THY-037 in the module guide: [[MOD-55]]

- [ ] Complete every step in the module guide
- [ ] Verify the expected result
- [ ] Attach the evidence

**Expected result:** As stated for THY-037 in the module guide.

**Evidence required:** Notes

**Troubleshooting:** Record each problem and its fix in the issue notes. If stuck for more than 30 minutes, set the status to Blocked and describe the blocker.

**Security relevance:** Builds DevSecOps skills used by: DevSecOps Engineer.

**Assessment:** Instructor checks the notes and asks short oral questions on the concepts. Type: Short answers.

### Completion criteria
- Every step of the module guide for this task is done
- The expected result is demonstrated
- Required evidence is attached to the issue
- Actual time is logged against the issue
- Instructor Review is Approved and the status is Completed

**Estimated time:** 3 h

**Next task:** LAB-153","DevSecOps","V12.0 Cloud & DevSecOps","MOD-55","LAB-147, LAB-079","3","L4 - Advanced","Theory","Lab Network","Notes","GitLab; Semgrep; Gitleaks; Trivy; OWASP ZAP; Syft; Grype","","Advanced","Short answers","0","DevSecOps Engineer","","","Pending"
"LAB-153","LAB-153","Lab","Normal","[LAB-153] SAST and secrets scanning","**Objective:** SAST and secrets scanning

**Prerequisites:** THY-037

**Concepts:** Git; CI/CD; SAST; SCA; Secrets Scan; Container Scan; DAST; Deployment; Runtime Security

**Tools:** GitLab; Semgrep; Gitleaks; Trivy; OWASP ZAP; Syft; Grype

**Environment:** Lab Network

### Step-by-step activity
Follow the steps for LAB-153 in the module guide: [[MOD-55]]

- [ ] Complete every step in the module guide
- [ ] Verify the expected result
- [ ] Attach the evidence

**Expected result:** As stated for LAB-153 in the module guide.

**Evidence required:** Repository link

**Troubleshooting:** Record each problem and its fix in the issue notes. If stuck for more than 30 minutes, set the status to Blocked and describe the blocker.

**Security relevance:** Builds DevSecOps skills used by: DevSecOps Engineer.

**Assessment:** Instructor verifies the expected result from the attached evidence and may ask for a live demonstration. Type: Practical.

### Completion criteria
- Every step of the module guide for this task is done
- The expected result is demonstrated
- Required evidence is attached to the issue
- Actual time is logged against the issue
- Instructor Review is Approved and the status is Completed

**Estimated time:** 4 h

**Next task:** LAB-154","DevSecOps","V12.0 Cloud & DevSecOps","MOD-55","THY-037","4","L4 - Advanced","Automation","Lab Network","Repository link","GitLab; Semgrep; Gitleaks; Trivy; OWASP ZAP; Syft; Grype","","Advanced","Practical","0","DevSecOps Engineer","","","Pending"
"LAB-154","LAB-154","Lab","Normal","[LAB-154] Dependency and container scanning","**Objective:** Dependency and container scanning

**Prerequisites:** LAB-153

**Concepts:** Git; CI/CD; SAST; SCA; Secrets Scan; Container Scan; DAST; Deployment; Runtime Security

**Tools:** GitLab; Semgrep; Gitleaks; Trivy; OWASP ZAP; Syft; Grype

**Environment:** Lab Network

### Step-by-step activity
Follow the steps for LAB-154 in the module guide: [[MOD-55]]

- [ ] Complete every step in the module guide
- [ ] Verify the expected result
- [ ] Attach the evidence

**Expected result:** As stated for LAB-154 in the module guide.

**Evidence required:** Repository link

**Troubleshooting:** Record each problem and its fix in the issue notes. If stuck for more than 30 minutes, set the status to Blocked and describe the blocker.

**Security relevance:** Builds DevSecOps skills used by: DevSecOps Engineer.

**Assessment:** Instructor verifies the expected result from the attached evidence and may ask for a live demonstration. Type: Practical.

### Completion criteria
- Every step of the module guide for this task is done
- The expected result is demonstrated
- Required evidence is attached to the issue
- Actual time is logged against the issue
- Instructor Review is Approved and the status is Completed

**Estimated time:** 4 h

**Next task:** LAB-155","DevSecOps","V12.0 Cloud & DevSecOps","MOD-55","LAB-153","4","L4 - Advanced","Automation","Lab Network","Repository link","GitLab; Semgrep; Gitleaks; Trivy; OWASP ZAP; Syft; Grype","","Advanced","Practical","0","DevSecOps Engineer","","","Pending"
"LAB-155","LAB-155","Lab","Normal","[LAB-155] DAST against the training application","**Objective:** DAST against the training application

**Prerequisites:** LAB-154

**Concepts:** Git; CI/CD; SAST; SCA; Secrets Scan; Container Scan; DAST; Deployment; Runtime Security

**Tools:** GitLab; Semgrep; Gitleaks; Trivy; OWASP ZAP; Syft; Grype

**Environment:** Lab Network

### Step-by-step activity
Follow the steps for LAB-155 in the module guide: [[MOD-55]]

- [ ] Complete every step in the module guide
- [ ] Verify the expected result
- [ ] Attach the evidence

**Expected result:** As stated for LAB-155 in the module guide.

**Evidence required:** Repository link

**Troubleshooting:** Record each problem and its fix in the issue notes. If stuck for more than 30 minutes, set the status to Blocked and describe the blocker.

**Security relevance:** Builds DevSecOps skills used by: DevSecOps Engineer.

**Assessment:** Instructor verifies the expected result from the attached evidence and may ask for a live demonstration. Type: Practical.

### Completion criteria
- Every step of the module guide for this task is done
- The expected result is demonstrated
- Required evidence is attached to the issue
- Actual time is logged against the issue
- Instructor Review is Approved and the status is Completed

**Estimated time:** 4 h

**Next task:** PROJECT-007","DevSecOps","V12.0 Cloud & DevSecOps","MOD-55","LAB-154","4","L4 - Advanced","Automation","Lab Network","Repository link","GitLab; Semgrep; Gitleaks; Trivy; OWASP ZAP; Syft; Grype","","Advanced","Practical","0","DevSecOps Engineer","","","Pending"
"PROJECT-007","PROJECT-007","Project","Normal","[PROJECT-007] Secure delivery pipeline from commit to runtime","**Objective:** Secure delivery pipeline from commit to runtime

**Prerequisites:** LAB-155

**Concepts:** Git; CI/CD; SAST; SCA; Secrets Scan; Container Scan; DAST; Deployment; Runtime Security

**Tools:** GitLab; Semgrep; Gitleaks; Trivy; OWASP ZAP; Syft; Grype

**Environment:** Lab Network

### Step-by-step activity
Follow the steps for PROJECT-007 in the module guide: [[MOD-55]]

- [ ] Complete every step in the module guide
- [ ] Verify the expected result
- [ ] Attach the evidence

**Expected result:** As stated for PROJECT-007 in the module guide.

**Evidence required:** Repository link + documentation

**Troubleshooting:** Record each problem and its fix in the issue notes. If stuck for more than 30 minutes, set the status to Blocked and describe the blocker.

**Security relevance:** Builds DevSecOps skills used by: DevSecOps Engineer.

**Assessment:** Scored 0-100 on working result, documentation and repository quality. Type: Project.

### Completion criteria
- Every step of the module guide for this task is done
- The expected result is demonstrated
- Required evidence is attached to the issue
- Actual time is logged against the issue
- Instructor Review is Approved and the status is Completed

**Estimated time:** 10 h

**Next task:** ASM-012","DevSecOps","V12.0 Cloud & DevSecOps","MOD-55","LAB-155","10","L4 - Advanced","Project","Lab Network","Repository link + documentation","GitLab; Semgrep; Gitleaks; Trivy; OWASP ZAP; Syft; Grype","","Advanced","Project","1","DevSecOps Engineer","","","Pending"
"ASM-012","ASM-012","Assessment","High","[ASM-012] Phase 12 assessment: cloud security assessment","**Objective:** Phase 12 assessment: cloud security assessment

**Prerequisites:** PROJECT-007

**Concepts:** Git; CI/CD; SAST; SCA; Secrets Scan; Container Scan; DAST; Deployment; Runtime Security

**Tools:** GitLab; Semgrep; Gitleaks; Trivy; OWASP ZAP; Syft; Grype

**Environment:** Lab Network

### Step-by-step activity
Follow the steps for ASM-012 in the module guide: [[MOD-55]]

- [ ] Complete every step in the module guide
- [ ] Verify the expected result
- [ ] Attach the evidence

**Expected result:** As stated for ASM-012 in the module guide.

**Evidence required:** Scored result

**Troubleshooting:** Record each problem and its fix in the issue notes. If stuck for more than 30 minutes, set the status to Blocked and describe the blocker.

**Security relevance:** Builds DevSecOps skills used by: DevSecOps Engineer.

**Assessment:** Scored 0-100. Pass mark 70. Type: Practical exam.

### Completion criteria
- Every step of the module guide for this task is done
- The expected result is demonstrated
- Required evidence is attached to the issue
- Actual time is logged against the issue
- Instructor Review is Approved and the status is Completed

**Estimated time:** 3 h

**Next task:** Last task of this module","DevSecOps","V12.0 Cloud & DevSecOps","MOD-55","PROJECT-007","3","L4 - Advanced","Assessment","Lab Network","Scored result","GitLab; Semgrep; Gitleaks; Trivy; OWASP ZAP; Syft; Grype","","Advanced","Practical exam","0","DevSecOps Engineer","","","Pending"
"REVIEW-12","REVIEW-12","Review","High","[REVIEW-12] Phase 12 gate review","**Objective:** Confirm that phase 12 (Cloud & DevSecOps) is complete.

### Checklist
- [ ] Every issue of the phase is Completed
- [ ] Evidence is attached to every issue
- [ ] Time is logged
- [ ] Assessment score is 70 or higher
- [ ] Portfolio items are in the repository

**Assessment:** Instructor confirms every issue of the phase is Completed and records the gate decision.

**Estimated time:** 1 h","","V12.0 Cloud & DevSecOps","PHASE-12","INV-035, INV-036, LAB-147, LAB-152, ASM-012","1","","Review","","Instructor sign-off","","","","Review","0","","","","Pending"
"PHASE-13","PHASE-13","Phase","Normal","[PHASE-13] Security Automation","Phase 13 of 15. Version: V13.0 Security Automation.

Modules: 2. Estimated hours: 75.

- MOD-56 Security Programming
- MOD-57 Security Automation and SOAR

The phase closes with the gate review REVIEW-13.","","V13.0 Security Automation","EPIC","","","","","","","","","","","","","","",""
"MOD-56","MOD-56","Module","Normal","[MOD-56] Security Programming","**Topics:** Python: Requests, JSON, REST APIs, Regex, Pandas, Scapy, Paramiko, psutil, subprocess, sockets, asyncio; PowerShell: Event logs, Active Directory, Automation; SQL: PostgreSQL, SQLite, SQL Server concepts

**Tools:** Python; PowerShell; SQL; PostgreSQL; SQLite

**Environment:** Workstation

**Tasks:** 8, 39 estimated hours.

**Module guide (steps for every task):** [[MOD-56]]","Security Programming","V13.0 Security Automation","PHASE-13","","","","","Workstation","","Python; PowerShell; SQL; PostgreSQL; SQLite","","Core","","","Security Automation Engineer","","",""
"LAB-156","LAB-156","Lab","Normal","[LAB-156] Python fundamentals: files, JSON and regex","**Objective:** Python fundamentals: files, JSON and regex

**Prerequisites:** ASM-003, LAB-045

**Concepts:** Python: Requests, JSON, REST APIs, Regex, Pandas, Scapy, Paramiko, psutil, subprocess, sockets, asyncio; PowerShell: Event logs, Active Directory, Automation; SQL: PostgreSQL, SQLite, SQL Server concepts

**Tools:** Python; PowerShell; SQL; PostgreSQL; SQLite

**Environment:** Workstation

### Step-by-step activity
Follow the steps for LAB-156 in the module guide: [[MOD-56]]

- [ ] Complete every step in the module guide
- [ ] Verify the expected result
- [ ] Attach the evidence

**Expected result:** As stated for LAB-156 in the module guide.

**Evidence required:** Repository link

**Troubleshooting:** Record each problem and its fix in the issue notes. If stuck for more than 30 minutes, set the status to Blocked and describe the blocker.

**Security relevance:** Builds Security Programming skills used by: Security Automation Engineer.

**Assessment:** Instructor verifies the expected result from the attached evidence and may ask for a live demonstration. Type: Practical.

### Completion criteria
- Every step of the module guide for this task is done
- The expected result is demonstrated
- Required evidence is attached to the issue
- Actual time is logged against the issue
- Instructor Review is Approved and the status is Completed

**Estimated time:** 5 h

**Next task:** LAB-157","Security Programming","V13.0 Security Automation","MOD-56","ASM-003, LAB-045","5","L3 - Intermediate","Programming","Workstation","Repository link","Python; PowerShell; SQL; PostgreSQL; SQLite","","Core","Practical","0","Security Automation Engineer","","","Pending"
"LAB-157","LAB-157","Lab","Normal","[LAB-157] REST APIs and an enrichment tool","**Objective:** REST APIs and an enrichment tool

**Prerequisites:** LAB-156

**Concepts:** Python: Requests, JSON, REST APIs, Regex, Pandas, Scapy, Paramiko, psutil, subprocess, sockets, asyncio; PowerShell: Event logs, Active Directory, Automation; SQL: PostgreSQL, SQLite, SQL Server concepts

**Tools:** Python; PowerShell; SQL; PostgreSQL; SQLite

**Environment:** Workstation

### Step-by-step activity
Follow the steps for LAB-157 in the module guide: [[MOD-56]]

- [ ] Complete every step in the module guide
- [ ] Verify the expected result
- [ ] Attach the evidence

**Expected result:** As stated for LAB-157 in the module guide.

**Evidence required:** Repository link

**Troubleshooting:** Record each problem and its fix in the issue notes. If stuck for more than 30 minutes, set the status to Blocked and describe the blocker.

**Security relevance:** Builds Security Programming skills used by: Security Automation Engineer.

**Assessment:** Instructor verifies the expected result from the attached evidence and may ask for a live demonstration. Type: Practical.

### Completion criteria
- Every step of the module guide for this task is done
- The expected result is demonstrated
- Required evidence is attached to the issue
- Actual time is logged against the issue
- Instructor Review is Approved and the status is Completed

**Estimated time:** 5 h

**Next task:** LAB-158","Security Programming","V13.0 Security Automation","MOD-56","LAB-156","5","L3 - Intermediate","Programming","Workstation","Repository link","Python; PowerShell; SQL; PostgreSQL; SQLite","","Core","Practical","0","Security Automation Engineer","","","Pending"
"LAB-158","LAB-158","Lab","Normal","[LAB-158] Log analysis with Pandas","**Objective:** Log analysis with Pandas

**Prerequisites:** LAB-157

**Concepts:** Python: Requests, JSON, REST APIs, Regex, Pandas, Scapy, Paramiko, psutil, subprocess, sockets, asyncio; PowerShell: Event logs, Active Directory, Automation; SQL: PostgreSQL, SQLite, SQL Server concepts

**Tools:** Python; PowerShell; SQL; PostgreSQL; SQLite

**Environment:** Workstation

### Step-by-step activity
Follow the steps for LAB-158 in the module guide: [[MOD-56]]

- [ ] Complete every step in the module guide
- [ ] Verify the expected result
- [ ] Attach the evidence

**Expected result:** As stated for LAB-158 in the module guide.

**Evidence required:** Repository link

**Troubleshooting:** Record each problem and its fix in the issue notes. If stuck for more than 30 minutes, set the status to Blocked and describe the blocker.

**Security relevance:** Builds Security Programming skills used by: Security Automation Engineer.

**Assessment:** Instructor verifies the expected result from the attached evidence and may ask for a live demonstration. Type: Practical.

### Completion criteria
- Every step of the module guide for this task is done
- The expected result is demonstrated
- Required evidence is attached to the issue
- Actual time is logged against the issue
- Instructor Review is Approved and the status is Completed

**Estimated time:** 4 h

**Next task:** LAB-159","Security Programming","V13.0 Security Automation","MOD-56","LAB-157","4","L3 - Intermediate","Programming","Workstation","Repository link","Python; PowerShell; SQL; PostgreSQL; SQLite","","Core","Practical","0","Security Automation Engineer","","","Pending"
"LAB-159","LAB-159","Lab","Normal","[LAB-159] Sockets and packet parsing with Scapy","**Objective:** Sockets and packet parsing with Scapy

**Prerequisites:** LAB-158

**Concepts:** Python: Requests, JSON, REST APIs, Regex, Pandas, Scapy, Paramiko, psutil, subprocess, sockets, asyncio; PowerShell: Event logs, Active Directory, Automation; SQL: PostgreSQL, SQLite, SQL Server concepts

**Tools:** Python; PowerShell; SQL; PostgreSQL; SQLite

**Environment:** Workstation

### Step-by-step activity
Follow the steps for LAB-159 in the module guide: [[MOD-56]]

- [ ] Complete every step in the module guide
- [ ] Verify the expected result
- [ ] Attach the evidence

**Expected result:** As stated for LAB-159 in the module guide.

**Evidence required:** Repository link

**Troubleshooting:** Record each problem and its fix in the issue notes. If stuck for more than 30 minutes, set the status to Blocked and describe the blocker.

**Security relevance:** Builds Security Programming skills used by: Security Automation Engineer.

**Assessment:** Instructor verifies the expected result from the attached evidence and may ask for a live demonstration. Type: Practical.

### Completion criteria
- Every step of the module guide for this task is done
- The expected result is demonstrated
- Required evidence is attached to the issue
- Actual time is logged against the issue
- Instructor Review is Approved and the status is Completed

**Estimated time:** 4 h

**Next task:** LAB-160","Security Programming","V13.0 Security Automation","MOD-56","LAB-158","4","L3 - Intermediate","Programming","Workstation","Repository link","Python; PowerShell; SQL; PostgreSQL; SQLite","","Core","Practical","0","Security Automation Engineer","","","Pending"
"LAB-160","LAB-160","Lab","Normal","[LAB-160] Host automation with Paramiko, psutil, subprocess and asyncio","**Objective:** Host automation with Paramiko, psutil, subprocess and asyncio

**Prerequisites:** LAB-159

**Concepts:** Python: Requests, JSON, REST APIs, Regex, Pandas, Scapy, Paramiko, psutil, subprocess, sockets, asyncio; PowerShell: Event logs, Active Directory, Automation; SQL: PostgreSQL, SQLite, SQL Server concepts

**Tools:** Python; PowerShell; SQL; PostgreSQL; SQLite

**Environment:** Workstation

### Step-by-step activity
Follow the steps for LAB-160 in the module guide: [[MOD-56]]

- [ ] Complete every step in the module guide
- [ ] Verify the expected result
- [ ] Attach the evidence

**Expected result:** As stated for LAB-160 in the module guide.

**Evidence required:** Repository link

**Troubleshooting:** Record each problem and its fix in the issue notes. If stuck for more than 30 minutes, set the status to Blocked and describe the blocker.

**Security relevance:** Builds Security Programming skills used by: Security Automation Engineer.

**Assessment:** Instructor verifies the expected result from the attached evidence and may ask for a live demonstration. Type: Practical.

### Completion criteria
- Every step of the module guide for this task is done
- The expected result is demonstrated
- Required evidence is attached to the issue
- Actual time is logged against the issue
- Instructor Review is Approved and the status is Completed

**Estimated time:** 5 h

**Next task:** LAB-161","Security Programming","V13.0 Security Automation","MOD-56","LAB-159","5","L3 - Intermediate","Programming","Workstation","Repository link","Python; PowerShell; SQL; PostgreSQL; SQLite","","Core","Practical","0","Security Automation Engineer","","","Pending"
"LAB-161","LAB-161","Lab","Normal","[LAB-161] SQL for security data","**Objective:** SQL for security data

**Prerequisites:** LAB-160

**Concepts:** Python: Requests, JSON, REST APIs, Regex, Pandas, Scapy, Paramiko, psutil, subprocess, sockets, asyncio; PowerShell: Event logs, Active Directory, Automation; SQL: PostgreSQL, SQLite, SQL Server concepts

**Tools:** Python; PowerShell; SQL; PostgreSQL; SQLite

**Environment:** Workstation

### Step-by-step activity
Follow the steps for LAB-161 in the module guide: [[MOD-56]]

- [ ] Complete every step in the module guide
- [ ] Verify the expected result
- [ ] Attach the evidence

**Expected result:** As stated for LAB-161 in the module guide.

**Evidence required:** Repository link

**Troubleshooting:** Record each problem and its fix in the issue notes. If stuck for more than 30 minutes, set the status to Blocked and describe the blocker.

**Security relevance:** Builds Security Programming skills used by: Security Automation Engineer.

**Assessment:** Instructor verifies the expected result from the attached evidence and may ask for a live demonstration. Type: Practical.

### Completion criteria
- Every step of the module guide for this task is done
- The expected result is demonstrated
- Required evidence is attached to the issue
- Actual time is logged against the issue
- Instructor Review is Approved and the status is Completed

**Estimated time:** 4 h

**Next task:** LAB-162","Security Programming","V13.0 Security Automation","MOD-56","LAB-160","4","L3 - Intermediate","Programming","Workstation","Repository link","Python; PowerShell; SQL; PostgreSQL; SQLite","","Core","Practical","0","Security Automation Engineer","","","Pending"
"LAB-162","LAB-162","Lab","Normal","[LAB-162] PowerShell for Active Directory reporting","**Objective:** PowerShell for Active Directory reporting

**Prerequisites:** LAB-161

**Concepts:** Python: Requests, JSON, REST APIs, Regex, Pandas, Scapy, Paramiko, psutil, subprocess, sockets, asyncio; PowerShell: Event logs, Active Directory, Automation; SQL: PostgreSQL, SQLite, SQL Server concepts

**Tools:** Python; PowerShell; SQL; PostgreSQL; SQLite

**Environment:** Workstation

### Step-by-step activity
Follow the steps for LAB-162 in the module guide: [[MOD-56]]

- [ ] Complete every step in the module guide
- [ ] Verify the expected result
- [ ] Attach the evidence

**Expected result:** As stated for LAB-162 in the module guide.

**Evidence required:** Repository link

**Troubleshooting:** Record each problem and its fix in the issue notes. If stuck for more than 30 minutes, set the status to Blocked and describe the blocker.

**Security relevance:** Builds Security Programming skills used by: Security Automation Engineer.

**Assessment:** Instructor verifies the expected result from the attached evidence and may ask for a live demonstration. Type: Practical.

### Completion criteria
- Every step of the module guide for this task is done
- The expected result is demonstrated
- Required evidence is attached to the issue
- Actual time is logged against the issue
- Instructor Review is Approved and the status is Completed

**Estimated time:** 4 h

**Next task:** PROJECT-008","Security Programming","V13.0 Security Automation","MOD-56","LAB-161","4","L3 - Intermediate","Programming","Workstation","Repository link","Python; PowerShell; SQL; PostgreSQL; SQLite","","Core","Practical","0","Security Automation Engineer","","","Pending"
"PROJECT-008","PROJECT-008","Project","Normal","[PROJECT-008] Security toolkit command-line project","**Objective:** Security toolkit command-line project

**Prerequisites:** LAB-162

**Concepts:** Python: Requests, JSON, REST APIs, Regex, Pandas, Scapy, Paramiko, psutil, subprocess, sockets, asyncio; PowerShell: Event logs, Active Directory, Automation; SQL: PostgreSQL, SQLite, SQL Server concepts

**Tools:** Python; PowerShell; SQL; PostgreSQL; SQLite

**Environment:** Workstation

### Step-by-step activity
Follow the steps for PROJECT-008 in the module guide: [[MOD-56]]

- [ ] Complete every step in the module guide
- [ ] Verify the expected result
- [ ] Attach the evidence

**Expected result:** As stated for PROJECT-008 in the module guide.

**Evidence required:** Repository link + documentation

**Troubleshooting:** Record each problem and its fix in the issue notes. If stuck for more than 30 minutes, set the status to Blocked and describe the blocker.

**Security relevance:** Builds Security Programming skills used by: Security Automation Engineer.

**Assessment:** Scored 0-100 on working result, documentation and repository quality. Type: Project.

### Completion criteria
- Every step of the module guide for this task is done
- The expected result is demonstrated
- Required evidence is attached to the issue
- Actual time is logged against the issue
- Instructor Review is Approved and the status is Completed

**Estimated time:** 8 h

**Next task:** Last task of this module","Security Programming","V13.0 Security Automation","MOD-56","LAB-162","8","L3 - Intermediate","Project","Workstation","Repository link + documentation","Python; PowerShell; SQL; PostgreSQL; SQLite","","Core","Project","1","Security Automation Engineer","","","Pending"
"MOD-57","MOD-57","Module","Normal","[MOD-57] Security Automation and SOAR","**Topics:** Playbooks; Automated enrichment; Automated response; IOC blocking; User disabling; Email quarantine; Notifications; Ticket creation; API integration; Tines concepts; Sentinel automation

**Tools:** n8n; Shuffle; TheHive; Cortex; Python

**Environment:** SOC Stack

**Tasks:** 8, 35 estimated hours.

**Module guide (steps for every task):** [[MOD-57]]","Security Automation","V13.0 Security Automation","PHASE-13","","","","","SOC Stack","","n8n; Shuffle; TheHive; Cortex; Python","","Advanced","","","Security Automation Engineer","","",""
"THY-038","THY-038","Theory","Normal","[THY-038] SOAR concepts and playbook design","**Objective:** SOAR concepts and playbook design

**Prerequisites:** PROJECT-008, LAB-116, LAB-111

**Concepts:** Playbooks; Automated enrichment; Automated response; IOC blocking; User disabling; Email quarantine; Notifications; Ticket creation; API integration; Tines concepts; Sentinel automation

**Tools:** n8n; Shuffle; TheHive; Cortex; Python

**Environment:** SOC Stack

### Step-by-step activity
Follow the steps for THY-038 in the module guide: [[MOD-57]]

- [ ] Complete every step in the module guide
- [ ] Verify the expected result
- [ ] Attach the evidence

**Expected result:** As stated for THY-038 in the module guide.

**Evidence required:** Notes

**Troubleshooting:** Record each problem and its fix in the issue notes. If stuck for more than 30 minutes, set the status to Blocked and describe the blocker.

**Security relevance:** Builds Security Automation skills used by: Security Automation Engineer.

**Assessment:** Instructor checks the notes and asks short oral questions on the concepts. Type: Short answers.

### Completion criteria
- Every step of the module guide for this task is done
- The expected result is demonstrated
- Required evidence is attached to the issue
- Actual time is logged against the issue
- Instructor Review is Approved and the status is Completed

**Estimated time:** 3 h

**Next task:** LAB-163","Security Automation","V13.0 Security Automation","MOD-57","PROJECT-008, LAB-116, LAB-111","3","L4 - Advanced","Theory","SOC Stack","Notes","n8n; Shuffle; TheHive; Cortex; Python","","Advanced","Short answers","0","Security Automation Engineer","","","Pending"
"LAB-163","LAB-163","Lab","Normal","[LAB-163] Deploy n8n and build a first workflow","**Objective:** Deploy n8n and build a first workflow

**Prerequisites:** THY-038

**Concepts:** Playbooks; Automated enrichment; Automated response; IOC blocking; User disabling; Email quarantine; Notifications; Ticket creation; API integration; Tines concepts; Sentinel automation

**Tools:** n8n; Shuffle; TheHive; Cortex; Python

**Environment:** SOC Stack

### Step-by-step activity
Follow the steps for LAB-163 in the module guide: [[MOD-57]]

- [ ] Complete every step in the module guide
- [ ] Verify the expected result
- [ ] Attach the evidence

**Expected result:** As stated for LAB-163 in the module guide.

**Evidence required:** Screenshot + command output

**Troubleshooting:** Record each problem and its fix in the issue notes. If stuck for more than 30 minutes, set the status to Blocked and describe the blocker.

**Security relevance:** Builds Security Automation skills used by: Security Automation Engineer.

**Assessment:** Instructor verifies the expected result from the attached evidence and may ask for a live demonstration. Type: Practical.

### Completion criteria
- Every step of the module guide for this task is done
- The expected result is demonstrated
- Required evidence is attached to the issue
- Actual time is logged against the issue
- Instructor Review is Approved and the status is Completed

**Estimated time:** 4 h

**Next task:** LAB-164","Security Automation","V13.0 Security Automation","MOD-57","THY-038","4","L4 - Advanced","Setup","SOC Stack","Screenshot + command output","n8n; Shuffle; TheHive; Cortex; Python","","Advanced","Practical","0","Security Automation Engineer","","","Pending"
"LAB-164","LAB-164","Lab","Normal","[LAB-164] Workflow pack 1: alert enrichment and ticket creation","**Objective:** Workflow pack 1: alert enrichment and ticket creation

**Prerequisites:** LAB-163

**Concepts:** Playbooks; Automated enrichment; Automated response; IOC blocking; User disabling; Email quarantine; Notifications; Ticket creation; API integration; Tines concepts; Sentinel automation

**Tools:** n8n; Shuffle; TheHive; Cortex; Python

**Environment:** SOC Stack

### Step-by-step activity
Follow the steps for LAB-164 in the module guide: [[MOD-57]]

- [ ] Complete every step in the module guide
- [ ] Verify the expected result
- [ ] Attach the evidence

**Expected result:** As stated for LAB-164 in the module guide.

**Evidence required:** Repository link

**Troubleshooting:** Record each problem and its fix in the issue notes. If stuck for more than 30 minutes, set the status to Blocked and describe the blocker.

**Security relevance:** Builds Security Automation skills used by: Security Automation Engineer.

**Assessment:** Instructor verifies the expected result from the attached evidence and may ask for a live demonstration. Type: Practical.

### Completion criteria
- Every step of the module guide for this task is done
- The expected result is demonstrated
- Required evidence is attached to the issue
- Actual time is logged against the issue
- Instructor Review is Approved and the status is Completed

**Estimated time:** 5 h

**Next task:** LAB-165","Security Automation","V13.0 Security Automation","MOD-57","LAB-163","5","L4 - Advanced","Automation","SOC Stack","Repository link","n8n; Shuffle; TheHive; Cortex; Python","","Advanced","Practical","0","Security Automation Engineer","Automation workflow","2","Pending"
"LAB-165","LAB-165","Lab","Normal","[LAB-165] Workflow pack 2: phishing triage and email quarantine","**Objective:** Workflow pack 2: phishing triage and email quarantine

**Prerequisites:** LAB-164

**Concepts:** Playbooks; Automated enrichment; Automated response; IOC blocking; User disabling; Email quarantine; Notifications; Ticket creation; API integration; Tines concepts; Sentinel automation

**Tools:** n8n; Shuffle; TheHive; Cortex; Python

**Environment:** SOC Stack

### Step-by-step activity
Follow the steps for LAB-165 in the module guide: [[MOD-57]]

- [ ] Complete every step in the module guide
- [ ] Verify the expected result
- [ ] Attach the evidence

**Expected result:** As stated for LAB-165 in the module guide.

**Evidence required:** Repository link

**Troubleshooting:** Record each problem and its fix in the issue notes. If stuck for more than 30 minutes, set the status to Blocked and describe the blocker.

**Security relevance:** Builds Security Automation skills used by: Security Automation Engineer.

**Assessment:** Instructor verifies the expected result from the attached evidence and may ask for a live demonstration. Type: Practical.

### Completion criteria
- Every step of the module guide for this task is done
- The expected result is demonstrated
- Required evidence is attached to the issue
- Actual time is logged against the issue
- Instructor Review is Approved and the status is Completed

**Estimated time:** 5 h

**Next task:** LAB-166","Security Automation","V13.0 Security Automation","MOD-57","LAB-164","5","L4 - Advanced","Automation","SOC Stack","Repository link","n8n; Shuffle; TheHive; Cortex; Python","","Advanced","Practical","0","Security Automation Engineer","Automation workflow","2","Pending"
"LAB-166","LAB-166","Lab","Normal","[LAB-166] Workflow pack 3: indicator blocking and intelligence sync","**Objective:** Workflow pack 3: indicator blocking and intelligence sync

**Prerequisites:** LAB-165

**Concepts:** Playbooks; Automated enrichment; Automated response; IOC blocking; User disabling; Email quarantine; Notifications; Ticket creation; API integration; Tines concepts; Sentinel automation

**Tools:** n8n; Shuffle; TheHive; Cortex; Python

**Environment:** SOC Stack

### Step-by-step activity
Follow the steps for LAB-166 in the module guide: [[MOD-57]]

- [ ] Complete every step in the module guide
- [ ] Verify the expected result
- [ ] Attach the evidence

**Expected result:** As stated for LAB-166 in the module guide.

**Evidence required:** Repository link

**Troubleshooting:** Record each problem and its fix in the issue notes. If stuck for more than 30 minutes, set the status to Blocked and describe the blocker.

**Security relevance:** Builds Security Automation skills used by: Security Automation Engineer.

**Assessment:** Instructor verifies the expected result from the attached evidence and may ask for a live demonstration. Type: Practical.

### Completion criteria
- Every step of the module guide for this task is done
- The expected result is demonstrated
- Required evidence is attached to the issue
- Actual time is logged against the issue
- Instructor Review is Approved and the status is Completed

**Estimated time:** 5 h

**Next task:** LAB-167","Security Automation","V13.0 Security Automation","MOD-57","LAB-165","5","L4 - Advanced","Automation","SOC Stack","Repository link","n8n; Shuffle; TheHive; Cortex; Python","","Advanced","Practical","0","Security Automation Engineer","Automation workflow","2","Pending"
"LAB-167","LAB-167","Lab","Normal","[LAB-167] Workflow pack 4: user disabling with approval and notification","**Objective:** Workflow pack 4: user disabling with approval and notification

**Prerequisites:** LAB-166

**Concepts:** Playbooks; Automated enrichment; Automated response; IOC blocking; User disabling; Email quarantine; Notifications; Ticket creation; API integration; Tines concepts; Sentinel automation

**Tools:** n8n; Shuffle; TheHive; Cortex; Python

**Environment:** SOC Stack

### Step-by-step activity
Follow the steps for LAB-167 in the module guide: [[MOD-57]]

- [ ] Complete every step in the module guide
- [ ] Verify the expected result
- [ ] Attach the evidence

**Expected result:** As stated for LAB-167 in the module guide.

**Evidence required:** Repository link

**Troubleshooting:** Record each problem and its fix in the issue notes. If stuck for more than 30 minutes, set the status to Blocked and describe the blocker.

**Security relevance:** Builds Security Automation skills used by: Security Automation Engineer.

**Assessment:** Instructor verifies the expected result from the attached evidence and may ask for a live demonstration. Type: Practical.

### Completion criteria
- Every step of the module guide for this task is done
- The expected result is demonstrated
- Required evidence is attached to the issue
- Actual time is logged against the issue
- Instructor Review is Approved and the status is Completed

**Estimated time:** 5 h

**Next task:** LAB-168","Security Automation","V13.0 Security Automation","MOD-57","LAB-166","5","L4 - Advanced","Automation","SOC Stack","Repository link","n8n; Shuffle; TheHive; Cortex; Python","","Advanced","Practical","0","Security Automation Engineer","Automation workflow","2","Pending"
"LAB-168","LAB-168","Lab","Normal","[LAB-168] Workflow pack 5: vulnerability tickets and daily SOC report","**Objective:** Workflow pack 5: vulnerability tickets and daily SOC report

**Prerequisites:** LAB-167

**Concepts:** Playbooks; Automated enrichment; Automated response; IOC blocking; User disabling; Email quarantine; Notifications; Ticket creation; API integration; Tines concepts; Sentinel automation

**Tools:** n8n; Shuffle; TheHive; Cortex; Python

**Environment:** SOC Stack

### Step-by-step activity
Follow the steps for LAB-168 in the module guide: [[MOD-57]]

- [ ] Complete every step in the module guide
- [ ] Verify the expected result
- [ ] Attach the evidence

**Expected result:** As stated for LAB-168 in the module guide.

**Evidence required:** Repository link

**Troubleshooting:** Record each problem and its fix in the issue notes. If stuck for more than 30 minutes, set the status to Blocked and describe the blocker.

**Security relevance:** Builds Security Automation skills used by: Security Automation Engineer.

**Assessment:** Instructor verifies the expected result from the attached evidence and may ask for a live demonstration. Type: Practical.

### Completion criteria
- Every step of the module guide for this task is done
- The expected result is demonstrated
- Required evidence is attached to the issue
- Actual time is logged against the issue
- Instructor Review is Approved and the status is Completed

**Estimated time:** 5 h

**Next task:** ASM-013","Security Automation","V13.0 Security Automation","MOD-57","LAB-167","5","L4 - Advanced","Automation","SOC Stack","Repository link","n8n; Shuffle; TheHive; Cortex; Python","","Advanced","Practical","0","Security Automation Engineer","Automation workflow","2","Pending"
"ASM-013","ASM-013","Assessment","High","[ASM-013] Phase 13 assessment: automation practical","**Objective:** Phase 13 assessment: automation practical

**Prerequisites:** LAB-168

**Concepts:** Playbooks; Automated enrichment; Automated response; IOC blocking; User disabling; Email quarantine; Notifications; Ticket creation; API integration; Tines concepts; Sentinel automation

**Tools:** n8n; Shuffle; TheHive; Cortex; Python

**Environment:** SOC Stack

### Step-by-step activity
Follow the steps for ASM-013 in the module guide: [[MOD-57]]

- [ ] Complete every step in the module guide
- [ ] Verify the expected result
- [ ] Attach the evidence

**Expected result:** As stated for ASM-013 in the module guide.

**Evidence required:** Scored result

**Troubleshooting:** Record each problem and its fix in the issue notes. If stuck for more than 30 minutes, set the status to Blocked and describe the blocker.

**Security relevance:** Builds Security Automation skills used by: Security Automation Engineer.

**Assessment:** Scored 0-100. Pass mark 70. Type: Practical exam.

### Completion criteria
- Every step of the module guide for this task is done
- The expected result is demonstrated
- Required evidence is attached to the issue
- Actual time is logged against the issue
- Instructor Review is Approved and the status is Completed

**Estimated time:** 3 h

**Next task:** Last task of this module","Security Automation","V13.0 Security Automation","MOD-57","LAB-168","3","L4 - Advanced","Assessment","SOC Stack","Scored result","n8n; Shuffle; TheHive; Cortex; Python","","Advanced","Practical exam","0","Security Automation Engineer","","","Pending"
"REVIEW-13","REVIEW-13","Review","High","[REVIEW-13] Phase 13 gate review","**Objective:** Confirm that phase 13 (Security Automation) is complete.

### Checklist
- [ ] Every issue of the phase is Completed
- [ ] Evidence is attached to every issue
- [ ] Time is logged
- [ ] Assessment score is 70 or higher
- [ ] Portfolio items are in the repository

**Assessment:** Instructor confirms every issue of the phase is Completed and records the gate decision.

**Estimated time:** 1 h","","V13.0 Security Automation","PHASE-13","PROJECT-008, ASM-013","1","","Review","","Instructor sign-off","","","","Review","0","","","","Pending"
"PHASE-14","PHASE-14","Phase","Normal","[PHASE-14] Advanced Security Engineering","Phase 14 of 15. Version: V14.0 Advanced Security Engineering.

Modules: 5. Estimated hours: 112.

- MOD-58 Enterprise SIEM and XDR Platforms
- MOD-59 Security Metrics
- MOD-60 SRE and Security
- MOD-61 AI for Cybersecurity
- MOD-62 Security Architecture

The phase closes with the gate review REVIEW-14.","","V14.0 Advanced Security Engineering","EPIC","","","","","","","","","","","","","","",""
"MOD-58","MOD-58","Module","Normal","[MOD-58] Enterprise SIEM and XDR Platforms","**Topics:** Common SIEM concepts across platforms; KQL; SPL; EQL; Analytics rules; Connectors; Automation

**Tools:** Microsoft Sentinel; Microsoft Defender; Microsoft Entra ID; Splunk; Elastic Security

**Environment:** SOC Stack

**Tasks:** 6, 28 estimated hours.

**Module guide (steps for every task):** [[MOD-58]]","SIEM & Logging","V14.0 Advanced Security Engineering","PHASE-14","","","","","SOC Stack","","Microsoft Sentinel; Microsoft Defender; Microsoft Entra ID; Splunk; Elastic Security","","Enterprise","","","SOC Engineer; Security Platform Engineer","","",""
"THY-039","THY-039","Theory","Normal","[THY-039] Common concepts across enterprise platforms","**Objective:** Common concepts across enterprise platforms

**Prerequisites:** LAB-102

**Concepts:** Common SIEM concepts across platforms; KQL; SPL; EQL; Analytics rules; Connectors; Automation

**Tools:** Microsoft Sentinel; Microsoft Defender; Microsoft Entra ID; Splunk; Elastic Security

**Environment:** SOC Stack

### Step-by-step activity
Follow the steps for THY-039 in the module guide: [[MOD-58]]

- [ ] Complete every step in the module guide
- [ ] Verify the expected result
- [ ] Attach the evidence

**Expected result:** As stated for THY-039 in the module guide.

**Evidence required:** Notes

**Troubleshooting:** Record each problem and its fix in the issue notes. If stuck for more than 30 minutes, set the status to Blocked and describe the blocker.

**Security relevance:** Builds SIEM & Logging skills used by: SOC Engineer, Security Platform Engineer.

**Assessment:** Instructor checks the notes and asks short oral questions on the concepts. Type: Short answers.

### Completion criteria
- Every step of the module guide for this task is done
- The expected result is demonstrated
- Required evidence is attached to the issue
- Actual time is logged against the issue
- Instructor Review is Approved and the status is Completed

**Estimated time:** 3 h

**Next task:** LAB-169","SIEM & Logging","V14.0 Advanced Security Engineering","MOD-58","LAB-102","3","L4 - Advanced","Theory","SOC Stack","Notes","Microsoft Sentinel; Microsoft Defender; Microsoft Entra ID; Splunk; Elastic Security","","Enterprise","Short answers","0","SOC Engineer; Security Platform Engineer","","","Pending"
"LAB-169","LAB-169","Lab","Normal","[LAB-169] Elastic Security: agents, rules and EQL","**Objective:** Elastic Security: agents, rules and EQL

**Prerequisites:** THY-039

**Concepts:** Common SIEM concepts across platforms; KQL; SPL; EQL; Analytics rules; Connectors; Automation

**Tools:** Microsoft Sentinel; Microsoft Defender; Microsoft Entra ID; Splunk; Elastic Security

**Environment:** SOC Stack

### Step-by-step activity
Follow the steps for LAB-169 in the module guide: [[MOD-58]]

- [ ] Complete every step in the module guide
- [ ] Verify the expected result
- [ ] Attach the evidence

**Expected result:** As stated for LAB-169 in the module guide.

**Evidence required:** Screenshot + command output

**Troubleshooting:** Record each problem and its fix in the issue notes. If stuck for more than 30 minutes, set the status to Blocked and describe the blocker.

**Security relevance:** Builds SIEM & Logging skills used by: SOC Engineer, Security Platform Engineer.

**Assessment:** Instructor verifies the expected result from the attached evidence and may ask for a live demonstration. Type: Practical.

### Completion criteria
- Every step of the module guide for this task is done
- The expected result is demonstrated
- Required evidence is attached to the issue
- Actual time is logged against the issue
- Instructor Review is Approved and the status is Completed

**Estimated time:** 6 h

**Next task:** LAB-170","SIEM & Logging","V14.0 Advanced Security Engineering","MOD-58","THY-039","6","L4 - Advanced","Guided Lab","SOC Stack","Screenshot + command output","Microsoft Sentinel; Microsoft Defender; Microsoft Entra ID; Splunk; Elastic Security","","Enterprise","Practical","0","SOC Engineer; Security Platform Engineer","","","Pending"
"LAB-170","LAB-170","Lab","Normal","[LAB-170] Microsoft Sentinel: connectors, KQL analytics and automation","**Objective:** Microsoft Sentinel: connectors, KQL analytics and automation

**Prerequisites:** LAB-169

**Concepts:** Common SIEM concepts across platforms; KQL; SPL; EQL; Analytics rules; Connectors; Automation

**Tools:** Microsoft Sentinel; Microsoft Defender; Microsoft Entra ID; Splunk; Elastic Security

**Environment:** SOC Stack

### Step-by-step activity
Follow the steps for LAB-170 in the module guide: [[MOD-58]]

- [ ] Complete every step in the module guide
- [ ] Verify the expected result
- [ ] Attach the evidence

**Expected result:** As stated for LAB-170 in the module guide.

**Evidence required:** Screenshot + command output

**Troubleshooting:** Record each problem and its fix in the issue notes. If stuck for more than 30 minutes, set the status to Blocked and describe the blocker.

**Security relevance:** Builds SIEM & Logging skills used by: SOC Engineer, Security Platform Engineer.

**Assessment:** Instructor verifies the expected result from the attached evidence and may ask for a live demonstration. Type: Practical.

### Completion criteria
- Every step of the module guide for this task is done
- The expected result is demonstrated
- Required evidence is attached to the issue
- Actual time is logged against the issue
- Instructor Review is Approved and the status is Completed

**Estimated time:** 6 h

**Next task:** LAB-171","SIEM & Logging","V14.0 Advanced Security Engineering","MOD-58","LAB-169","6","L4 - Advanced","Cloud Lab","SOC Stack","Screenshot + command output","Microsoft Sentinel; Microsoft Defender; Microsoft Entra ID; Splunk; Elastic Security","","Enterprise","Practical","0","SOC Engineer; Security Platform Engineer","","","Pending"
"LAB-171","LAB-171","Lab","Normal","[LAB-171] Splunk: ingestion, SPL searches and alerts","**Objective:** Splunk: ingestion, SPL searches and alerts

**Prerequisites:** LAB-170

**Concepts:** Common SIEM concepts across platforms; KQL; SPL; EQL; Analytics rules; Connectors; Automation

**Tools:** Microsoft Sentinel; Microsoft Defender; Microsoft Entra ID; Splunk; Elastic Security

**Environment:** SOC Stack

### Step-by-step activity
Follow the steps for LAB-171 in the module guide: [[MOD-58]]

- [ ] Complete every step in the module guide
- [ ] Verify the expected result
- [ ] Attach the evidence

**Expected result:** As stated for LAB-171 in the module guide.

**Evidence required:** Screenshot + command output

**Troubleshooting:** Record each problem and its fix in the issue notes. If stuck for more than 30 minutes, set the status to Blocked and describe the blocker.

**Security relevance:** Builds SIEM & Logging skills used by: SOC Engineer, Security Platform Engineer.

**Assessment:** Instructor verifies the expected result from the attached evidence and may ask for a live demonstration. Type: Practical.

### Completion criteria
- Every step of the module guide for this task is done
- The expected result is demonstrated
- Required evidence is attached to the issue
- Actual time is logged against the issue
- Instructor Review is Approved and the status is Completed

**Estimated time:** 5 h

**Next task:** LAB-172","SIEM & Logging","V14.0 Advanced Security Engineering","MOD-58","LAB-170","5","L4 - Advanced","Guided Lab","SOC Stack","Screenshot + command output","Microsoft Sentinel; Microsoft Defender; Microsoft Entra ID; Splunk; Elastic Security","","Enterprise","Practical","0","SOC Engineer; Security Platform Engineer","","","Pending"
"LAB-172","LAB-172","Lab","Normal","[LAB-172] Microsoft Defender and Entra ID sign-in protection","**Objective:** Microsoft Defender and Entra ID sign-in protection

**Prerequisites:** LAB-171

**Concepts:** Common SIEM concepts across platforms; KQL; SPL; EQL; Analytics rules; Connectors; Automation

**Tools:** Microsoft Sentinel; Microsoft Defender; Microsoft Entra ID; Splunk; Elastic Security

**Environment:** SOC Stack

### Step-by-step activity
Follow the steps for LAB-172 in the module guide: [[MOD-58]]

- [ ] Complete every step in the module guide
- [ ] Verify the expected result
- [ ] Attach the evidence

**Expected result:** As stated for LAB-172 in the module guide.

**Evidence required:** Screenshot + command output

**Troubleshooting:** Record each problem and its fix in the issue notes. If stuck for more than 30 minutes, set the status to Blocked and describe the blocker.

**Security relevance:** Builds SIEM & Logging skills used by: SOC Engineer, Security Platform Engineer.

**Assessment:** Instructor verifies the expected result from the attached evidence and may ask for a live demonstration. Type: Practical.

### Completion criteria
- Every step of the module guide for this task is done
- The expected result is demonstrated
- Required evidence is attached to the issue
- Actual time is logged against the issue
- Instructor Review is Approved and the status is Completed

**Estimated time:** 4 h

**Next task:** ASG-019","SIEM & Logging","V14.0 Advanced Security Engineering","MOD-58","LAB-171","4","L4 - Advanced","Cloud Lab","SOC Stack","Screenshot + command output","Microsoft Sentinel; Microsoft Defender; Microsoft Entra ID; Splunk; Elastic Security","","Enterprise","Practical","0","SOC Engineer; Security Platform Engineer","","","Pending"
"ASG-019","ASG-019","Assignment","Normal","[ASG-019] Port five detections to three platforms and compare","**Objective:** Port five detections to three platforms and compare

**Prerequisites:** LAB-172

**Concepts:** Common SIEM concepts across platforms; KQL; SPL; EQL; Analytics rules; Connectors; Automation

**Tools:** Microsoft Sentinel; Microsoft Defender; Microsoft Entra ID; Splunk; Elastic Security

**Environment:** SOC Stack

### Step-by-step activity
Follow the steps for ASG-019 in the module guide: [[MOD-58]]

- [ ] Complete every step in the module guide
- [ ] Verify the expected result
- [ ] Attach the evidence

**Expected result:** As stated for ASG-019 in the module guide.

**Evidence required:** Written deliverable

**Troubleshooting:** Record each problem and its fix in the issue notes. If stuck for more than 30 minutes, set the status to Blocked and describe the blocker.

**Security relevance:** Builds SIEM & Logging skills used by: SOC Engineer, Security Platform Engineer.

**Assessment:** Instructor reviews the written deliverable against the module concepts. Type: Scenario question.

### Completion criteria
- Every step of the module guide for this task is done
- The expected result is demonstrated
- Required evidence is attached to the issue
- Actual time is logged against the issue
- Instructor Review is Approved and the status is Completed

**Estimated time:** 4 h

**Next task:** Last task of this module","SIEM & Logging","V14.0 Advanced Security Engineering","MOD-58","LAB-172","4","L4 - Advanced","Assignment","SOC Stack","Written deliverable","Microsoft Sentinel; Microsoft Defender; Microsoft Entra ID; Splunk; Elastic Security","","Enterprise","Scenario question","0","SOC Engineer; Security Platform Engineer","","","Pending"
"MOD-59","MOD-59","Module","Normal","[MOD-59] Security Metrics","**Topics:** MTTD; MTTR; Alert volume; False-positive rate; Incident volume; Detection coverage; Detection latency; Investigation time; SLA compliance; Vulnerability score; Patch compliance; EDR coverage; MFA coverage

**Tools:** Grafana; Prometheus

**Environment:** SOC Stack

**Tasks:** 3, 12 estimated hours.

**Module guide (steps for every task):** [[MOD-59]]","SOC Operations","V14.0 Advanced Security Engineering","PHASE-14","","","","","SOC Stack","","Grafana; Prometheus","","Advanced","","","SOC Analyst; SOC Engineer; Security Operations Engineer","","",""
"THY-040","THY-040","Theory","Normal","[THY-040] Security metrics and how to measure them","**Objective:** Security metrics and how to measure them

**Prerequisites:** LAB-096, LAB-116

**Concepts:** MTTD; MTTR; Alert volume; False-positive rate; Incident volume; Detection coverage; Detection latency; Investigation time; SLA compliance; Vulnerability score; Patch compliance; EDR coverage; MFA coverage

**Tools:** Grafana; Prometheus

**Environment:** SOC Stack

### Step-by-step activity
Follow the steps for THY-040 in the module guide: [[MOD-59]]

- [ ] Complete every step in the module guide
- [ ] Verify the expected result
- [ ] Attach the evidence

**Expected result:** As stated for THY-040 in the module guide.

**Evidence required:** Notes

**Troubleshooting:** Record each problem and its fix in the issue notes. If stuck for more than 30 minutes, set the status to Blocked and describe the blocker.

**Security relevance:** Builds SOC Operations skills used by: SOC Analyst, SOC Engineer, Security Operations Engineer.

**Assessment:** Instructor checks the notes and asks short oral questions on the concepts. Type: Short answers.

### Completion criteria
- Every step of the module guide for this task is done
- The expected result is demonstrated
- Required evidence is attached to the issue
- Actual time is logged against the issue
- Instructor Review is Approved and the status is Completed

**Estimated time:** 3 h

**Next task:** LAB-173","SOC Operations","V14.0 Advanced Security Engineering","MOD-59","LAB-096, LAB-116","3","L3 - Intermediate","Theory","SOC Stack","Notes","Grafana; Prometheus","","Advanced","Short answers","0","SOC Analyst; SOC Engineer; Security Operations Engineer","","","Pending"
"LAB-173","LAB-173","Lab","Normal","[LAB-173] Collect metric data from the SOC tools","**Objective:** Collect metric data from the SOC tools

**Prerequisites:** THY-040

**Concepts:** MTTD; MTTR; Alert volume; False-positive rate; Incident volume; Detection coverage; Detection latency; Investigation time; SLA compliance; Vulnerability score; Patch compliance; EDR coverage; MFA coverage

**Tools:** Grafana; Prometheus

**Environment:** SOC Stack

### Step-by-step activity
Follow the steps for LAB-173 in the module guide: [[MOD-59]]

- [ ] Complete every step in the module guide
- [ ] Verify the expected result
- [ ] Attach the evidence

**Expected result:** As stated for LAB-173 in the module guide.

**Evidence required:** Screenshot + command output

**Troubleshooting:** Record each problem and its fix in the issue notes. If stuck for more than 30 minutes, set the status to Blocked and describe the blocker.

**Security relevance:** Builds SOC Operations skills used by: SOC Analyst, SOC Engineer, Security Operations Engineer.

**Assessment:** Instructor verifies the expected result from the attached evidence and may ask for a live demonstration. Type: Practical.

### Completion criteria
- Every step of the module guide for this task is done
- The expected result is demonstrated
- Required evidence is attached to the issue
- Actual time is logged against the issue
- Instructor Review is Approved and the status is Completed

**Estimated time:** 4 h

**Next task:** LAB-174","SOC Operations","V14.0 Advanced Security Engineering","MOD-59","THY-040","4","L3 - Intermediate","Guided Lab","SOC Stack","Screenshot + command output","Grafana; Prometheus","","Advanced","Practical","0","SOC Analyst; SOC Engineer; Security Operations Engineer","","","Pending"
"LAB-174","LAB-174","Lab","Normal","[LAB-174] Security metrics dashboards in Grafana","**Objective:** Security metrics dashboards in Grafana

**Prerequisites:** LAB-173

**Concepts:** MTTD; MTTR; Alert volume; False-positive rate; Incident volume; Detection coverage; Detection latency; Investigation time; SLA compliance; Vulnerability score; Patch compliance; EDR coverage; MFA coverage

**Tools:** Grafana; Prometheus

**Environment:** SOC Stack

### Step-by-step activity
Follow the steps for LAB-174 in the module guide: [[MOD-59]]

- [ ] Complete every step in the module guide
- [ ] Verify the expected result
- [ ] Attach the evidence

**Expected result:** As stated for LAB-174 in the module guide.

**Evidence required:** Screenshot + command output

**Troubleshooting:** Record each problem and its fix in the issue notes. If stuck for more than 30 minutes, set the status to Blocked and describe the blocker.

**Security relevance:** Builds SOC Operations skills used by: SOC Analyst, SOC Engineer, Security Operations Engineer.

**Assessment:** Instructor verifies the expected result from the attached evidence and may ask for a live demonstration. Type: Practical.

### Completion criteria
- Every step of the module guide for this task is done
- The expected result is demonstrated
- Required evidence is attached to the issue
- Actual time is logged against the issue
- Instructor Review is Approved and the status is Completed

**Estimated time:** 5 h

**Next task:** Last task of this module","SOC Operations","V14.0 Advanced Security Engineering","MOD-59","LAB-173","5","L3 - Intermediate","Guided Lab","SOC Stack","Screenshot + command output","Grafana; Prometheus","","Advanced","Practical","0","SOC Analyst; SOC Engineer; Security Operations Engineer","","","Pending"
"MOD-60","MOD-60","Module","Normal","[MOD-60] SRE and Security","**Topics:** SRE; SLO; SLA; SLI; Error budgets; Incident management; Observability; Reliability engineering; Security observability

**Tools:** Grafana; Prometheus

**Environment:** SOC Stack

**Tasks:** 3, 15 estimated hours.

**Module guide (steps for every task):** [[MOD-60]]","SOC Operations","V14.0 Advanced Security Engineering","PHASE-14","","","","","SOC Stack","","Grafana; Prometheus","","Advanced","","","SOC Analyst; SOC Engineer; Security Operations Engineer","","",""
"THY-041","THY-041","Theory","Normal","[THY-041] SRE principles for security operations","**Objective:** SRE principles for security operations

**Prerequisites:** LAB-174

**Concepts:** SRE; SLO; SLA; SLI; Error budgets; Incident management; Observability; Reliability engineering; Security observability

**Tools:** Grafana; Prometheus

**Environment:** SOC Stack

### Step-by-step activity
Follow the steps for THY-041 in the module guide: [[MOD-60]]

- [ ] Complete every step in the module guide
- [ ] Verify the expected result
- [ ] Attach the evidence

**Expected result:** As stated for THY-041 in the module guide.

**Evidence required:** Notes

**Troubleshooting:** Record each problem and its fix in the issue notes. If stuck for more than 30 minutes, set the status to Blocked and describe the blocker.

**Security relevance:** Builds SOC Operations skills used by: SOC Analyst, SOC Engineer, Security Operations Engineer.

**Assessment:** Instructor checks the notes and asks short oral questions on the concepts. Type: Short answers.

### Completion criteria
- Every step of the module guide for this task is done
- The expected result is demonstrated
- Required evidence is attached to the issue
- Actual time is logged against the issue
- Instructor Review is Approved and the status is Completed

**Estimated time:** 3 h

**Next task:** LAB-175","SOC Operations","V14.0 Advanced Security Engineering","MOD-60","LAB-174","3","L4 - Advanced","Theory","SOC Stack","Notes","Grafana; Prometheus","","Advanced","Short answers","0","SOC Analyst; SOC Engineer; Security Operations Engineer","","","Pending"
"LAB-175","LAB-175","Lab","Normal","[LAB-175] Service level objectives for the SOC pipeline","**Objective:** Service level objectives for the SOC pipeline

**Prerequisites:** THY-041

**Concepts:** SRE; SLO; SLA; SLI; Error budgets; Incident management; Observability; Reliability engineering; Security observability

**Tools:** Grafana; Prometheus

**Environment:** SOC Stack

### Step-by-step activity
Follow the steps for LAB-175 in the module guide: [[MOD-60]]

- [ ] Complete every step in the module guide
- [ ] Verify the expected result
- [ ] Attach the evidence

**Expected result:** As stated for LAB-175 in the module guide.

**Evidence required:** Screenshot + command output

**Troubleshooting:** Record each problem and its fix in the issue notes. If stuck for more than 30 minutes, set the status to Blocked and describe the blocker.

**Security relevance:** Builds SOC Operations skills used by: SOC Analyst, SOC Engineer, Security Operations Engineer.

**Assessment:** Instructor verifies the expected result from the attached evidence and may ask for a live demonstration. Type: Practical.

### Completion criteria
- Every step of the module guide for this task is done
- The expected result is demonstrated
- Required evidence is attached to the issue
- Actual time is logged against the issue
- Instructor Review is Approved and the status is Completed

**Estimated time:** 4 h

**Next task:** PROJECT-009","SOC Operations","V14.0 Advanced Security Engineering","MOD-60","THY-041","4","L4 - Advanced","Guided Lab","SOC Stack","Screenshot + command output","Grafana; Prometheus","","Advanced","Practical","0","SOC Analyst; SOC Engineer; Security Operations Engineer","","","Pending"
"PROJECT-009","PROJECT-009","Project","Normal","[PROJECT-009] Combined SRE and Security Operations dashboard and incident workflow","**Objective:** Combined SRE and Security Operations dashboard and incident workflow

**Prerequisites:** LAB-175

**Concepts:** SRE; SLO; SLA; SLI; Error budgets; Incident management; Observability; Reliability engineering; Security observability

**Tools:** Grafana; Prometheus

**Environment:** SOC Stack

### Step-by-step activity
Follow the steps for PROJECT-009 in the module guide: [[MOD-60]]

- [ ] Complete every step in the module guide
- [ ] Verify the expected result
- [ ] Attach the evidence

**Expected result:** As stated for PROJECT-009 in the module guide.

**Evidence required:** Repository link + documentation

**Troubleshooting:** Record each problem and its fix in the issue notes. If stuck for more than 30 minutes, set the status to Blocked and describe the blocker.

**Security relevance:** Builds SOC Operations skills used by: SOC Analyst, SOC Engineer, Security Operations Engineer.

**Assessment:** Scored 0-100 on working result, documentation and repository quality. Type: Project.

### Completion criteria
- Every step of the module guide for this task is done
- The expected result is demonstrated
- Required evidence is attached to the issue
- Actual time is logged against the issue
- Instructor Review is Approved and the status is Completed

**Estimated time:** 8 h

**Next task:** Last task of this module","SOC Operations","V14.0 Advanced Security Engineering","MOD-60","LAB-175","8","L4 - Advanced","Project","SOC Stack","Repository link + documentation","Grafana; Prometheus","","Advanced","Project","1","SOC Analyst; SOC Engineer; Security Operations Engineer","","","Pending"
"MOD-61","MOD-61","Module","Normal","[MOD-61] AI for Cybersecurity","**Topics:** AI-assisted investigation; Alert summarization; Log analysis; Threat intelligence enrichment; Automated RCA; Detection generation; Threat hunting assistance; RAG; Vector databases; AI agents; Prompt injection; LLM security; AI security

**Tools:** Python

**Environment:** SOC Stack

**Tasks:** 6, 30 estimated hours.

**Module guide (steps for every task):** [[MOD-61]]","AI Security","V14.0 Advanced Security Engineering","PHASE-14","","","","","SOC Stack","","Python","","Advanced","","","Security Automation Engineer; Security Operations Engineer","","",""
"THY-042","THY-042","Theory","Normal","[THY-042] LLM basics, limits and security risks","**Objective:** LLM basics, limits and security risks

**Prerequisites:** ASM-013

**Concepts:** AI-assisted investigation; Alert summarization; Log analysis; Threat intelligence enrichment; Automated RCA; Detection generation; Threat hunting assistance; RAG; Vector databases; AI agents; Prompt injection; LLM security; AI security

**Tools:** Python

**Environment:** SOC Stack

### Step-by-step activity
Follow the steps for THY-042 in the module guide: [[MOD-61]]

- [ ] Complete every step in the module guide
- [ ] Verify the expected result
- [ ] Attach the evidence

**Expected result:** As stated for THY-042 in the module guide.

**Evidence required:** Notes

**Troubleshooting:** Record each problem and its fix in the issue notes. If stuck for more than 30 minutes, set the status to Blocked and describe the blocker.

**Security relevance:** Builds AI Security skills used by: Security Automation Engineer, Security Operations Engineer.

**Assessment:** Instructor checks the notes and asks short oral questions on the concepts. Type: Short answers.

### Completion criteria
- Every step of the module guide for this task is done
- The expected result is demonstrated
- Required evidence is attached to the issue
- Actual time is logged against the issue
- Instructor Review is Approved and the status is Completed

**Estimated time:** 3 h

**Next task:** LAB-176","AI Security","V14.0 Advanced Security Engineering","MOD-61","ASM-013","3","L4 - Advanced","Theory","SOC Stack","Notes","Python","","Advanced","Short answers","0","Security Automation Engineer; Security Operations Engineer","","","Pending"
"LAB-176","LAB-176","Lab","Normal","[LAB-176] Alert summarization and log analysis assistant","**Objective:** Alert summarization and log analysis assistant

**Prerequisites:** THY-042

**Concepts:** AI-assisted investigation; Alert summarization; Log analysis; Threat intelligence enrichment; Automated RCA; Detection generation; Threat hunting assistance; RAG; Vector databases; AI agents; Prompt injection; LLM security; AI security

**Tools:** Python

**Environment:** SOC Stack

### Step-by-step activity
Follow the steps for LAB-176 in the module guide: [[MOD-61]]

- [ ] Complete every step in the module guide
- [ ] Verify the expected result
- [ ] Attach the evidence

**Expected result:** As stated for LAB-176 in the module guide.

**Evidence required:** Screenshot + command output

**Troubleshooting:** Record each problem and its fix in the issue notes. If stuck for more than 30 minutes, set the status to Blocked and describe the blocker.

**Security relevance:** Builds AI Security skills used by: Security Automation Engineer, Security Operations Engineer.

**Assessment:** Instructor verifies the expected result from the attached evidence and may ask for a live demonstration. Type: Practical.

### Completion criteria
- Every step of the module guide for this task is done
- The expected result is demonstrated
- Required evidence is attached to the issue
- Actual time is logged against the issue
- Instructor Review is Approved and the status is Completed

**Estimated time:** 5 h

**Next task:** LAB-177","AI Security","V14.0 Advanced Security Engineering","MOD-61","THY-042","5","L4 - Advanced","Guided Lab","SOC Stack","Screenshot + command output","Python","","Advanced","Practical","0","Security Automation Engineer; Security Operations Engineer","","","Pending"
"LAB-177","LAB-177","Lab","Normal","[LAB-177] Retrieval over runbooks and intelligence","**Objective:** Retrieval over runbooks and intelligence

**Prerequisites:** LAB-176

**Concepts:** AI-assisted investigation; Alert summarization; Log analysis; Threat intelligence enrichment; Automated RCA; Detection generation; Threat hunting assistance; RAG; Vector databases; AI agents; Prompt injection; LLM security; AI security

**Tools:** Python

**Environment:** SOC Stack

### Step-by-step activity
Follow the steps for LAB-177 in the module guide: [[MOD-61]]

- [ ] Complete every step in the module guide
- [ ] Verify the expected result
- [ ] Attach the evidence

**Expected result:** As stated for LAB-177 in the module guide.

**Evidence required:** Screenshot + command output

**Troubleshooting:** Record each problem and its fix in the issue notes. If stuck for more than 30 minutes, set the status to Blocked and describe the blocker.

**Security relevance:** Builds AI Security skills used by: Security Automation Engineer, Security Operations Engineer.

**Assessment:** Instructor verifies the expected result from the attached evidence and may ask for a live demonstration. Type: Practical.

### Completion criteria
- Every step of the module guide for this task is done
- The expected result is demonstrated
- Required evidence is attached to the issue
- Actual time is logged against the issue
- Instructor Review is Approved and the status is Completed

**Estimated time:** 5 h

**Next task:** LAB-178","AI Security","V14.0 Advanced Security Engineering","MOD-61","LAB-176","5","L4 - Advanced","Guided Lab","SOC Stack","Screenshot + command output","Python","","Advanced","Practical","0","Security Automation Engineer; Security Operations Engineer","","","Pending"
"LAB-178","LAB-178","Lab","Normal","[LAB-178] Triage agent with guardrails and human approval","**Objective:** Triage agent with guardrails and human approval

**Prerequisites:** LAB-177

**Concepts:** AI-assisted investigation; Alert summarization; Log analysis; Threat intelligence enrichment; Automated RCA; Detection generation; Threat hunting assistance; RAG; Vector databases; AI agents; Prompt injection; LLM security; AI security

**Tools:** Python

**Environment:** SOC Stack

### Step-by-step activity
Follow the steps for LAB-178 in the module guide: [[MOD-61]]

- [ ] Complete every step in the module guide
- [ ] Verify the expected result
- [ ] Attach the evidence

**Expected result:** As stated for LAB-178 in the module guide.

**Evidence required:** Screenshot + command output

**Troubleshooting:** Record each problem and its fix in the issue notes. If stuck for more than 30 minutes, set the status to Blocked and describe the blocker.

**Security relevance:** Builds AI Security skills used by: Security Automation Engineer, Security Operations Engineer.

**Assessment:** Instructor verifies the expected result from the attached evidence and may ask for a live demonstration. Type: Practical.

### Completion criteria
- Every step of the module guide for this task is done
- The expected result is demonstrated
- Required evidence is attached to the issue
- Actual time is logged against the issue
- Instructor Review is Approved and the status is Completed

**Estimated time:** 5 h

**Next task:** LAB-179","AI Security","V14.0 Advanced Security Engineering","MOD-61","LAB-177","5","L4 - Advanced","Guided Lab","SOC Stack","Screenshot + command output","Python","","Advanced","Practical","0","Security Automation Engineer; Security Operations Engineer","","","Pending"
"LAB-179","LAB-179","Lab","Normal","[LAB-179] Test and defend against prompt injection in the lab assistant","**Objective:** Test and defend against prompt injection in the lab assistant

**Prerequisites:** LAB-178

**Concepts:** AI-assisted investigation; Alert summarization; Log analysis; Threat intelligence enrichment; Automated RCA; Detection generation; Threat hunting assistance; RAG; Vector databases; AI agents; Prompt injection; LLM security; AI security

**Tools:** Python

**Environment:** SOC Stack

### Step-by-step activity
Follow the steps for LAB-179 in the module guide: [[MOD-61]]

- [ ] Complete every step in the module guide
- [ ] Verify the expected result
- [ ] Attach the evidence

**Expected result:** As stated for LAB-179 in the module guide.

**Evidence required:** Screenshot + command output

**Troubleshooting:** Record each problem and its fix in the issue notes. If stuck for more than 30 minutes, set the status to Blocked and describe the blocker.

**Security relevance:** Builds AI Security skills used by: Security Automation Engineer, Security Operations Engineer.

**Assessment:** Instructor verifies the expected result from the attached evidence and may ask for a live demonstration. Type: Practical.

### Completion criteria
- Every step of the module guide for this task is done
- The expected result is demonstrated
- Required evidence is attached to the issue
- Actual time is logged against the issue
- Instructor Review is Approved and the status is Completed

**Estimated time:** 4 h

**Next task:** PROJECT-010","AI Security","V14.0 Advanced Security Engineering","MOD-61","LAB-178","4","L4 - Advanced","Guided Lab","SOC Stack","Screenshot + command output","Python","","Advanced","Practical","0","Security Automation Engineer; Security Operations Engineer","","","Pending"
"PROJECT-010","PROJECT-010","Project","Normal","[PROJECT-010] AI-assisted security operations project","**Objective:** AI-assisted security operations project

**Prerequisites:** LAB-179

**Concepts:** AI-assisted investigation; Alert summarization; Log analysis; Threat intelligence enrichment; Automated RCA; Detection generation; Threat hunting assistance; RAG; Vector databases; AI agents; Prompt injection; LLM security; AI security

**Tools:** Python

**Environment:** SOC Stack

### Step-by-step activity
Follow the steps for PROJECT-010 in the module guide: [[MOD-61]]

- [ ] Complete every step in the module guide
- [ ] Verify the expected result
- [ ] Attach the evidence

**Expected result:** As stated for PROJECT-010 in the module guide.

**Evidence required:** Repository link + documentation

**Troubleshooting:** Record each problem and its fix in the issue notes. If stuck for more than 30 minutes, set the status to Blocked and describe the blocker.

**Security relevance:** Builds AI Security skills used by: Security Automation Engineer, Security Operations Engineer.

**Assessment:** Scored 0-100 on working result, documentation and repository quality. Type: Project.

### Completion criteria
- Every step of the module guide for this task is done
- The expected result is demonstrated
- Required evidence is attached to the issue
- Actual time is logged against the issue
- Instructor Review is Approved and the status is Completed

**Estimated time:** 8 h

**Next task:** Last task of this module","AI Security","V14.0 Advanced Security Engineering","MOD-61","LAB-179","8","L4 - Advanced","Project","SOC Stack","Repository link + documentation","Python","","Advanced","Project","1","Security Automation Engineer; Security Operations Engineer","","","Pending"
"MOD-62","MOD-62","Module","Normal","[MOD-62] Security Architecture","**Topics:** SOC architecture; SIEM architecture; Security data lake; Zero Trust architecture; Identity architecture; Cloud security architecture; Network security architecture; Security monitoring architecture; HA security infrastructure; Disaster recovery

**Tools:** draw.io

**Environment:** Workstation

**Tasks:** 6, 26 estimated hours.

**Module guide (steps for every task):** [[MOD-62]]","Security Architecture","V14.0 Advanced Security Engineering","PHASE-14","","","","","Workstation","","draw.io","","Advanced","","","Cybersecurity Engineer; Security Platform Engineer","","",""
"ASG-020","ASG-020","Assignment","Normal","[ASG-020] SOC and SIEM architecture design","**Objective:** SOC and SIEM architecture design

**Prerequisites:** ASG-019

**Concepts:** SOC architecture; SIEM architecture; Security data lake; Zero Trust architecture; Identity architecture; Cloud security architecture; Network security architecture; Security monitoring architecture; HA security infrastructure; Disaster recovery

**Tools:** draw.io

**Environment:** Workstation

### Step-by-step activity
Follow the steps for ASG-020 in the module guide: [[MOD-62]]

- [ ] Complete every step in the module guide
- [ ] Verify the expected result
- [ ] Attach the evidence

**Expected result:** As stated for ASG-020 in the module guide.

**Evidence required:** Written deliverable

**Troubleshooting:** Record each problem and its fix in the issue notes. If stuck for more than 30 minutes, set the status to Blocked and describe the blocker.

**Security relevance:** Builds Security Architecture skills used by: Cybersecurity Engineer, Security Platform Engineer.

**Assessment:** Instructor reviews the written deliverable against the module concepts. Type: Architecture question.

### Completion criteria
- Every step of the module guide for this task is done
- The expected result is demonstrated
- Required evidence is attached to the issue
- Actual time is logged against the issue
- Instructor Review is Approved and the status is Completed

**Estimated time:** 5 h

**Next task:** ASG-021","Security Architecture","V14.0 Advanced Security Engineering","MOD-62","ASG-019","5","L5 - Expert","Assignment","Workstation","Written deliverable","draw.io","","Advanced","Architecture question","0","Cybersecurity Engineer; Security Platform Engineer","","","Pending"
"ASG-021","ASG-021","Assignment","Normal","[ASG-021] Security data lake design","**Objective:** Security data lake design

**Prerequisites:** ASG-020

**Concepts:** SOC architecture; SIEM architecture; Security data lake; Zero Trust architecture; Identity architecture; Cloud security architecture; Network security architecture; Security monitoring architecture; HA security infrastructure; Disaster recovery

**Tools:** draw.io

**Environment:** Workstation

### Step-by-step activity
Follow the steps for ASG-021 in the module guide: [[MOD-62]]

- [ ] Complete every step in the module guide
- [ ] Verify the expected result
- [ ] Attach the evidence

**Expected result:** As stated for ASG-021 in the module guide.

**Evidence required:** Written deliverable

**Troubleshooting:** Record each problem and its fix in the issue notes. If stuck for more than 30 minutes, set the status to Blocked and describe the blocker.

**Security relevance:** Builds Security Architecture skills used by: Cybersecurity Engineer, Security Platform Engineer.

**Assessment:** Instructor reviews the written deliverable against the module concepts. Type: Architecture question.

### Completion criteria
- Every step of the module guide for this task is done
- The expected result is demonstrated
- Required evidence is attached to the issue
- Actual time is logged against the issue
- Instructor Review is Approved and the status is Completed

**Estimated time:** 4 h

**Next task:** ASG-022","Security Architecture","V14.0 Advanced Security Engineering","MOD-62","ASG-020","4","L5 - Expert","Assignment","Workstation","Written deliverable","draw.io","","Advanced","Architecture question","0","Cybersecurity Engineer; Security Platform Engineer","","","Pending"
"ASG-022","ASG-022","Assignment","Normal","[ASG-022] Zero Trust and identity architecture","**Objective:** Zero Trust and identity architecture

**Prerequisites:** ASG-021

**Concepts:** SOC architecture; SIEM architecture; Security data lake; Zero Trust architecture; Identity architecture; Cloud security architecture; Network security architecture; Security monitoring architecture; HA security infrastructure; Disaster recovery

**Tools:** draw.io

**Environment:** Workstation

### Step-by-step activity
Follow the steps for ASG-022 in the module guide: [[MOD-62]]

- [ ] Complete every step in the module guide
- [ ] Verify the expected result
- [ ] Attach the evidence

**Expected result:** As stated for ASG-022 in the module guide.

**Evidence required:** Written deliverable

**Troubleshooting:** Record each problem and its fix in the issue notes. If stuck for more than 30 minutes, set the status to Blocked and describe the blocker.

**Security relevance:** Builds Security Architecture skills used by: Cybersecurity Engineer, Security Platform Engineer.

**Assessment:** Instructor reviews the written deliverable against the module concepts. Type: Architecture question.

### Completion criteria
- Every step of the module guide for this task is done
- The expected result is demonstrated
- Required evidence is attached to the issue
- Actual time is logged against the issue
- Instructor Review is Approved and the status is Completed

**Estimated time:** 5 h

**Next task:** ASG-023","Security Architecture","V14.0 Advanced Security Engineering","MOD-62","ASG-021","5","L5 - Expert","Assignment","Workstation","Written deliverable","draw.io","","Advanced","Architecture question","0","Cybersecurity Engineer; Security Platform Engineer","","","Pending"
"ASG-023","ASG-023","Assignment","Normal","[ASG-023] Cloud and network security architecture","**Objective:** Cloud and network security architecture

**Prerequisites:** ASG-022

**Concepts:** SOC architecture; SIEM architecture; Security data lake; Zero Trust architecture; Identity architecture; Cloud security architecture; Network security architecture; Security monitoring architecture; HA security infrastructure; Disaster recovery

**Tools:** draw.io

**Environment:** Workstation

### Step-by-step activity
Follow the steps for ASG-023 in the module guide: [[MOD-62]]

- [ ] Complete every step in the module guide
- [ ] Verify the expected result
- [ ] Attach the evidence

**Expected result:** As stated for ASG-023 in the module guide.

**Evidence required:** Written deliverable

**Troubleshooting:** Record each problem and its fix in the issue notes. If stuck for more than 30 minutes, set the status to Blocked and describe the blocker.

**Security relevance:** Builds Security Architecture skills used by: Cybersecurity Engineer, Security Platform Engineer.

**Assessment:** Instructor reviews the written deliverable against the module concepts. Type: Architecture question.

### Completion criteria
- Every step of the module guide for this task is done
- The expected result is demonstrated
- Required evidence is attached to the issue
- Actual time is logged against the issue
- Instructor Review is Approved and the status is Completed

**Estimated time:** 5 h

**Next task:** ASG-024","Security Architecture","V14.0 Advanced Security Engineering","MOD-62","ASG-022","5","L5 - Expert","Assignment","Workstation","Written deliverable","draw.io","","Advanced","Architecture question","0","Cybersecurity Engineer; Security Platform Engineer","","","Pending"
"ASG-024","ASG-024","Assignment","Normal","[ASG-024] High availability and disaster recovery for security infrastructure","**Objective:** High availability and disaster recovery for security infrastructure

**Prerequisites:** ASG-023

**Concepts:** SOC architecture; SIEM architecture; Security data lake; Zero Trust architecture; Identity architecture; Cloud security architecture; Network security architecture; Security monitoring architecture; HA security infrastructure; Disaster recovery

**Tools:** draw.io

**Environment:** Workstation

### Step-by-step activity
Follow the steps for ASG-024 in the module guide: [[MOD-62]]

- [ ] Complete every step in the module guide
- [ ] Verify the expected result
- [ ] Attach the evidence

**Expected result:** As stated for ASG-024 in the module guide.

**Evidence required:** Written deliverable

**Troubleshooting:** Record each problem and its fix in the issue notes. If stuck for more than 30 minutes, set the status to Blocked and describe the blocker.

**Security relevance:** Builds Security Architecture skills used by: Cybersecurity Engineer, Security Platform Engineer.

**Assessment:** Instructor reviews the written deliverable against the module concepts. Type: Architecture question.

### Completion criteria
- Every step of the module guide for this task is done
- The expected result is demonstrated
- Required evidence is attached to the issue
- Actual time is logged against the issue
- Instructor Review is Approved and the status is Completed

**Estimated time:** 4 h

**Next task:** ASM-014","Security Architecture","V14.0 Advanced Security Engineering","MOD-62","ASG-023","4","L5 - Expert","Assignment","Workstation","Written deliverable","draw.io","","Advanced","Architecture question","0","Cybersecurity Engineer; Security Platform Engineer","","","Pending"
"ASM-014","ASM-014","Assessment","High","[ASM-014] Phase 14 assessment: architecture review","**Objective:** Phase 14 assessment: architecture review

**Prerequisites:** ASG-024

**Concepts:** SOC architecture; SIEM architecture; Security data lake; Zero Trust architecture; Identity architecture; Cloud security architecture; Network security architecture; Security monitoring architecture; HA security infrastructure; Disaster recovery

**Tools:** draw.io

**Environment:** Workstation

### Step-by-step activity
Follow the steps for ASM-014 in the module guide: [[MOD-62]]

- [ ] Complete every step in the module guide
- [ ] Verify the expected result
- [ ] Attach the evidence

**Expected result:** As stated for ASM-014 in the module guide.

**Evidence required:** Scored result

**Troubleshooting:** Record each problem and its fix in the issue notes. If stuck for more than 30 minutes, set the status to Blocked and describe the blocker.

**Security relevance:** Builds Security Architecture skills used by: Cybersecurity Engineer, Security Platform Engineer.

**Assessment:** Scored 0-100. Pass mark 70. Type: Architecture review.

### Completion criteria
- Every step of the module guide for this task is done
- The expected result is demonstrated
- Required evidence is attached to the issue
- Actual time is logged against the issue
- Instructor Review is Approved and the status is Completed

**Estimated time:** 3 h

**Next task:** Last task of this module","Security Architecture","V14.0 Advanced Security Engineering","MOD-62","ASG-024","3","L5 - Expert","Assessment","Workstation","Scored result","draw.io","","Advanced","Architecture review","0","Cybersecurity Engineer; Security Platform Engineer","","","Pending"
"REVIEW-14","REVIEW-14","Review","High","[REVIEW-14] Phase 14 gate review","**Objective:** Confirm that phase 14 (Advanced Security Engineering) is complete.

### Checklist
- [ ] Every issue of the phase is Completed
- [ ] Evidence is attached to every issue
- [ ] Time is logged
- [ ] Assessment score is 70 or higher
- [ ] Portfolio items are in the repository

**Assessment:** Instructor confirms every issue of the phase is Completed and records the gate decision.

**Estimated time:** 1 h","","V14.0 Advanced Security Engineering","PHASE-14","ASG-019, LAB-174, PROJECT-009, PROJECT-010, ASM-014","1","","Review","","Instructor sign-off","","","","Review","0","","","","Pending"
"PHASE-15","PHASE-15","Phase","Normal","[PHASE-15] Enterprise SOC Capstone","Phase 15 of 15. Version: V15.0 Enterprise SOC Capstone.

Modules: 3. Estimated hours: 135.

- MOD-63 Final Practical SOC Lab
- MOD-64 Capstone: Enterprise Security Operations Center
- MOD-65 Career Preparation

The phase closes with the gate review REVIEW-15.","","V15.0 Enterprise SOC Capstone","EPIC","","","","","","","","","","","","","","",""
"MOD-63","MOD-63","Module","Normal","[MOD-63] Final Practical SOC Lab","**Topics:** Firewall; IDS/IPS; Linux and Windows endpoints; Sysmon and auditd; Wazuh; Zeek and Suricata; Log pipeline; SIEM; Grafana; Detection engineering; Threat intelligence; TheHive; Velociraptor; n8n automation; Incident response

**Tools:** Wazuh; Zeek; Suricata; Sysmon; auditd; Grafana; TheHive; Velociraptor; n8n; MISP

**Environment:** SOC Stack

**Tasks:** 4, 34 estimated hours.

**Module guide (steps for every task):** [[MOD-63]]","SOC Operations","V15.0 Enterprise SOC Capstone","PHASE-15","","","","","SOC Stack","","Wazuh; Zeek; Suricata; Sysmon; auditd; Grafana; TheHive; Velociraptor; n8n; MISP","","Advanced","","","SOC Analyst; SOC Engineer; Security Operations Engineer","","",""
"LAB-180","LAB-180","Lab","Normal","[LAB-180] Integrate the complete SOC lab","**Objective:** Integrate the complete SOC lab

**Prerequisites:** INV-030, LAB-133, ASM-013, LAB-174

**Concepts:** Firewall; IDS/IPS; Linux and Windows endpoints; Sysmon and auditd; Wazuh; Zeek and Suricata; Log pipeline; SIEM; Grafana; Detection engineering; Threat intelligence; TheHive; Velociraptor; n8n automation; Incident response

**Tools:** Wazuh; Zeek; Suricata; Sysmon; auditd; Grafana; TheHive; Velociraptor; n8n; MISP

**Environment:** SOC Stack

### Step-by-step activity
Follow the steps for LAB-180 in the module guide: [[MOD-63]]

- [ ] Complete every step in the module guide
- [ ] Verify the expected result
- [ ] Attach the evidence

**Expected result:** As stated for LAB-180 in the module guide.

**Evidence required:** Screenshot + command output

**Troubleshooting:** Record each problem and its fix in the issue notes. If stuck for more than 30 minutes, set the status to Blocked and describe the blocker.

**Security relevance:** Builds SOC Operations skills used by: SOC Analyst, SOC Engineer, Security Operations Engineer.

**Assessment:** Instructor verifies the expected result from the attached evidence and may ask for a live demonstration. Type: Practical.

### Completion criteria
- Every step of the module guide for this task is done
- The expected result is demonstrated
- Required evidence is attached to the issue
- Actual time is logged against the issue
- Instructor Review is Approved and the status is Completed

**Estimated time:** 10 h

**Next task:** INV-037","SOC Operations","V15.0 Enterprise SOC Capstone","MOD-63","INV-030, LAB-133, ASM-013, LAB-174","10","L5 - Expert","Setup","SOC Stack","Screenshot + command output","Wazuh; Zeek; Suricata; Sysmon; auditd; Grafana; TheHive; Velociraptor; n8n; MISP","","Advanced","Practical","0","SOC Analyst; SOC Engineer; Security Operations Engineer","","","Pending"
"INV-037","INV-037","Investigation","Normal","[INV-037] Simulated scenario 1 investigation","**Objective:** Simulated scenario 1 investigation

**Prerequisites:** LAB-180

**Concepts:** Firewall; IDS/IPS; Linux and Windows endpoints; Sysmon and auditd; Wazuh; Zeek and Suricata; Log pipeline; SIEM; Grafana; Detection engineering; Threat intelligence; TheHive; Velociraptor; n8n automation; Incident response

**Tools:** Wazuh; Zeek; Suricata; Sysmon; auditd; Grafana; TheHive; Velociraptor; n8n; MISP

**Environment:** SOC Stack

### Step-by-step activity
Follow the steps for INV-037 in the module guide: [[MOD-63]]

- [ ] Complete every step in the module guide
- [ ] Verify the expected result
- [ ] Attach the evidence

**Expected result:** As stated for INV-037 in the module guide.

**Evidence required:** Investigation report

**Troubleshooting:** Record each problem and its fix in the issue notes. If stuck for more than 30 minutes, set the status to Blocked and describe the blocker.

**Security relevance:** Builds SOC Operations skills used by: SOC Analyst, SOC Engineer, Security Operations Engineer.

**Assessment:** Instructor grades the investigation report: timeline, evidence, root cause, impact and recommendations. Type: Practical.

### Completion criteria
- Every step of the module guide for this task is done
- The expected result is demonstrated
- Required evidence is attached to the issue
- Actual time is logged against the issue
- Instructor Review is Approved and the status is Completed

**Estimated time:** 8 h

**Next task:** INV-038","SOC Operations","V15.0 Enterprise SOC Capstone","MOD-63","LAB-180","8","L5 - Expert","Investigation","SOC Stack","Investigation report","Wazuh; Zeek; Suricata; Sysmon; auditd; Grafana; TheHive; Velociraptor; n8n; MISP","","Advanced","Practical","0","SOC Analyst; SOC Engineer; Security Operations Engineer","Incident investigated","1","Pending"
"INV-038","INV-038","Investigation","Normal","[INV-038] Simulated scenario 2 investigation","**Objective:** Simulated scenario 2 investigation

**Prerequisites:** INV-037

**Concepts:** Firewall; IDS/IPS; Linux and Windows endpoints; Sysmon and auditd; Wazuh; Zeek and Suricata; Log pipeline; SIEM; Grafana; Detection engineering; Threat intelligence; TheHive; Velociraptor; n8n automation; Incident response

**Tools:** Wazuh; Zeek; Suricata; Sysmon; auditd; Grafana; TheHive; Velociraptor; n8n; MISP

**Environment:** SOC Stack

### Step-by-step activity
Follow the steps for INV-038 in the module guide: [[MOD-63]]

- [ ] Complete every step in the module guide
- [ ] Verify the expected result
- [ ] Attach the evidence

**Expected result:** As stated for INV-038 in the module guide.

**Evidence required:** Investigation report

**Troubleshooting:** Record each problem and its fix in the issue notes. If stuck for more than 30 minutes, set the status to Blocked and describe the blocker.

**Security relevance:** Builds SOC Operations skills used by: SOC Analyst, SOC Engineer, Security Operations Engineer.

**Assessment:** Instructor grades the investigation report: timeline, evidence, root cause, impact and recommendations. Type: Practical.

### Completion criteria
- Every step of the module guide for this task is done
- The expected result is demonstrated
- Required evidence is attached to the issue
- Actual time is logged against the issue
- Instructor Review is Approved and the status is Completed

**Estimated time:** 8 h

**Next task:** INV-039","SOC Operations","V15.0 Enterprise SOC Capstone","MOD-63","INV-037","8","L5 - Expert","Investigation","SOC Stack","Investigation report","Wazuh; Zeek; Suricata; Sysmon; auditd; Grafana; TheHive; Velociraptor; n8n; MISP","","Advanced","Practical","0","SOC Analyst; SOC Engineer; Security Operations Engineer","Incident investigated","1","Pending"
"INV-039","INV-039","Investigation","Normal","[INV-039] Simulated scenario 3 investigation","**Objective:** Simulated scenario 3 investigation

**Prerequisites:** INV-038

**Concepts:** Firewall; IDS/IPS; Linux and Windows endpoints; Sysmon and auditd; Wazuh; Zeek and Suricata; Log pipeline; SIEM; Grafana; Detection engineering; Threat intelligence; TheHive; Velociraptor; n8n automation; Incident response

**Tools:** Wazuh; Zeek; Suricata; Sysmon; auditd; Grafana; TheHive; Velociraptor; n8n; MISP

**Environment:** SOC Stack

### Step-by-step activity
Follow the steps for INV-039 in the module guide: [[MOD-63]]

- [ ] Complete every step in the module guide
- [ ] Verify the expected result
- [ ] Attach the evidence

**Expected result:** As stated for INV-039 in the module guide.

**Evidence required:** Investigation report

**Troubleshooting:** Record each problem and its fix in the issue notes. If stuck for more than 30 minutes, set the status to Blocked and describe the blocker.

**Security relevance:** Builds SOC Operations skills used by: SOC Analyst, SOC Engineer, Security Operations Engineer.

**Assessment:** Instructor grades the investigation report: timeline, evidence, root cause, impact and recommendations. Type: Practical.

### Completion criteria
- Every step of the module guide for this task is done
- The expected result is demonstrated
- Required evidence is attached to the issue
- Actual time is logged against the issue
- Instructor Review is Approved and the status is Completed

**Estimated time:** 8 h

**Next task:** Last task of this module","SOC Operations","V15.0 Enterprise SOC Capstone","MOD-63","INV-038","8","L5 - Expert","Investigation","SOC Stack","Investigation report","Wazuh; Zeek; Suricata; Sysmon; auditd; Grafana; TheHive; Velociraptor; n8n; MISP","","Advanced","Practical","0","SOC Analyst; SOC Engineer; Security Operations Engineer","Incident investigated","1","Pending"
"MOD-64","MOD-64","Module","Normal","[MOD-64] Capstone: Enterprise Security Operations Center","**Topics:** Network monitoring; Endpoint monitoring; SIEM; IDS/IPS; Threat intelligence; Detection rules; MITRE ATT&CK mapping; Incident response; Case management; Threat hunting; Vulnerability scanning; Security dashboards; Automation; Security reporting

**Tools:** Wazuh; Zeek; Suricata; Sysmon; MISP; TheHive; Velociraptor; n8n; Grafana; Greenbone/OpenVAS; Sigma; MITRE ATT&CK

**Environment:** SOC Stack

**Tasks:** 12, 76 estimated hours.

**Module guide (steps for every task):** [[MOD-64]]","SOC Operations","V15.0 Enterprise SOC Capstone","PHASE-15","","","","","SOC Stack","","Wazuh; Zeek; Suricata; Sysmon; MISP; TheHive; Velociraptor; n8n; Grafana; Greenbone/OpenVAS; Sigma; MITRE ATT&CK","","Advanced","","","SOC Analyst; SOC Engineer; Security Operations Engineer","","",""
"CAP-001","CAP-001","Capstone","High","[CAP-001] Architecture diagram, network design and security architecture","**Objective:** Architecture diagram, network design and security architecture

**Prerequisites:** INV-039, ASM-014

**Concepts:** Network monitoring; Endpoint monitoring; SIEM; IDS/IPS; Threat intelligence; Detection rules; MITRE ATT&CK mapping; Incident response; Case management; Threat hunting; Vulnerability scanning; Security dashboards; Automation; Security reporting

**Tools:** Wazuh; Zeek; Suricata; Sysmon; MISP; TheHive; Velociraptor; n8n; Grafana; Greenbone/OpenVAS; Sigma; MITRE ATT&CK

**Environment:** SOC Stack

### Step-by-step activity
Follow the steps for CAP-001 in the module guide: [[MOD-64]]

- [ ] Complete every step in the module guide
- [ ] Verify the expected result
- [ ] Attach the evidence

**Expected result:** As stated for CAP-001 in the module guide.

**Evidence required:** Repository link + documentation

**Troubleshooting:** Record each problem and its fix in the issue notes. If stuck for more than 30 minutes, set the status to Blocked and describe the blocker.

**Security relevance:** Builds SOC Operations skills used by: SOC Analyst, SOC Engineer, Security Operations Engineer.

**Assessment:** Scored 0-100 against the capstone rubric. Type: Project.

### Completion criteria
- Every step of the module guide for this task is done
- The expected result is demonstrated
- Required evidence is attached to the issue
- Actual time is logged against the issue
- Instructor Review is Approved and the status is Completed

**Estimated time:** 8 h

**Next task:** CAP-002","SOC Operations","V15.0 Enterprise SOC Capstone","MOD-64","INV-039, ASM-014","8","L5 - Expert","Capstone","SOC Stack","Repository link + documentation","Wazuh; Zeek; Suricata; Sysmon; MISP; TheHive; Velociraptor; n8n; Grafana; Greenbone/OpenVAS; Sigma; MITRE ATT&CK","","Advanced","Project","1","SOC Analyst; SOC Engineer; Security Operations Engineer","","","Pending"
"CAP-002","CAP-002","Capstone","High","[CAP-002] Network and endpoint monitoring","**Objective:** Network and endpoint monitoring

**Prerequisites:** CAP-001

**Concepts:** Network monitoring; Endpoint monitoring; SIEM; IDS/IPS; Threat intelligence; Detection rules; MITRE ATT&CK mapping; Incident response; Case management; Threat hunting; Vulnerability scanning; Security dashboards; Automation; Security reporting

**Tools:** Wazuh; Zeek; Suricata; Sysmon; MISP; TheHive; Velociraptor; n8n; Grafana; Greenbone/OpenVAS; Sigma; MITRE ATT&CK

**Environment:** SOC Stack

### Step-by-step activity
Follow the steps for CAP-002 in the module guide: [[MOD-64]]

- [ ] Complete every step in the module guide
- [ ] Verify the expected result
- [ ] Attach the evidence

**Expected result:** As stated for CAP-002 in the module guide.

**Evidence required:** Repository link + documentation

**Troubleshooting:** Record each problem and its fix in the issue notes. If stuck for more than 30 minutes, set the status to Blocked and describe the blocker.

**Security relevance:** Builds SOC Operations skills used by: SOC Analyst, SOC Engineer, Security Operations Engineer.

**Assessment:** Scored 0-100 against the capstone rubric. Type: Project.

### Completion criteria
- Every step of the module guide for this task is done
- The expected result is demonstrated
- Required evidence is attached to the issue
- Actual time is logged against the issue
- Instructor Review is Approved and the status is Completed

**Estimated time:** 8 h

**Next task:** CAP-003","SOC Operations","V15.0 Enterprise SOC Capstone","MOD-64","CAP-001","8","L5 - Expert","Capstone","SOC Stack","Repository link + documentation","Wazuh; Zeek; Suricata; Sysmon; MISP; TheHive; Velociraptor; n8n; Grafana; Greenbone/OpenVAS; Sigma; MITRE ATT&CK","","Advanced","Project","1","SOC Analyst; SOC Engineer; Security Operations Engineer","","","Pending"
"CAP-003","CAP-003","Capstone","High","[CAP-003] SIEM configuration and IDS/IPS","**Objective:** SIEM configuration and IDS/IPS

**Prerequisites:** CAP-002

**Concepts:** Network monitoring; Endpoint monitoring; SIEM; IDS/IPS; Threat intelligence; Detection rules; MITRE ATT&CK mapping; Incident response; Case management; Threat hunting; Vulnerability scanning; Security dashboards; Automation; Security reporting

**Tools:** Wazuh; Zeek; Suricata; Sysmon; MISP; TheHive; Velociraptor; n8n; Grafana; Greenbone/OpenVAS; Sigma; MITRE ATT&CK

**Environment:** SOC Stack

### Step-by-step activity
Follow the steps for CAP-003 in the module guide: [[MOD-64]]

- [ ] Complete every step in the module guide
- [ ] Verify the expected result
- [ ] Attach the evidence

**Expected result:** As stated for CAP-003 in the module guide.

**Evidence required:** Repository link + documentation

**Troubleshooting:** Record each problem and its fix in the issue notes. If stuck for more than 30 minutes, set the status to Blocked and describe the blocker.

**Security relevance:** Builds SOC Operations skills used by: SOC Analyst, SOC Engineer, Security Operations Engineer.

**Assessment:** Scored 0-100 against the capstone rubric. Type: Project.

### Completion criteria
- Every step of the module guide for this task is done
- The expected result is demonstrated
- Required evidence is attached to the issue
- Actual time is logged against the issue
- Instructor Review is Approved and the status is Completed

**Estimated time:** 8 h

**Next task:** CAP-004","SOC Operations","V15.0 Enterprise SOC Capstone","MOD-64","CAP-002","8","L5 - Expert","Capstone","SOC Stack","Repository link + documentation","Wazuh; Zeek; Suricata; Sysmon; MISP; TheHive; Velociraptor; n8n; Grafana; Greenbone/OpenVAS; Sigma; MITRE ATT&CK","","Advanced","Project","1","SOC Analyst; SOC Engineer; Security Operations Engineer","","","Pending"
"CAP-004","CAP-004","Capstone","High","[CAP-004] Threat intelligence integration","**Objective:** Threat intelligence integration

**Prerequisites:** CAP-003

**Concepts:** Network monitoring; Endpoint monitoring; SIEM; IDS/IPS; Threat intelligence; Detection rules; MITRE ATT&CK mapping; Incident response; Case management; Threat hunting; Vulnerability scanning; Security dashboards; Automation; Security reporting

**Tools:** Wazuh; Zeek; Suricata; Sysmon; MISP; TheHive; Velociraptor; n8n; Grafana; Greenbone/OpenVAS; Sigma; MITRE ATT&CK

**Environment:** SOC Stack

### Step-by-step activity
Follow the steps for CAP-004 in the module guide: [[MOD-64]]

- [ ] Complete every step in the module guide
- [ ] Verify the expected result
- [ ] Attach the evidence

**Expected result:** As stated for CAP-004 in the module guide.

**Evidence required:** Repository link + documentation

**Troubleshooting:** Record each problem and its fix in the issue notes. If stuck for more than 30 minutes, set the status to Blocked and describe the blocker.

**Security relevance:** Builds SOC Operations skills used by: SOC Analyst, SOC Engineer, Security Operations Engineer.

**Assessment:** Scored 0-100 against the capstone rubric. Type: Project.

### Completion criteria
- Every step of the module guide for this task is done
- The expected result is demonstrated
- Required evidence is attached to the issue
- Actual time is logged against the issue
- Instructor Review is Approved and the status is Completed

**Estimated time:** 5 h

**Next task:** CAP-005","SOC Operations","V15.0 Enterprise SOC Capstone","MOD-64","CAP-003","5","L5 - Expert","Capstone","SOC Stack","Repository link + documentation","Wazuh; Zeek; Suricata; Sysmon; MISP; TheHive; Velociraptor; n8n; Grafana; Greenbone/OpenVAS; Sigma; MITRE ATT&CK","","Advanced","Project","1","SOC Analyst; SOC Engineer; Security Operations Engineer","","","Pending"
"CAP-005","CAP-005","Capstone","High","[CAP-005] Detection rules and MITRE mapping","**Objective:** Detection rules and MITRE mapping

**Prerequisites:** CAP-004

**Concepts:** Network monitoring; Endpoint monitoring; SIEM; IDS/IPS; Threat intelligence; Detection rules; MITRE ATT&CK mapping; Incident response; Case management; Threat hunting; Vulnerability scanning; Security dashboards; Automation; Security reporting

**Tools:** Wazuh; Zeek; Suricata; Sysmon; MISP; TheHive; Velociraptor; n8n; Grafana; Greenbone/OpenVAS; Sigma; MITRE ATT&CK

**Environment:** SOC Stack

### Step-by-step activity
Follow the steps for CAP-005 in the module guide: [[MOD-64]]

- [ ] Complete every step in the module guide
- [ ] Verify the expected result
- [ ] Attach the evidence

**Expected result:** As stated for CAP-005 in the module guide.

**Evidence required:** Repository link + documentation

**Troubleshooting:** Record each problem and its fix in the issue notes. If stuck for more than 30 minutes, set the status to Blocked and describe the blocker.

**Security relevance:** Builds SOC Operations skills used by: SOC Analyst, SOC Engineer, Security Operations Engineer.

**Assessment:** Scored 0-100 against the capstone rubric. Type: Project.

### Completion criteria
- Every step of the module guide for this task is done
- The expected result is demonstrated
- Required evidence is attached to the issue
- Actual time is logged against the issue
- Instructor Review is Approved and the status is Completed

**Estimated time:** 8 h

**Next task:** CAP-006","SOC Operations","V15.0 Enterprise SOC Capstone","MOD-64","CAP-004","8","L5 - Expert","Capstone","SOC Stack","Repository link + documentation","Wazuh; Zeek; Suricata; Sysmon; MISP; TheHive; Velociraptor; n8n; Grafana; Greenbone/OpenVAS; Sigma; MITRE ATT&CK","","Advanced","Project","1","SOC Analyst; SOC Engineer; Security Operations Engineer","","","Pending"
"CAP-006","CAP-006","Capstone","High","[CAP-006] Incident response playbooks and case management","**Objective:** Incident response playbooks and case management

**Prerequisites:** CAP-005

**Concepts:** Network monitoring; Endpoint monitoring; SIEM; IDS/IPS; Threat intelligence; Detection rules; MITRE ATT&CK mapping; Incident response; Case management; Threat hunting; Vulnerability scanning; Security dashboards; Automation; Security reporting

**Tools:** Wazuh; Zeek; Suricata; Sysmon; MISP; TheHive; Velociraptor; n8n; Grafana; Greenbone/OpenVAS; Sigma; MITRE ATT&CK

**Environment:** SOC Stack

### Step-by-step activity
Follow the steps for CAP-006 in the module guide: [[MOD-64]]

- [ ] Complete every step in the module guide
- [ ] Verify the expected result
- [ ] Attach the evidence

**Expected result:** As stated for CAP-006 in the module guide.

**Evidence required:** Repository link + documentation

**Troubleshooting:** Record each problem and its fix in the issue notes. If stuck for more than 30 minutes, set the status to Blocked and describe the blocker.

**Security relevance:** Builds SOC Operations skills used by: SOC Analyst, SOC Engineer, Security Operations Engineer.

**Assessment:** Scored 0-100 against the capstone rubric. Type: Project.

### Completion criteria
- Every step of the module guide for this task is done
- The expected result is demonstrated
- Required evidence is attached to the issue
- Actual time is logged against the issue
- Instructor Review is Approved and the status is Completed

**Estimated time:** 6 h

**Next task:** CAP-007","SOC Operations","V15.0 Enterprise SOC Capstone","MOD-64","CAP-005","6","L5 - Expert","Capstone","SOC Stack","Repository link + documentation","Wazuh; Zeek; Suricata; Sysmon; MISP; TheHive; Velociraptor; n8n; Grafana; Greenbone/OpenVAS; Sigma; MITRE ATT&CK","","Advanced","Project","1","SOC Analyst; SOC Engineer; Security Operations Engineer","","","Pending"
"CAP-007","CAP-007","Capstone","High","[CAP-007] Threat hunting and vulnerability scanning","**Objective:** Threat hunting and vulnerability scanning

**Prerequisites:** CAP-006

**Concepts:** Network monitoring; Endpoint monitoring; SIEM; IDS/IPS; Threat intelligence; Detection rules; MITRE ATT&CK mapping; Incident response; Case management; Threat hunting; Vulnerability scanning; Security dashboards; Automation; Security reporting

**Tools:** Wazuh; Zeek; Suricata; Sysmon; MISP; TheHive; Velociraptor; n8n; Grafana; Greenbone/OpenVAS; Sigma; MITRE ATT&CK

**Environment:** SOC Stack

### Step-by-step activity
Follow the steps for CAP-007 in the module guide: [[MOD-64]]

- [ ] Complete every step in the module guide
- [ ] Verify the expected result
- [ ] Attach the evidence

**Expected result:** As stated for CAP-007 in the module guide.

**Evidence required:** Repository link + documentation

**Troubleshooting:** Record each problem and its fix in the issue notes. If stuck for more than 30 minutes, set the status to Blocked and describe the blocker.

**Security relevance:** Builds SOC Operations skills used by: SOC Analyst, SOC Engineer, Security Operations Engineer.

**Assessment:** Scored 0-100 against the capstone rubric. Type: Project.

### Completion criteria
- Every step of the module guide for this task is done
- The expected result is demonstrated
- Required evidence is attached to the issue
- Actual time is logged against the issue
- Instructor Review is Approved and the status is Completed

**Estimated time:** 8 h

**Next task:** CAP-008","SOC Operations","V15.0 Enterprise SOC Capstone","MOD-64","CAP-006","8","L5 - Expert","Capstone","SOC Stack","Repository link + documentation","Wazuh; Zeek; Suricata; Sysmon; MISP; TheHive; Velociraptor; n8n; Grafana; Greenbone/OpenVAS; Sigma; MITRE ATT&CK","","Advanced","Project","1","SOC Analyst; SOC Engineer; Security Operations Engineer","","","Pending"
"CAP-008","CAP-008","Capstone","High","[CAP-008] Automation workflows","**Objective:** Automation workflows

**Prerequisites:** CAP-007

**Concepts:** Network monitoring; Endpoint monitoring; SIEM; IDS/IPS; Threat intelligence; Detection rules; MITRE ATT&CK mapping; Incident response; Case management; Threat hunting; Vulnerability scanning; Security dashboards; Automation; Security reporting

**Tools:** Wazuh; Zeek; Suricata; Sysmon; MISP; TheHive; Velociraptor; n8n; Grafana; Greenbone/OpenVAS; Sigma; MITRE ATT&CK

**Environment:** SOC Stack

### Step-by-step activity
Follow the steps for CAP-008 in the module guide: [[MOD-64]]

- [ ] Complete every step in the module guide
- [ ] Verify the expected result
- [ ] Attach the evidence

**Expected result:** As stated for CAP-008 in the module guide.

**Evidence required:** Repository link + documentation

**Troubleshooting:** Record each problem and its fix in the issue notes. If stuck for more than 30 minutes, set the status to Blocked and describe the blocker.

**Security relevance:** Builds SOC Operations skills used by: SOC Analyst, SOC Engineer, Security Operations Engineer.

**Assessment:** Scored 0-100 against the capstone rubric. Type: Project.

### Completion criteria
- Every step of the module guide for this task is done
- The expected result is demonstrated
- Required evidence is attached to the issue
- Actual time is logged against the issue
- Instructor Review is Approved and the status is Completed

**Estimated time:** 6 h

**Next task:** CAP-009","SOC Operations","V15.0 Enterprise SOC Capstone","MOD-64","CAP-007","6","L5 - Expert","Capstone","SOC Stack","Repository link + documentation","Wazuh; Zeek; Suricata; Sysmon; MISP; TheHive; Velociraptor; n8n; Grafana; Greenbone/OpenVAS; Sigma; MITRE ATT&CK","","Advanced","Project","1","SOC Analyst; SOC Engineer; Security Operations Engineer","","","Pending"
"CAP-009","CAP-009","Capstone","High","[CAP-009] Grafana dashboards","**Objective:** Grafana dashboards

**Prerequisites:** CAP-008

**Concepts:** Network monitoring; Endpoint monitoring; SIEM; IDS/IPS; Threat intelligence; Detection rules; MITRE ATT&CK mapping; Incident response; Case management; Threat hunting; Vulnerability scanning; Security dashboards; Automation; Security reporting

**Tools:** Wazuh; Zeek; Suricata; Sysmon; MISP; TheHive; Velociraptor; n8n; Grafana; Greenbone/OpenVAS; Sigma; MITRE ATT&CK

**Environment:** SOC Stack

### Step-by-step activity
Follow the steps for CAP-009 in the module guide: [[MOD-64]]

- [ ] Complete every step in the module guide
- [ ] Verify the expected result
- [ ] Attach the evidence

**Expected result:** As stated for CAP-009 in the module guide.

**Evidence required:** Repository link + documentation

**Troubleshooting:** Record each problem and its fix in the issue notes. If stuck for more than 30 minutes, set the status to Blocked and describe the blocker.

**Security relevance:** Builds SOC Operations skills used by: SOC Analyst, SOC Engineer, Security Operations Engineer.

**Assessment:** Scored 0-100 against the capstone rubric. Type: Project.

### Completion criteria
- Every step of the module guide for this task is done
- The expected result is demonstrated
- Required evidence is attached to the issue
- Actual time is logged against the issue
- Instructor Review is Approved and the status is Completed

**Estimated time:** 5 h

**Next task:** CAP-010","SOC Operations","V15.0 Enterprise SOC Capstone","MOD-64","CAP-008","5","L5 - Expert","Capstone","SOC Stack","Repository link + documentation","Wazuh; Zeek; Suricata; Sysmon; MISP; TheHive; Velociraptor; n8n; Grafana; Greenbone/OpenVAS; Sigma; MITRE ATT&CK","","Advanced","Project","1","SOC Analyst; SOC Engineer; Security Operations Engineer","","","Pending"
"CAP-010","CAP-010","Capstone","High","[CAP-010] Security report, executive report and incident investigation report","**Objective:** Security report, executive report and incident investigation report

**Prerequisites:** CAP-009

**Concepts:** Network monitoring; Endpoint monitoring; SIEM; IDS/IPS; Threat intelligence; Detection rules; MITRE ATT&CK mapping; Incident response; Case management; Threat hunting; Vulnerability scanning; Security dashboards; Automation; Security reporting

**Tools:** Wazuh; Zeek; Suricata; Sysmon; MISP; TheHive; Velociraptor; n8n; Grafana; Greenbone/OpenVAS; Sigma; MITRE ATT&CK

**Environment:** SOC Stack

### Step-by-step activity
Follow the steps for CAP-010 in the module guide: [[MOD-64]]

- [ ] Complete every step in the module guide
- [ ] Verify the expected result
- [ ] Attach the evidence

**Expected result:** As stated for CAP-010 in the module guide.

**Evidence required:** Repository link + documentation

**Troubleshooting:** Record each problem and its fix in the issue notes. If stuck for more than 30 minutes, set the status to Blocked and describe the blocker.

**Security relevance:** Builds SOC Operations skills used by: SOC Analyst, SOC Engineer, Security Operations Engineer.

**Assessment:** Scored 0-100 against the capstone rubric. Type: Project.

### Completion criteria
- Every step of the module guide for this task is done
- The expected result is demonstrated
- Required evidence is attached to the issue
- Actual time is logged against the issue
- Instructor Review is Approved and the status is Completed

**Estimated time:** 8 h

**Next task:** CAP-011","SOC Operations","V15.0 Enterprise SOC Capstone","MOD-64","CAP-009","8","L5 - Expert","Capstone","SOC Stack","Repository link + documentation","Wazuh; Zeek; Suricata; Sysmon; MISP; TheHive; Velociraptor; n8n; Grafana; Greenbone/OpenVAS; Sigma; MITRE ATT&CK","","Advanced","Project","1","SOC Analyst; SOC Engineer; Security Operations Engineer","","","Pending"
"CAP-011","CAP-011","Capstone","High","[CAP-011] Final presentation","**Objective:** Final presentation

**Prerequisites:** CAP-010

**Concepts:** Network monitoring; Endpoint monitoring; SIEM; IDS/IPS; Threat intelligence; Detection rules; MITRE ATT&CK mapping; Incident response; Case management; Threat hunting; Vulnerability scanning; Security dashboards; Automation; Security reporting

**Tools:** Wazuh; Zeek; Suricata; Sysmon; MISP; TheHive; Velociraptor; n8n; Grafana; Greenbone/OpenVAS; Sigma; MITRE ATT&CK

**Environment:** SOC Stack

### Step-by-step activity
Follow the steps for CAP-011 in the module guide: [[MOD-64]]

- [ ] Complete every step in the module guide
- [ ] Verify the expected result
- [ ] Attach the evidence

**Expected result:** As stated for CAP-011 in the module guide.

**Evidence required:** Repository link + documentation

**Troubleshooting:** Record each problem and its fix in the issue notes. If stuck for more than 30 minutes, set the status to Blocked and describe the blocker.

**Security relevance:** Builds SOC Operations skills used by: SOC Analyst, SOC Engineer, Security Operations Engineer.

**Assessment:** Scored 0-100 against the capstone rubric. Type: Project.

### Completion criteria
- Every step of the module guide for this task is done
- The expected result is demonstrated
- Required evidence is attached to the issue
- Actual time is logged against the issue
- Instructor Review is Approved and the status is Completed

**Estimated time:** 3 h

**Next task:** ASM-015","SOC Operations","V15.0 Enterprise SOC Capstone","MOD-64","CAP-010","3","L5 - Expert","Capstone","SOC Stack","Repository link + documentation","Wazuh; Zeek; Suricata; Sysmon; MISP; TheHive; Velociraptor; n8n; Grafana; Greenbone/OpenVAS; Sigma; MITRE ATT&CK","","Advanced","Project","1","SOC Analyst; SOC Engineer; Security Operations Engineer","","","Pending"
"ASM-015","ASM-015","Assessment","High","[ASM-015] Final assessment","**Objective:** Final assessment

**Prerequisites:** CAP-011

**Concepts:** Network monitoring; Endpoint monitoring; SIEM; IDS/IPS; Threat intelligence; Detection rules; MITRE ATT&CK mapping; Incident response; Case management; Threat hunting; Vulnerability scanning; Security dashboards; Automation; Security reporting

**Tools:** Wazuh; Zeek; Suricata; Sysmon; MISP; TheHive; Velociraptor; n8n; Grafana; Greenbone/OpenVAS; Sigma; MITRE ATT&CK

**Environment:** SOC Stack

### Step-by-step activity
Follow the steps for ASM-015 in the module guide: [[MOD-64]]

- [ ] Complete every step in the module guide
- [ ] Verify the expected result
- [ ] Attach the evidence

**Expected result:** As stated for ASM-015 in the module guide.

**Evidence required:** Scored result

**Troubleshooting:** Record each problem and its fix in the issue notes. If stuck for more than 30 minutes, set the status to Blocked and describe the blocker.

**Security relevance:** Builds SOC Operations skills used by: SOC Analyst, SOC Engineer, Security Operations Engineer.

**Assessment:** Scored 0-100. Pass mark 70. Type: Practical exam.

### Completion criteria
- Every step of the module guide for this task is done
- The expected result is demonstrated
- Required evidence is attached to the issue
- Actual time is logged against the issue
- Instructor Review is Approved and the status is Completed

**Estimated time:** 3 h

**Next task:** Last task of this module","SOC Operations","V15.0 Enterprise SOC Capstone","MOD-64","CAP-011","3","L5 - Expert","Assessment","SOC Stack","Scored result","Wazuh; Zeek; Suricata; Sysmon; MISP; TheHive; Velociraptor; n8n; Grafana; Greenbone/OpenVAS; Sigma; MITRE ATT&CK","","Advanced","Practical exam","0","SOC Analyst; SOC Engineer; Security Operations Engineer","","","Pending"
"MOD-65","MOD-65","Module","Normal","[MOD-65] Career Preparation","**Topics:** SOC Analyst, SOC Engineer, Cybersecurity Engineer, Security Engineer, Detection Engineer, Threat Hunter, Incident Response, Cloud Security and DevSecOps interviews; Resume; LinkedIn; GitHub portfolio; Security lab portfolio

**Tools:** Git

**Environment:** Workstation

**Tasks:** 6, 24 estimated hours.

**Module guide (steps for every task):** [[MOD-65]]","Career","V15.0 Enterprise SOC Capstone","PHASE-15","","","","","Workstation","","Git","","Core","","","Security Operations Engineer","","",""
"ASG-025","ASG-025","Assignment","Normal","[ASG-025] GitHub portfolio structure and security lab portfolio","**Objective:** GitHub portfolio structure and security lab portfolio

**Prerequisites:** ASM-015

**Concepts:** SOC Analyst, SOC Engineer, Cybersecurity Engineer, Security Engineer, Detection Engineer, Threat Hunter, Incident Response, Cloud Security and DevSecOps interviews; Resume; LinkedIn; GitHub portfolio; Security lab portfolio

**Tools:** Git

**Environment:** Workstation

### Step-by-step activity
Follow the steps for ASG-025 in the module guide: [[MOD-65]]

- [ ] Complete every step in the module guide
- [ ] Verify the expected result
- [ ] Attach the evidence

**Expected result:** As stated for ASG-025 in the module guide.

**Evidence required:** Written deliverable

**Troubleshooting:** Record each problem and its fix in the issue notes. If stuck for more than 30 minutes, set the status to Blocked and describe the blocker.

**Security relevance:** Builds Career skills used by: Security Operations Engineer.

**Assessment:** Instructor reviews the written deliverable against the module concepts. Type: Scenario question.

### Completion criteria
- Every step of the module guide for this task is done
- The expected result is demonstrated
- Required evidence is attached to the issue
- Actual time is logged against the issue
- Instructor Review is Approved and the status is Completed

**Estimated time:** 5 h

**Next task:** ASG-026","Career","V15.0 Enterprise SOC Capstone","MOD-65","ASM-015","5","L3 - Intermediate","Assignment","Workstation","Written deliverable","Git","","Core","Scenario question","0","Security Operations Engineer","","","Pending"
"ASG-026","ASG-026","Assignment","Normal","[ASG-026] Resume and LinkedIn project descriptions","**Objective:** Resume and LinkedIn project descriptions

**Prerequisites:** ASG-025

**Concepts:** SOC Analyst, SOC Engineer, Cybersecurity Engineer, Security Engineer, Detection Engineer, Threat Hunter, Incident Response, Cloud Security and DevSecOps interviews; Resume; LinkedIn; GitHub portfolio; Security lab portfolio

**Tools:** Git

**Environment:** Workstation

### Step-by-step activity
Follow the steps for ASG-026 in the module guide: [[MOD-65]]

- [ ] Complete every step in the module guide
- [ ] Verify the expected result
- [ ] Attach the evidence

**Expected result:** As stated for ASG-026 in the module guide.

**Evidence required:** Written deliverable

**Troubleshooting:** Record each problem and its fix in the issue notes. If stuck for more than 30 minutes, set the status to Blocked and describe the blocker.

**Security relevance:** Builds Career skills used by: Security Operations Engineer.

**Assessment:** Instructor reviews the written deliverable against the module concepts. Type: Scenario question.

### Completion criteria
- Every step of the module guide for this task is done
- The expected result is demonstrated
- Required evidence is attached to the issue
- Actual time is logged against the issue
- Instructor Review is Approved and the status is Completed

**Estimated time:** 3 h

**Next task:** ASG-027","Career","V15.0 Enterprise SOC Capstone","MOD-65","ASG-025","3","L3 - Intermediate","Assignment","Workstation","Written deliverable","Git","","Core","Scenario question","0","Security Operations Engineer","","","Pending"
"ASG-027","ASG-027","Assignment","Normal","[ASG-027] Interview question bank: SOC Analyst and SOC Engineer","**Objective:** Interview question bank: SOC Analyst and SOC Engineer

**Prerequisites:** ASG-026

**Concepts:** SOC Analyst, SOC Engineer, Cybersecurity Engineer, Security Engineer, Detection Engineer, Threat Hunter, Incident Response, Cloud Security and DevSecOps interviews; Resume; LinkedIn; GitHub portfolio; Security lab portfolio

**Tools:** Git

**Environment:** Workstation

### Step-by-step activity
Follow the steps for ASG-027 in the module guide: [[MOD-65]]

- [ ] Complete every step in the module guide
- [ ] Verify the expected result
- [ ] Attach the evidence

**Expected result:** As stated for ASG-027 in the module guide.

**Evidence required:** Written deliverable

**Troubleshooting:** Record each problem and its fix in the issue notes. If stuck for more than 30 minutes, set the status to Blocked and describe the blocker.

**Security relevance:** Builds Career skills used by: Security Operations Engineer.

**Assessment:** Instructor reviews the written deliverable against the module concepts. Type: Scenario question.

### Completion criteria
- Every step of the module guide for this task is done
- The expected result is demonstrated
- Required evidence is attached to the issue
- Actual time is logged against the issue
- Instructor Review is Approved and the status is Completed

**Estimated time:** 4 h

**Next task:** ASG-028","Career","V15.0 Enterprise SOC Capstone","MOD-65","ASG-026","4","L3 - Intermediate","Assignment","Workstation","Written deliverable","Git","","Core","Scenario question","0","Security Operations Engineer","","","Pending"
"ASG-028","ASG-028","Assignment","Normal","[ASG-028] Interview question bank: Detection, Threat Hunting and Incident Response","**Objective:** Interview question bank: Detection, Threat Hunting and Incident Response

**Prerequisites:** ASG-027

**Concepts:** SOC Analyst, SOC Engineer, Cybersecurity Engineer, Security Engineer, Detection Engineer, Threat Hunter, Incident Response, Cloud Security and DevSecOps interviews; Resume; LinkedIn; GitHub portfolio; Security lab portfolio

**Tools:** Git

**Environment:** Workstation

### Step-by-step activity
Follow the steps for ASG-028 in the module guide: [[MOD-65]]

- [ ] Complete every step in the module guide
- [ ] Verify the expected result
- [ ] Attach the evidence

**Expected result:** As stated for ASG-028 in the module guide.

**Evidence required:** Written deliverable

**Troubleshooting:** Record each problem and its fix in the issue notes. If stuck for more than 30 minutes, set the status to Blocked and describe the blocker.

**Security relevance:** Builds Career skills used by: Security Operations Engineer.

**Assessment:** Instructor reviews the written deliverable against the module concepts. Type: Scenario question.

### Completion criteria
- Every step of the module guide for this task is done
- The expected result is demonstrated
- Required evidence is attached to the issue
- Actual time is logged against the issue
- Instructor Review is Approved and the status is Completed

**Estimated time:** 4 h

**Next task:** ASG-029","Career","V15.0 Enterprise SOC Capstone","MOD-65","ASG-027","4","L3 - Intermediate","Assignment","Workstation","Written deliverable","Git","","Core","Scenario question","0","Security Operations Engineer","","","Pending"
"ASG-029","ASG-029","Assignment","Normal","[ASG-029] Interview question bank: Security Engineer, Cloud Security and DevSecOps","**Objective:** Interview question bank: Security Engineer, Cloud Security and DevSecOps

**Prerequisites:** ASG-028

**Concepts:** SOC Analyst, SOC Engineer, Cybersecurity Engineer, Security Engineer, Detection Engineer, Threat Hunter, Incident Response, Cloud Security and DevSecOps interviews; Resume; LinkedIn; GitHub portfolio; Security lab portfolio

**Tools:** Git

**Environment:** Workstation

### Step-by-step activity
Follow the steps for ASG-029 in the module guide: [[MOD-65]]

- [ ] Complete every step in the module guide
- [ ] Verify the expected result
- [ ] Attach the evidence

**Expected result:** As stated for ASG-029 in the module guide.

**Evidence required:** Written deliverable

**Troubleshooting:** Record each problem and its fix in the issue notes. If stuck for more than 30 minutes, set the status to Blocked and describe the blocker.

**Security relevance:** Builds Career skills used by: Security Operations Engineer.

**Assessment:** Instructor reviews the written deliverable against the module concepts. Type: Scenario question.

### Completion criteria
- Every step of the module guide for this task is done
- The expected result is demonstrated
- Required evidence is attached to the issue
- Actual time is logged against the issue
- Instructor Review is Approved and the status is Completed

**Estimated time:** 4 h

**Next task:** ASM-016","Career","V15.0 Enterprise SOC Capstone","MOD-65","ASG-028","4","L3 - Intermediate","Assignment","Workstation","Written deliverable","Git","","Core","Scenario question","0","Security Operations Engineer","","","Pending"
"ASM-016","ASM-016","Assessment","High","[ASM-016] Technical interview labs and scenarios","**Objective:** Technical interview labs and scenarios

**Prerequisites:** ASG-029

**Concepts:** SOC Analyst, SOC Engineer, Cybersecurity Engineer, Security Engineer, Detection Engineer, Threat Hunter, Incident Response, Cloud Security and DevSecOps interviews; Resume; LinkedIn; GitHub portfolio; Security lab portfolio

**Tools:** Git

**Environment:** Workstation

### Step-by-step activity
Follow the steps for ASM-016 in the module guide: [[MOD-65]]

- [ ] Complete every step in the module guide
- [ ] Verify the expected result
- [ ] Attach the evidence

**Expected result:** As stated for ASM-016 in the module guide.

**Evidence required:** Scored result

**Troubleshooting:** Record each problem and its fix in the issue notes. If stuck for more than 30 minutes, set the status to Blocked and describe the blocker.

**Security relevance:** Builds Career skills used by: Security Operations Engineer.

**Assessment:** Scored 0-100. Pass mark 70. Type: Practical exam.

### Completion criteria
- Every step of the module guide for this task is done
- The expected result is demonstrated
- Required evidence is attached to the issue
- Actual time is logged against the issue
- Instructor Review is Approved and the status is Completed

**Estimated time:** 4 h

**Next task:** Last task of this module","Career","V15.0 Enterprise SOC Capstone","MOD-65","ASG-029","4","L3 - Intermediate","Assessment","Workstation","Scored result","Git","","Core","Practical exam","0","Security Operations Engineer","","","Pending"
"REVIEW-15","REVIEW-15","Review","High","[REVIEW-15] Phase 15 gate review","**Objective:** Confirm that phase 15 (Enterprise SOC Capstone) is complete.

### Checklist
- [ ] Every issue of the phase is Completed
- [ ] Evidence is attached to every issue
- [ ] Time is logged
- [ ] Assessment score is 70 or higher
- [ ] Portfolio items are in the repository

**Assessment:** Instructor confirms every issue of the phase is Completed and records the gate decision.

**Estimated time:** 1 h","","V15.0 Enterprise SOC Capstone","PHASE-15","INV-039, ASM-015, ASM-016","1","","Review","","Instructor sign-off","","","","Review","0","","","","Pending"
