"Unique ID","Curriculum ID","Tracker","Priority","Subject","Description","Category","Target version","Parent","Blocked by","Estimated hours","Difficulty","Lab Type","Environment","Evidence Required","Tool","PostgreSQL Version","Skill Level","Skill Track","Production Relevance","Assessment Type","Portfolio Project","Instructor Review"
"EPIC","EPIC","Epic","Normal","[EPIC] PostgreSQL Database Engineering & Development Programme","Top-level issue for the whole programme: 20 phases, 65 modules, 340 tasks, 1154 estimated hours.

Progress and time roll up from all phases.","","V20.0 Enterprise Capstone","","","","","","","","","","","","","","",""
"PHASE-01","PHASE-01","Phase","Normal","[PHASE-01] Linux & Database Fundamentals","Phase 01 of 20. Version: V01.0 Linux & Database Fundamentals.

Modules: 4. Estimated hours: 42.

- MOD-01 Lab Environment
- MOD-02 Linux for PostgreSQL: Processes, Memory and CPU
- MOD-03 Linux Storage for Databases
- MOD-04 Database Fundamentals

The phase closes with the gate review REVIEW-01.","","V01.0 Linux & Database Fundamentals","EPIC","","","","","","","","","","","","","",""
"MOD-01","MOD-01","Module","Normal","[MOD-01] Lab Environment","**Topics:** Lab servers; Virtual machines; Course dataset; Repository; Naming and addressing

**Tools:** Git; SSH

**Environment:** Workstation

**Tasks:** 3, 7 estimated hours.

- THY-001 Lab design and the course dataset
- LAB-001 Build the database lab servers
- DOC-001 Lab inventory","Linux","V01.0 Linux & Database Fundamentals","PHASE-01","","","","","Workstation","","Git; SSH","18","Level 1 - Foundation & Development","Engineering","Medium","","",""
"THY-001","THY-001","Theory","Normal","[THY-001] Lab design and the course dataset","**Objective:** Lab design and the course dataset

**Prerequisites:** None (entry point)

**Concepts:** Lab servers; Virtual machines; Course dataset; Repository; Naming and addressing

**Tools:** Git; SSH

**Environment:** Workstation

### Steps
- [ ] Read the wiki pages Lab_Environment and Course_Dataset
- [ ] Choose a hypervisor or cloud option and record the reason
- [ ] List the servers needed per phase
- [ ] Create the course Git repository with folders sql, config, scripts, ansible and docs

### Acceptance criteria
- Lab plan lists every server with size and phase
- Repository exists with the folder layout
- Dataset tables can be named from memory

**Evidence required:** Notes

**Troubleshooting:** Read the server log first. Record each problem and its fix in the issue notes. If stuck for more than 30 minutes, set the status to Blocked and describe the blocker.

**Performance:** Note the effect of this change on latency, WAL and locks where it applies.

**Security:** Use least-privilege roles, not the superuser, unless the task requires it. Keep secrets out of the repository.

**Automation:** Commit SQL and configuration to the repository. From phase 17 on, apply changes through migrations and the automation repository.

**Assessment:** Instructor checks the notes and asks short oral questions. Type: Short answer.

### Completion criteria
- Every step is done and every acceptance criterion is demonstrated
- Required evidence is attached to the issue
- SQL, configuration and documents are committed to the repository
- Actual time is logged against the issue
- Instructor Review is Approved and the status is Completed

**Estimated time:** 2 h

**Next task:** LAB-001","Linux","V01.0 Linux & Database Fundamentals","MOD-01","","2","L1 - Beginner","Theory","Workstation","Notes","Git; SSH","18","Level 1 - Foundation & Development","Engineering","Medium","Short answer","0","Pending"
"LAB-001","LAB-001","Lab","Normal","[LAB-001] Build the database lab servers","**Objective:** Build the database lab servers

**Prerequisites:** THY-001

**Concepts:** Lab servers; Virtual machines; Course dataset; Repository; Naming and addressing

**Tools:** Git; SSH

**Environment:** Workstation

### Steps
- [ ] Create three Linux servers: pg1, pg2, pg3 (one Debian-family and at least one RHEL-family)
- [ ] Set hostnames, static addresses and name resolution
- [ ] Configure time synchronisation
- [ ] Set up key-based SSH from the workstation
- [ ] Apply updates and take baseline snapshots

### Acceptance criteria
- All servers reach each other by name
- Clocks are synchronised
- SSH works with keys
- Snapshots exist

**Evidence required:** Screenshot + command output

**Troubleshooting:** Read the server log first. Record each problem and its fix in the issue notes. If stuck for more than 30 minutes, set the status to Blocked and describe the blocker.

**Performance:** Note the effect of this change on latency, WAL and locks where it applies.

**Security:** Use least-privilege roles, not the superuser, unless the task requires it. Keep secrets out of the repository.

**Automation:** Commit SQL and configuration to the repository. From phase 17 on, apply changes through migrations and the automation repository.

**Assessment:** Instructor verifies the acceptance criteria from the evidence and may ask for a live demonstration. Type: Practical.

### Completion criteria
- Every step is done and every acceptance criterion is demonstrated
- Required evidence is attached to the issue
- SQL, configuration and documents are committed to the repository
- Actual time is logged against the issue
- Instructor Review is Approved and the status is Completed

**Estimated time:** 4 h

**Next task:** DOC-001","Linux","V01.0 Linux & Database Fundamentals","MOD-01","THY-001","4","L1 - Beginner","Setup","Workstation","Screenshot + command output","Git; SSH","18","Level 1 - Foundation & Development","Engineering","Medium","Practical","0","Pending"
"DOC-001","DOC-001","Documentation","Normal","[DOC-001] Lab inventory","**Objective:** Lab inventory

**Prerequisites:** LAB-001

**Concepts:** Lab servers; Virtual machines; Course dataset; Repository; Naming and addressing

**Tools:** Git; SSH

**Environment:** Workstation

### Steps
- [ ] Record every server with role, address, size and operating system
- [ ] Commit the inventory to the repository

### Acceptance criteria
- Inventory is complete and committed

**Evidence required:** Written deliverable

**Troubleshooting:** Read the server log first. Record each problem and its fix in the issue notes. If stuck for more than 30 minutes, set the status to Blocked and describe the blocker.

**Performance:** Note the effect of this change on latency, WAL and locks where it applies.

**Security:** Use least-privilege roles, not the superuser, unless the task requires it. Keep secrets out of the repository.

**Automation:** Commit SQL and configuration to the repository. From phase 17 on, apply changes through migrations and the automation repository.

**Assessment:** Instructor reviews the document for completeness and accuracy. Type: Review.

### Completion criteria
- Every step is done and every acceptance criterion is demonstrated
- Required evidence is attached to the issue
- SQL, configuration and documents are committed to the repository
- Actual time is logged against the issue
- Instructor Review is Approved and the status is Completed

**Estimated time:** 1 h

**Next task:** Last task of this module","Linux","V01.0 Linux & Database Fundamentals","MOD-01","LAB-001","1","L1 - Beginner","Documentation","Workstation","Written deliverable","Git; SSH","18","Level 1 - Foundation & Development","Engineering","Medium","Review","0","Pending"
"MOD-02","MOD-02","Module","Normal","[MOD-02] Linux for PostgreSQL: Processes, Memory and CPU","**Topics:** Linux filesystem; Processes; Threads; Memory; CPU; Networking; systemd; Services; Users; Groups; Permissions; sudo; SSH; SELinux; AppArmor; ulimit; Kernel parameters

**Tools:** ps; top; htop; vmstat; sar; free; lsof; ss; dmesg; journalctl; strace

**Environment:** Single Server

**Tasks:** 5, 15 estimated hours.

- THY-002 Processes, memory and the page cache for database engineers
- LAB-002 Inspect a running system: ps, top, htop, vmstat, sar, free
- LAB-003 Users, permissions, sudo, systemd and journalctl
- LAB-004 Kernel parameters, ulimit and huge pages
- LAB-005 Networking and sockets: ss, lsof, strace, dmesg","Linux","V01.0 Linux & Database Fundamentals","PHASE-01","","","","","Single Server","","ps; top; htop; vmstat; sar; free; lsof; ss; dmesg; journalctl; strace","18","Level 1 - Foundation & Development","DBA","High","","",""
"THY-002","THY-002","Theory","Normal","[THY-002] Processes, memory and the page cache for database engineers","**Objective:** Processes, memory and the page cache for database engineers

**Prerequisites:** DOC-001

**Concepts:** Linux filesystem; Processes; Threads; Memory; CPU; Networking; systemd; Services; Users; Groups; Permissions; sudo; SSH; SELinux; AppArmor; ulimit; Kernel parameters

**Tools:** ps; top; htop; vmstat; sar; free; lsof; ss; dmesg; journalctl; strace

**Environment:** Single Server

### Steps
- [ ] Study processes versus threads and why PostgreSQL uses processes
- [ ] Study virtual memory, resident memory, shared memory and the page cache
- [ ] Study swap, the OOM killer and overcommit
- [ ] Study load average and CPU states

### Acceptance criteria
- Explains why the page cache matters to PostgreSQL
- Explains what the OOM killer does and how overcommit settings change it
- Reads a top screen correctly

**Evidence required:** Notes

**Troubleshooting:** Read the server log first. Record each problem and its fix in the issue notes. If stuck for more than 30 minutes, set the status to Blocked and describe the blocker.

**Performance:** Note the effect of this change on latency, WAL and locks where it applies.

**Security:** Use least-privilege roles, not the superuser, unless the task requires it. Keep secrets out of the repository.

**Automation:** Commit SQL and configuration to the repository. From phase 17 on, apply changes through migrations and the automation repository.

**Assessment:** Instructor checks the notes and asks short oral questions. Type: Short answer.

### Completion criteria
- Every step is done and every acceptance criterion is demonstrated
- Required evidence is attached to the issue
- SQL, configuration and documents are committed to the repository
- Actual time is logged against the issue
- Instructor Review is Approved and the status is Completed

**Estimated time:** 3 h

**Next task:** LAB-002","Linux","V01.0 Linux & Database Fundamentals","MOD-02","DOC-001","3","L2 - Basic","Theory","Single Server","Notes","ps; top; htop; vmstat; sar; free; lsof; ss; dmesg; journalctl; strace","18","Level 1 - Foundation & Development","DBA","High","Short answer","0","Pending"
"LAB-002","LAB-002","Lab","Normal","[LAB-002] Inspect a running system: ps, top, htop, vmstat, sar, free","**Objective:** Inspect a running system: ps, top, htop, vmstat, sar, free

**Prerequisites:** THY-002

**Concepts:** Linux filesystem; Processes; Threads; Memory; CPU; Networking; systemd; Services; Users; Groups; Permissions; sudo; SSH; SELinux; AppArmor; ulimit; Kernel parameters

**Tools:** ps; top; htop; vmstat; sar; free; lsof; ss; dmesg; journalctl; strace

**Environment:** Single Server

### Steps
- [ ] List processes with ps and a process tree
- [ ] Read CPU and memory in top and htop
- [ ] Watch run queue, swap and I/O wait with vmstat
- [ ] Collect history with sar
- [ ] Read free and explain buffers and cache

### Acceptance criteria
- Each tool output is attached with a two-line interpretation
- Identifies the top CPU and memory consumers

**Evidence required:** Screenshot + command output

**Troubleshooting:** Read the server log first. Record each problem and its fix in the issue notes. If stuck for more than 30 minutes, set the status to Blocked and describe the blocker.

**Performance:** Note the effect of this change on latency, WAL and locks where it applies.

**Security:** Use least-privilege roles, not the superuser, unless the task requires it. Keep secrets out of the repository.

**Automation:** Commit SQL and configuration to the repository. From phase 17 on, apply changes through migrations and the automation repository.

**Assessment:** Instructor verifies the acceptance criteria from the evidence and may ask for a live demonstration. Type: Practical.

### Completion criteria
- Every step is done and every acceptance criterion is demonstrated
- Required evidence is attached to the issue
- SQL, configuration and documents are committed to the repository
- Actual time is logged against the issue
- Instructor Review is Approved and the status is Completed

**Estimated time:** 3 h

**Next task:** LAB-003","Linux","V01.0 Linux & Database Fundamentals","MOD-02","THY-002","3","L2 - Basic","Guided Lab","Single Server","Screenshot + command output","ps; top; htop; vmstat; sar; free; lsof; ss; dmesg; journalctl; strace","18","Level 1 - Foundation & Development","DBA","High","Practical","0","Pending"
"LAB-003","LAB-003","Lab","Normal","[LAB-003] Users, permissions, sudo, systemd and journalctl","**Objective:** Users, permissions, sudo, systemd and journalctl

**Prerequisites:** LAB-002

**Concepts:** Linux filesystem; Processes; Threads; Memory; CPU; Networking; systemd; Services; Users; Groups; Permissions; sudo; SSH; SELinux; AppArmor; ulimit; Kernel parameters

**Tools:** ps; top; htop; vmstat; sar; free; lsof; ss; dmesg; journalctl; strace

**Environment:** Single Server

### Steps
- [ ] Create a service account and a DBA group
- [ ] Set ownership and modes on a data directory
- [ ] Grant limited sudo to the DBA group
- [ ] Write a simple systemd unit and read its journal
- [ ] Check SELinux or AppArmor mode and contexts

### Acceptance criteria
- Service account owns its directory with mode 700
- DBA group can run only the permitted commands
- Unit starts at boot and logs to the journal

**Evidence required:** Screenshot + command output

**Troubleshooting:** Read the server log first. Record each problem and its fix in the issue notes. If stuck for more than 30 minutes, set the status to Blocked and describe the blocker.

**Performance:** Note the effect of this change on latency, WAL and locks where it applies.

**Security:** Use least-privilege roles, not the superuser, unless the task requires it. Keep secrets out of the repository.

**Automation:** Commit SQL and configuration to the repository. From phase 17 on, apply changes through migrations and the automation repository.

**Assessment:** Instructor verifies the acceptance criteria from the evidence and may ask for a live demonstration. Type: Practical.

### Completion criteria
- Every step is done and every acceptance criterion is demonstrated
- Required evidence is attached to the issue
- SQL, configuration and documents are committed to the repository
- Actual time is logged against the issue
- Instructor Review is Approved and the status is Completed

**Estimated time:** 3 h

**Next task:** LAB-004","Linux","V01.0 Linux & Database Fundamentals","MOD-02","LAB-002","3","L2 - Basic","Guided Lab","Single Server","Screenshot + command output","ps; top; htop; vmstat; sar; free; lsof; ss; dmesg; journalctl; strace","18","Level 1 - Foundation & Development","DBA","High","Practical","0","Pending"
"LAB-004","LAB-004","Lab","Normal","[LAB-004] Kernel parameters, ulimit and huge pages","**Objective:** Kernel parameters, ulimit and huge pages

**Prerequisites:** LAB-003

**Concepts:** Linux filesystem; Processes; Threads; Memory; CPU; Networking; systemd; Services; Users; Groups; Permissions; sudo; SSH; SELinux; AppArmor; ulimit; Kernel parameters

**Tools:** ps; top; htop; vmstat; sar; free; lsof; ss; dmesg; journalctl; strace

**Environment:** Single Server

### Steps
- [ ] Read and set sysctl values for shared memory, overcommit, swappiness and dirty ratios
- [ ] Set open file and process limits for a service
- [ ] Check transparent huge pages and configure explicit huge pages
- [ ] Persist every change

### Acceptance criteria
- Settings persist after reboot
- Each changed parameter has a stated reason
- Huge pages are reserved and visible

**Evidence required:** Screenshot + command output

**Troubleshooting:** Read the server log first. Record each problem and its fix in the issue notes. If stuck for more than 30 minutes, set the status to Blocked and describe the blocker.

**Performance:** Note the effect of this change on latency, WAL and locks where it applies.

**Security:** Use least-privilege roles, not the superuser, unless the task requires it. Keep secrets out of the repository.

**Automation:** Commit SQL and configuration to the repository. From phase 17 on, apply changes through migrations and the automation repository.

**Assessment:** Instructor verifies the acceptance criteria from the evidence and may ask for a live demonstration. Type: Practical.

### Completion criteria
- Every step is done and every acceptance criterion is demonstrated
- Required evidence is attached to the issue
- SQL, configuration and documents are committed to the repository
- Actual time is logged against the issue
- Instructor Review is Approved and the status is Completed

**Estimated time:** 3 h

**Next task:** LAB-005","Linux","V01.0 Linux & Database Fundamentals","MOD-02","LAB-003","3","L2 - Basic","Guided Lab","Single Server","Screenshot + command output","ps; top; htop; vmstat; sar; free; lsof; ss; dmesg; journalctl; strace","18","Level 1 - Foundation & Development","DBA","High","Practical","0","Pending"
"LAB-005","LAB-005","Lab","Normal","[LAB-005] Networking and sockets: ss, lsof, strace, dmesg","**Objective:** Networking and sockets: ss, lsof, strace, dmesg

**Prerequisites:** LAB-004

**Concepts:** Linux filesystem; Processes; Threads; Memory; CPU; Networking; systemd; Services; Users; Groups; Permissions; sudo; SSH; SELinux; AppArmor; ulimit; Kernel parameters

**Tools:** ps; top; htop; vmstat; sar; free; lsof; ss; dmesg; journalctl; strace

**Environment:** Single Server

### Steps
- [ ] List listening sockets and owners with ss
- [ ] List open files of a process with lsof
- [ ] Trace system calls of a process with strace
- [ ] Read kernel messages with dmesg
- [ ] Test a TCP port from another server

### Acceptance criteria
- Finds which process listens on a port
- Finds which process holds a file
- Explains one strace output

**Evidence required:** Screenshot + command output

**Troubleshooting:** Read the server log first. Record each problem and its fix in the issue notes. If stuck for more than 30 minutes, set the status to Blocked and describe the blocker.

**Performance:** Note the effect of this change on latency, WAL and locks where it applies.

**Security:** Use least-privilege roles, not the superuser, unless the task requires it. Keep secrets out of the repository.

**Automation:** Commit SQL and configuration to the repository. From phase 17 on, apply changes through migrations and the automation repository.

**Assessment:** Instructor verifies the acceptance criteria from the evidence and may ask for a live demonstration. Type: Practical.

### Completion criteria
- Every step is done and every acceptance criterion is demonstrated
- Required evidence is attached to the issue
- SQL, configuration and documents are committed to the repository
- Actual time is logged against the issue
- Instructor Review is Approved and the status is Completed

**Estimated time:** 3 h

**Next task:** Last task of this module","Linux","V01.0 Linux & Database Fundamentals","MOD-02","LAB-004","3","L2 - Basic","Guided Lab","Single Server","Screenshot + command output","ps; top; htop; vmstat; sar; free; lsof; ss; dmesg; journalctl; strace","18","Level 1 - Foundation & Development","DBA","High","Practical","0","Pending"
"MOD-03","MOD-03","Module","Normal","[MOD-03] Linux Storage for Databases","**Topics:** Disk; I/O; Filesystems; LVM; RAID; Storage performance

**Tools:** df; du; lsblk; iostat; fio

**Environment:** Single Server

**Tasks:** 5, 14 estimated hours.

- THY-003 Disks, RAID levels, filesystems and I/O behaviour
- LAB-006 LVM, filesystems and mount options
- LAB-007 Measure storage: df, du, lsblk, iostat and fio
- TSH-001 Scenario 01: disk full on the data volume
- TSH-002 Scenario 02: server slow because of memory pressure and swap","Linux","V01.0 Linux & Database Fundamentals","PHASE-01","","","","","Single Server","","df; du; lsblk; iostat; fio","18","Level 1 - Foundation & Development","DBA","High","","",""
"THY-003","THY-003","Theory","Normal","[THY-003] Disks, RAID levels, filesystems and I/O behaviour","**Objective:** Disks, RAID levels, filesystems and I/O behaviour

**Prerequisites:** LAB-005

**Concepts:** Disk; I/O; Filesystems; LVM; RAID; Storage performance

**Tools:** df; du; lsblk; iostat; fio

**Environment:** Single Server

### Steps
- [ ] Study RAID 0, 1, 5, 6 and 10 trade-offs for databases
- [ ] Study ext4 and XFS
- [ ] Study sequential versus random I/O, IOPS, throughput and latency
- [ ] Study fsync and write caches

### Acceptance criteria
- Chooses a RAID level for data and for WAL with reasons
- Explains why fsync honesty matters
- Explains IOPS versus throughput

**Evidence required:** Notes

**Troubleshooting:** Read the server log first. Record each problem and its fix in the issue notes. If stuck for more than 30 minutes, set the status to Blocked and describe the blocker.

**Performance:** Note the effect of this change on latency, WAL and locks where it applies.

**Security:** Use least-privilege roles, not the superuser, unless the task requires it. Keep secrets out of the repository.

**Automation:** Commit SQL and configuration to the repository. From phase 17 on, apply changes through migrations and the automation repository.

**Assessment:** Instructor checks the notes and asks short oral questions. Type: Short answer.

### Completion criteria
- Every step is done and every acceptance criterion is demonstrated
- Required evidence is attached to the issue
- SQL, configuration and documents are committed to the repository
- Actual time is logged against the issue
- Instructor Review is Approved and the status is Completed

**Estimated time:** 3 h

**Next task:** LAB-006","Linux","V01.0 Linux & Database Fundamentals","MOD-03","LAB-005","3","L3 - Intermediate","Theory","Single Server","Notes","df; du; lsblk; iostat; fio","18","Level 1 - Foundation & Development","DBA","High","Short answer","0","Pending"
"LAB-006","LAB-006","Lab","Normal","[LAB-006] LVM, filesystems and mount options","**Objective:** LVM, filesystems and mount options

**Prerequisites:** THY-003

**Concepts:** Disk; I/O; Filesystems; LVM; RAID; Storage performance

**Tools:** df; du; lsblk; iostat; fio

**Environment:** Single Server

### Steps
- [ ] Add a disk and create a physical volume, volume group and logical volume
- [ ] Create an XFS filesystem and mount it with noatime by UUID
- [ ] Extend the volume online
- [ ] Take and remove a snapshot

### Acceptance criteria
- Volume is mounted persistently
- Online extension works
- Mount options are recorded with reasons

**Evidence required:** Screenshot + command output

**Troubleshooting:** Read the server log first. Record each problem and its fix in the issue notes. If stuck for more than 30 minutes, set the status to Blocked and describe the blocker.

**Performance:** Note the effect of this change on latency, WAL and locks where it applies.

**Security:** Use least-privilege roles, not the superuser, unless the task requires it. Keep secrets out of the repository.

**Automation:** Commit SQL and configuration to the repository. From phase 17 on, apply changes through migrations and the automation repository.

**Assessment:** Instructor verifies the acceptance criteria from the evidence and may ask for a live demonstration. Type: Practical.

### Completion criteria
- Every step is done and every acceptance criterion is demonstrated
- Required evidence is attached to the issue
- SQL, configuration and documents are committed to the repository
- Actual time is logged against the issue
- Instructor Review is Approved and the status is Completed

**Estimated time:** 4 h

**Next task:** LAB-007","Linux","V01.0 Linux & Database Fundamentals","MOD-03","THY-003","4","L3 - Intermediate","Guided Lab","Single Server","Screenshot + command output","df; du; lsblk; iostat; fio","18","Level 1 - Foundation & Development","DBA","High","Practical","0","Pending"
"LAB-007","LAB-007","Lab","Normal","[LAB-007] Measure storage: df, du, lsblk, iostat and fio","**Objective:** Measure storage: df, du, lsblk, iostat and fio

**Prerequisites:** LAB-006

**Concepts:** Disk; I/O; Filesystems; LVM; RAID; Storage performance

**Tools:** df; du; lsblk; iostat; fio

**Environment:** Single Server

### Steps
- [ ] Read disk layout with lsblk
- [ ] Find space consumers with df and du
- [ ] Watch utilisation and await with iostat under load
- [ ] Run fio for random 8k read, random write and sequential write
- [ ] Record a baseline

### Acceptance criteria
- fio baseline table is attached
- Explains utilisation versus await
- Finds the largest directory on a filesystem

**Evidence required:** Screenshot + command output

**Troubleshooting:** Read the server log first. Record each problem and its fix in the issue notes. If stuck for more than 30 minutes, set the status to Blocked and describe the blocker.

**Performance:** Note the effect of this change on latency, WAL and locks where it applies.

**Security:** Use least-privilege roles, not the superuser, unless the task requires it. Keep secrets out of the repository.

**Automation:** Commit SQL and configuration to the repository. From phase 17 on, apply changes through migrations and the automation repository.

**Assessment:** Instructor verifies the acceptance criteria from the evidence and may ask for a live demonstration. Type: Practical.

### Completion criteria
- Every step is done and every acceptance criterion is demonstrated
- Required evidence is attached to the issue
- SQL, configuration and documents are committed to the repository
- Actual time is logged against the issue
- Instructor Review is Approved and the status is Completed

**Estimated time:** 3 h

**Next task:** TSH-001","Linux","V01.0 Linux & Database Fundamentals","MOD-03","LAB-006","3","L3 - Intermediate","Guided Lab","Single Server","Screenshot + command output","df; du; lsblk; iostat; fio","18","Level 1 - Foundation & Development","DBA","High","Practical","0","Pending"
"TSH-001","TSH-001","Troubleshooting","Normal","[TSH-001] Scenario 01: disk full on the data volume","**Objective:** Scenario 01: disk full on the data volume

**Prerequisites:** LAB-007

**Concepts:** Disk; I/O; Filesystems; LVM; RAID; Storage performance

**Tools:** df; du; lsblk; iostat; fio

**Environment:** Single Server

### Steps
- [ ] Reproduce the instructor fault on the lab server
- [ ] Collect evidence before changing anything
- [ ] Find what filled the volume with df and du
- [ ] Free or extend space safely
- [ ] Check inodes
- [ ] Apply the fix
- [ ] Validate with the original failing action
- [ ] Write the seven-section report: problem, evidence, diagnosis, root cause, fix, validation, prevention

### Acceptance criteria
- Service or behaviour is restored
- Root cause is proven with evidence
- Report has all seven sections

**Evidence required:** Root cause report

**Performance:** Note the effect of this change on latency, WAL and locks where it applies.

**Security:** Use least-privilege roles, not the superuser, unless the task requires it. Keep secrets out of the repository.

**Automation:** Commit SQL and configuration to the repository. From phase 17 on, apply changes through migrations and the automation repository.

**Assessment:** Instructor grades the seven-section report. Type: Practical.

### Completion criteria
- Every step is done and every acceptance criterion is demonstrated
- Required evidence is attached to the issue
- SQL, configuration and documents are committed to the repository
- Actual time is logged against the issue
- Instructor Review is Approved and the status is Completed

**Estimated time:** 2 h

**Next task:** TSH-002","Linux","V01.0 Linux & Database Fundamentals","MOD-03","LAB-007","2","L3 - Intermediate","Troubleshooting","Single Server","Root cause report","df; du; lsblk; iostat; fio","18","Level 1 - Foundation & Development","DBA","High","Practical","0","Pending"
"TSH-002","TSH-002","Troubleshooting","Normal","[TSH-002] Scenario 02: server slow because of memory pressure and swap","**Objective:** Scenario 02: server slow because of memory pressure and swap

**Prerequisites:** TSH-001

**Concepts:** Disk; I/O; Filesystems; LVM; RAID; Storage performance

**Tools:** df; du; lsblk; iostat; fio

**Environment:** Single Server

### Steps
- [ ] Reproduce the instructor fault on the lab server
- [ ] Collect evidence before changing anything
- [ ] Read vmstat, free and dmesg
- [ ] Identify the consumer
- [ ] Check overcommit and swappiness
- [ ] Apply the fix
- [ ] Validate with the original failing action
- [ ] Write the seven-section report: problem, evidence, diagnosis, root cause, fix, validation, prevention

### Acceptance criteria
- Service or behaviour is restored
- Root cause is proven with evidence
- Report has all seven sections

**Evidence required:** Root cause report

**Performance:** Note the effect of this change on latency, WAL and locks where it applies.

**Security:** Use least-privilege roles, not the superuser, unless the task requires it. Keep secrets out of the repository.

**Automation:** Commit SQL and configuration to the repository. From phase 17 on, apply changes through migrations and the automation repository.

**Assessment:** Instructor grades the seven-section report. Type: Practical.

### Completion criteria
- Every step is done and every acceptance criterion is demonstrated
- Required evidence is attached to the issue
- SQL, configuration and documents are committed to the repository
- Actual time is logged against the issue
- Instructor Review is Approved and the status is Completed

**Estimated time:** 2 h

**Next task:** Last task of this module","Linux","V01.0 Linux & Database Fundamentals","MOD-03","TSH-001","2","L3 - Intermediate","Troubleshooting","Single Server","Root cause report","df; du; lsblk; iostat; fio","18","Level 1 - Foundation & Development","DBA","High","Practical","0","Pending"
"MOD-04","MOD-04","Module","Normal","[MOD-04] Database Fundamentals","**Topics:** Relational model; Tables, rows and columns; Keys; SQL; ACID; OLTP and OLAP; Client and server; The database lifecycle from design to recovery

**Tools:** None

**Environment:** Workstation

**Tasks:** 2, 5 estimated hours.

- THY-004 Relational model, ACID and the database lifecycle
- ASM-001 Phase 01 assessment: Linux for PostgreSQL","Architecture","V01.0 Linux & Database Fundamentals","PHASE-01","","","","","Workstation","","","18","Level 1 - Foundation & Development","Developer","Medium","","",""
"THY-004","THY-004","Theory","Normal","[THY-004] Relational model, ACID and the database lifecycle","**Objective:** Relational model, ACID and the database lifecycle

**Prerequisites:** DOC-001

**Concepts:** Relational model; Tables, rows and columns; Keys; SQL; ACID; OLTP and OLAP; Client and server; The database lifecycle from design to recovery

**Tools:** None

**Environment:** Workstation

### Steps
- [ ] Study relations, keys and relationships
- [ ] Study ACID with one example each
- [ ] Compare OLTP and OLAP
- [ ] Study the lifecycle: design, install, configure, develop, secure, monitor, optimize, backup, replicate, troubleshoot, automate, scale, recover

### Acceptance criteria
- Explains each ACID property with an example
- Classifies five workloads as OLTP or OLAP
- Lists the lifecycle stages in order

**Evidence required:** Notes

**Troubleshooting:** Read the server log first. Record each problem and its fix in the issue notes. If stuck for more than 30 minutes, set the status to Blocked and describe the blocker.

**Performance:** Note the effect of this change on latency, WAL and locks where it applies.

**Security:** Use least-privilege roles, not the superuser, unless the task requires it. Keep secrets out of the repository.

**Automation:** Commit SQL and configuration to the repository. From phase 17 on, apply changes through migrations and the automation repository.

**Assessment:** Instructor checks the notes and asks short oral questions. Type: Short answer.

### Completion criteria
- Every step is done and every acceptance criterion is demonstrated
- Required evidence is attached to the issue
- SQL, configuration and documents are committed to the repository
- Actual time is logged against the issue
- Instructor Review is Approved and the status is Completed

**Estimated time:** 3 h

**Next task:** ASM-001","Architecture","V01.0 Linux & Database Fundamentals","MOD-04","DOC-001","3","L1 - Beginner","Theory","Workstation","Notes","","18","Level 1 - Foundation & Development","Developer","Medium","Short answer","0","Pending"
"ASM-001","ASM-001","Assessment","High","[ASM-001] Phase 01 assessment: Linux for PostgreSQL","**Objective:** Phase 01 assessment: Linux for PostgreSQL

**Prerequisites:** THY-004

**Concepts:** Relational model; Tables, rows and columns; Keys; SQL; ACID; OLTP and OLAP; Client and server; The database lifecycle from design to recovery

**Tools:** None

**Environment:** Workstation

### Steps
- [ ] Complete the timed Linux task sheet on a clean server
- [ ] Answer the short questions

### Acceptance criteria
- Score of 70 or higher

**Evidence required:** Scored result

**Troubleshooting:** Read the server log first. Record each problem and its fix in the issue notes. If stuck for more than 30 minutes, set the status to Blocked and describe the blocker.

**Performance:** Note the effect of this change on latency, WAL and locks where it applies.

**Security:** Use least-privilege roles, not the superuser, unless the task requires it. Keep secrets out of the repository.

**Automation:** Commit SQL and configuration to the repository. From phase 17 on, apply changes through migrations and the automation repository.

**Assessment:** Scored 0-100. Pass mark 70. Type: Practical exam.

### Completion criteria
- Every step is done and every acceptance criterion is demonstrated
- Required evidence is attached to the issue
- SQL, configuration and documents are committed to the repository
- Actual time is logged against the issue
- Instructor Review is Approved and the status is Completed

**Estimated time:** 2 h

**Next task:** Last task of this module","Architecture","V01.0 Linux & Database Fundamentals","MOD-04","THY-004","2","L1 - Beginner","Assessment","Workstation","Scored result","","18","Level 1 - Foundation & Development","Developer","Medium","Practical exam","0","Pending"
"REVIEW-01","REVIEW-01","Review","High","[REVIEW-01] Phase 01 gate review","**Objective:** Confirm that phase 01 (Linux & Database Fundamentals) is complete.

### Checklist
- [ ] Every issue of the phase is Completed
- [ ] Evidence is attached to every issue
- [ ] Time is logged
- [ ] Assessment score is 70 or higher
- [ ] SQL, configuration and documents are in the repository

**Assessment:** Instructor confirms the checklist and records the gate decision.

**Estimated time:** 1 h","","V01.0 Linux & Database Fundamentals","PHASE-01","DOC-001, LAB-005, TSH-002, ASM-001","1","","Review","","Instructor sign-off","","","","","","Review","0","Pending"
"PHASE-02","PHASE-02","Phase","Normal","[PHASE-02] PostgreSQL Architecture","Phase 02 of 20. Version: V02.0 PostgreSQL Architecture.

Modules: 3. Estimated hours: 49.

- MOD-05 Installation
- MOD-06 PostgreSQL Architecture
- MOD-07 PostgreSQL Configuration

The phase closes with the gate review REVIEW-02.","","V02.0 PostgreSQL Architecture","EPIC","","","","","","","","","","","","","",""
"MOD-05","MOD-05","Module","Normal","[MOD-05] Installation","**Topics:** Installation on Ubuntu, Debian and RHEL or AlmaLinux; Windows concepts; PostgreSQL 15, 16, 17 and 18; Repository installation; Package installation; Source compilation concepts; Cluster initialization; Service management; Port configuration; Data directory; Tablespaces; Authentication

**Tools:** PostgreSQL; psql

**Environment:** Single Server

**Tasks:** 6, 15 estimated hours.

- THY-005 Versions, support policy and installation methods
- LAB-008 Install PostgreSQL
- LAB-009 Cluster initialization, data directory and a second cluster
- LAB-010 Build from source (concepts lab)
- TSH-003 Scenario 03: PostgreSQL will not start
- TSH-004 Scenario 04: port unavailable","Installation","V02.0 PostgreSQL Architecture","PHASE-02","","","","","Single Server","","PostgreSQL; psql","18","Level 1 - Foundation & Development","DBA","High","","",""
"THY-005","THY-005","Theory","Normal","[THY-005] Versions, support policy and installation methods","**Objective:** Versions, support policy and installation methods

**Prerequisites:** TSH-002

**Concepts:** Installation on Ubuntu, Debian and RHEL or AlmaLinux; Windows concepts; PostgreSQL 15, 16, 17 and 18; Repository installation; Package installation; Source compilation concepts; Cluster initialization; Service management; Port configuration; Data directory; Tablespaces; Authentication

**Tools:** PostgreSQL; psql

**Environment:** Single Server

### Steps
- [ ] Study the release and support policy and what changed in 15, 16, 17 and 18
- [ ] Compare distribution packages, the PGDG repository and source builds
- [ ] Study the Debian cluster wrappers and the RHEL layout
- [ ] Study Windows installation concepts

### Acceptance criteria
- States which version is current and which are supported
- Explains why the PGDG repository is preferred
- Names the default data directory on both families

**Evidence required:** Notes

**Troubleshooting:** Read the server log first. Record each problem and its fix in the issue notes. If stuck for more than 30 minutes, set the status to Blocked and describe the blocker.

**Performance:** Note the effect of this change on latency, WAL and locks where it applies.

**Security:** Use least-privilege roles, not the superuser, unless the task requires it. Keep secrets out of the repository.

**Automation:** Commit SQL and configuration to the repository. From phase 17 on, apply changes through migrations and the automation repository.

**Assessment:** Instructor checks the notes and asks short oral questions. Type: Short answer.

### Completion criteria
- Every step is done and every acceptance criterion is demonstrated
- Required evidence is attached to the issue
- SQL, configuration and documents are committed to the repository
- Actual time is logged against the issue
- Instructor Review is Approved and the status is Completed

**Estimated time:** 2 h

**Next task:** LAB-008","Installation","V02.0 PostgreSQL Architecture","MOD-05","TSH-002","2","L2 - Basic","Theory","Single Server","Notes","PostgreSQL; psql","18","Level 1 - Foundation & Development","DBA","High","Short answer","0","Pending"
"LAB-008","LAB-008","Lab","Normal","[LAB-008] Install PostgreSQL","**Objective:** Install PostgreSQL

**Prerequisites:** THY-005

**Concepts:** Installation on Ubuntu, Debian and RHEL or AlmaLinux; Windows concepts; PostgreSQL 15, 16, 17 and 18; Repository installation; Package installation; Source compilation concepts; Cluster initialization; Service management; Port configuration; Data directory; Tablespaces; Authentication

**Tools:** PostgreSQL; psql

**Environment:** Single Server

### Steps
- [ ] Add the PGDG repository on the Debian-family server and install the current stable version
- [ ] Do the same on the RHEL-family server and run initdb with data checksums
- [ ] Enable and start the service
- [ ] Connect with psql as postgres
- [ ] Record version, data directory, port and config file locations on both

### Acceptance criteria
- PostgreSQL runs on both families
- SHOW data_directory and SHOW config_file are recorded
- Service starts at boot

**Evidence required:** Screenshot + command output

**Troubleshooting:** Read the server log first. Record each problem and its fix in the issue notes. If stuck for more than 30 minutes, set the status to Blocked and describe the blocker.

**Performance:** Note the effect of this change on latency, WAL and locks where it applies.

**Security:** Use least-privilege roles, not the superuser, unless the task requires it. Keep secrets out of the repository.

**Automation:** Commit SQL and configuration to the repository. From phase 17 on, apply changes through migrations and the automation repository.

**Assessment:** Instructor verifies the acceptance criteria from the evidence and may ask for a live demonstration. Type: Practical.

### Completion criteria
- Every step is done and every acceptance criterion is demonstrated
- Required evidence is attached to the issue
- SQL, configuration and documents are committed to the repository
- Actual time is logged against the issue
- Instructor Review is Approved and the status is Completed

**Estimated time:** 4 h

**Next task:** LAB-009","Installation","V02.0 PostgreSQL Architecture","MOD-05","THY-005","4","L2 - Basic","Setup","Single Server","Screenshot + command output","PostgreSQL; psql","18","Level 1 - Foundation & Development","DBA","High","Practical","0","Pending"
"LAB-009","LAB-009","Lab","Normal","[LAB-009] Cluster initialization, data directory and a second cluster","**Objective:** Cluster initialization, data directory and a second cluster

**Prerequisites:** LAB-008

**Concepts:** Installation on Ubuntu, Debian and RHEL or AlmaLinux; Windows concepts; PostgreSQL 15, 16, 17 and 18; Repository installation; Package installation; Source compilation concepts; Cluster initialization; Service management; Port configuration; Data directory; Tablespaces; Authentication

**Tools:** PostgreSQL; psql

**Environment:** Single Server

### Steps
- [ ] Initialise a second cluster in a custom data directory on a dedicated volume
- [ ] Run it on another port
- [ ] Explore the data directory: base, global, pg_wal, pg_stat, PG_VERSION
- [ ] Stop and remove the second cluster cleanly

### Acceptance criteria
- Two clusters run side by side on different ports
- Purpose of each main directory is described

**Evidence required:** Screenshot + command output

**Troubleshooting:** Read the server log first. Record each problem and its fix in the issue notes. If stuck for more than 30 minutes, set the status to Blocked and describe the blocker.

**Performance:** Note the effect of this change on latency, WAL and locks where it applies.

**Security:** Use least-privilege roles, not the superuser, unless the task requires it. Keep secrets out of the repository.

**Automation:** Commit SQL and configuration to the repository. From phase 17 on, apply changes through migrations and the automation repository.

**Assessment:** Instructor verifies the acceptance criteria from the evidence and may ask for a live demonstration. Type: Practical.

### Completion criteria
- Every step is done and every acceptance criterion is demonstrated
- Required evidence is attached to the issue
- SQL, configuration and documents are committed to the repository
- Actual time is logged against the issue
- Instructor Review is Approved and the status is Completed

**Estimated time:** 3 h

**Next task:** LAB-010","Installation","V02.0 PostgreSQL Architecture","MOD-05","LAB-008","3","L2 - Basic","Guided Lab","Single Server","Screenshot + command output","PostgreSQL; psql","18","Level 1 - Foundation & Development","DBA","High","Practical","0","Pending"
"LAB-010","LAB-010","Lab","Normal","[LAB-010] Build from source (concepts lab)","**Objective:** Build from source (concepts lab)

**Prerequisites:** LAB-009

**Concepts:** Installation on Ubuntu, Debian and RHEL or AlmaLinux; Windows concepts; PostgreSQL 15, 16, 17 and 18; Repository installation; Package installation; Source compilation concepts; Cluster initialization; Service management; Port configuration; Data directory; Tablespaces; Authentication

**Tools:** PostgreSQL; psql

**Environment:** Single Server

### Steps
- [ ] Download the source for the current version
- [ ] Run configure, make and make install into a private prefix
- [ ] Initialise and start it on a spare port
- [ ] List when a source build is justified

### Acceptance criteria
- Source-built server answers on its port
- Reasons for and against source builds are noted

**Evidence required:** Screenshot + command output

**Troubleshooting:** Read the server log first. Record each problem and its fix in the issue notes. If stuck for more than 30 minutes, set the status to Blocked and describe the blocker.

**Performance:** Note the effect of this change on latency, WAL and locks where it applies.

**Security:** Use least-privilege roles, not the superuser, unless the task requires it. Keep secrets out of the repository.

**Automation:** Commit SQL and configuration to the repository. From phase 17 on, apply changes through migrations and the automation repository.

**Assessment:** Instructor verifies the acceptance criteria from the evidence and may ask for a live demonstration. Type: Practical.

### Completion criteria
- Every step is done and every acceptance criterion is demonstrated
- Required evidence is attached to the issue
- SQL, configuration and documents are committed to the repository
- Actual time is logged against the issue
- Instructor Review is Approved and the status is Completed

**Estimated time:** 2 h

**Next task:** TSH-003","Installation","V02.0 PostgreSQL Architecture","MOD-05","LAB-009","2","L2 - Basic","Guided Lab","Single Server","Screenshot + command output","PostgreSQL; psql","18","Level 1 - Foundation & Development","DBA","High","Practical","0","Pending"
"TSH-003","TSH-003","Troubleshooting","Normal","[TSH-003] Scenario 03: PostgreSQL will not start","**Objective:** Scenario 03: PostgreSQL will not start

**Prerequisites:** LAB-010

**Concepts:** Installation on Ubuntu, Debian and RHEL or AlmaLinux; Windows concepts; PostgreSQL 15, 16, 17 and 18; Repository installation; Package installation; Source compilation concepts; Cluster initialization; Service management; Port configuration; Data directory; Tablespaces; Authentication

**Tools:** PostgreSQL; psql

**Environment:** Single Server

### Steps
- [ ] Reproduce the instructor fault on the lab server
- [ ] Collect evidence before changing anything
- [ ] Read the service status and the server log
- [ ] Check data directory ownership and permissions
- [ ] Check for a stale postmaster.pid and configuration errors
- [ ] Apply the fix
- [ ] Validate with the original failing action
- [ ] Write the seven-section report: problem, evidence, diagnosis, root cause, fix, validation, prevention

### Acceptance criteria
- Service or behaviour is restored
- Root cause is proven with evidence
- Report has all seven sections

**Evidence required:** Root cause report

**Performance:** Note the effect of this change on latency, WAL and locks where it applies.

**Security:** Use least-privilege roles, not the superuser, unless the task requires it. Keep secrets out of the repository.

**Automation:** Commit SQL and configuration to the repository. From phase 17 on, apply changes through migrations and the automation repository.

**Assessment:** Instructor grades the seven-section report. Type: Practical.

### Completion criteria
- Every step is done and every acceptance criterion is demonstrated
- Required evidence is attached to the issue
- SQL, configuration and documents are committed to the repository
- Actual time is logged against the issue
- Instructor Review is Approved and the status is Completed

**Estimated time:** 2 h

**Next task:** TSH-004","Installation","V02.0 PostgreSQL Architecture","MOD-05","LAB-010","2","L2 - Basic","Troubleshooting","Single Server","Root cause report","PostgreSQL; psql","18","Level 1 - Foundation & Development","DBA","High","Practical","0","Pending"
"TSH-004","TSH-004","Troubleshooting","Normal","[TSH-004] Scenario 04: port unavailable","**Objective:** Scenario 04: port unavailable

**Prerequisites:** TSH-003

**Concepts:** Installation on Ubuntu, Debian and RHEL or AlmaLinux; Windows concepts; PostgreSQL 15, 16, 17 and 18; Repository installation; Package installation; Source compilation concepts; Cluster initialization; Service management; Port configuration; Data directory; Tablespaces; Authentication

**Tools:** PostgreSQL; psql

**Environment:** Single Server

### Steps
- [ ] Reproduce the instructor fault on the lab server
- [ ] Collect evidence before changing anything
- [ ] Find what holds the port with ss
- [ ] Check port and listen_addresses
- [ ] Check for a second cluster
- [ ] Apply the fix
- [ ] Validate with the original failing action
- [ ] Write the seven-section report: problem, evidence, diagnosis, root cause, fix, validation, prevention

### Acceptance criteria
- Service or behaviour is restored
- Root cause is proven with evidence
- Report has all seven sections

**Evidence required:** Root cause report

**Performance:** Note the effect of this change on latency, WAL and locks where it applies.

**Security:** Use least-privilege roles, not the superuser, unless the task requires it. Keep secrets out of the repository.

**Automation:** Commit SQL and configuration to the repository. From phase 17 on, apply changes through migrations and the automation repository.

**Assessment:** Instructor grades the seven-section report. Type: Practical.

### Completion criteria
- Every step is done and every acceptance criterion is demonstrated
- Required evidence is attached to the issue
- SQL, configuration and documents are committed to the repository
- Actual time is logged against the issue
- Instructor Review is Approved and the status is Completed

**Estimated time:** 2 h

**Next task:** Last task of this module","Installation","V02.0 PostgreSQL Architecture","MOD-05","TSH-003","2","L2 - Basic","Troubleshooting","Single Server","Root cause report","PostgreSQL; psql","18","Level 1 - Foundation & Development","DBA","High","Practical","0","Pending"
"MOD-06","MOD-06","Module","Normal","[MOD-06] PostgreSQL Architecture","**Topics:** PostgreSQL server architecture; Postmaster; Backend processes; Background processes; Shared memory; Shared buffers; WAL; WAL writer; Checkpointer; Background writer; Autovacuum; Statistics collector concepts; Client/server architecture; Database; Schema; Table; Index; Tablespace; Query lifecycle: parser, rewriter, planner, executor, storage, WAL, commit

**Tools:** PostgreSQL; psql; ps

**Environment:** Single Server

**Tasks:** 4, 13 estimated hours.

- THY-006 Process and memory architecture
- THY-007 The life of a query: parser to commit
- LAB-011 See the architecture on a live server
- LAB-012 Create Database & Schema","Architecture","V02.0 PostgreSQL Architecture","PHASE-02","","","","","Single Server","","PostgreSQL; psql; ps","18","Level 1 - Foundation & Development","DBA","High","","",""
"THY-006","THY-006","Theory","Normal","[THY-006] Process and memory architecture","**Objective:** Process and memory architecture

**Prerequisites:** TSH-004

**Concepts:** PostgreSQL server architecture; Postmaster; Backend processes; Background processes; Shared memory; Shared buffers; WAL; WAL writer; Checkpointer; Background writer; Autovacuum; Statistics collector concepts; Client/server architecture; Database; Schema; Table; Index; Tablespace; Query lifecycle: parser, rewriter, planner, executor, storage, WAL, commit

**Tools:** PostgreSQL; psql; ps

**Environment:** Single Server

### Steps
- [ ] Study the postmaster and one backend per connection
- [ ] Study background processes: checkpointer, background writer, WAL writer, autovacuum launcher and workers, archiver, logical replication launcher
- [ ] Study shared buffers, WAL buffers and per-backend memory
- [ ] Study how cumulative statistics moved from a collector process to shared memory

### Acceptance criteria
- Draws the process and memory diagram from memory
- Explains the job of each background process
- Explains shared versus per-backend memory

**Evidence required:** Notes

**Troubleshooting:** Read the server log first. Record each problem and its fix in the issue notes. If stuck for more than 30 minutes, set the status to Blocked and describe the blocker.

**Performance:** Note the effect of this change on latency, WAL and locks where it applies.

**Security:** Use least-privilege roles, not the superuser, unless the task requires it. Keep secrets out of the repository.

**Automation:** Commit SQL and configuration to the repository. From phase 17 on, apply changes through migrations and the automation repository.

**Assessment:** Instructor checks the notes and asks short oral questions. Type: Short answer.

### Completion criteria
- Every step is done and every acceptance criterion is demonstrated
- Required evidence is attached to the issue
- SQL, configuration and documents are committed to the repository
- Actual time is logged against the issue
- Instructor Review is Approved and the status is Completed

**Estimated time:** 4 h

**Next task:** THY-007","Architecture","V02.0 PostgreSQL Architecture","MOD-06","TSH-004","4","L3 - Intermediate","Theory","Single Server","Notes","PostgreSQL; psql; ps","18","Level 1 - Foundation & Development","DBA","High","Short answer","0","Pending"
"THY-007","THY-007","Theory","Normal","[THY-007] The life of a query: parser to commit","**Objective:** The life of a query: parser to commit

**Prerequisites:** THY-006

**Concepts:** PostgreSQL server architecture; Postmaster; Backend processes; Background processes; Shared memory; Shared buffers; WAL; WAL writer; Checkpointer; Background writer; Autovacuum; Statistics collector concepts; Client/server architecture; Database; Schema; Table; Index; Tablespace; Query lifecycle: parser, rewriter, planner, executor, storage, WAL, commit

**Tools:** PostgreSQL; psql; ps

**Environment:** Single Server

### Steps
- [ ] Study parser, rewriter, planner and executor
- [ ] Study how a row change reaches shared buffers, WAL and finally the data file
- [ ] Study what commit guarantees and when the client is answered
- [ ] Study checkpoints

### Acceptance criteria
- Describes each stage for an UPDATE
- Explains why WAL is written before data files
- Explains what a checkpoint does

**Evidence required:** Notes

**Troubleshooting:** Read the server log first. Record each problem and its fix in the issue notes. If stuck for more than 30 minutes, set the status to Blocked and describe the blocker.

**Performance:** Note the effect of this change on latency, WAL and locks where it applies.

**Security:** Use least-privilege roles, not the superuser, unless the task requires it. Keep secrets out of the repository.

**Automation:** Commit SQL and configuration to the repository. From phase 17 on, apply changes through migrations and the automation repository.

**Assessment:** Instructor checks the notes and asks short oral questions. Type: Short answer.

### Completion criteria
- Every step is done and every acceptance criterion is demonstrated
- Required evidence is attached to the issue
- SQL, configuration and documents are committed to the repository
- Actual time is logged against the issue
- Instructor Review is Approved and the status is Completed

**Estimated time:** 3 h

**Next task:** LAB-011","Architecture","V02.0 PostgreSQL Architecture","MOD-06","THY-006","3","L3 - Intermediate","Theory","Single Server","Notes","PostgreSQL; psql; ps","18","Level 1 - Foundation & Development","DBA","High","Short answer","0","Pending"
"LAB-011","LAB-011","Lab","Normal","[LAB-011] See the architecture on a live server","**Objective:** See the architecture on a live server

**Prerequisites:** THY-007

**Concepts:** PostgreSQL server architecture; Postmaster; Backend processes; Background processes; Shared memory; Shared buffers; WAL; WAL writer; Checkpointer; Background writer; Autovacuum; Statistics collector concepts; Client/server architecture; Database; Schema; Table; Index; Tablespace; Query lifecycle: parser, rewriter, planner, executor, storage, WAL, commit

**Tools:** PostgreSQL; psql; ps

**Environment:** Single Server

### Steps
- [ ] Match processes in ps to their roles
- [ ] Open several sessions and find them in pg_stat_activity
- [ ] Query pg_settings for memory parameters
- [ ] Find a table file on disk with pg_relation_filepath
- [ ] Watch WAL position move with pg_current_wal_lsn during writes

### Acceptance criteria
- Each process is matched to a role
- A table is located on disk
- WAL position change is shown

**Evidence required:** Screenshot + command output

**Troubleshooting:** Read the server log first. Record each problem and its fix in the issue notes. If stuck for more than 30 minutes, set the status to Blocked and describe the blocker.

**Performance:** Note the effect of this change on latency, WAL and locks where it applies.

**Security:** Use least-privilege roles, not the superuser, unless the task requires it. Keep secrets out of the repository.

**Automation:** Commit SQL and configuration to the repository. From phase 17 on, apply changes through migrations and the automation repository.

**Assessment:** Instructor verifies the acceptance criteria from the evidence and may ask for a live demonstration. Type: Practical.

### Completion criteria
- Every step is done and every acceptance criterion is demonstrated
- Required evidence is attached to the issue
- SQL, configuration and documents are committed to the repository
- Actual time is logged against the issue
- Instructor Review is Approved and the status is Completed

**Estimated time:** 3 h

**Next task:** LAB-012","Architecture","V02.0 PostgreSQL Architecture","MOD-06","THY-007","3","L3 - Intermediate","Guided Lab","Single Server","Screenshot + command output","PostgreSQL; psql; ps","18","Level 1 - Foundation & Development","DBA","High","Practical","0","Pending"
"LAB-012","LAB-012","Lab","Normal","[LAB-012] Create Database & Schema","**Objective:** Create Database & Schema

**Prerequisites:** LAB-011

**Concepts:** PostgreSQL server architecture; Postmaster; Backend processes; Background processes; Shared memory; Shared buffers; WAL; WAL writer; Checkpointer; Background writer; Autovacuum; Statistics collector concepts; Client/server architecture; Database; Schema; Table; Index; Tablespace; Query lifecycle: parser, rewriter, planner, executor, storage, WAL, commit

**Tools:** PostgreSQL; psql; ps

**Environment:** Single Server

### Steps
- [ ] Create a database with an owner, encoding and locale
- [ ] Create schemas and set search_path
- [ ] Create a tablespace on a separate volume and place a table in it
- [ ] List objects with psql meta-commands
- [ ] Explain database versus schema versus tablespace

### Acceptance criteria
- Objects exist as specified
- search_path behaviour is demonstrated
- Tablespace location is verified on disk

**Evidence required:** Screenshot + command output

**Troubleshooting:** Read the server log first. Record each problem and its fix in the issue notes. If stuck for more than 30 minutes, set the status to Blocked and describe the blocker.

**Performance:** Note the effect of this change on latency, WAL and locks where it applies.

**Security:** Use least-privilege roles, not the superuser, unless the task requires it. Keep secrets out of the repository.

**Automation:** Commit SQL and configuration to the repository. From phase 17 on, apply changes through migrations and the automation repository.

**Assessment:** Instructor verifies the acceptance criteria from the evidence and may ask for a live demonstration. Type: Practical.

### Completion criteria
- Every step is done and every acceptance criterion is demonstrated
- Required evidence is attached to the issue
- SQL, configuration and documents are committed to the repository
- Actual time is logged against the issue
- Instructor Review is Approved and the status is Completed

**Estimated time:** 3 h

**Next task:** Last task of this module","Architecture","V02.0 PostgreSQL Architecture","MOD-06","LAB-011","3","L3 - Intermediate","Guided Lab","Single Server","Screenshot + command output","PostgreSQL; psql; ps","18","Level 1 - Foundation & Development","DBA","High","Practical","0","Pending"
"MOD-07","MOD-07","Module","Normal","[MOD-07] PostgreSQL Configuration","**Topics:** postgresql.conf; pg_hba.conf; pg_ident.conf; shared_buffers; work_mem; maintenance_work_mem; effective_cache_size; max_connections; wal_buffers; checkpoint_timeout; checkpoint_completion_target; max_wal_size; min_wal_size; random_page_cost; effective_io_concurrency; max_worker_processes; max_parallel_workers; max_parallel_workers_per_gather; autovacuum settings; Tuning by workload

**Tools:** PostgreSQL; psql

**Environment:** Single Server

**Tasks:** 7, 20 estimated hours.

- THY-008 Configuration files, contexts and precedence
- CFG-001 Configure PostgreSQL
- CFG-002 Client authentication with pg_hba.conf
- ASG-001 Tuning by workload, not by copy
- TSH-005 Scenario 05: connection refused
- TSH-006 Scenario 06: authentication failure after a pg_hba.conf change
- ASM-002 Phase 02 assessment: install and configure","Configuration","V02.0 PostgreSQL Architecture","PHASE-02","","","","","Single Server","","PostgreSQL; psql","18","Level 1 - Foundation & Development","DBA","High","","",""
"THY-008","THY-008","Theory","Normal","[THY-008] Configuration files, contexts and precedence","**Objective:** Configuration files, contexts and precedence

**Prerequisites:** LAB-012

**Concepts:** postgresql.conf; pg_hba.conf; pg_ident.conf; shared_buffers; work_mem; maintenance_work_mem; effective_cache_size; max_connections; wal_buffers; checkpoint_timeout; checkpoint_completion_target; max_wal_size; min_wal_size; random_page_cost; effective_io_concurrency; max_worker_processes; max_parallel_workers; max_parallel_workers_per_gather; autovacuum settings; Tuning by workload

**Tools:** PostgreSQL; psql

**Environment:** Single Server

### Steps
- [ ] Study postgresql.conf, postgresql.auto.conf, include directories and ALTER SYSTEM
- [ ] Study parameter contexts: postmaster, sighup, user and others
- [ ] Study per-database, per-role and per-session settings
- [ ] Study pg_hba.conf rule order and pg_ident.conf maps

### Acceptance criteria
- Explains which changes need restart or reload using pg_settings
- Explains precedence from file to session
- Explains first-match in pg_hba.conf

**Evidence required:** Notes

**Troubleshooting:** Read the server log first. Record each problem and its fix in the issue notes. If stuck for more than 30 minutes, set the status to Blocked and describe the blocker.

**Performance:** Note the effect of this change on latency, WAL and locks where it applies.

**Security:** Use least-privilege roles, not the superuser, unless the task requires it. Keep secrets out of the repository.

**Automation:** Commit SQL and configuration to the repository. From phase 17 on, apply changes through migrations and the automation repository.

**Assessment:** Instructor checks the notes and asks short oral questions. Type: Short answer.

### Completion criteria
- Every step is done and every acceptance criterion is demonstrated
- Required evidence is attached to the issue
- SQL, configuration and documents are committed to the repository
- Actual time is logged against the issue
- Instructor Review is Approved and the status is Completed

**Estimated time:** 3 h

**Next task:** CFG-001","Configuration","V02.0 PostgreSQL Architecture","MOD-07","LAB-012","3","L3 - Intermediate","Theory","Single Server","Notes","PostgreSQL; psql","18","Level 1 - Foundation & Development","DBA","High","Short answer","0","Pending"
"CFG-001","CFG-001","Configuration","Normal","[CFG-001] Configure PostgreSQL","**Objective:** Configure PostgreSQL

**Prerequisites:** THY-008

**Concepts:** postgresql.conf; pg_hba.conf; pg_ident.conf; shared_buffers; work_mem; maintenance_work_mem; effective_cache_size; max_connections; wal_buffers; checkpoint_timeout; checkpoint_completion_target; max_wal_size; min_wal_size; random_page_cost; effective_io_concurrency; max_worker_processes; max_parallel_workers; max_parallel_workers_per_gather; autovacuum settings; Tuning by workload

**Tools:** PostgreSQL; psql

**Environment:** Single Server

### Steps
- [ ] Set listen_addresses and port
- [ ] Set shared_buffers, effective_cache_size, work_mem and maintenance_work_mem from the server size and workload
- [ ] Set WAL and checkpoint parameters
- [ ] Set parallel worker parameters
- [ ] Put changes in an include file under version control
- [ ] Reload or restart as required and verify with pg_settings

### Acceptance criteria
- Every changed parameter has a written reason tied to the workload
- pending_restart is false after the change
- Config file is in the repository

**Evidence required:** Configuration file in repository

**Troubleshooting:** Read the server log first. Record each problem and its fix in the issue notes. If stuck for more than 30 minutes, set the status to Blocked and describe the blocker.

**Performance:** Note the effect of this change on latency, WAL and locks where it applies.

**Security:** Use least-privilege roles, not the superuser, unless the task requires it. Keep secrets out of the repository.

**Automation:** Commit SQL and configuration to the repository. From phase 17 on, apply changes through migrations and the automation repository.

**Assessment:** Instructor verifies the configuration against the acceptance criteria. Type: Practical.

### Completion criteria
- Every step is done and every acceptance criterion is demonstrated
- Required evidence is attached to the issue
- SQL, configuration and documents are committed to the repository
- Actual time is logged against the issue
- Instructor Review is Approved and the status is Completed

**Estimated time:** 4 h

**Next task:** CFG-002","Configuration","V02.0 PostgreSQL Architecture","MOD-07","THY-008","4","L3 - Intermediate","Configuration","Single Server","Configuration file in repository","PostgreSQL; psql","18","Level 1 - Foundation & Development","DBA","High","Practical","0","Pending"
"CFG-002","CFG-002","Configuration","Normal","[CFG-002] Client authentication with pg_hba.conf","**Objective:** Client authentication with pg_hba.conf

**Prerequisites:** CFG-001

**Concepts:** postgresql.conf; pg_hba.conf; pg_ident.conf; shared_buffers; work_mem; maintenance_work_mem; effective_cache_size; max_connections; wal_buffers; checkpoint_timeout; checkpoint_completion_target; max_wal_size; min_wal_size; random_page_cost; effective_io_concurrency; max_worker_processes; max_parallel_workers; max_parallel_workers_per_gather; autovacuum settings; Tuning by workload

**Tools:** PostgreSQL; psql

**Environment:** Single Server

### Steps
- [ ] Allow local peer for postgres only
- [ ] Allow application subnets with scram-sha-256
- [ ] Reject everything else explicitly
- [ ] Test allowed and denied connections
- [ ] Read pg_hba_file_rules for errors

### Acceptance criteria
- Allowed clients connect and others are refused
- No trust or md5 entries remain
- Test results are attached

**Evidence required:** Configuration file in repository

**Troubleshooting:** Read the server log first. Record each problem and its fix in the issue notes. If stuck for more than 30 minutes, set the status to Blocked and describe the blocker.

**Performance:** Note the effect of this change on latency, WAL and locks where it applies.

**Security:** Use least-privilege roles, not the superuser, unless the task requires it. Keep secrets out of the repository.

**Automation:** Commit SQL and configuration to the repository. From phase 17 on, apply changes through migrations and the automation repository.

**Assessment:** Instructor verifies the configuration against the acceptance criteria. Type: Practical.

### Completion criteria
- Every step is done and every acceptance criterion is demonstrated
- Required evidence is attached to the issue
- SQL, configuration and documents are committed to the repository
- Actual time is logged against the issue
- Instructor Review is Approved and the status is Completed

**Estimated time:** 3 h

**Next task:** ASG-001","Configuration","V02.0 PostgreSQL Architecture","MOD-07","CFG-001","3","L3 - Intermediate","Configuration","Single Server","Configuration file in repository","PostgreSQL; psql","18","Level 1 - Foundation & Development","DBA","High","Practical","0","Pending"
"ASG-001","ASG-001","Assignment","Normal","[ASG-001] Tuning by workload, not by copy","**Objective:** Tuning by workload, not by copy

**Prerequisites:** CFG-002

**Concepts:** postgresql.conf; pg_hba.conf; pg_ident.conf; shared_buffers; work_mem; maintenance_work_mem; effective_cache_size; max_connections; wal_buffers; checkpoint_timeout; checkpoint_completion_target; max_wal_size; min_wal_size; random_page_cost; effective_io_concurrency; max_worker_processes; max_parallel_workers; max_parallel_workers_per_gather; autovacuum settings; Tuning by workload

**Tools:** PostgreSQL; psql

**Environment:** Single Server

### Steps
- [ ] Take three workloads: small OLTP, reporting, mixed
- [ ] Propose memory, WAL and parallel settings for each on the same hardware
- [ ] Justify each difference
- [ ] State what you would measure to confirm

### Acceptance criteria
- Three parameter sets with reasons
- Each names the measurement that validates it

**Evidence required:** Written deliverable

**Troubleshooting:** Read the server log first. Record each problem and its fix in the issue notes. If stuck for more than 30 minutes, set the status to Blocked and describe the blocker.

**Performance:** Note the effect of this change on latency, WAL and locks where it applies.

**Security:** Use least-privilege roles, not the superuser, unless the task requires it. Keep secrets out of the repository.

**Automation:** Commit SQL and configuration to the repository. From phase 17 on, apply changes through migrations and the automation repository.

**Assessment:** Instructor reviews the deliverable against the acceptance criteria. Type: Design question.

### Completion criteria
- Every step is done and every acceptance criterion is demonstrated
- Required evidence is attached to the issue
- SQL, configuration and documents are committed to the repository
- Actual time is logged against the issue
- Instructor Review is Approved and the status is Completed

**Estimated time:** 3 h

**Next task:** TSH-005","Configuration","V02.0 PostgreSQL Architecture","MOD-07","CFG-002","3","L3 - Intermediate","Assignment","Single Server","Written deliverable","PostgreSQL; psql","18","Level 1 - Foundation & Development","DBA","High","Design question","0","Pending"
"TSH-005","TSH-005","Troubleshooting","Normal","[TSH-005] Scenario 05: connection refused","**Objective:** Scenario 05: connection refused

**Prerequisites:** ASG-001

**Concepts:** postgresql.conf; pg_hba.conf; pg_ident.conf; shared_buffers; work_mem; maintenance_work_mem; effective_cache_size; max_connections; wal_buffers; checkpoint_timeout; checkpoint_completion_target; max_wal_size; min_wal_size; random_page_cost; effective_io_concurrency; max_worker_processes; max_parallel_workers; max_parallel_workers_per_gather; autovacuum settings; Tuning by workload

**Tools:** PostgreSQL; psql

**Environment:** Single Server

### Steps
- [ ] Reproduce the instructor fault on the lab server
- [ ] Collect evidence before changing anything
- [ ] Check service state, listen_addresses and port
- [ ] Check host firewall
- [ ] Test from the client with pg_isready
- [ ] Apply the fix
- [ ] Validate with the original failing action
- [ ] Write the seven-section report: problem, evidence, diagnosis, root cause, fix, validation, prevention

### Acceptance criteria
- Service or behaviour is restored
- Root cause is proven with evidence
- Report has all seven sections

**Evidence required:** Root cause report

**Performance:** Note the effect of this change on latency, WAL and locks where it applies.

**Security:** Use least-privilege roles, not the superuser, unless the task requires it. Keep secrets out of the repository.

**Automation:** Commit SQL and configuration to the repository. From phase 17 on, apply changes through migrations and the automation repository.

**Assessment:** Instructor grades the seven-section report. Type: Practical.

### Completion criteria
- Every step is done and every acceptance criterion is demonstrated
- Required evidence is attached to the issue
- SQL, configuration and documents are committed to the repository
- Actual time is logged against the issue
- Instructor Review is Approved and the status is Completed

**Estimated time:** 2 h

**Next task:** TSH-006","Configuration","V02.0 PostgreSQL Architecture","MOD-07","ASG-001","2","L3 - Intermediate","Troubleshooting","Single Server","Root cause report","PostgreSQL; psql","18","Level 1 - Foundation & Development","DBA","High","Practical","0","Pending"
"TSH-006","TSH-006","Troubleshooting","Normal","[TSH-006] Scenario 06: authentication failure after a pg_hba.conf change","**Objective:** Scenario 06: authentication failure after a pg_hba.conf change

**Prerequisites:** TSH-005

**Concepts:** postgresql.conf; pg_hba.conf; pg_ident.conf; shared_buffers; work_mem; maintenance_work_mem; effective_cache_size; max_connections; wal_buffers; checkpoint_timeout; checkpoint_completion_target; max_wal_size; min_wal_size; random_page_cost; effective_io_concurrency; max_worker_processes; max_parallel_workers; max_parallel_workers_per_gather; autovacuum settings; Tuning by workload

**Tools:** PostgreSQL; psql

**Environment:** Single Server

### Steps
- [ ] Reproduce the instructor fault on the lab server
- [ ] Collect evidence before changing anything
- [ ] Read the server log for the matched line
- [ ] Check rule order and method
- [ ] Check password_encryption and the stored verifier
- [ ] Apply the fix
- [ ] Validate with the original failing action
- [ ] Write the seven-section report: problem, evidence, diagnosis, root cause, fix, validation, prevention

### Acceptance criteria
- Service or behaviour is restored
- Root cause is proven with evidence
- Report has all seven sections

**Evidence required:** Root cause report

**Performance:** Note the effect of this change on latency, WAL and locks where it applies.

**Security:** Use least-privilege roles, not the superuser, unless the task requires it. Keep secrets out of the repository.

**Automation:** Commit SQL and configuration to the repository. From phase 17 on, apply changes through migrations and the automation repository.

**Assessment:** Instructor grades the seven-section report. Type: Practical.

### Completion criteria
- Every step is done and every acceptance criterion is demonstrated
- Required evidence is attached to the issue
- SQL, configuration and documents are committed to the repository
- Actual time is logged against the issue
- Instructor Review is Approved and the status is Completed

**Estimated time:** 2 h

**Next task:** ASM-002","Configuration","V02.0 PostgreSQL Architecture","MOD-07","TSH-005","2","L3 - Intermediate","Troubleshooting","Single Server","Root cause report","PostgreSQL; psql","18","Level 1 - Foundation & Development","DBA","High","Practical","0","Pending"
"ASM-002","ASM-002","Assessment","High","[ASM-002] Phase 02 assessment: install and configure","**Objective:** Phase 02 assessment: install and configure

**Prerequisites:** TSH-006

**Concepts:** postgresql.conf; pg_hba.conf; pg_ident.conf; shared_buffers; work_mem; maintenance_work_mem; effective_cache_size; max_connections; wal_buffers; checkpoint_timeout; checkpoint_completion_target; max_wal_size; min_wal_size; random_page_cost; effective_io_concurrency; max_worker_processes; max_parallel_workers; max_parallel_workers_per_gather; autovacuum settings; Tuning by workload

**Tools:** PostgreSQL; psql

**Environment:** Single Server

### Steps
- [ ] Install and configure PostgreSQL on a clean server from a written specification within the time limit

### Acceptance criteria
- Score of 70 or higher

**Evidence required:** Scored result

**Troubleshooting:** Read the server log first. Record each problem and its fix in the issue notes. If stuck for more than 30 minutes, set the status to Blocked and describe the blocker.

**Performance:** Note the effect of this change on latency, WAL and locks where it applies.

**Security:** Use least-privilege roles, not the superuser, unless the task requires it. Keep secrets out of the repository.

**Automation:** Commit SQL and configuration to the repository. From phase 17 on, apply changes through migrations and the automation repository.

**Assessment:** Scored 0-100. Pass mark 70. Type: Practical exam.

### Completion criteria
- Every step is done and every acceptance criterion is demonstrated
- Required evidence is attached to the issue
- SQL, configuration and documents are committed to the repository
- Actual time is logged against the issue
- Instructor Review is Approved and the status is Completed

**Estimated time:** 3 h

**Next task:** Last task of this module","Configuration","V02.0 PostgreSQL Architecture","MOD-07","TSH-006","3","L3 - Intermediate","Assessment","Single Server","Scored result","PostgreSQL; psql","18","Level 1 - Foundation & Development","DBA","High","Practical exam","0","Pending"
"REVIEW-02","REVIEW-02","Review","High","[REVIEW-02] Phase 02 gate review","**Objective:** Confirm that phase 02 (PostgreSQL Architecture) is complete.

### Checklist
- [ ] Every issue of the phase is Completed
- [ ] Evidence is attached to every issue
- [ ] Time is logged
- [ ] Assessment score is 70 or higher
- [ ] SQL, configuration and documents are in the repository

**Assessment:** Instructor confirms the checklist and records the gate decision.

**Estimated time:** 1 h","","V02.0 PostgreSQL Architecture","PHASE-02","TSH-004, LAB-012, ASM-002","1","","Review","","Instructor sign-off","","","","","","Review","0","Pending"
"PHASE-03","PHASE-03","Phase","Normal","[PHASE-03] SQL Fundamentals","Phase 03 of 20. Version: V03.0 SQL Fundamentals.

Modules: 3. Estimated hours: 38.

- MOD-08 Data Types, Tables and Constraints
- MOD-09 SQL Fundamentals
- MOD-10 Joins

The phase closes with the gate review REVIEW-03.","","V03.0 SQL Fundamentals","EPIC","","","","","","","","","","","","","",""
"MOD-08","MOD-08","Module","Normal","[MOD-08] Data Types, Tables and Constraints","**Topics:** Integer; Numeric; Decimal; Boolean; Text; VARCHAR; CHAR; Date; Time; Timestamp; Timestamp with time zone; Interval; UUID; JSON; JSONB; Arrays; ENUM; Composite types; Range types; Network types; Geometric types; PRIMARY KEY; FOREIGN KEY; UNIQUE; NOT NULL; CHECK; EXCLUDE; DEFERRABLE constraints; Referential integrity

**Tools:** PostgreSQL; psql

**Environment:** Single Server

**Tasks:** 4, 13 estimated hours.

- THY-009 PostgreSQL data types and how to choose them
- SQL-001 Create the course dataset schema
- SQL-002 Constraints: referential integrity, EXCLUDE and DEFERRABLE
- SQL-003 Special types in practice: UUID, enum, arrays, ranges, network","SQL","V03.0 SQL Fundamentals","PHASE-03","","","","","Single Server","","PostgreSQL; psql","18","Level 1 - Foundation & Development","Developer","High","","",""
"THY-009","THY-009","Theory","Normal","[THY-009] PostgreSQL data types and how to choose them","**Objective:** PostgreSQL data types and how to choose them

**Prerequisites:** LAB-012

**Concepts:** Integer; Numeric; Decimal; Boolean; Text; VARCHAR; CHAR; Date; Time; Timestamp; Timestamp with time zone; Interval; UUID; JSON; JSONB; Arrays; ENUM; Composite types; Range types; Network types; Geometric types; PRIMARY KEY; FOREIGN KEY; UNIQUE; NOT NULL; CHECK; EXCLUDE; DEFERRABLE constraints; Referential integrity

**Tools:** PostgreSQL; psql

**Environment:** Single Server

### Steps
- [ ] Study integer, numeric and floating types and when each is correct
- [ ] Study text, varchar and char
- [ ] Study date, time, timestamp, timestamptz and interval
- [ ] Study boolean, UUID, enum, arrays, composite, range, network and geometric types

### Acceptance criteria
- Chooses a type for fifteen given columns with reasons
- Explains why timestamptz is the default choice
- Explains numeric versus double precision for money

**Evidence required:** Notes

**Troubleshooting:** Read the server log first. Record each problem and its fix in the issue notes. If stuck for more than 30 minutes, set the status to Blocked and describe the blocker.

**Performance:** Note the effect of this change on latency, WAL and locks where it applies.

**Security:** Use least-privilege roles, not the superuser, unless the task requires it. Keep secrets out of the repository.

**Automation:** Commit SQL and configuration to the repository. From phase 17 on, apply changes through migrations and the automation repository.

**Assessment:** Instructor checks the notes and asks short oral questions. Type: Short answer.

### Completion criteria
- Every step is done and every acceptance criterion is demonstrated
- Required evidence is attached to the issue
- SQL, configuration and documents are committed to the repository
- Actual time is logged against the issue
- Instructor Review is Approved and the status is Completed

**Estimated time:** 3 h

**Next task:** SQL-001","SQL","V03.0 SQL Fundamentals","MOD-08","LAB-012","3","L2 - Basic","Theory","Single Server","Notes","PostgreSQL; psql","18","Level 1 - Foundation & Development","Developer","High","Short answer","0","Pending"
"SQL-001","SQL-001","SQL Development","Normal","[SQL-001] Create the course dataset schema","**Objective:** Create the course dataset schema

**Prerequisites:** THY-009

**Concepts:** Integer; Numeric; Decimal; Boolean; Text; VARCHAR; CHAR; Date; Time; Timestamp; Timestamp with time zone; Interval; UUID; JSON; JSONB; Arrays; ENUM; Composite types; Range types; Network types; Geometric types; PRIMARY KEY; FOREIGN KEY; UNIQUE; NOT NULL; CHECK; EXCLUDE; DEFERRABLE constraints; Referential integrity

**Tools:** PostgreSQL; psql

**Environment:** Single Server

### Steps
- [ ] Create the shop schema: customers, products, orders, order_items, payments, events
- [ ] Use identity columns, timestamptz and numeric where appropriate
- [ ] Add primary keys, foreign keys with chosen actions, unique, not null and check constraints
- [ ] Load the generated data with the provided script and COPY

### Acceptance criteria
- Schema script runs cleanly from the repository
- Row counts match the generator
- Invalid rows are rejected by constraints

**Evidence required:** SQL script in repository

**Troubleshooting:** Read the server log first. Record each problem and its fix in the issue notes. If stuck for more than 30 minutes, set the status to Blocked and describe the blocker.

**Performance:** Note the effect of this change on latency, WAL and locks where it applies.

**Security:** Use least-privilege roles, not the superuser, unless the task requires it. Keep secrets out of the repository.

**Automation:** Commit SQL and configuration to the repository. From phase 17 on, apply changes through migrations and the automation repository.

**Assessment:** Instructor runs the SQL from the repository and checks the results. Type: Practical.

### Completion criteria
- Every step is done and every acceptance criterion is demonstrated
- Required evidence is attached to the issue
- SQL, configuration and documents are committed to the repository
- Actual time is logged against the issue
- Instructor Review is Approved and the status is Completed

**Estimated time:** 4 h

**Next task:** SQL-002","SQL","V03.0 SQL Fundamentals","MOD-08","THY-009","4","L2 - Basic","SQL Development","Single Server","SQL script in repository","PostgreSQL; psql","18","Level 1 - Foundation & Development","Developer","High","Practical","0","Pending"
"SQL-002","SQL-002","SQL Development","Normal","[SQL-002] Constraints: referential integrity, EXCLUDE and DEFERRABLE","**Objective:** Constraints: referential integrity, EXCLUDE and DEFERRABLE

**Prerequisites:** SQL-001

**Concepts:** Integer; Numeric; Decimal; Boolean; Text; VARCHAR; CHAR; Date; Time; Timestamp; Timestamp with time zone; Interval; UUID; JSON; JSONB; Arrays; ENUM; Composite types; Range types; Network types; Geometric types; PRIMARY KEY; FOREIGN KEY; UNIQUE; NOT NULL; CHECK; EXCLUDE; DEFERRABLE constraints; Referential integrity

**Tools:** PostgreSQL; psql

**Environment:** Single Server

### Steps
- [ ] Test each foreign key action: restrict, cascade, set null
- [ ] Add an exclusion constraint that prevents overlapping reservations
- [ ] Make a constraint deferrable and use it in a transaction
- [ ] Add a constraint as NOT VALID and validate it

### Acceptance criteria
- Each action is demonstrated
- Overlap is rejected
- Deferred check runs at commit

**Evidence required:** SQL script in repository

**Troubleshooting:** Read the server log first. Record each problem and its fix in the issue notes. If stuck for more than 30 minutes, set the status to Blocked and describe the blocker.

**Performance:** Note the effect of this change on latency, WAL and locks where it applies.

**Security:** Use least-privilege roles, not the superuser, unless the task requires it. Keep secrets out of the repository.

**Automation:** Commit SQL and configuration to the repository. From phase 17 on, apply changes through migrations and the automation repository.

**Assessment:** Instructor runs the SQL from the repository and checks the results. Type: Practical.

### Completion criteria
- Every step is done and every acceptance criterion is demonstrated
- Required evidence is attached to the issue
- SQL, configuration and documents are committed to the repository
- Actual time is logged against the issue
- Instructor Review is Approved and the status is Completed

**Estimated time:** 3 h

**Next task:** SQL-003","SQL","V03.0 SQL Fundamentals","MOD-08","SQL-001","3","L2 - Basic","SQL Development","Single Server","SQL script in repository","PostgreSQL; psql","18","Level 1 - Foundation & Development","Developer","High","Practical","0","Pending"
"SQL-003","SQL-003","SQL Development","Normal","[SQL-003] Special types in practice: UUID, enum, arrays, ranges, network","**Objective:** Special types in practice: UUID, enum, arrays, ranges, network

**Prerequisites:** SQL-002

**Concepts:** Integer; Numeric; Decimal; Boolean; Text; VARCHAR; CHAR; Date; Time; Timestamp; Timestamp with time zone; Interval; UUID; JSON; JSONB; Arrays; ENUM; Composite types; Range types; Network types; Geometric types; PRIMARY KEY; FOREIGN KEY; UNIQUE; NOT NULL; CHECK; EXCLUDE; DEFERRABLE constraints; Referential integrity

**Tools:** PostgreSQL; psql

**Environment:** Single Server

### Steps
- [ ] Generate UUIDs including time-ordered ones on current versions
- [ ] Create and alter an enum
- [ ] Query and update array columns
- [ ] Use range operators for containment and overlap
- [ ] Store and query inet and cidr values

### Acceptance criteria
- Each type is used in a table with working queries
- Trade-offs of enum versus lookup table are noted

**Evidence required:** SQL script in repository

**Troubleshooting:** Read the server log first. Record each problem and its fix in the issue notes. If stuck for more than 30 minutes, set the status to Blocked and describe the blocker.

**Performance:** Note the effect of this change on latency, WAL and locks where it applies.

**Security:** Use least-privilege roles, not the superuser, unless the task requires it. Keep secrets out of the repository.

**Automation:** Commit SQL and configuration to the repository. From phase 17 on, apply changes through migrations and the automation repository.

**Assessment:** Instructor runs the SQL from the repository and checks the results. Type: Practical.

### Completion criteria
- Every step is done and every acceptance criterion is demonstrated
- Required evidence is attached to the issue
- SQL, configuration and documents are committed to the repository
- Actual time is logged against the issue
- Instructor Review is Approved and the status is Completed

**Estimated time:** 3 h

**Next task:** Last task of this module","SQL","V03.0 SQL Fundamentals","MOD-08","SQL-002","3","L2 - Basic","SQL Development","Single Server","SQL script in repository","PostgreSQL; psql","18","Level 1 - Foundation & Development","Developer","High","Practical","0","Pending"
"MOD-09","MOD-09","Module","Normal","[MOD-09] SQL Fundamentals","**Topics:** SELECT; INSERT; UPDATE; DELETE; WHERE; ORDER BY; GROUP BY; HAVING; LIMIT; OFFSET; DISTINCT; CASE; COALESCE; NULL handling; Functions; Operators; Aliases

**Tools:** PostgreSQL; psql

**Environment:** Single Server

**Tasks:** 4, 12 estimated hours.

- LAB-013 SQL Fundamentals
- SQL-004 INSERT, UPDATE, DELETE, RETURNING, upsert and MERGE
- SQL-005 NULL handling, CASE and COALESCE
- SQL-006 GROUP BY, HAVING and aggregates","SQL","V03.0 SQL Fundamentals","PHASE-03","","","","","Single Server","","PostgreSQL; psql","18","Level 1 - Foundation & Development","Developer","High","","",""
"LAB-013","LAB-013","Lab","Normal","[LAB-013] SQL Fundamentals","**Objective:** SQL Fundamentals

**Prerequisites:** SQL-003

**Concepts:** SELECT; INSERT; UPDATE; DELETE; WHERE; ORDER BY; GROUP BY; HAVING; LIMIT; OFFSET; DISTINCT; CASE; COALESCE; NULL handling; Functions; Operators; Aliases

**Tools:** PostgreSQL; psql

**Environment:** Single Server

### Steps
- [ ] Write SELECT queries with WHERE, ORDER BY, LIMIT and OFFSET against the dataset
- [ ] Use DISTINCT and DISTINCT ON
- [ ] Use aliases, operators and built-in functions
- [ ] Answer the first twenty business questions in the exercise sheet

### Acceptance criteria
- All twenty queries return the expected results
- Queries are committed to the repository

**Evidence required:** Screenshot + command output

**Troubleshooting:** Read the server log first. Record each problem and its fix in the issue notes. If stuck for more than 30 minutes, set the status to Blocked and describe the blocker.

**Performance:** Note the effect of this change on latency, WAL and locks where it applies.

**Security:** Use least-privilege roles, not the superuser, unless the task requires it. Keep secrets out of the repository.

**Automation:** Commit SQL and configuration to the repository. From phase 17 on, apply changes through migrations and the automation repository.

**Assessment:** Instructor verifies the acceptance criteria from the evidence and may ask for a live demonstration. Type: Practical.

### Completion criteria
- Every step is done and every acceptance criterion is demonstrated
- Required evidence is attached to the issue
- SQL, configuration and documents are committed to the repository
- Actual time is logged against the issue
- Instructor Review is Approved and the status is Completed

**Estimated time:** 4 h

**Next task:** SQL-004","SQL","V03.0 SQL Fundamentals","MOD-09","SQL-003","4","L2 - Basic","Guided Lab","Single Server","Screenshot + command output","PostgreSQL; psql","18","Level 1 - Foundation & Development","Developer","High","Practical","0","Pending"
"SQL-004","SQL-004","SQL Development","Normal","[SQL-004] INSERT, UPDATE, DELETE, RETURNING, upsert and MERGE","**Objective:** INSERT, UPDATE, DELETE, RETURNING, upsert and MERGE

**Prerequisites:** LAB-013

**Concepts:** SELECT; INSERT; UPDATE; DELETE; WHERE; ORDER BY; GROUP BY; HAVING; LIMIT; OFFSET; DISTINCT; CASE; COALESCE; NULL handling; Functions; Operators; Aliases

**Tools:** PostgreSQL; psql

**Environment:** Single Server

### Steps
- [ ] Insert single and multiple rows and use RETURNING
- [ ] Update with a join using FROM
- [ ] Delete with USING
- [ ] Use INSERT ON CONFLICT for upsert
- [ ] Use MERGE for the same task and compare

### Acceptance criteria
- Each statement works as intended
- Upsert is safe to run twice
- Differences between ON CONFLICT and MERGE are noted

**Evidence required:** SQL script in repository

**Troubleshooting:** Read the server log first. Record each problem and its fix in the issue notes. If stuck for more than 30 minutes, set the status to Blocked and describe the blocker.

**Performance:** Note the effect of this change on latency, WAL and locks where it applies.

**Security:** Use least-privilege roles, not the superuser, unless the task requires it. Keep secrets out of the repository.

**Automation:** Commit SQL and configuration to the repository. From phase 17 on, apply changes through migrations and the automation repository.

**Assessment:** Instructor runs the SQL from the repository and checks the results. Type: Practical.

### Completion criteria
- Every step is done and every acceptance criterion is demonstrated
- Required evidence is attached to the issue
- SQL, configuration and documents are committed to the repository
- Actual time is logged against the issue
- Instructor Review is Approved and the status is Completed

**Estimated time:** 3 h

**Next task:** SQL-005","SQL","V03.0 SQL Fundamentals","MOD-09","LAB-013","3","L2 - Basic","SQL Development","Single Server","SQL script in repository","PostgreSQL; psql","18","Level 1 - Foundation & Development","Developer","High","Practical","0","Pending"
"SQL-005","SQL-005","SQL Development","Normal","[SQL-005] NULL handling, CASE and COALESCE","**Objective:** NULL handling, CASE and COALESCE

**Prerequisites:** SQL-004

**Concepts:** SELECT; INSERT; UPDATE; DELETE; WHERE; ORDER BY; GROUP BY; HAVING; LIMIT; OFFSET; DISTINCT; CASE; COALESCE; NULL handling; Functions; Operators; Aliases

**Tools:** PostgreSQL; psql

**Environment:** Single Server

### Steps
- [ ] Show three-valued logic with comparisons to NULL
- [ ] Use IS DISTINCT FROM, COALESCE and NULLIF
- [ ] Use CASE in select lists and ORDER BY
- [ ] Fix five queries that mishandle NULL

### Acceptance criteria
- All five broken queries are fixed with an explanation
- NOT IN with NULL pitfall is demonstrated

**Evidence required:** SQL script in repository

**Troubleshooting:** Read the server log first. Record each problem and its fix in the issue notes. If stuck for more than 30 minutes, set the status to Blocked and describe the blocker.

**Performance:** Note the effect of this change on latency, WAL and locks where it applies.

**Security:** Use least-privilege roles, not the superuser, unless the task requires it. Keep secrets out of the repository.

**Automation:** Commit SQL and configuration to the repository. From phase 17 on, apply changes through migrations and the automation repository.

**Assessment:** Instructor runs the SQL from the repository and checks the results. Type: Practical.

### Completion criteria
- Every step is done and every acceptance criterion is demonstrated
- Required evidence is attached to the issue
- SQL, configuration and documents are committed to the repository
- Actual time is logged against the issue
- Instructor Review is Approved and the status is Completed

**Estimated time:** 2 h

**Next task:** SQL-006","SQL","V03.0 SQL Fundamentals","MOD-09","SQL-004","2","L2 - Basic","SQL Development","Single Server","SQL script in repository","PostgreSQL; psql","18","Level 1 - Foundation & Development","Developer","High","Practical","0","Pending"
"SQL-006","SQL-006","SQL Development","Normal","[SQL-006] GROUP BY, HAVING and aggregates","**Objective:** GROUP BY, HAVING and aggregates

**Prerequisites:** SQL-005

**Concepts:** SELECT; INSERT; UPDATE; DELETE; WHERE; ORDER BY; GROUP BY; HAVING; LIMIT; OFFSET; DISTINCT; CASE; COALESCE; NULL handling; Functions; Operators; Aliases

**Tools:** PostgreSQL; psql

**Environment:** Single Server

### Steps
- [ ] Aggregate with count, sum, avg, min and max
- [ ] Group by one and several columns
- [ ] Filter groups with HAVING
- [ ] Use FILTER on aggregates
- [ ] Use GROUPING SETS, ROLLUP and CUBE

### Acceptance criteria
- Ten reporting questions are answered correctly
- ROLLUP subtotals are explained

**Evidence required:** SQL script in repository

**Troubleshooting:** Read the server log first. Record each problem and its fix in the issue notes. If stuck for more than 30 minutes, set the status to Blocked and describe the blocker.

**Performance:** Note the effect of this change on latency, WAL and locks where it applies.

**Security:** Use least-privilege roles, not the superuser, unless the task requires it. Keep secrets out of the repository.

**Automation:** Commit SQL and configuration to the repository. From phase 17 on, apply changes through migrations and the automation repository.

**Assessment:** Instructor runs the SQL from the repository and checks the results. Type: Practical.

### Completion criteria
- Every step is done and every acceptance criterion is demonstrated
- Required evidence is attached to the issue
- SQL, configuration and documents are committed to the repository
- Actual time is logged against the issue
- Instructor Review is Approved and the status is Completed

**Estimated time:** 3 h

**Next task:** Last task of this module","SQL","V03.0 SQL Fundamentals","MOD-09","SQL-005","3","L2 - Basic","SQL Development","Single Server","SQL script in repository","PostgreSQL; psql","18","Level 1 - Foundation & Development","Developer","High","Practical","0","Pending"
"MOD-10","MOD-10","Module","Normal","[MOD-10] Joins","**Topics:** INNER JOIN; LEFT JOIN; RIGHT JOIN; FULL JOIN; CROSS JOIN; SELF JOIN; LATERAL JOIN

**Tools:** PostgreSQL; psql

**Environment:** Single Server

**Tasks:** 4, 12 estimated hours.

- THY-010 Join types and join logic
- SQL-007 Inner, left, right, full and cross joins on the business dataset
- LAB-014 Advanced Joins
- ASM-003 Phase 03 assessment: SQL practical","SQL","V03.0 SQL Fundamentals","PHASE-03","","","","","Single Server","","PostgreSQL; psql","18","Level 1 - Foundation & Development","Developer","High","","",""
"THY-010","THY-010","Theory","Normal","[THY-010] Join types and join logic","**Objective:** Join types and join logic

**Prerequisites:** SQL-006

**Concepts:** INNER JOIN; LEFT JOIN; RIGHT JOIN; FULL JOIN; CROSS JOIN; SELF JOIN; LATERAL JOIN

**Tools:** PostgreSQL; psql

**Environment:** Single Server

### Steps
- [ ] Study each join type with Venn and row-by-row views
- [ ] Study join conditions versus filters and how outer joins change results
- [ ] Study semi-joins and anti-joins with EXISTS

### Acceptance criteria
- Predicts the row count of eight joins on small tables
- Explains ON versus WHERE with an outer join

**Evidence required:** Notes

**Troubleshooting:** Read the server log first. Record each problem and its fix in the issue notes. If stuck for more than 30 minutes, set the status to Blocked and describe the blocker.

**Performance:** Note the effect of this change on latency, WAL and locks where it applies.

**Security:** Use least-privilege roles, not the superuser, unless the task requires it. Keep secrets out of the repository.

**Automation:** Commit SQL and configuration to the repository. From phase 17 on, apply changes through migrations and the automation repository.

**Assessment:** Instructor checks the notes and asks short oral questions. Type: Short answer.

### Completion criteria
- Every step is done and every acceptance criterion is demonstrated
- Required evidence is attached to the issue
- SQL, configuration and documents are committed to the repository
- Actual time is logged against the issue
- Instructor Review is Approved and the status is Completed

**Estimated time:** 2 h

**Next task:** SQL-007","SQL","V03.0 SQL Fundamentals","MOD-10","SQL-006","2","L3 - Intermediate","Theory","Single Server","Notes","PostgreSQL; psql","18","Level 1 - Foundation & Development","Developer","High","Short answer","0","Pending"
"SQL-007","SQL-007","SQL Development","Normal","[SQL-007] Inner, left, right, full and cross joins on the business dataset","**Objective:** Inner, left, right, full and cross joins on the business dataset

**Prerequisites:** THY-010

**Concepts:** INNER JOIN; LEFT JOIN; RIGHT JOIN; FULL JOIN; CROSS JOIN; SELF JOIN; LATERAL JOIN

**Tools:** PostgreSQL; psql

**Environment:** Single Server

### Steps
- [ ] Answer fifteen questions that need two to five tables
- [ ] Find customers with no orders
- [ ] Find orders with no payment
- [ ] Produce a calendar by cross join and fill gaps

### Acceptance criteria
- All answers are correct
- Anti-join is written with NOT EXISTS
- Queries are in the repository

**Evidence required:** SQL script in repository

**Troubleshooting:** Read the server log first. Record each problem and its fix in the issue notes. If stuck for more than 30 minutes, set the status to Blocked and describe the blocker.

**Performance:** Note the effect of this change on latency, WAL and locks where it applies.

**Security:** Use least-privilege roles, not the superuser, unless the task requires it. Keep secrets out of the repository.

**Automation:** Commit SQL and configuration to the repository. From phase 17 on, apply changes through migrations and the automation repository.

**Assessment:** Instructor runs the SQL from the repository and checks the results. Type: Practical.

### Completion criteria
- Every step is done and every acceptance criterion is demonstrated
- Required evidence is attached to the issue
- SQL, configuration and documents are committed to the repository
- Actual time is logged against the issue
- Instructor Review is Approved and the status is Completed

**Estimated time:** 4 h

**Next task:** LAB-014","SQL","V03.0 SQL Fundamentals","MOD-10","THY-010","4","L3 - Intermediate","SQL Development","Single Server","SQL script in repository","PostgreSQL; psql","18","Level 1 - Foundation & Development","Developer","High","Practical","0","Pending"
"LAB-014","LAB-014","Lab","Normal","[LAB-014] Advanced Joins","**Objective:** Advanced Joins

**Prerequisites:** SQL-007

**Concepts:** INNER JOIN; LEFT JOIN; RIGHT JOIN; FULL JOIN; CROSS JOIN; SELF JOIN; LATERAL JOIN

**Tools:** PostgreSQL; psql

**Environment:** Single Server

### Steps
- [ ] Write self joins for hierarchies and pairs
- [ ] Use LATERAL for top-N per group
- [ ] Use LATERAL with set-returning functions
- [ ] Compare LATERAL with a window-function solution

### Acceptance criteria
- Top three orders per customer are returned by both methods
- Self join for a hierarchy is correct

**Evidence required:** Screenshot + command output

**Troubleshooting:** Read the server log first. Record each problem and its fix in the issue notes. If stuck for more than 30 minutes, set the status to Blocked and describe the blocker.

**Performance:** Note the effect of this change on latency, WAL and locks where it applies.

**Security:** Use least-privilege roles, not the superuser, unless the task requires it. Keep secrets out of the repository.

**Automation:** Commit SQL and configuration to the repository. From phase 17 on, apply changes through migrations and the automation repository.

**Assessment:** Instructor verifies the acceptance criteria from the evidence and may ask for a live demonstration. Type: Practical.

### Completion criteria
- Every step is done and every acceptance criterion is demonstrated
- Required evidence is attached to the issue
- SQL, configuration and documents are committed to the repository
- Actual time is logged against the issue
- Instructor Review is Approved and the status is Completed

**Estimated time:** 3 h

**Next task:** ASM-003","SQL","V03.0 SQL Fundamentals","MOD-10","SQL-007","3","L3 - Intermediate","Guided Lab","Single Server","Screenshot + command output","PostgreSQL; psql","18","Level 1 - Foundation & Development","Developer","High","Practical","0","Pending"
"ASM-003","ASM-003","Assessment","High","[ASM-003] Phase 03 assessment: SQL practical","**Objective:** Phase 03 assessment: SQL practical

**Prerequisites:** LAB-014

**Concepts:** INNER JOIN; LEFT JOIN; RIGHT JOIN; FULL JOIN; CROSS JOIN; SELF JOIN; LATERAL JOIN

**Tools:** PostgreSQL; psql

**Environment:** Single Server

### Steps
- [ ] Solve the timed SQL question set on the dataset

### Acceptance criteria
- Score of 70 or higher

**Evidence required:** Scored result

**Troubleshooting:** Read the server log first. Record each problem and its fix in the issue notes. If stuck for more than 30 minutes, set the status to Blocked and describe the blocker.

**Performance:** Note the effect of this change on latency, WAL and locks where it applies.

**Security:** Use least-privilege roles, not the superuser, unless the task requires it. Keep secrets out of the repository.

**Automation:** Commit SQL and configuration to the repository. From phase 17 on, apply changes through migrations and the automation repository.

**Assessment:** Scored 0-100. Pass mark 70. Type: SQL questions.

### Completion criteria
- Every step is done and every acceptance criterion is demonstrated
- Required evidence is attached to the issue
- SQL, configuration and documents are committed to the repository
- Actual time is logged against the issue
- Instructor Review is Approved and the status is Completed

**Estimated time:** 3 h

**Next task:** Last task of this module","SQL","V03.0 SQL Fundamentals","MOD-10","LAB-014","3","L3 - Intermediate","Assessment","Single Server","Scored result","PostgreSQL; psql","18","Level 1 - Foundation & Development","Developer","High","SQL questions","0","Pending"
"REVIEW-03","REVIEW-03","Review","High","[REVIEW-03] Phase 03 gate review","**Objective:** Confirm that phase 03 (SQL Fundamentals) is complete.

### Checklist
- [ ] Every issue of the phase is Completed
- [ ] Evidence is attached to every issue
- [ ] Time is logged
- [ ] Assessment score is 70 or higher
- [ ] SQL, configuration and documents are in the repository

**Assessment:** Instructor confirms the checklist and records the gate decision.

**Estimated time:** 1 h","","V03.0 SQL Fundamentals","PHASE-03","SQL-003, SQL-006, ASM-003","1","","Review","","Instructor sign-off","","","","","","Review","0","Pending"
"PHASE-04","PHASE-04","Phase","Normal","[PHASE-04] Advanced SQL","Phase 04 of 20. Version: V04.0 Advanced SQL.

Modules: 4. Estimated hours: 35.

- MOD-11 Subqueries and CTEs
- MOD-12 Window Functions and Aggregation
- MOD-13 JSON and JSONB
- MOD-14 Arrays, Text, Regex, Date/Time and Ranges

The phase closes with the gate review REVIEW-04.","","V04.0 Advanced SQL","EPIC","","","","","","","","","","","","","",""
"MOD-11","MOD-11","Module","Normal","[MOD-11] Subqueries and CTEs","**Topics:** Subqueries; Correlated subqueries; CTE; Recursive CTE

**Tools:** PostgreSQL; psql

**Environment:** Single Server

**Tasks:** 2, 7 estimated hours.

- SQL-008 Subqueries and correlated subqueries
- LAB-015 CTE & Recursive Queries","Advanced SQL","V04.0 Advanced SQL","PHASE-04","","","","","Single Server","","PostgreSQL; psql","18","Level 1 - Foundation & Development","Developer","High","","",""
"SQL-008","SQL-008","SQL Development","Normal","[SQL-008] Subqueries and correlated subqueries","**Objective:** Subqueries and correlated subqueries

**Prerequisites:** ASM-003

**Concepts:** Subqueries; Correlated subqueries; CTE; Recursive CTE

**Tools:** PostgreSQL; psql

**Environment:** Single Server

### Steps
- [ ] Write scalar, row and table subqueries
- [ ] Write correlated subqueries and rewrite them as joins
- [ ] Use EXISTS, IN, ANY and ALL
- [ ] Compare plans of the equivalent forms

### Acceptance criteria
- Each query has a correct equivalent rewrite
- Notes state when the planner treats them the same

**Evidence required:** SQL script in repository

**Troubleshooting:** Read the server log first. Record each problem and its fix in the issue notes. If stuck for more than 30 minutes, set the status to Blocked and describe the blocker.

**Performance:** Note the effect of this change on latency, WAL and locks where it applies.

**Security:** Use least-privilege roles, not the superuser, unless the task requires it. Keep secrets out of the repository.

**Automation:** Commit SQL and configuration to the repository. From phase 17 on, apply changes through migrations and the automation repository.

**Assessment:** Instructor runs the SQL from the repository and checks the results. Type: Practical.

### Completion criteria
- Every step is done and every acceptance criterion is demonstrated
- Required evidence is attached to the issue
- SQL, configuration and documents are committed to the repository
- Actual time is logged against the issue
- Instructor Review is Approved and the status is Completed

**Estimated time:** 3 h

**Next task:** LAB-015","Advanced SQL","V04.0 Advanced SQL","MOD-11","ASM-003","3","L3 - Intermediate","SQL Development","Single Server","SQL script in repository","PostgreSQL; psql","18","Level 1 - Foundation & Development","Developer","High","Practical","0","Pending"
"LAB-015","LAB-015","Lab","Normal","[LAB-015] CTE & Recursive Queries","**Objective:** CTE & Recursive Queries

**Prerequisites:** SQL-008

**Concepts:** Subqueries; Correlated subqueries; CTE; Recursive CTE

**Tools:** PostgreSQL; psql

**Environment:** Single Server

### Steps
- [ ] Structure a long report with CTEs
- [ ] Use MATERIALIZED and NOT MATERIALIZED and see the plan change
- [ ] Walk a category tree with a recursive CTE
- [ ] Generate a series and detect cycles with the CYCLE clause
- [ ] Use a data-modifying CTE

### Acceptance criteria
- Recursive query returns the full tree with depth and path
- Materialization effect is shown in the plan
- Cycle is detected

**Evidence required:** Screenshot + command output

**Troubleshooting:** Read the server log first. Record each problem and its fix in the issue notes. If stuck for more than 30 minutes, set the status to Blocked and describe the blocker.

**Performance:** Note the effect of this change on latency, WAL and locks where it applies.

**Security:** Use least-privilege roles, not the superuser, unless the task requires it. Keep secrets out of the repository.

**Automation:** Commit SQL and configuration to the repository. From phase 17 on, apply changes through migrations and the automation repository.

**Assessment:** Instructor verifies the acceptance criteria from the evidence and may ask for a live demonstration. Type: Practical.

### Completion criteria
- Every step is done and every acceptance criterion is demonstrated
- Required evidence is attached to the issue
- SQL, configuration and documents are committed to the repository
- Actual time is logged against the issue
- Instructor Review is Approved and the status is Completed

**Estimated time:** 4 h

**Next task:** Last task of this module","Advanced SQL","V04.0 Advanced SQL","MOD-11","SQL-008","4","L3 - Intermediate","Guided Lab","Single Server","Screenshot + command output","PostgreSQL; psql","18","Level 1 - Foundation & Development","Developer","High","Practical","0","Pending"
"MOD-12","MOD-12","Module","Normal","[MOD-12] Window Functions and Aggregation","**Topics:** Window functions; Ranking; Aggregation; FILTER

**Tools:** PostgreSQL; psql

**Environment:** Single Server

**Tasks:** 2, 7 estimated hours.

- LAB-016 Window Functions
- SQL-009 Analytic reporting: cohorts, percentiles and gaps","Advanced SQL","V04.0 Advanced SQL","PHASE-04","","","","","Single Server","","PostgreSQL; psql","18","Level 1 - Foundation & Development","Developer","High","","",""
"LAB-016","LAB-016","Lab","Normal","[LAB-016] Window Functions","**Objective:** Window Functions

**Prerequisites:** LAB-015

**Concepts:** Window functions; Ranking; Aggregation; FILTER

**Tools:** PostgreSQL; psql

**Environment:** Single Server

### Steps
- [ ] Use row_number, rank and dense_rank
- [ ] Use lag, lead, first_value and last_value
- [ ] Compute running totals and moving averages with frames
- [ ] Compare ROWS, RANGE and GROUPS frames
- [ ] Use named windows

### Acceptance criteria
- Twelve analytic questions are answered correctly
- Frame clause effect is demonstrated

**Evidence required:** Screenshot + command output

**Troubleshooting:** Read the server log first. Record each problem and its fix in the issue notes. If stuck for more than 30 minutes, set the status to Blocked and describe the blocker.

**Performance:** Note the effect of this change on latency, WAL and locks where it applies.

**Security:** Use least-privilege roles, not the superuser, unless the task requires it. Keep secrets out of the repository.

**Automation:** Commit SQL and configuration to the repository. From phase 17 on, apply changes through migrations and the automation repository.

**Assessment:** Instructor verifies the acceptance criteria from the evidence and may ask for a live demonstration. Type: Practical.

### Completion criteria
- Every step is done and every acceptance criterion is demonstrated
- Required evidence is attached to the issue
- SQL, configuration and documents are committed to the repository
- Actual time is logged against the issue
- Instructor Review is Approved and the status is Completed

**Estimated time:** 4 h

**Next task:** SQL-009","Advanced SQL","V04.0 Advanced SQL","MOD-12","LAB-015","4","L3 - Intermediate","Guided Lab","Single Server","Screenshot + command output","PostgreSQL; psql","18","Level 1 - Foundation & Development","Developer","High","Practical","0","Pending"
"SQL-009","SQL-009","SQL Development","Normal","[SQL-009] Analytic reporting: cohorts, percentiles and gaps","**Objective:** Analytic reporting: cohorts, percentiles and gaps

**Prerequisites:** LAB-016

**Concepts:** Window functions; Ranking; Aggregation; FILTER

**Tools:** PostgreSQL; psql

**Environment:** Single Server

### Steps
- [ ] Compute percentiles with percentile_cont and ntile
- [ ] Find gaps and islands in dates
- [ ] Build a monthly cohort retention query
- [ ] Deduplicate rows with a window

### Acceptance criteria
- Each report matches the expected output
- Deduplication keeps the intended row

**Evidence required:** SQL script in repository

**Troubleshooting:** Read the server log first. Record each problem and its fix in the issue notes. If stuck for more than 30 minutes, set the status to Blocked and describe the blocker.

**Performance:** Note the effect of this change on latency, WAL and locks where it applies.

**Security:** Use least-privilege roles, not the superuser, unless the task requires it. Keep secrets out of the repository.

**Automation:** Commit SQL and configuration to the repository. From phase 17 on, apply changes through migrations and the automation repository.

**Assessment:** Instructor runs the SQL from the repository and checks the results. Type: Practical.

### Completion criteria
- Every step is done and every acceptance criterion is demonstrated
- Required evidence is attached to the issue
- SQL, configuration and documents are committed to the repository
- Actual time is logged against the issue
- Instructor Review is Approved and the status is Completed

**Estimated time:** 3 h

**Next task:** Last task of this module","Advanced SQL","V04.0 Advanced SQL","MOD-12","LAB-016","3","L3 - Intermediate","SQL Development","Single Server","SQL script in repository","PostgreSQL; psql","18","Level 1 - Foundation & Development","Developer","High","Practical","0","Pending"
"MOD-13","MOD-13","Module","Normal","[MOD-13] JSON and JSONB","**Topics:** JSON; JSONB; Operators; JSON path; Indexing; GIN; JSON queries; Hybrid relational/document design

**Tools:** PostgreSQL; psql

**Environment:** Single Server

**Tasks:** 3, 9 estimated hours.

- THY-011 JSON versus JSONB and hybrid design
- SQL-010 JSONB operators, functions and JSON path
- SQL-011 Index and constrain JSONB","JSONB","V04.0 Advanced SQL","PHASE-04","","","","","Single Server","","PostgreSQL; psql","18","Level 1 - Foundation & Development","Developer","High","","",""
"THY-011","THY-011","Theory","Normal","[THY-011] JSON versus JSONB and hybrid design","**Objective:** JSON versus JSONB and hybrid design

**Prerequisites:** LAB-015

**Concepts:** JSON; JSONB; Operators; JSON path; Indexing; GIN; JSON queries; Hybrid relational/document design

**Tools:** PostgreSQL; psql

**Environment:** Single Server

### Steps
- [ ] Study storage and behaviour differences
- [ ] Study when a JSONB column is right and when columns are better
- [ ] Study how statistics and constraints work on JSONB

### Acceptance criteria
- Explains three differences between JSON and JSONB
- Gives a rule for column versus JSONB

**Evidence required:** Notes

**Troubleshooting:** Read the server log first. Record each problem and its fix in the issue notes. If stuck for more than 30 minutes, set the status to Blocked and describe the blocker.

**Performance:** Note the effect of this change on latency, WAL and locks where it applies.

**Security:** Use least-privilege roles, not the superuser, unless the task requires it. Keep secrets out of the repository.

**Automation:** Commit SQL and configuration to the repository. From phase 17 on, apply changes through migrations and the automation repository.

**Assessment:** Instructor checks the notes and asks short oral questions. Type: Short answer.

### Completion criteria
- Every step is done and every acceptance criterion is demonstrated
- Required evidence is attached to the issue
- SQL, configuration and documents are committed to the repository
- Actual time is logged against the issue
- Instructor Review is Approved and the status is Completed

**Estimated time:** 2 h

**Next task:** SQL-010","JSONB","V04.0 Advanced SQL","MOD-13","LAB-015","2","L3 - Intermediate","Theory","Single Server","Notes","PostgreSQL; psql","18","Level 1 - Foundation & Development","Developer","High","Short answer","0","Pending"
"SQL-010","SQL-010","SQL Development","Normal","[SQL-010] JSONB operators, functions and JSON path","**Objective:** JSONB operators, functions and JSON path

**Prerequisites:** THY-011

**Concepts:** JSON; JSONB; Operators; JSON path; Indexing; GIN; JSON queries; Hybrid relational/document design

**Tools:** PostgreSQL; psql

**Environment:** Single Server

### Steps
- [ ] Extract with -> and ->> and #>
- [ ] Test containment and key existence
- [ ] Update with jsonb_set and concatenation
- [ ] Expand with jsonb_array_elements and jsonb_to_recordset
- [ ] Query with jsonpath and JSON_TABLE on current versions
- [ ] Aggregate rows into JSON

### Acceptance criteria
- Twelve JSONB questions on the events table are answered
- One query is written both with operators and with jsonpath

**Evidence required:** SQL script in repository

**Troubleshooting:** Read the server log first. Record each problem and its fix in the issue notes. If stuck for more than 30 minutes, set the status to Blocked and describe the blocker.

**Performance:** Note the effect of this change on latency, WAL and locks where it applies.

**Security:** Use least-privilege roles, not the superuser, unless the task requires it. Keep secrets out of the repository.

**Automation:** Commit SQL and configuration to the repository. From phase 17 on, apply changes through migrations and the automation repository.

**Assessment:** Instructor runs the SQL from the repository and checks the results. Type: Practical.

### Completion criteria
- Every step is done and every acceptance criterion is demonstrated
- Required evidence is attached to the issue
- SQL, configuration and documents are committed to the repository
- Actual time is logged against the issue
- Instructor Review is Approved and the status is Completed

**Estimated time:** 4 h

**Next task:** SQL-011","JSONB","V04.0 Advanced SQL","MOD-13","THY-011","4","L3 - Intermediate","SQL Development","Single Server","SQL script in repository","PostgreSQL; psql","18","Level 1 - Foundation & Development","Developer","High","Practical","0","Pending"
"SQL-011","SQL-011","SQL Development","Normal","[SQL-011] Index and constrain JSONB","**Objective:** Index and constrain JSONB

**Prerequisites:** SQL-010

**Concepts:** JSON; JSONB; Operators; JSON path; Indexing; GIN; JSON queries; Hybrid relational/document design

**Tools:** PostgreSQL; psql

**Environment:** Single Server

### Steps
- [ ] Create GIN indexes with default and jsonb_path_ops operator classes
- [ ] Create an expression index on one key
- [ ] Compare plans and index sizes
- [ ] Add CHECK constraints for required keys

### Acceptance criteria
- Plans use the indexes
- Size and capability trade-off is recorded
- Invalid documents are rejected

**Evidence required:** SQL script in repository

**Troubleshooting:** Read the server log first. Record each problem and its fix in the issue notes. If stuck for more than 30 minutes, set the status to Blocked and describe the blocker.

**Performance:** Note the effect of this change on latency, WAL and locks where it applies.

**Security:** Use least-privilege roles, not the superuser, unless the task requires it. Keep secrets out of the repository.

**Automation:** Commit SQL and configuration to the repository. From phase 17 on, apply changes through migrations and the automation repository.

**Assessment:** Instructor runs the SQL from the repository and checks the results. Type: Practical.

### Completion criteria
- Every step is done and every acceptance criterion is demonstrated
- Required evidence is attached to the issue
- SQL, configuration and documents are committed to the repository
- Actual time is logged against the issue
- Instructor Review is Approved and the status is Completed

**Estimated time:** 3 h

**Next task:** Last task of this module","JSONB","V04.0 Advanced SQL","MOD-13","SQL-010","3","L3 - Intermediate","SQL Development","Single Server","SQL script in repository","PostgreSQL; psql","18","Level 1 - Foundation & Development","Developer","High","Practical","0","Pending"
"MOD-14","MOD-14","Module","Normal","[MOD-14] Arrays, Text, Regex, Date/Time and Ranges","**Topics:** ARRAY; Regex; String functions; Date/time; Range types

**Tools:** PostgreSQL; psql

**Environment:** Single Server

**Tasks:** 4, 11 estimated hours.

- SQL-012 Arrays and string functions
- SQL-013 Regular expressions
- SQL-014 Date/time and range types
- ASM-004 Phase 04 assessment: advanced SQL practical","Advanced SQL","V04.0 Advanced SQL","PHASE-04","","","","","Single Server","","PostgreSQL; psql","18","Level 1 - Foundation & Development","Developer","Medium","","",""
"SQL-012","SQL-012","SQL Development","Normal","[SQL-012] Arrays and string functions","**Objective:** Arrays and string functions

**Prerequisites:** LAB-015

**Concepts:** ARRAY; Regex; String functions; Date/time; Range types

**Tools:** PostgreSQL; psql

**Environment:** Single Server

### Steps
- [ ] Build, unnest and aggregate arrays
- [ ] Use array operators and ANY
- [ ] Use string functions: split, format, substring, overlay, string_agg
- [ ] Clean a messy text column

### Acceptance criteria
- Ten exercises return the expected output

**Evidence required:** SQL script in repository

**Troubleshooting:** Read the server log first. Record each problem and its fix in the issue notes. If stuck for more than 30 minutes, set the status to Blocked and describe the blocker.

**Performance:** Note the effect of this change on latency, WAL and locks where it applies.

**Security:** Use least-privilege roles, not the superuser, unless the task requires it. Keep secrets out of the repository.

**Automation:** Commit SQL and configuration to the repository. From phase 17 on, apply changes through migrations and the automation repository.

**Assessment:** Instructor runs the SQL from the repository and checks the results. Type: Practical.

### Completion criteria
- Every step is done and every acceptance criterion is demonstrated
- Required evidence is attached to the issue
- SQL, configuration and documents are committed to the repository
- Actual time is logged against the issue
- Instructor Review is Approved and the status is Completed

**Estimated time:** 3 h

**Next task:** SQL-013","Advanced SQL","V04.0 Advanced SQL","MOD-14","LAB-015","3","L3 - Intermediate","SQL Development","Single Server","SQL script in repository","PostgreSQL; psql","18","Level 1 - Foundation & Development","Developer","Medium","Practical","0","Pending"
"SQL-013","SQL-013","SQL Development","Normal","[SQL-013] Regular expressions","**Objective:** Regular expressions

**Prerequisites:** SQL-012

**Concepts:** ARRAY; Regex; String functions; Date/time; Range types

**Tools:** PostgreSQL; psql

**Environment:** Single Server

### Steps
- [ ] Match with ~ and SIMILAR TO
- [ ] Extract with regexp_match and regexp_matches
- [ ] Replace with regexp_replace
- [ ] Validate formats with a CHECK constraint

### Acceptance criteria
- Extraction and validation work on the sample data

**Evidence required:** SQL script in repository

**Troubleshooting:** Read the server log first. Record each problem and its fix in the issue notes. If stuck for more than 30 minutes, set the status to Blocked and describe the blocker.

**Performance:** Note the effect of this change on latency, WAL and locks where it applies.

**Security:** Use least-privilege roles, not the superuser, unless the task requires it. Keep secrets out of the repository.

**Automation:** Commit SQL and configuration to the repository. From phase 17 on, apply changes through migrations and the automation repository.

**Assessment:** Instructor runs the SQL from the repository and checks the results. Type: Practical.

### Completion criteria
- Every step is done and every acceptance criterion is demonstrated
- Required evidence is attached to the issue
- SQL, configuration and documents are committed to the repository
- Actual time is logged against the issue
- Instructor Review is Approved and the status is Completed

**Estimated time:** 2 h

**Next task:** SQL-014","Advanced SQL","V04.0 Advanced SQL","MOD-14","SQL-012","2","L3 - Intermediate","SQL Development","Single Server","SQL script in repository","PostgreSQL; psql","18","Level 1 - Foundation & Development","Developer","Medium","Practical","0","Pending"
"SQL-014","SQL-014","SQL Development","Normal","[SQL-014] Date/time and range types","**Objective:** Date/time and range types

**Prerequisites:** SQL-013

**Concepts:** ARRAY; Regex; String functions; Date/time; Range types

**Tools:** PostgreSQL; psql

**Environment:** Single Server

### Steps
- [ ] Use date_trunc, extract, age and interval arithmetic
- [ ] Convert time zones correctly with AT TIME ZONE
- [ ] Generate calendars with generate_series
- [ ] Use tstzrange and multiranges for bookings

### Acceptance criteria
- Time zone conversion pitfalls are demonstrated and avoided
- Booking overlap query is correct

**Evidence required:** SQL script in repository

**Troubleshooting:** Read the server log first. Record each problem and its fix in the issue notes. If stuck for more than 30 minutes, set the status to Blocked and describe the blocker.

**Performance:** Note the effect of this change on latency, WAL and locks where it applies.

**Security:** Use least-privilege roles, not the superuser, unless the task requires it. Keep secrets out of the repository.

**Automation:** Commit SQL and configuration to the repository. From phase 17 on, apply changes through migrations and the automation repository.

**Assessment:** Instructor runs the SQL from the repository and checks the results. Type: Practical.

### Completion criteria
- Every step is done and every acceptance criterion is demonstrated
- Required evidence is attached to the issue
- SQL, configuration and documents are committed to the repository
- Actual time is logged against the issue
- Instructor Review is Approved and the status is Completed

**Estimated time:** 3 h

**Next task:** ASM-004","Advanced SQL","V04.0 Advanced SQL","MOD-14","SQL-013","3","L3 - Intermediate","SQL Development","Single Server","SQL script in repository","PostgreSQL; psql","18","Level 1 - Foundation & Development","Developer","Medium","Practical","0","Pending"
"ASM-004","ASM-004","Assessment","High","[ASM-004] Phase 04 assessment: advanced SQL practical","**Objective:** Phase 04 assessment: advanced SQL practical

**Prerequisites:** SQL-014

**Concepts:** ARRAY; Regex; String functions; Date/time; Range types

**Tools:** PostgreSQL; psql

**Environment:** Single Server

### Steps
- [ ] Solve the timed advanced SQL set

### Acceptance criteria
- Score of 70 or higher

**Evidence required:** Scored result

**Troubleshooting:** Read the server log first. Record each problem and its fix in the issue notes. If stuck for more than 30 minutes, set the status to Blocked and describe the blocker.

**Performance:** Note the effect of this change on latency, WAL and locks where it applies.

**Security:** Use least-privilege roles, not the superuser, unless the task requires it. Keep secrets out of the repository.

**Automation:** Commit SQL and configuration to the repository. From phase 17 on, apply changes through migrations and the automation repository.

**Assessment:** Scored 0-100. Pass mark 70. Type: SQL questions.

### Completion criteria
- Every step is done and every acceptance criterion is demonstrated
- Required evidence is attached to the issue
- SQL, configuration and documents are committed to the repository
- Actual time is logged against the issue
- Instructor Review is Approved and the status is Completed

**Estimated time:** 3 h

**Next task:** Last task of this module","Advanced SQL","V04.0 Advanced SQL","MOD-14","SQL-014","3","L3 - Intermediate","Assessment","Single Server","Scored result","PostgreSQL; psql","18","Level 1 - Foundation & Development","Developer","Medium","SQL questions","0","Pending"
"REVIEW-04","REVIEW-04","Review","High","[REVIEW-04] Phase 04 gate review","**Objective:** Confirm that phase 04 (Advanced SQL) is complete.

### Checklist
- [ ] Every issue of the phase is Completed
- [ ] Evidence is attached to every issue
- [ ] Time is logged
- [ ] Assessment score is 70 or higher
- [ ] SQL, configuration and documents are in the repository

**Assessment:** Instructor confirms the checklist and records the gate decision.

**Estimated time:** 1 h","","V04.0 Advanced SQL","PHASE-04","LAB-015, SQL-009, SQL-011, ASM-004","1","","Review","","Instructor sign-off","","","","","","Review","0","Pending"
"PHASE-05","PHASE-05","Phase","Normal","[PHASE-05] Database Design","Phase 05 of 20. Version: V05.0 Database Design.

Modules: 1. Estimated hours: 27.

- MOD-15 Database Design

The phase closes with the gate review REVIEW-05.","","V05.0 Database Design","EPIC","","","","","","","","","","","","","",""
"MOD-15","MOD-15","Module","Normal","[MOD-15] Database Design","**Topics:** Requirements analysis; Entities; Relationships; ER diagrams; Normalization; 1NF; 2NF; 3NF; BCNF; Denormalization; OLTP; OLAP; Data modeling

**Tools:** draw.io; PostgreSQL

**Environment:** Workstation

**Tasks:** 7, 26 estimated hours.

- THY-012 Requirements, entities, relationships and ER diagrams
- THY-013 Normalization: 1NF, 2NF, 3NF and BCNF
- ASG-002 Normalize a real dataset
- THY-014 Denormalization, OLTP and OLAP modelling
- ASG-003 Naming conventions and SQL standards
- PROJECT-001 Database design project: booking platform
- ASM-005 Phase 05 assessment: database design","Database Design","V05.0 Database Design","PHASE-05","","","","","Workstation","","draw.io; PostgreSQL","18","Level 1 - Foundation & Development","Developer","High","","",""
"THY-012","THY-012","Theory","Normal","[THY-012] Requirements, entities, relationships and ER diagrams","**Objective:** Requirements, entities, relationships and ER diagrams

**Prerequisites:** ASM-003

**Concepts:** Requirements analysis; Entities; Relationships; ER diagrams; Normalization; 1NF; 2NF; 3NF; BCNF; Denormalization; OLTP; OLAP; Data modeling

**Tools:** draw.io; PostgreSQL

**Environment:** Workstation

### Steps
- [ ] Study how to extract entities and relationships from requirements
- [ ] Study cardinality and optionality
- [ ] Study ER notation
- [ ] Study surrogate versus natural keys

### Acceptance criteria
- Draws an ER diagram from a one-page requirement
- Justifies key choices

**Evidence required:** Notes

**Troubleshooting:** Read the server log first. Record each problem and its fix in the issue notes. If stuck for more than 30 minutes, set the status to Blocked and describe the blocker.

**Performance:** Note the effect of this change on latency, WAL and locks where it applies.

**Security:** Use least-privilege roles, not the superuser, unless the task requires it. Keep secrets out of the repository.

**Automation:** Commit SQL and configuration to the repository. From phase 17 on, apply changes through migrations and the automation repository.

**Assessment:** Instructor checks the notes and asks short oral questions. Type: Short answer.

### Completion criteria
- Every step is done and every acceptance criterion is demonstrated
- Required evidence is attached to the issue
- SQL, configuration and documents are committed to the repository
- Actual time is logged against the issue
- Instructor Review is Approved and the status is Completed

**Estimated time:** 3 h

**Next task:** THY-013","Database Design","V05.0 Database Design","MOD-15","ASM-003","3","L3 - Intermediate","Theory","Workstation","Notes","draw.io; PostgreSQL","18","Level 1 - Foundation & Development","Developer","High","Short answer","0","Pending"
"THY-013","THY-013","Theory","Normal","[THY-013] Normalization: 1NF, 2NF, 3NF and BCNF","**Objective:** Normalization: 1NF, 2NF, 3NF and BCNF

**Prerequisites:** THY-012

**Concepts:** Requirements analysis; Entities; Relationships; ER diagrams; Normalization; 1NF; 2NF; 3NF; BCNF; Denormalization; OLTP; OLAP; Data modeling

**Tools:** draw.io; PostgreSQL

**Environment:** Workstation

### Steps
- [ ] Study functional dependencies
- [ ] Study each normal form with a violation and its fix
- [ ] Study update, insert and delete anomalies

### Acceptance criteria
- Normalizes a flat table to 3NF showing each step
- Names the anomaly each step removes

**Evidence required:** Notes

**Troubleshooting:** Read the server log first. Record each problem and its fix in the issue notes. If stuck for more than 30 minutes, set the status to Blocked and describe the blocker.

**Performance:** Note the effect of this change on latency, WAL and locks where it applies.

**Security:** Use least-privilege roles, not the superuser, unless the task requires it. Keep secrets out of the repository.

**Automation:** Commit SQL and configuration to the repository. From phase 17 on, apply changes through migrations and the automation repository.

**Assessment:** Instructor checks the notes and asks short oral questions. Type: Short answer.

### Completion criteria
- Every step is done and every acceptance criterion is demonstrated
- Required evidence is attached to the issue
- SQL, configuration and documents are committed to the repository
- Actual time is logged against the issue
- Instructor Review is Approved and the status is Completed

**Estimated time:** 3 h

**Next task:** ASG-002","Database Design","V05.0 Database Design","MOD-15","THY-012","3","L3 - Intermediate","Theory","Workstation","Notes","draw.io; PostgreSQL","18","Level 1 - Foundation & Development","Developer","High","Short answer","0","Pending"
"ASG-002","ASG-002","Assignment","Normal","[ASG-002] Normalize a real dataset","**Objective:** Normalize a real dataset

**Prerequisites:** THY-013

**Concepts:** Requirements analysis; Entities; Relationships; ER diagrams; Normalization; 1NF; 2NF; 3NF; BCNF; Denormalization; OLTP; OLAP; Data modeling

**Tools:** draw.io; PostgreSQL

**Environment:** Workstation

### Steps
- [ ] Take the instructor spreadsheet export
- [ ] Identify dependencies
- [ ] Produce 3NF tables with keys and constraints
- [ ] Load the data and prove nothing was lost

### Acceptance criteria
- Design is in 3NF
- Row counts and totals reconcile with the source

**Evidence required:** Written deliverable

**Troubleshooting:** Read the server log first. Record each problem and its fix in the issue notes. If stuck for more than 30 minutes, set the status to Blocked and describe the blocker.

**Performance:** Note the effect of this change on latency, WAL and locks where it applies.

**Security:** Use least-privilege roles, not the superuser, unless the task requires it. Keep secrets out of the repository.

**Automation:** Commit SQL and configuration to the repository. From phase 17 on, apply changes through migrations and the automation repository.

**Assessment:** Instructor reviews the deliverable against the acceptance criteria. Type: Design question.

### Completion criteria
- Every step is done and every acceptance criterion is demonstrated
- Required evidence is attached to the issue
- SQL, configuration and documents are committed to the repository
- Actual time is logged against the issue
- Instructor Review is Approved and the status is Completed

**Estimated time:** 4 h

**Next task:** THY-014","Database Design","V05.0 Database Design","MOD-15","THY-013","4","L3 - Intermediate","Assignment","Workstation","Written deliverable","draw.io; PostgreSQL","18","Level 1 - Foundation & Development","Developer","High","Design question","0","Pending"
"THY-014","THY-014","Theory","Normal","[THY-014] Denormalization, OLTP and OLAP modelling","**Objective:** Denormalization, OLTP and OLAP modelling

**Prerequisites:** ASG-002

**Concepts:** Requirements analysis; Entities; Relationships; ER diagrams; Normalization; 1NF; 2NF; 3NF; BCNF; Denormalization; OLTP; OLAP; Data modeling

**Tools:** draw.io; PostgreSQL

**Environment:** Workstation

### Steps
- [ ] Study when to denormalize and how to keep it correct
- [ ] Study star schema, facts and dimensions
- [ ] Study slowly changing dimensions
- [ ] Compare OLTP and OLAP design goals

### Acceptance criteria
- Gives two justified denormalizations for the dataset
- Draws a star schema for sales reporting

**Evidence required:** Notes

**Troubleshooting:** Read the server log first. Record each problem and its fix in the issue notes. If stuck for more than 30 minutes, set the status to Blocked and describe the blocker.

**Performance:** Note the effect of this change on latency, WAL and locks where it applies.

**Security:** Use least-privilege roles, not the superuser, unless the task requires it. Keep secrets out of the repository.

**Automation:** Commit SQL and configuration to the repository. From phase 17 on, apply changes through migrations and the automation repository.

**Assessment:** Instructor checks the notes and asks short oral questions. Type: Short answer.

### Completion criteria
- Every step is done and every acceptance criterion is demonstrated
- Required evidence is attached to the issue
- SQL, configuration and documents are committed to the repository
- Actual time is logged against the issue
- Instructor Review is Approved and the status is Completed

**Estimated time:** 3 h

**Next task:** ASG-003","Database Design","V05.0 Database Design","MOD-15","ASG-002","3","L3 - Intermediate","Theory","Workstation","Notes","draw.io; PostgreSQL","18","Level 1 - Foundation & Development","Developer","High","Short answer","0","Pending"
"ASG-003","ASG-003","Assignment","Normal","[ASG-003] Naming conventions and SQL standards","**Objective:** Naming conventions and SQL standards

**Prerequisites:** THY-014

**Concepts:** Requirements analysis; Entities; Relationships; ER diagrams; Normalization; 1NF; 2NF; 3NF; BCNF; Denormalization; OLTP; OLAP; Data modeling

**Tools:** draw.io; PostgreSQL

**Environment:** Workstation

### Steps
- [ ] Write the course conventions for schemas, tables, columns, keys, indexes and constraints
- [ ] Write formatting rules for SQL
- [ ] Apply them to the dataset schema

### Acceptance criteria
- Conventions document is committed
- Dataset schema follows it

**Evidence required:** Written deliverable

**Troubleshooting:** Read the server log first. Record each problem and its fix in the issue notes. If stuck for more than 30 minutes, set the status to Blocked and describe the blocker.

**Performance:** Note the effect of this change on latency, WAL and locks where it applies.

**Security:** Use least-privilege roles, not the superuser, unless the task requires it. Keep secrets out of the repository.

**Automation:** Commit SQL and configuration to the repository. From phase 17 on, apply changes through migrations and the automation repository.

**Assessment:** Instructor reviews the deliverable against the acceptance criteria. Type: Design question.

### Completion criteria
- Every step is done and every acceptance criterion is demonstrated
- Required evidence is attached to the issue
- SQL, configuration and documents are committed to the repository
- Actual time is logged against the issue
- Instructor Review is Approved and the status is Completed

**Estimated time:** 2 h

**Next task:** PROJECT-001","Database Design","V05.0 Database Design","MOD-15","THY-014","2","L3 - Intermediate","Assignment","Workstation","Written deliverable","draw.io; PostgreSQL","18","Level 1 - Foundation & Development","Developer","High","Design question","0","Pending"
"PROJECT-001","PROJECT-001","Project","Normal","[PROJECT-001] Database design project: booking platform","**Objective:** Database design project: booking platform

**Prerequisites:** ASG-003

**Concepts:** Requirements analysis; Entities; Relationships; ER diagrams; Normalization; 1NF; 2NF; 3NF; BCNF; Denormalization; OLTP; OLAP; Data modeling

**Tools:** draw.io; PostgreSQL

**Environment:** Workstation

### Steps
- [ ] Analyse the instructor requirements for a multi-location booking platform
- [ ] Produce the ER diagram
- [ ] Write the DDL with types, keys and constraints
- [ ] Add seed data and ten proof queries
- [ ] Document design decisions

### Acceptance criteria
- Schema installs from one script
- Constraints prevent double booking
- Decisions and diagram are in the repository

**Evidence required:** Repository link + documentation

**Troubleshooting:** Read the server log first. Record each problem and its fix in the issue notes. If stuck for more than 30 minutes, set the status to Blocked and describe the blocker.

**Performance:** Note the effect of this change on latency, WAL and locks where it applies.

**Security:** Use least-privilege roles, not the superuser, unless the task requires it. Keep secrets out of the repository.

**Automation:** Commit SQL and configuration to the repository. From phase 17 on, apply changes through migrations and the automation repository.

**Assessment:** Scored 0-100 on working result, test evidence, documentation and repository quality. Type: Project.

### Completion criteria
- Every step is done and every acceptance criterion is demonstrated
- Required evidence is attached to the issue
- SQL, configuration and documents are committed to the repository
- Actual time is logged against the issue
- Instructor Review is Approved and the status is Completed

**Estimated time:** 8 h

**Next task:** ASM-005","Database Design","V05.0 Database Design","MOD-15","ASG-003","8","L3 - Intermediate","Project","Workstation","Repository link + documentation","draw.io; PostgreSQL","18","Level 1 - Foundation & Development","Developer","High","Project","1","Pending"
"ASM-005","ASM-005","Assessment","High","[ASM-005] Phase 05 assessment: database design","**Objective:** Phase 05 assessment: database design

**Prerequisites:** PROJECT-001

**Concepts:** Requirements analysis; Entities; Relationships; ER diagrams; Normalization; 1NF; 2NF; 3NF; BCNF; Denormalization; OLTP; OLAP; Data modeling

**Tools:** draw.io; PostgreSQL

**Environment:** Workstation

### Steps
- [ ] Design a schema from an unseen requirement and defend it

### Acceptance criteria
- Score of 70 or higher

**Evidence required:** Scored result

**Troubleshooting:** Read the server log first. Record each problem and its fix in the issue notes. If stuck for more than 30 minutes, set the status to Blocked and describe the blocker.

**Performance:** Note the effect of this change on latency, WAL and locks where it applies.

**Security:** Use least-privilege roles, not the superuser, unless the task requires it. Keep secrets out of the repository.

**Automation:** Commit SQL and configuration to the repository. From phase 17 on, apply changes through migrations and the automation repository.

**Assessment:** Scored 0-100. Pass mark 70. Type: Architecture questions.

### Completion criteria
- Every step is done and every acceptance criterion is demonstrated
- Required evidence is attached to the issue
- SQL, configuration and documents are committed to the repository
- Actual time is logged against the issue
- Instructor Review is Approved and the status is Completed

**Estimated time:** 3 h

**Next task:** Last task of this module","Database Design","V05.0 Database Design","MOD-15","PROJECT-001","3","L3 - Intermediate","Assessment","Workstation","Scored result","draw.io; PostgreSQL","18","Level 1 - Foundation & Development","Developer","High","Architecture questions","0","Pending"
"REVIEW-05","REVIEW-05","Review","High","[REVIEW-05] Phase 05 gate review","**Objective:** Confirm that phase 05 (Database Design) is complete.

### Checklist
- [ ] Every issue of the phase is Completed
- [ ] Evidence is attached to every issue
- [ ] Time is logged
- [ ] Assessment score is 70 or higher
- [ ] SQL, configuration and documents are in the repository

**Assessment:** Instructor confirms the checklist and records the gate decision.

**Estimated time:** 1 h","","V05.0 Database Design","PHASE-05","ASM-005","1","","Review","","Instructor sign-off","","","","","","Review","0","Pending"
"PHASE-06","PHASE-06","Phase","Normal","[PHASE-06] PostgreSQL Development","Phase 06 of 20. Version: V06.0 PostgreSQL Development.

Modules: 5. Estimated hours: 60.

- MOD-16 PL/pgSQL
- MOD-17 Triggers
- MOD-18 Views and Materialized Views
- MOD-19 PostgreSQL Extensions
- MOD-20 Database Development Practices

The phase closes with the gate review REVIEW-06.","","V06.0 PostgreSQL Development","EPIC","","","","","","","","","","","","","",""
"MOD-16","MOD-16","Module","Normal","[MOD-16] PL/pgSQL","**Topics:** Functions; Procedures; Variables; IF; CASE; LOOP; FOR; WHILE; Exceptions; Cursors; Dynamic SQL; Record; Row types

**Tools:** PostgreSQL; psql

**Environment:** Single Server

**Tasks:** 5, 21 estimated hours.

- THY-015 Functions versus procedures, volatility and security
- LAB-017 PL/pgSQL
- SQL-015 Exceptions, diagnostics and error design
- SQL-016 Cursors and dynamic SQL
- PROJECT-002 Database programming project: order processing API in the database","PL/pgSQL","V06.0 PostgreSQL Development","PHASE-06","","","","","Single Server","","PostgreSQL; psql","18","Level 1 - Foundation & Development","Developer","High","","",""
"THY-015","THY-015","Theory","Normal","[THY-015] Functions versus procedures, volatility and security","**Objective:** Functions versus procedures, volatility and security

**Prerequisites:** LAB-015

**Concepts:** Functions; Procedures; Variables; IF; CASE; LOOP; FOR; WHILE; Exceptions; Cursors; Dynamic SQL; Record; Row types

**Tools:** PostgreSQL; psql

**Environment:** Single Server

### Steps
- [ ] Study SQL functions versus PL/pgSQL functions
- [ ] Study procedures and transaction control
- [ ] Study IMMUTABLE, STABLE and VOLATILE
- [ ] Study SECURITY DEFINER and search_path safety
- [ ] Study parallel safety

### Acceptance criteria
- Chooses function or procedure for five tasks
- Explains volatility with a planner consequence
- Explains the SECURITY DEFINER risk

**Evidence required:** Notes

**Troubleshooting:** Read the server log first. Record each problem and its fix in the issue notes. If stuck for more than 30 minutes, set the status to Blocked and describe the blocker.

**Performance:** Note the effect of this change on latency, WAL and locks where it applies.

**Security:** Use least-privilege roles, not the superuser, unless the task requires it. Keep secrets out of the repository.

**Automation:** Commit SQL and configuration to the repository. From phase 17 on, apply changes through migrations and the automation repository.

**Assessment:** Instructor checks the notes and asks short oral questions. Type: Short answer.

### Completion criteria
- Every step is done and every acceptance criterion is demonstrated
- Required evidence is attached to the issue
- SQL, configuration and documents are committed to the repository
- Actual time is logged against the issue
- Instructor Review is Approved and the status is Completed

**Estimated time:** 3 h

**Next task:** LAB-017","PL/pgSQL","V06.0 PostgreSQL Development","MOD-16","LAB-015","3","L3 - Intermediate","Theory","Single Server","Notes","PostgreSQL; psql","18","Level 1 - Foundation & Development","Developer","High","Short answer","0","Pending"
"LAB-017","LAB-017","Lab","Normal","[LAB-017] PL/pgSQL","**Objective:** PL/pgSQL

**Prerequisites:** THY-015

**Concepts:** Functions; Procedures; Variables; IF; CASE; LOOP; FOR; WHILE; Exceptions; Cursors; Dynamic SQL; Record; Row types

**Tools:** PostgreSQL; psql

**Environment:** Single Server

### Steps
- [ ] Write functions with parameters, variables and return types
- [ ] Return sets with RETURNS TABLE and RETURN QUERY
- [ ] Use IF, CASE, LOOP, FOR and WHILE
- [ ] Use record and row types
- [ ] Write a procedure that commits in batches

### Acceptance criteria
- Functions return correct results
- Batch procedure processes a large table without one long transaction

**Evidence required:** Screenshot + command output

**Troubleshooting:** Read the server log first. Record each problem and its fix in the issue notes. If stuck for more than 30 minutes, set the status to Blocked and describe the blocker.

**Performance:** Note the effect of this change on latency, WAL and locks where it applies.

**Security:** Use least-privilege roles, not the superuser, unless the task requires it. Keep secrets out of the repository.

**Automation:** Commit SQL and configuration to the repository. From phase 17 on, apply changes through migrations and the automation repository.

**Assessment:** Instructor verifies the acceptance criteria from the evidence and may ask for a live demonstration. Type: Practical.

### Completion criteria
- Every step is done and every acceptance criterion is demonstrated
- Required evidence is attached to the issue
- SQL, configuration and documents are committed to the repository
- Actual time is logged against the issue
- Instructor Review is Approved and the status is Completed

**Estimated time:** 4 h

**Next task:** SQL-015","PL/pgSQL","V06.0 PostgreSQL Development","MOD-16","THY-015","4","L3 - Intermediate","Guided Lab","Single Server","Screenshot + command output","PostgreSQL; psql","18","Level 1 - Foundation & Development","Developer","High","Practical","0","Pending"
"SQL-015","SQL-015","SQL Development","Normal","[SQL-015] Exceptions, diagnostics and error design","**Objective:** Exceptions, diagnostics and error design

**Prerequisites:** LAB-017

**Concepts:** Functions; Procedures; Variables; IF; CASE; LOOP; FOR; WHILE; Exceptions; Cursors; Dynamic SQL; Record; Row types

**Tools:** PostgreSQL; psql

**Environment:** Single Server

### Steps
- [ ] Catch exceptions with specific conditions
- [ ] Raise errors with codes, detail and hint
- [ ] Use GET DIAGNOSTICS and GET STACKED DIAGNOSTICS
- [ ] Explain the cost of exception blocks

### Acceptance criteria
- Errors carry useful codes and messages
- Subtransaction cost is noted

**Evidence required:** SQL script in repository

**Troubleshooting:** Read the server log first. Record each problem and its fix in the issue notes. If stuck for more than 30 minutes, set the status to Blocked and describe the blocker.

**Performance:** Note the effect of this change on latency, WAL and locks where it applies.

**Security:** Use least-privilege roles, not the superuser, unless the task requires it. Keep secrets out of the repository.

**Automation:** Commit SQL and configuration to the repository. From phase 17 on, apply changes through migrations and the automation repository.

**Assessment:** Instructor runs the SQL from the repository and checks the results. Type: Practical.

### Completion criteria
- Every step is done and every acceptance criterion is demonstrated
- Required evidence is attached to the issue
- SQL, configuration and documents are committed to the repository
- Actual time is logged against the issue
- Instructor Review is Approved and the status is Completed

**Estimated time:** 3 h

**Next task:** SQL-016","PL/pgSQL","V06.0 PostgreSQL Development","MOD-16","LAB-017","3","L3 - Intermediate","SQL Development","Single Server","SQL script in repository","PostgreSQL; psql","18","Level 1 - Foundation & Development","Developer","High","Practical","0","Pending"
"SQL-016","SQL-016","SQL Development","Normal","[SQL-016] Cursors and dynamic SQL","**Objective:** Cursors and dynamic SQL

**Prerequisites:** SQL-015

**Concepts:** Functions; Procedures; Variables; IF; CASE; LOOP; FOR; WHILE; Exceptions; Cursors; Dynamic SQL; Record; Row types

**Tools:** PostgreSQL; psql

**Environment:** Single Server

### Steps
- [ ] Use explicit cursors and FOR loops over queries
- [ ] Build dynamic SQL with format and %I and %L
- [ ] Use EXECUTE with USING
- [ ] Show an injection in unsafe concatenation and fix it

### Acceptance criteria
- Dynamic SQL is safe against injection in the test
- Cursor loop is replaced by a set-based statement where possible

**Evidence required:** SQL script in repository

**Troubleshooting:** Read the server log first. Record each problem and its fix in the issue notes. If stuck for more than 30 minutes, set the status to Blocked and describe the blocker.

**Performance:** Note the effect of this change on latency, WAL and locks where it applies.

**Security:** Use least-privilege roles, not the superuser, unless the task requires it. Keep secrets out of the repository.

**Automation:** Commit SQL and configuration to the repository. From phase 17 on, apply changes through migrations and the automation repository.

**Assessment:** Instructor runs the SQL from the repository and checks the results. Type: Practical.

### Completion criteria
- Every step is done and every acceptance criterion is demonstrated
- Required evidence is attached to the issue
- SQL, configuration and documents are committed to the repository
- Actual time is logged against the issue
- Instructor Review is Approved and the status is Completed

**Estimated time:** 3 h

**Next task:** PROJECT-002","PL/pgSQL","V06.0 PostgreSQL Development","MOD-16","SQL-015","3","L3 - Intermediate","SQL Development","Single Server","SQL script in repository","PostgreSQL; psql","18","Level 1 - Foundation & Development","Developer","High","Practical","0","Pending"
"PROJECT-002","PROJECT-002","Project","Normal","[PROJECT-002] Database programming project: order processing API in the database","**Objective:** Database programming project: order processing API in the database

**Prerequisites:** SQL-016

**Concepts:** Functions; Procedures; Variables; IF; CASE; LOOP; FOR; WHILE; Exceptions; Cursors; Dynamic SQL; Record; Row types

**Tools:** PostgreSQL; psql

**Environment:** Single Server

### Steps
- [ ] Design functions and procedures for placing, paying and cancelling orders
- [ ] Enforce stock and payment rules transactionally
- [ ] Return clear errors
- [ ] Add tests for success and failure paths
- [ ] Document the interface

### Acceptance criteria
- All tests pass
- Concurrent orders cannot oversell stock
- Interface document is committed

**Evidence required:** Repository link + documentation

**Troubleshooting:** Read the server log first. Record each problem and its fix in the issue notes. If stuck for more than 30 minutes, set the status to Blocked and describe the blocker.

**Performance:** Note the effect of this change on latency, WAL and locks where it applies.

**Security:** Use least-privilege roles, not the superuser, unless the task requires it. Keep secrets out of the repository.

**Automation:** Commit SQL and configuration to the repository. From phase 17 on, apply changes through migrations and the automation repository.

**Assessment:** Scored 0-100 on working result, test evidence, documentation and repository quality. Type: Project.

### Completion criteria
- Every step is done and every acceptance criterion is demonstrated
- Required evidence is attached to the issue
- SQL, configuration and documents are committed to the repository
- Actual time is logged against the issue
- Instructor Review is Approved and the status is Completed

**Estimated time:** 8 h

**Next task:** Last task of this module","PL/pgSQL","V06.0 PostgreSQL Development","MOD-16","SQL-016","8","L3 - Intermediate","Project","Single Server","Repository link + documentation","PostgreSQL; psql","18","Level 1 - Foundation & Development","Developer","High","Project","1","Pending"
"MOD-17","MOD-17","Module","Normal","[MOD-17] Triggers","**Topics:** BEFORE; AFTER; INSTEAD OF; Row-level; Statement-level; Trigger functions; Audit triggers; Validation; History tracking

**Tools:** PostgreSQL; psql

**Environment:** Single Server

**Tasks:** 3, 11 estimated hours.

- THY-016 Trigger timing, level and execution order
- LAB-018 Triggers
- PROJECT-003 Audit logging project","Triggers","V06.0 PostgreSQL Development","PHASE-06","","","","","Single Server","","PostgreSQL; psql","18","Level 1 - Foundation & Development","Developer","High","","",""
"THY-016","THY-016","Theory","Normal","[THY-016] Trigger timing, level and execution order","**Objective:** Trigger timing, level and execution order

**Prerequisites:** PROJECT-002

**Concepts:** BEFORE; AFTER; INSTEAD OF; Row-level; Statement-level; Trigger functions; Audit triggers; Validation; History tracking

**Tools:** PostgreSQL; psql

**Environment:** Single Server

### Steps
- [ ] Study BEFORE, AFTER and INSTEAD OF
- [ ] Study row and statement level and transition tables
- [ ] Study firing order and trigger depth
- [ ] Study when a constraint or generated column is better than a trigger

### Acceptance criteria
- Chooses timing and level for six requirements
- Names two cases where a trigger is the wrong tool

**Evidence required:** Notes

**Troubleshooting:** Read the server log first. Record each problem and its fix in the issue notes. If stuck for more than 30 minutes, set the status to Blocked and describe the blocker.

**Performance:** Note the effect of this change on latency, WAL and locks where it applies.

**Security:** Use least-privilege roles, not the superuser, unless the task requires it. Keep secrets out of the repository.

**Automation:** Commit SQL and configuration to the repository. From phase 17 on, apply changes through migrations and the automation repository.

**Assessment:** Instructor checks the notes and asks short oral questions. Type: Short answer.

### Completion criteria
- Every step is done and every acceptance criterion is demonstrated
- Required evidence is attached to the issue
- SQL, configuration and documents are committed to the repository
- Actual time is logged against the issue
- Instructor Review is Approved and the status is Completed

**Estimated time:** 2 h

**Next task:** LAB-018","Triggers","V06.0 PostgreSQL Development","MOD-17","PROJECT-002","2","L3 - Intermediate","Theory","Single Server","Notes","PostgreSQL; psql","18","Level 1 - Foundation & Development","Developer","High","Short answer","0","Pending"
"LAB-018","LAB-018","Lab","Normal","[LAB-018] Triggers","**Objective:** Triggers

**Prerequisites:** THY-016

**Concepts:** BEFORE; AFTER; INSTEAD OF; Row-level; Statement-level; Trigger functions; Audit triggers; Validation; History tracking

**Tools:** PostgreSQL; psql

**Environment:** Single Server

### Steps
- [ ] Write a BEFORE trigger that validates and normalizes input
- [ ] Write an AFTER trigger that maintains a summary table
- [ ] Write a statement-level trigger using transition tables
- [ ] Write an INSTEAD OF trigger on a view

### Acceptance criteria
- Each trigger behaves as specified under insert, update and delete
- Summary table stays correct

**Evidence required:** Screenshot + command output

**Troubleshooting:** Read the server log first. Record each problem and its fix in the issue notes. If stuck for more than 30 minutes, set the status to Blocked and describe the blocker.

**Performance:** Note the effect of this change on latency, WAL and locks where it applies.

**Security:** Use least-privilege roles, not the superuser, unless the task requires it. Keep secrets out of the repository.

**Automation:** Commit SQL and configuration to the repository. From phase 17 on, apply changes through migrations and the automation repository.

**Assessment:** Instructor verifies the acceptance criteria from the evidence and may ask for a live demonstration. Type: Practical.

### Completion criteria
- Every step is done and every acceptance criterion is demonstrated
- Required evidence is attached to the issue
- SQL, configuration and documents are committed to the repository
- Actual time is logged against the issue
- Instructor Review is Approved and the status is Completed

**Estimated time:** 3 h

**Next task:** PROJECT-003","Triggers","V06.0 PostgreSQL Development","MOD-17","THY-016","3","L3 - Intermediate","Guided Lab","Single Server","Screenshot + command output","PostgreSQL; psql","18","Level 1 - Foundation & Development","Developer","High","Practical","0","Pending"
"PROJECT-003","PROJECT-003","Project","Normal","[PROJECT-003] Audit logging project","**Objective:** Audit logging project

**Prerequisites:** LAB-018

**Concepts:** BEFORE; AFTER; INSTEAD OF; Row-level; Statement-level; Trigger functions; Audit triggers; Validation; History tracking

**Tools:** PostgreSQL; psql

**Environment:** Single Server

### Steps
- [ ] Design a generic audit table storing old and new rows as JSONB with user, time and transaction
- [ ] Write one trigger function reusable on any table
- [ ] Attach it to three tables
- [ ] Query the history of one row
- [ ] Measure the write overhead

### Acceptance criteria
- Every change to audited tables is recorded
- History query reconstructs a row over time
- Overhead is measured

**Evidence required:** Repository link + documentation

**Troubleshooting:** Read the server log first. Record each problem and its fix in the issue notes. If stuck for more than 30 minutes, set the status to Blocked and describe the blocker.

**Performance:** Note the effect of this change on latency, WAL and locks where it applies.

**Security:** Use least-privilege roles, not the superuser, unless the task requires it. Keep secrets out of the repository.

**Automation:** Commit SQL and configuration to the repository. From phase 17 on, apply changes through migrations and the automation repository.

**Assessment:** Scored 0-100 on working result, test evidence, documentation and repository quality. Type: Project.

### Completion criteria
- Every step is done and every acceptance criterion is demonstrated
- Required evidence is attached to the issue
- SQL, configuration and documents are committed to the repository
- Actual time is logged against the issue
- Instructor Review is Approved and the status is Completed

**Estimated time:** 6 h

**Next task:** Last task of this module","Triggers","V06.0 PostgreSQL Development","MOD-17","LAB-018","6","L3 - Intermediate","Project","Single Server","Repository link + documentation","PostgreSQL; psql","18","Level 1 - Foundation & Development","Developer","High","Project","1","Pending"
"MOD-18","MOD-18","Module","Normal","[MOD-18] Views and Materialized Views","**Topics:** Views; Materialized views; Refresh; Concurrent refresh; Materialized-view optimization

**Tools:** PostgreSQL; psql

**Environment:** Single Server

**Tasks:** 2, 5 estimated hours.

- SQL-017 Views, updatable views and security barrier
- SQL-018 Materialized views and concurrent refresh","SQL","V06.0 PostgreSQL Development","PHASE-06","","","","","Single Server","","PostgreSQL; psql","18","Level 1 - Foundation & Development","Developer","Medium","","",""
"SQL-017","SQL-017","SQL Development","Normal","[SQL-017] Views, updatable views and security barrier","**Objective:** Views, updatable views and security barrier

**Prerequisites:** SQL-009

**Concepts:** Views; Materialized views; Refresh; Concurrent refresh; Materialized-view optimization

**Tools:** PostgreSQL; psql

**Environment:** Single Server

### Steps
- [ ] Create views for reporting
- [ ] Test which views are updatable
- [ ] Use WITH CHECK OPTION
- [ ] Use security_barrier and security_invoker

### Acceptance criteria
- View behaviour is demonstrated for each option

**Evidence required:** SQL script in repository

**Troubleshooting:** Read the server log first. Record each problem and its fix in the issue notes. If stuck for more than 30 minutes, set the status to Blocked and describe the blocker.

**Performance:** Note the effect of this change on latency, WAL and locks where it applies.

**Security:** Use least-privilege roles, not the superuser, unless the task requires it. Keep secrets out of the repository.

**Automation:** Commit SQL and configuration to the repository. From phase 17 on, apply changes through migrations and the automation repository.

**Assessment:** Instructor runs the SQL from the repository and checks the results. Type: Practical.

### Completion criteria
- Every step is done and every acceptance criterion is demonstrated
- Required evidence is attached to the issue
- SQL, configuration and documents are committed to the repository
- Actual time is logged against the issue
- Instructor Review is Approved and the status is Completed

**Estimated time:** 2 h

**Next task:** SQL-018","SQL","V06.0 PostgreSQL Development","MOD-18","SQL-009","2","L2 - Basic","SQL Development","Single Server","SQL script in repository","PostgreSQL; psql","18","Level 1 - Foundation & Development","Developer","Medium","Practical","0","Pending"
"SQL-018","SQL-018","SQL Development","Normal","[SQL-018] Materialized views and concurrent refresh","**Objective:** Materialized views and concurrent refresh

**Prerequisites:** SQL-017

**Concepts:** Views; Materialized views; Refresh; Concurrent refresh; Materialized-view optimization

**Tools:** PostgreSQL; psql

**Environment:** Single Server

### Steps
- [ ] Create a materialized view for a heavy report
- [ ] Index it
- [ ] Refresh normally and concurrently and observe locking
- [ ] Schedule the refresh
- [ ] Compare query time before and after

### Acceptance criteria
- Concurrent refresh does not block readers
- Speed-up is measured
- Refresh schedule is documented

**Evidence required:** SQL script in repository

**Troubleshooting:** Read the server log first. Record each problem and its fix in the issue notes. If stuck for more than 30 minutes, set the status to Blocked and describe the blocker.

**Performance:** Note the effect of this change on latency, WAL and locks where it applies.

**Security:** Use least-privilege roles, not the superuser, unless the task requires it. Keep secrets out of the repository.

**Automation:** Commit SQL and configuration to the repository. From phase 17 on, apply changes through migrations and the automation repository.

**Assessment:** Instructor runs the SQL from the repository and checks the results. Type: Practical.

### Completion criteria
- Every step is done and every acceptance criterion is demonstrated
- Required evidence is attached to the issue
- SQL, configuration and documents are committed to the repository
- Actual time is logged against the issue
- Instructor Review is Approved and the status is Completed

**Estimated time:** 3 h

**Next task:** Last task of this module","SQL","V06.0 PostgreSQL Development","MOD-18","SQL-017","3","L2 - Basic","SQL Development","Single Server","SQL script in repository","PostgreSQL; psql","18","Level 1 - Foundation & Development","Developer","Medium","Practical","0","Pending"
"MOD-19","MOD-19","Module","Normal","[MOD-19] PostgreSQL Extensions","**Topics:** pgcrypto; citext; pg_trgm; btree_gist; uuid-ossp; postgres_fdw; file_fdw; pg_stat_statements; pgvector

**Tools:** pgcrypto; citext; pg_trgm; btree_gist; uuid-ossp; postgres_fdw; file_fdw; pg_stat_statements

**Environment:** Single Server

**Tasks:** 5, 13 estimated hours.

- THY-017 The extension system
- LAB-019 pgcrypto, citext and uuid-ossp
- LAB-020 pg_trgm and btree_gist
- LAB-021 postgres_fdw and file_fdw
- LAB-022 pg_stat_statements","Extensions","V06.0 PostgreSQL Development","PHASE-06","","","","","Single Server","","pgcrypto; citext; pg_trgm; btree_gist; uuid-ossp; postgres_fdw; file_fdw; pg_stat_statements","18","Level 1 - Foundation & Development","Developer","Medium","","",""
"THY-017","THY-017","Theory","Normal","[THY-017] The extension system","**Objective:** The extension system

**Prerequisites:** PROJECT-002

**Concepts:** pgcrypto; citext; pg_trgm; btree_gist; uuid-ossp; postgres_fdw; file_fdw; pg_stat_statements; pgvector

**Tools:** pgcrypto; citext; pg_trgm; btree_gist; uuid-ossp; postgres_fdw; file_fdw; pg_stat_statements

**Environment:** Single Server

### Steps
- [ ] Study CREATE EXTENSION, versions and upgrades
- [ ] Study trusted extensions and shared_preload_libraries
- [ ] List available and installed extensions

### Acceptance criteria
- Explains which extensions need preload and restart
- Lists installed extensions with versions

**Evidence required:** Notes

**Troubleshooting:** Read the server log first. Record each problem and its fix in the issue notes. If stuck for more than 30 minutes, set the status to Blocked and describe the blocker.

**Performance:** Note the effect of this change on latency, WAL and locks where it applies.

**Security:** Use least-privilege roles, not the superuser, unless the task requires it. Keep secrets out of the repository.

**Automation:** Commit SQL and configuration to the repository. From phase 17 on, apply changes through migrations and the automation repository.

**Assessment:** Instructor checks the notes and asks short oral questions. Type: Short answer.

### Completion criteria
- Every step is done and every acceptance criterion is demonstrated
- Required evidence is attached to the issue
- SQL, configuration and documents are committed to the repository
- Actual time is logged against the issue
- Instructor Review is Approved and the status is Completed

**Estimated time:** 2 h

**Next task:** LAB-019","Extensions","V06.0 PostgreSQL Development","MOD-19","PROJECT-002","2","L3 - Intermediate","Theory","Single Server","Notes","pgcrypto; citext; pg_trgm; btree_gist; uuid-ossp; postgres_fdw; file_fdw; pg_stat_statements","18","Level 1 - Foundation & Development","Developer","Medium","Short answer","0","Pending"
"LAB-019","LAB-019","Lab","Normal","[LAB-019] pgcrypto, citext and uuid-ossp","**Objective:** pgcrypto, citext and uuid-ossp

**Prerequisites:** THY-017

**Concepts:** pgcrypto; citext; pg_trgm; btree_gist; uuid-ossp; postgres_fdw; file_fdw; pg_stat_statements; pgvector

**Tools:** pgcrypto; citext; pg_trgm; btree_gist; uuid-ossp; postgres_fdw; file_fdw; pg_stat_statements

**Environment:** Single Server

### Steps
- [ ] Hash passwords with crypt and gen_salt
- [ ] Encrypt a column with pgp_sym_encrypt and discuss key handling
- [ ] Use citext for case-insensitive email
- [ ] Generate UUIDs with the extension and with built-in functions

### Acceptance criteria
- Password check works
- Case-insensitive uniqueness is enforced
- Key-handling risk is noted

**Evidence required:** Screenshot + command output

**Troubleshooting:** Read the server log first. Record each problem and its fix in the issue notes. If stuck for more than 30 minutes, set the status to Blocked and describe the blocker.

**Performance:** Note the effect of this change on latency, WAL and locks where it applies.

**Security:** Use least-privilege roles, not the superuser, unless the task requires it. Keep secrets out of the repository.

**Automation:** Commit SQL and configuration to the repository. From phase 17 on, apply changes through migrations and the automation repository.

**Assessment:** Instructor verifies the acceptance criteria from the evidence and may ask for a live demonstration. Type: Practical.

### Completion criteria
- Every step is done and every acceptance criterion is demonstrated
- Required evidence is attached to the issue
- SQL, configuration and documents are committed to the repository
- Actual time is logged against the issue
- Instructor Review is Approved and the status is Completed

**Estimated time:** 3 h

**Next task:** LAB-020","Extensions","V06.0 PostgreSQL Development","MOD-19","THY-017","3","L3 - Intermediate","Guided Lab","Single Server","Screenshot + command output","pgcrypto; citext; pg_trgm; btree_gist; uuid-ossp; postgres_fdw; file_fdw; pg_stat_statements","18","Level 1 - Foundation & Development","Developer","Medium","Practical","0","Pending"
"LAB-020","LAB-020","Lab","Normal","[LAB-020] pg_trgm and btree_gist","**Objective:** pg_trgm and btree_gist

**Prerequisites:** LAB-019

**Concepts:** pgcrypto; citext; pg_trgm; btree_gist; uuid-ossp; postgres_fdw; file_fdw; pg_stat_statements; pgvector

**Tools:** pgcrypto; citext; pg_trgm; btree_gist; uuid-ossp; postgres_fdw; file_fdw; pg_stat_statements

**Environment:** Single Server

### Steps
- [ ] Create trigram GIN and GiST indexes
- [ ] Run similarity and ILIKE searches and compare plans
- [ ] Use btree_gist to combine equality with a range in an exclusion constraint

### Acceptance criteria
- Fuzzy search uses the index
- Exclusion constraint with equality and range works

**Evidence required:** Screenshot + command output

**Troubleshooting:** Read the server log first. Record each problem and its fix in the issue notes. If stuck for more than 30 minutes, set the status to Blocked and describe the blocker.

**Performance:** Note the effect of this change on latency, WAL and locks where it applies.

**Security:** Use least-privilege roles, not the superuser, unless the task requires it. Keep secrets out of the repository.

**Automation:** Commit SQL and configuration to the repository. From phase 17 on, apply changes through migrations and the automation repository.

**Assessment:** Instructor verifies the acceptance criteria from the evidence and may ask for a live demonstration. Type: Practical.

### Completion criteria
- Every step is done and every acceptance criterion is demonstrated
- Required evidence is attached to the issue
- SQL, configuration and documents are committed to the repository
- Actual time is logged against the issue
- Instructor Review is Approved and the status is Completed

**Estimated time:** 3 h

**Next task:** LAB-021","Extensions","V06.0 PostgreSQL Development","MOD-19","LAB-019","3","L3 - Intermediate","Guided Lab","Single Server","Screenshot + command output","pgcrypto; citext; pg_trgm; btree_gist; uuid-ossp; postgres_fdw; file_fdw; pg_stat_statements","18","Level 1 - Foundation & Development","Developer","Medium","Practical","0","Pending"
"LAB-021","LAB-021","Lab","Normal","[LAB-021] postgres_fdw and file_fdw","**Objective:** postgres_fdw and file_fdw

**Prerequisites:** LAB-020

**Concepts:** pgcrypto; citext; pg_trgm; btree_gist; uuid-ossp; postgres_fdw; file_fdw; pg_stat_statements; pgvector

**Tools:** pgcrypto; citext; pg_trgm; btree_gist; uuid-ossp; postgres_fdw; file_fdw; pg_stat_statements

**Environment:** Single Server

### Steps
- [ ] Create a foreign server, user mapping and foreign tables to pg2
- [ ] Check which filters and joins are pushed down
- [ ] Read a CSV log file through file_fdw

### Acceptance criteria
- Remote query runs with pushdown shown in the plan
- CSV file is queryable

**Evidence required:** Screenshot + command output

**Troubleshooting:** Read the server log first. Record each problem and its fix in the issue notes. If stuck for more than 30 minutes, set the status to Blocked and describe the blocker.

**Performance:** Note the effect of this change on latency, WAL and locks where it applies.

**Security:** Use least-privilege roles, not the superuser, unless the task requires it. Keep secrets out of the repository.

**Automation:** Commit SQL and configuration to the repository. From phase 17 on, apply changes through migrations and the automation repository.

**Assessment:** Instructor verifies the acceptance criteria from the evidence and may ask for a live demonstration. Type: Practical.

### Completion criteria
- Every step is done and every acceptance criterion is demonstrated
- Required evidence is attached to the issue
- SQL, configuration and documents are committed to the repository
- Actual time is logged against the issue
- Instructor Review is Approved and the status is Completed

**Estimated time:** 3 h

**Next task:** LAB-022","Extensions","V06.0 PostgreSQL Development","MOD-19","LAB-020","3","L3 - Intermediate","Guided Lab","Single Server","Screenshot + command output","pgcrypto; citext; pg_trgm; btree_gist; uuid-ossp; postgres_fdw; file_fdw; pg_stat_statements","18","Level 1 - Foundation & Development","Developer","Medium","Practical","0","Pending"
"LAB-022","LAB-022","Lab","Normal","[LAB-022] pg_stat_statements","**Objective:** pg_stat_statements

**Prerequisites:** LAB-021

**Concepts:** pgcrypto; citext; pg_trgm; btree_gist; uuid-ossp; postgres_fdw; file_fdw; pg_stat_statements; pgvector

**Tools:** pgcrypto; citext; pg_trgm; btree_gist; uuid-ossp; postgres_fdw; file_fdw; pg_stat_statements

**Environment:** Single Server

### Steps
- [ ] Enable the extension with preload
- [ ] Find top statements by total time, mean time and calls
- [ ] Reset and compare after a test run

### Acceptance criteria
- Top ten statements report is attached

**Evidence required:** Screenshot + command output

**Troubleshooting:** Read the server log first. Record each problem and its fix in the issue notes. If stuck for more than 30 minutes, set the status to Blocked and describe the blocker.

**Performance:** Note the effect of this change on latency, WAL and locks where it applies.

**Security:** Use least-privilege roles, not the superuser, unless the task requires it. Keep secrets out of the repository.

**Automation:** Commit SQL and configuration to the repository. From phase 17 on, apply changes through migrations and the automation repository.

**Assessment:** Instructor verifies the acceptance criteria from the evidence and may ask for a live demonstration. Type: Practical.

### Completion criteria
- Every step is done and every acceptance criterion is demonstrated
- Required evidence is attached to the issue
- SQL, configuration and documents are committed to the repository
- Actual time is logged against the issue
- Instructor Review is Approved and the status is Completed

**Estimated time:** 2 h

**Next task:** Last task of this module","Extensions","V06.0 PostgreSQL Development","MOD-19","LAB-021","2","L3 - Intermediate","Guided Lab","Single Server","Screenshot + command output","pgcrypto; citext; pg_trgm; btree_gist; uuid-ossp; postgres_fdw; file_fdw; pg_stat_statements","18","Level 1 - Foundation & Development","Developer","Medium","Practical","0","Pending"
"MOD-20","MOD-20","Module","Normal","[MOD-20] Database Development Practices","**Topics:** Schema design; SQL standards; Naming conventions; Migration strategy; Stored procedures; Functions; Error handling; Transaction design; Index strategy; Query review; Code review

**Tools:** Git; PostgreSQL

**Environment:** Workstation

**Tasks:** 3, 9 estimated hours.

- ASG-004 Code and query review checklist
- ASG-005 Transaction design for an application feature
- ASM-006 Phase 06 assessment: database development practical","SQL","V06.0 PostgreSQL Development","PHASE-06","","","","","Workstation","","Git; PostgreSQL","18","Level 2 - Senior PostgreSQL Engineering","Developer","High","","",""
"ASG-004","ASG-004","Assignment","Normal","[ASG-004] Code and query review checklist","**Objective:** Code and query review checklist

**Prerequisites:** PROJECT-003, ASM-005

**Concepts:** Schema design; SQL standards; Naming conventions; Migration strategy; Stored procedures; Functions; Error handling; Transaction design; Index strategy; Query review; Code review

**Tools:** Git; PostgreSQL

**Environment:** Workstation

### Steps
- [ ] Write a review checklist covering naming, types, constraints, indexes, transactions, error handling and security
- [ ] Review two instructor merge requests with it
- [ ] Record findings

### Acceptance criteria
- Checklist is committed
- Each review lists concrete findings with fixes

**Evidence required:** Written deliverable

**Troubleshooting:** Read the server log first. Record each problem and its fix in the issue notes. If stuck for more than 30 minutes, set the status to Blocked and describe the blocker.

**Performance:** Note the effect of this change on latency, WAL and locks where it applies.

**Security:** Use least-privilege roles, not the superuser, unless the task requires it. Keep secrets out of the repository.

**Automation:** Commit SQL and configuration to the repository. From phase 17 on, apply changes through migrations and the automation repository.

**Assessment:** Instructor reviews the deliverable against the acceptance criteria. Type: Design question.

### Completion criteria
- Every step is done and every acceptance criterion is demonstrated
- Required evidence is attached to the issue
- SQL, configuration and documents are committed to the repository
- Actual time is logged against the issue
- Instructor Review is Approved and the status is Completed

**Estimated time:** 3 h

**Next task:** ASG-005","SQL","V06.0 PostgreSQL Development","MOD-20","PROJECT-003, ASM-005","3","L3 - Intermediate","Assignment","Workstation","Written deliverable","Git; PostgreSQL","18","Level 2 - Senior PostgreSQL Engineering","Developer","High","Design question","0","Pending"
"ASG-005","ASG-005","Assignment","Normal","[ASG-005] Transaction design for an application feature","**Objective:** Transaction design for an application feature

**Prerequisites:** ASG-004

**Concepts:** Schema design; SQL standards; Naming conventions; Migration strategy; Stored procedures; Functions; Error handling; Transaction design; Index strategy; Query review; Code review

**Tools:** Git; PostgreSQL

**Environment:** Workstation

### Steps
- [ ] Take a checkout feature
- [ ] Define transaction boundaries, isolation level, locking and retry behaviour
- [ ] Identify what must be idempotent

### Acceptance criteria
- Design prevents double charge and oversell
- Retry behaviour is specified

**Evidence required:** Written deliverable

**Troubleshooting:** Read the server log first. Record each problem and its fix in the issue notes. If stuck for more than 30 minutes, set the status to Blocked and describe the blocker.

**Performance:** Note the effect of this change on latency, WAL and locks where it applies.

**Security:** Use least-privilege roles, not the superuser, unless the task requires it. Keep secrets out of the repository.

**Automation:** Commit SQL and configuration to the repository. From phase 17 on, apply changes through migrations and the automation repository.

**Assessment:** Instructor reviews the deliverable against the acceptance criteria. Type: Design question.

### Completion criteria
- Every step is done and every acceptance criterion is demonstrated
- Required evidence is attached to the issue
- SQL, configuration and documents are committed to the repository
- Actual time is logged against the issue
- Instructor Review is Approved and the status is Completed

**Estimated time:** 3 h

**Next task:** ASM-006","SQL","V06.0 PostgreSQL Development","MOD-20","ASG-004","3","L3 - Intermediate","Assignment","Workstation","Written deliverable","Git; PostgreSQL","18","Level 2 - Senior PostgreSQL Engineering","Developer","High","Design question","0","Pending"
"ASM-006","ASM-006","Assessment","High","[ASM-006] Phase 06 assessment: database development practical","**Objective:** Phase 06 assessment: database development practical

**Prerequisites:** ASG-005

**Concepts:** Schema design; SQL standards; Naming conventions; Migration strategy; Stored procedures; Functions; Error handling; Transaction design; Index strategy; Query review; Code review

**Tools:** Git; PostgreSQL

**Environment:** Workstation

### Steps
- [ ] Implement functions, a trigger and a view from a specification with tests

### Acceptance criteria
- Score of 70 or higher

**Evidence required:** Scored result

**Troubleshooting:** Read the server log first. Record each problem and its fix in the issue notes. If stuck for more than 30 minutes, set the status to Blocked and describe the blocker.

**Performance:** Note the effect of this change on latency, WAL and locks where it applies.

**Security:** Use least-privilege roles, not the superuser, unless the task requires it. Keep secrets out of the repository.

**Automation:** Commit SQL and configuration to the repository. From phase 17 on, apply changes through migrations and the automation repository.

**Assessment:** Scored 0-100. Pass mark 70. Type: Practical exam.

### Completion criteria
- Every step is done and every acceptance criterion is demonstrated
- Required evidence is attached to the issue
- SQL, configuration and documents are committed to the repository
- Actual time is logged against the issue
- Instructor Review is Approved and the status is Completed

**Estimated time:** 3 h

**Next task:** Last task of this module","SQL","V06.0 PostgreSQL Development","MOD-20","ASG-005","3","L3 - Intermediate","Assessment","Workstation","Scored result","Git; PostgreSQL","18","Level 2 - Senior PostgreSQL Engineering","Developer","High","Practical exam","0","Pending"
"REVIEW-06","REVIEW-06","Review","High","[REVIEW-06] Phase 06 gate review","**Objective:** Confirm that phase 06 (PostgreSQL Development) is complete.

### Checklist
- [ ] Every issue of the phase is Completed
- [ ] Evidence is attached to every issue
- [ ] Time is logged
- [ ] Assessment score is 70 or higher
- [ ] SQL, configuration and documents are in the repository

**Assessment:** Instructor confirms the checklist and records the gate decision.

**Estimated time:** 1 h","","V06.0 PostgreSQL Development","PHASE-06","PROJECT-002, PROJECT-003, SQL-018, LAB-022, ASM-006","1","","Review","","Instructor sign-off","","","","","","Review","0","Pending"
"PHASE-07","PHASE-07","Phase","Normal","[PHASE-07] Indexing & Query Optimization","Phase 07 of 20. Version: V07.0 Indexing & Query Optimization.

Modules: 3. Estimated hours: 76.

- MOD-21 Indexing
- MOD-22 Query Planning
- MOD-23 Query Optimization Labs

The phase closes with the gate review REVIEW-07.","","V07.0 Indexing & Query Optimization","EPIC","","","","","","","","","","","","","",""
"MOD-21","MOD-21","Module","Normal","[MOD-21] Indexing","**Topics:** Why indexes work; B-tree; Hash; GIN; GiST; SP-GiST; BRIN; Partial indexes; Expression indexes; Covering indexes; INCLUDE; Multicolumn indexes; Index-only scans; Index bloat; When not to create an index

**Tools:** PostgreSQL; psql

**Environment:** Single Server

**Tasks:** 4, 13 estimated hours.

- THY-018 How indexes work and what they cost
- THY-019 Index types: B-tree, Hash, GIN, GiST, SP-GiST and BRIN
- LAB-023 Indexing
- ASG-006 When not to index: audit of unused and duplicate indexes","Indexing","V07.0 Indexing & Query Optimization","PHASE-07","","","","","Single Server","","PostgreSQL; psql","18","Level 1 - Foundation & Development","Developer","High","","",""
"THY-018","THY-018","Theory","Normal","[THY-018] How indexes work and what they cost","**Objective:** How indexes work and what they cost

**Prerequisites:** SQL-018

**Concepts:** Why indexes work; B-tree; Hash; GIN; GiST; SP-GiST; BRIN; Partial indexes; Expression indexes; Covering indexes; INCLUDE; Multicolumn indexes; Index-only scans; Index bloat; When not to create an index

**Tools:** PostgreSQL; psql

**Environment:** Single Server

### Steps
- [ ] Study B-tree structure and how lookups and range scans use it
- [ ] Study write, storage and vacuum cost of each index
- [ ] Study selectivity and when a sequential scan is cheaper
- [ ] Study the visibility map and index-only scans

### Acceptance criteria
- Explains why a low-selectivity predicate ignores an index
- Lists three costs of an extra index

**Evidence required:** Notes

**Troubleshooting:** Read the server log first. Record each problem and its fix in the issue notes. If stuck for more than 30 minutes, set the status to Blocked and describe the blocker.

**Performance:** Note the effect of this change on latency, WAL and locks where it applies.

**Security:** Use least-privilege roles, not the superuser, unless the task requires it. Keep secrets out of the repository.

**Automation:** Commit SQL and configuration to the repository. From phase 17 on, apply changes through migrations and the automation repository.

**Assessment:** Instructor checks the notes and asks short oral questions. Type: Short answer.

### Completion criteria
- Every step is done and every acceptance criterion is demonstrated
- Required evidence is attached to the issue
- SQL, configuration and documents are committed to the repository
- Actual time is logged against the issue
- Instructor Review is Approved and the status is Completed

**Estimated time:** 3 h

**Next task:** THY-019","Indexing","V07.0 Indexing & Query Optimization","MOD-21","SQL-018","3","L4 - Advanced","Theory","Single Server","Notes","PostgreSQL; psql","18","Level 1 - Foundation & Development","Developer","High","Short answer","0","Pending"
"THY-019","THY-019","Theory","Normal","[THY-019] Index types: B-tree, Hash, GIN, GiST, SP-GiST and BRIN","**Objective:** Index types: B-tree, Hash, GIN, GiST, SP-GiST and BRIN

**Prerequisites:** THY-018

**Concepts:** Why indexes work; B-tree; Hash; GIN; GiST; SP-GiST; BRIN; Partial indexes; Expression indexes; Covering indexes; INCLUDE; Multicolumn indexes; Index-only scans; Index bloat; When not to create an index

**Tools:** PostgreSQL; psql

**Environment:** Single Server

### Steps
- [ ] Study what each access method is good at
- [ ] Match operators to access methods
- [ ] Study operator classes

### Acceptance criteria
- Chooses an index type for ten query patterns with reasons

**Evidence required:** Notes

**Troubleshooting:** Read the server log first. Record each problem and its fix in the issue notes. If stuck for more than 30 minutes, set the status to Blocked and describe the blocker.

**Performance:** Note the effect of this change on latency, WAL and locks where it applies.

**Security:** Use least-privilege roles, not the superuser, unless the task requires it. Keep secrets out of the repository.

**Automation:** Commit SQL and configuration to the repository. From phase 17 on, apply changes through migrations and the automation repository.

**Assessment:** Instructor checks the notes and asks short oral questions. Type: Short answer.

### Completion criteria
- Every step is done and every acceptance criterion is demonstrated
- Required evidence is attached to the issue
- SQL, configuration and documents are committed to the repository
- Actual time is logged against the issue
- Instructor Review is Approved and the status is Completed

**Estimated time:** 3 h

**Next task:** LAB-023","Indexing","V07.0 Indexing & Query Optimization","MOD-21","THY-018","3","L4 - Advanced","Theory","Single Server","Notes","PostgreSQL; psql","18","Level 1 - Foundation & Development","Developer","High","Short answer","0","Pending"
"LAB-023","LAB-023","Lab","Normal","[LAB-023] Indexing","**Objective:** Indexing

**Prerequisites:** THY-019

**Concepts:** Why indexes work; B-tree; Hash; GIN; GiST; SP-GiST; BRIN; Partial indexes; Expression indexes; Covering indexes; INCLUDE; Multicolumn indexes; Index-only scans; Index bloat; When not to create an index

**Tools:** PostgreSQL; psql

**Environment:** Single Server

### Steps
- [ ] Create single-column and multicolumn B-tree indexes and test column order
- [ ] Create partial and expression indexes
- [ ] Create a covering index with INCLUDE and get an index-only scan
- [ ] Create BRIN on a time column and compare size with B-tree
- [ ] Build an index concurrently

### Acceptance criteria
- Each index is used by its target query
- Size comparison is recorded
- Column-order effect is demonstrated

**Evidence required:** Screenshot + command output

**Troubleshooting:** Read the server log first. Record each problem and its fix in the issue notes. If stuck for more than 30 minutes, set the status to Blocked and describe the blocker.

**Performance:** Note the effect of this change on latency, WAL and locks where it applies.

**Security:** Use least-privilege roles, not the superuser, unless the task requires it. Keep secrets out of the repository.

**Automation:** Commit SQL and configuration to the repository. From phase 17 on, apply changes through migrations and the automation repository.

**Assessment:** Instructor verifies the acceptance criteria from the evidence and may ask for a live demonstration. Type: Practical.

### Completion criteria
- Every step is done and every acceptance criterion is demonstrated
- Required evidence is attached to the issue
- SQL, configuration and documents are committed to the repository
- Actual time is logged against the issue
- Instructor Review is Approved and the status is Completed

**Estimated time:** 4 h

**Next task:** ASG-006","Indexing","V07.0 Indexing & Query Optimization","MOD-21","THY-019","4","L4 - Advanced","Guided Lab","Single Server","Screenshot + command output","PostgreSQL; psql","18","Level 1 - Foundation & Development","Developer","High","Practical","0","Pending"
"ASG-006","ASG-006","Assignment","Normal","[ASG-006] When not to index: audit of unused and duplicate indexes","**Objective:** When not to index: audit of unused and duplicate indexes

**Prerequisites:** LAB-023

**Concepts:** Why indexes work; B-tree; Hash; GIN; GiST; SP-GiST; BRIN; Partial indexes; Expression indexes; Covering indexes; INCLUDE; Multicolumn indexes; Index-only scans; Index bloat; When not to create an index

**Tools:** PostgreSQL; psql

**Environment:** Single Server

### Steps
- [ ] Find unused indexes with pg_stat_user_indexes
- [ ] Find duplicates and prefixes
- [ ] Estimate write overhead
- [ ] Propose removals with a rollback plan

### Acceptance criteria
- Report lists indexes to drop with evidence
- Rollback plan is included

**Evidence required:** Written deliverable

**Troubleshooting:** Read the server log first. Record each problem and its fix in the issue notes. If stuck for more than 30 minutes, set the status to Blocked and describe the blocker.

**Performance:** Note the effect of this change on latency, WAL and locks where it applies.

**Security:** Use least-privilege roles, not the superuser, unless the task requires it. Keep secrets out of the repository.

**Automation:** Commit SQL and configuration to the repository. From phase 17 on, apply changes through migrations and the automation repository.

**Assessment:** Instructor reviews the deliverable against the acceptance criteria. Type: Design question.

### Completion criteria
- Every step is done and every acceptance criterion is demonstrated
- Required evidence is attached to the issue
- SQL, configuration and documents are committed to the repository
- Actual time is logged against the issue
- Instructor Review is Approved and the status is Completed

**Estimated time:** 3 h

**Next task:** Last task of this module","Indexing","V07.0 Indexing & Query Optimization","MOD-21","LAB-023","3","L4 - Advanced","Assignment","Single Server","Written deliverable","PostgreSQL; psql","18","Level 1 - Foundation & Development","Developer","High","Design question","0","Pending"
"MOD-22","MOD-22","Module","Normal","[MOD-22] Query Planning","**Topics:** EXPLAIN; EXPLAIN ANALYZE; BUFFERS; VERBOSE; COST; Sequential scan; Index scan; Bitmap scan; Nested loop; Hash join; Merge join; Sort; Aggregate; Parallel query; Planner statistics; Cardinality estimation

**Tools:** PostgreSQL; psql

**Environment:** Single Server

**Tasks:** 4, 14 estimated hours.

- THY-020 Reading plans: costs, rows, nodes and buffers
- LAB-024 EXPLAIN ANALYZE
- THY-021 Planner statistics and cardinality estimation
- LAB-025 Fix misestimates with ANALYZE and extended statistics","Query Optimization","V07.0 Indexing & Query Optimization","PHASE-07","","","","","Single Server","","PostgreSQL; psql","18","Level 2 - Senior PostgreSQL Engineering","Developer","High","","",""
"THY-020","THY-020","Theory","Normal","[THY-020] Reading plans: costs, rows, nodes and buffers","**Objective:** Reading plans: costs, rows, nodes and buffers

**Prerequisites:** ASG-006

**Concepts:** EXPLAIN; EXPLAIN ANALYZE; BUFFERS; VERBOSE; COST; Sequential scan; Index scan; Bitmap scan; Nested loop; Hash join; Merge join; Sort; Aggregate; Parallel query; Planner statistics; Cardinality estimation

**Tools:** PostgreSQL; psql

**Environment:** Single Server

### Steps
- [ ] Study the plan tree and execution order
- [ ] Study startup and total cost and what cost units mean
- [ ] Study estimated versus actual rows and loops
- [ ] Study BUFFERS output: shared hit, read, dirtied, temp

### Acceptance criteria
- Reads a five-node plan aloud correctly
- Finds the worst row misestimate in a plan

**Evidence required:** Notes

**Troubleshooting:** Read the server log first. Record each problem and its fix in the issue notes. If stuck for more than 30 minutes, set the status to Blocked and describe the blocker.

**Performance:** Note the effect of this change on latency, WAL and locks where it applies.

**Security:** Use least-privilege roles, not the superuser, unless the task requires it. Keep secrets out of the repository.

**Automation:** Commit SQL and configuration to the repository. From phase 17 on, apply changes through migrations and the automation repository.

**Assessment:** Instructor checks the notes and asks short oral questions. Type: Short answer.

### Completion criteria
- Every step is done and every acceptance criterion is demonstrated
- Required evidence is attached to the issue
- SQL, configuration and documents are committed to the repository
- Actual time is logged against the issue
- Instructor Review is Approved and the status is Completed

**Estimated time:** 4 h

**Next task:** LAB-024","Query Optimization","V07.0 Indexing & Query Optimization","MOD-22","ASG-006","4","L4 - Advanced","Theory","Single Server","Notes","PostgreSQL; psql","18","Level 2 - Senior PostgreSQL Engineering","Developer","High","Short answer","0","Pending"
"LAB-024","LAB-024","Lab","Normal","[LAB-024] EXPLAIN ANALYZE","**Objective:** EXPLAIN ANALYZE

**Prerequisites:** THY-020

**Concepts:** EXPLAIN; EXPLAIN ANALYZE; BUFFERS; VERBOSE; COST; Sequential scan; Index scan; Bitmap scan; Nested loop; Hash join; Merge join; Sort; Aggregate; Parallel query; Planner statistics; Cardinality estimation

**Tools:** PostgreSQL; psql

**Environment:** Single Server

### Steps
- [ ] Run EXPLAIN with ANALYZE, BUFFERS, VERBOSE, SETTINGS and WAL options
- [ ] Produce each scan type: sequential, index, index-only, bitmap
- [ ] Produce each join type: nested loop, hash, merge
- [ ] Produce sort, hash aggregate and parallel plans

### Acceptance criteria
- One annotated plan per node type is attached

**Evidence required:** Screenshot + command output

**Troubleshooting:** Read the server log first. Record each problem and its fix in the issue notes. If stuck for more than 30 minutes, set the status to Blocked and describe the blocker.

**Performance:** Note the effect of this change on latency, WAL and locks where it applies.

**Security:** Use least-privilege roles, not the superuser, unless the task requires it. Keep secrets out of the repository.

**Automation:** Commit SQL and configuration to the repository. From phase 17 on, apply changes through migrations and the automation repository.

**Assessment:** Instructor verifies the acceptance criteria from the evidence and may ask for a live demonstration. Type: Practical.

### Completion criteria
- Every step is done and every acceptance criterion is demonstrated
- Required evidence is attached to the issue
- SQL, configuration and documents are committed to the repository
- Actual time is logged against the issue
- Instructor Review is Approved and the status is Completed

**Estimated time:** 4 h

**Next task:** THY-021","Query Optimization","V07.0 Indexing & Query Optimization","MOD-22","THY-020","4","L4 - Advanced","Guided Lab","Single Server","Screenshot + command output","PostgreSQL; psql","18","Level 2 - Senior PostgreSQL Engineering","Developer","High","Practical","0","Pending"
"THY-021","THY-021","Theory","Normal","[THY-021] Planner statistics and cardinality estimation","**Objective:** Planner statistics and cardinality estimation

**Prerequisites:** LAB-024

**Concepts:** EXPLAIN; EXPLAIN ANALYZE; BUFFERS; VERBOSE; COST; Sequential scan; Index scan; Bitmap scan; Nested loop; Hash join; Merge join; Sort; Aggregate; Parallel query; Planner statistics; Cardinality estimation

**Tools:** PostgreSQL; psql

**Environment:** Single Server

### Steps
- [ ] Study pg_stats: n_distinct, most common values, histogram, correlation
- [ ] Study default_statistics_target
- [ ] Study extended statistics for correlated columns
- [ ] Study how bad estimates cause bad joins

### Acceptance criteria
- Explains an estimate using pg_stats values
- Explains when extended statistics help

**Evidence required:** Notes

**Troubleshooting:** Read the server log first. Record each problem and its fix in the issue notes. If stuck for more than 30 minutes, set the status to Blocked and describe the blocker.

**Performance:** Note the effect of this change on latency, WAL and locks where it applies.

**Security:** Use least-privilege roles, not the superuser, unless the task requires it. Keep secrets out of the repository.

**Automation:** Commit SQL and configuration to the repository. From phase 17 on, apply changes through migrations and the automation repository.

**Assessment:** Instructor checks the notes and asks short oral questions. Type: Short answer.

### Completion criteria
- Every step is done and every acceptance criterion is demonstrated
- Required evidence is attached to the issue
- SQL, configuration and documents are committed to the repository
- Actual time is logged against the issue
- Instructor Review is Approved and the status is Completed

**Estimated time:** 3 h

**Next task:** LAB-025","Query Optimization","V07.0 Indexing & Query Optimization","MOD-22","LAB-024","3","L4 - Advanced","Theory","Single Server","Notes","PostgreSQL; psql","18","Level 2 - Senior PostgreSQL Engineering","Developer","High","Short answer","0","Pending"
"LAB-025","LAB-025","Lab","Normal","[LAB-025] Fix misestimates with ANALYZE and extended statistics","**Objective:** Fix misestimates with ANALYZE and extended statistics

**Prerequisites:** THY-021

**Concepts:** EXPLAIN; EXPLAIN ANALYZE; BUFFERS; VERBOSE; COST; Sequential scan; Index scan; Bitmap scan; Nested loop; Hash join; Merge join; Sort; Aggregate; Parallel query; Planner statistics; Cardinality estimation

**Tools:** PostgreSQL; psql

**Environment:** Single Server

### Steps
- [ ] Create a misestimate on correlated columns
- [ ] Raise the statistics target for a column
- [ ] Create extended statistics for dependencies and distinct counts
- [ ] Compare estimates and plans

### Acceptance criteria
- Estimate error falls after the change
- Plan improves as a result

**Evidence required:** Screenshot + command output

**Troubleshooting:** Read the server log first. Record each problem and its fix in the issue notes. If stuck for more than 30 minutes, set the status to Blocked and describe the blocker.

**Performance:** Note the effect of this change on latency, WAL and locks where it applies.

**Security:** Use least-privilege roles, not the superuser, unless the task requires it. Keep secrets out of the repository.

**Automation:** Commit SQL and configuration to the repository. From phase 17 on, apply changes through migrations and the automation repository.

**Assessment:** Instructor verifies the acceptance criteria from the evidence and may ask for a live demonstration. Type: Practical.

### Completion criteria
- Every step is done and every acceptance criterion is demonstrated
- Required evidence is attached to the issue
- SQL, configuration and documents are committed to the repository
- Actual time is logged against the issue
- Instructor Review is Approved and the status is Completed

**Estimated time:** 3 h

**Next task:** Last task of this module","Query Optimization","V07.0 Indexing & Query Optimization","MOD-22","THY-021","3","L4 - Advanced","Guided Lab","Single Server","Screenshot + command output","PostgreSQL; psql","18","Level 2 - Senior PostgreSQL Engineering","Developer","High","Practical","0","Pending"
"MOD-23","MOD-23","Module","Normal","[MOD-23] Query Optimization Labs","**Topics:** Thirty query optimization labs; Method: measure, read the plan, change one thing, measure again

**Tools:** PostgreSQL; psql; pg_stat_statements

**Environment:** Single Server

**Tasks:** 36, 48 estimated hours.

- LAB-026 Query Optimization
- PERF-001 Optimization lab 01: missing index on a filter
- PERF-002 Optimization lab 02: multicolumn index column order
- PERF-003 Optimization lab 03: function on an indexed column
- PERF-004 Optimization lab 04: implicit cast prevents index use
- PERF-005 Optimization lab 05: leading wildcard LIKE
- PERF-006 Optimization lab 06: OR across columns
- PERF-007 Optimization lab 07: NOT IN with NULLs
- PERF-008 Optimization lab 08: correlated subquery per row
- PERF-009 Optimization lab 09: SELECT star blocks index-only scan
- PERF-010 Optimization lab 10: deep OFFSET pagination
- PERF-011 Optimization lab 11: ORDER BY with LIMIT needs a matching index
- PERF-012 Optimization lab 12: count of a large table
- PERF-013 Optimization lab 13: sort spilling to disk
- PERF-014 Optimization lab 14: hash join spilling in batches
- PERF-015 Optimization lab 15: nested loop on a row misestimate
- PERF-016 Optimization lab 16: stale statistics after a bulk load
- PERF-017 Optimization lab 17: correlated columns
- PERF-018 Optimization lab 18: partial index for a hot subset
- PERF-019 Optimization lab 19: JSONB containment search
- PERF-020 Optimization lab 20: array membership search
- PERF-021 Optimization lab 21: range overlap search
- PERF-022 Optimization lab 22: time-series scan on a huge table
- PERF-023 Optimization lab 23: CTE acting as a fence
- PERF-024 Optimization lab 24: DISTINCT hiding a bad join
- PERF-025 Optimization lab 25: join order and missing foreign key index
- PERF-026 Optimization lab 26: parallel query not used
- PERF-027 Optimization lab 27: generic plan for a prepared statement
- PERF-028 Optimization lab 28: slow UPDATE touching indexed columns
- PERF-029 Optimization lab 29: slow DELETE with cascading foreign keys
- PERF-030 Optimization lab 30: reporting query on a normalized schema
- TSH-007 Scenario 07: slow query in production
- TSH-008 Scenario 08: missing index after a deployment
- TSH-009 Scenario 09: bad query plan after an upgrade or data change
- PROJECT-004 Performance project 2: design an indexing strategy
- ASM-007 Phase 07 assessment: performance optimization practical","Query Optimization","V07.0 Indexing & Query Optimization","PHASE-07","","","","","Single Server","","PostgreSQL; psql; pg_stat_statements","18","Level 2 - Senior PostgreSQL Engineering","Developer","High","","",""
"LAB-026","LAB-026","Lab","Normal","[LAB-026] Query Optimization","**Objective:** Query Optimization

**Prerequisites:** LAB-025

**Concepts:** Thirty query optimization labs; Method: measure, read the plan, change one thing, measure again

**Tools:** PostgreSQL; psql; pg_stat_statements

**Environment:** Single Server

### Steps
- [ ] Learn the method on three guided cases: measure, read the plan, form a hypothesis, change one thing, measure again
- [ ] Record before and after in the standard table
- [ ] Decide between index, rewrite, statistics and setting

### Acceptance criteria
- Three cases are documented with before and after plans

**Evidence required:** Screenshot + command output

**Troubleshooting:** Read the server log first. Record each problem and its fix in the issue notes. If stuck for more than 30 minutes, set the status to Blocked and describe the blocker.

**Performance:** Note the effect of this change on latency, WAL and locks where it applies.

**Security:** Use least-privilege roles, not the superuser, unless the task requires it. Keep secrets out of the repository.

**Automation:** Commit SQL and configuration to the repository. From phase 17 on, apply changes through migrations and the automation repository.

**Assessment:** Instructor verifies the acceptance criteria from the evidence and may ask for a live demonstration. Type: Practical.

### Completion criteria
- Every step is done and every acceptance criterion is demonstrated
- Required evidence is attached to the issue
- SQL, configuration and documents are committed to the repository
- Actual time is logged against the issue
- Instructor Review is Approved and the status is Completed

**Estimated time:** 3 h

**Next task:** PERF-001","Query Optimization","V07.0 Indexing & Query Optimization","MOD-23","LAB-025","3","L4 - Advanced","Guided Lab","Single Server","Screenshot + command output","PostgreSQL; psql; pg_stat_statements","18","Level 2 - Senior PostgreSQL Engineering","Developer","High","Practical","0","Pending"
"PERF-001","PERF-001","Performance","Normal","[PERF-001] Optimization lab 01: missing index on a filter","**Objective:** Optimization lab 01: missing index on a filter

**Prerequisites:** LAB-026

**Concepts:** Thirty query optimization labs; Method: measure, read the plan, change one thing, measure again

**Tools:** PostgreSQL; psql; pg_stat_statements

**Environment:** Single Server

### Steps
- [ ] Run the slow statement from the lab sheet on the course dataset
- [ ] Capture EXPLAIN (ANALYZE, BUFFERS) before the change
- [ ] Add the right single-column index
- [ ] Capture EXPLAIN (ANALYZE, BUFFERS) after the change
- [ ] Record the change and why it works in the repository

### Acceptance criteria
- Before and after plans are attached
- Time or buffers improve and the reason is explained
- No unneeded index or setting change is left behind

**Evidence required:** Before and after measurements

**Troubleshooting:** Read the server log first. Record each problem and its fix in the issue notes. If stuck for more than 30 minutes, set the status to Blocked and describe the blocker.

**Performance:** Note the effect of this change on latency, WAL and locks where it applies.

**Security:** Use least-privilege roles, not the superuser, unless the task requires it. Keep secrets out of the repository.

**Automation:** Commit SQL and configuration to the repository. From phase 17 on, apply changes through migrations and the automation repository.

**Assessment:** Instructor checks the before and after measurements and the reasoning. Type: Practical.

### Completion criteria
- Every step is done and every acceptance criterion is demonstrated
- Required evidence is attached to the issue
- SQL, configuration and documents are committed to the repository
- Actual time is logged against the issue
- Instructor Review is Approved and the status is Completed

**Estimated time:** 1 h

**Next task:** PERF-002","Query Optimization","V07.0 Indexing & Query Optimization","MOD-23","LAB-026","1","L4 - Advanced","Performance","Single Server","Before and after measurements","PostgreSQL; psql; pg_stat_statements","18","Level 2 - Senior PostgreSQL Engineering","Developer","High","Practical","0","Pending"
"PERF-002","PERF-002","Performance","Normal","[PERF-002] Optimization lab 02: multicolumn index column order","**Objective:** Optimization lab 02: multicolumn index column order

**Prerequisites:** PERF-001

**Concepts:** Thirty query optimization labs; Method: measure, read the plan, change one thing, measure again

**Tools:** PostgreSQL; psql; pg_stat_statements

**Environment:** Single Server

### Steps
- [ ] Run the slow statement from the lab sheet on the course dataset
- [ ] Capture EXPLAIN (ANALYZE, BUFFERS) before the change
- [ ] Reorder index columns to match equality then range
- [ ] Capture EXPLAIN (ANALYZE, BUFFERS) after the change
- [ ] Record the change and why it works in the repository

### Acceptance criteria
- Before and after plans are attached
- Time or buffers improve and the reason is explained
- No unneeded index or setting change is left behind

**Evidence required:** Before and after measurements

**Troubleshooting:** Read the server log first. Record each problem and its fix in the issue notes. If stuck for more than 30 minutes, set the status to Blocked and describe the blocker.

**Performance:** Note the effect of this change on latency, WAL and locks where it applies.

**Security:** Use least-privilege roles, not the superuser, unless the task requires it. Keep secrets out of the repository.

**Automation:** Commit SQL and configuration to the repository. From phase 17 on, apply changes through migrations and the automation repository.

**Assessment:** Instructor checks the before and after measurements and the reasoning. Type: Practical.

### Completion criteria
- Every step is done and every acceptance criterion is demonstrated
- Required evidence is attached to the issue
- SQL, configuration and documents are committed to the repository
- Actual time is logged against the issue
- Instructor Review is Approved and the status is Completed

**Estimated time:** 1 h

**Next task:** PERF-003","Query Optimization","V07.0 Indexing & Query Optimization","MOD-23","PERF-001","1","L4 - Advanced","Performance","Single Server","Before and after measurements","PostgreSQL; psql; pg_stat_statements","18","Level 2 - Senior PostgreSQL Engineering","Developer","High","Practical","0","Pending"
"PERF-003","PERF-003","Performance","Normal","[PERF-003] Optimization lab 03: function on an indexed column","**Objective:** Optimization lab 03: function on an indexed column

**Prerequisites:** PERF-002

**Concepts:** Thirty query optimization labs; Method: measure, read the plan, change one thing, measure again

**Tools:** PostgreSQL; psql; pg_stat_statements

**Environment:** Single Server

### Steps
- [ ] Run the slow statement from the lab sheet on the course dataset
- [ ] Capture EXPLAIN (ANALYZE, BUFFERS) before the change
- [ ] Rewrite the predicate or add an expression index
- [ ] Capture EXPLAIN (ANALYZE, BUFFERS) after the change
- [ ] Record the change and why it works in the repository

### Acceptance criteria
- Before and after plans are attached
- Time or buffers improve and the reason is explained
- No unneeded index or setting change is left behind

**Evidence required:** Before and after measurements

**Troubleshooting:** Read the server log first. Record each problem and its fix in the issue notes. If stuck for more than 30 minutes, set the status to Blocked and describe the blocker.

**Performance:** Note the effect of this change on latency, WAL and locks where it applies.

**Security:** Use least-privilege roles, not the superuser, unless the task requires it. Keep secrets out of the repository.

**Automation:** Commit SQL and configuration to the repository. From phase 17 on, apply changes through migrations and the automation repository.

**Assessment:** Instructor checks the before and after measurements and the reasoning. Type: Practical.

### Completion criteria
- Every step is done and every acceptance criterion is demonstrated
- Required evidence is attached to the issue
- SQL, configuration and documents are committed to the repository
- Actual time is logged against the issue
- Instructor Review is Approved and the status is Completed

**Estimated time:** 1 h

**Next task:** PERF-004","Query Optimization","V07.0 Indexing & Query Optimization","MOD-23","PERF-002","1","L4 - Advanced","Performance","Single Server","Before and after measurements","PostgreSQL; psql; pg_stat_statements","18","Level 2 - Senior PostgreSQL Engineering","Developer","High","Practical","0","Pending"
"PERF-004","PERF-004","Performance","Normal","[PERF-004] Optimization lab 04: implicit cast prevents index use","**Objective:** Optimization lab 04: implicit cast prevents index use

**Prerequisites:** PERF-003

**Concepts:** Thirty query optimization labs; Method: measure, read the plan, change one thing, measure again

**Tools:** PostgreSQL; psql; pg_stat_statements

**Environment:** Single Server

### Steps
- [ ] Run the slow statement from the lab sheet on the course dataset
- [ ] Capture EXPLAIN (ANALYZE, BUFFERS) before the change
- [ ] Fix the type mismatch
- [ ] Capture EXPLAIN (ANALYZE, BUFFERS) after the change
- [ ] Record the change and why it works in the repository

### Acceptance criteria
- Before and after plans are attached
- Time or buffers improve and the reason is explained
- No unneeded index or setting change is left behind

**Evidence required:** Before and after measurements

**Troubleshooting:** Read the server log first. Record each problem and its fix in the issue notes. If stuck for more than 30 minutes, set the status to Blocked and describe the blocker.

**Performance:** Note the effect of this change on latency, WAL and locks where it applies.

**Security:** Use least-privilege roles, not the superuser, unless the task requires it. Keep secrets out of the repository.

**Automation:** Commit SQL and configuration to the repository. From phase 17 on, apply changes through migrations and the automation repository.

**Assessment:** Instructor checks the before and after measurements and the reasoning. Type: Practical.

### Completion criteria
- Every step is done and every acceptance criterion is demonstrated
- Required evidence is attached to the issue
- SQL, configuration and documents are committed to the repository
- Actual time is logged against the issue
- Instructor Review is Approved and the status is Completed

**Estimated time:** 1 h

**Next task:** PERF-005","Query Optimization","V07.0 Indexing & Query Optimization","MOD-23","PERF-003","1","L4 - Advanced","Performance","Single Server","Before and after measurements","PostgreSQL; psql; pg_stat_statements","18","Level 2 - Senior PostgreSQL Engineering","Developer","High","Practical","0","Pending"
"PERF-005","PERF-005","Performance","Normal","[PERF-005] Optimization lab 05: leading wildcard LIKE","**Objective:** Optimization lab 05: leading wildcard LIKE

**Prerequisites:** PERF-004

**Concepts:** Thirty query optimization labs; Method: measure, read the plan, change one thing, measure again

**Tools:** PostgreSQL; psql; pg_stat_statements

**Environment:** Single Server

### Steps
- [ ] Run the slow statement from the lab sheet on the course dataset
- [ ] Capture EXPLAIN (ANALYZE, BUFFERS) before the change
- [ ] Use a trigram index
- [ ] Capture EXPLAIN (ANALYZE, BUFFERS) after the change
- [ ] Record the change and why it works in the repository

### Acceptance criteria
- Before and after plans are attached
- Time or buffers improve and the reason is explained
- No unneeded index or setting change is left behind

**Evidence required:** Before and after measurements

**Troubleshooting:** Read the server log first. Record each problem and its fix in the issue notes. If stuck for more than 30 minutes, set the status to Blocked and describe the blocker.

**Performance:** Note the effect of this change on latency, WAL and locks where it applies.

**Security:** Use least-privilege roles, not the superuser, unless the task requires it. Keep secrets out of the repository.

**Automation:** Commit SQL and configuration to the repository. From phase 17 on, apply changes through migrations and the automation repository.

**Assessment:** Instructor checks the before and after measurements and the reasoning. Type: Practical.

### Completion criteria
- Every step is done and every acceptance criterion is demonstrated
- Required evidence is attached to the issue
- SQL, configuration and documents are committed to the repository
- Actual time is logged against the issue
- Instructor Review is Approved and the status is Completed

**Estimated time:** 1 h

**Next task:** PERF-006","Query Optimization","V07.0 Indexing & Query Optimization","MOD-23","PERF-004","1","L4 - Advanced","Performance","Single Server","Before and after measurements","PostgreSQL; psql; pg_stat_statements","18","Level 2 - Senior PostgreSQL Engineering","Developer","High","Practical","0","Pending"
"PERF-006","PERF-006","Performance","Normal","[PERF-006] Optimization lab 06: OR across columns","**Objective:** Optimization lab 06: OR across columns

**Prerequisites:** PERF-005

**Concepts:** Thirty query optimization labs; Method: measure, read the plan, change one thing, measure again

**Tools:** PostgreSQL; psql; pg_stat_statements

**Environment:** Single Server

### Steps
- [ ] Run the slow statement from the lab sheet on the course dataset
- [ ] Capture EXPLAIN (ANALYZE, BUFFERS) before the change
- [ ] Rewrite as UNION ALL or use bitmap OR with two indexes
- [ ] Capture EXPLAIN (ANALYZE, BUFFERS) after the change
- [ ] Record the change and why it works in the repository

### Acceptance criteria
- Before and after plans are attached
- Time or buffers improve and the reason is explained
- No unneeded index or setting change is left behind

**Evidence required:** Before and after measurements

**Troubleshooting:** Read the server log first. Record each problem and its fix in the issue notes. If stuck for more than 30 minutes, set the status to Blocked and describe the blocker.

**Performance:** Note the effect of this change on latency, WAL and locks where it applies.

**Security:** Use least-privilege roles, not the superuser, unless the task requires it. Keep secrets out of the repository.

**Automation:** Commit SQL and configuration to the repository. From phase 17 on, apply changes through migrations and the automation repository.

**Assessment:** Instructor checks the before and after measurements and the reasoning. Type: Practical.

### Completion criteria
- Every step is done and every acceptance criterion is demonstrated
- Required evidence is attached to the issue
- SQL, configuration and documents are committed to the repository
- Actual time is logged against the issue
- Instructor Review is Approved and the status is Completed

**Estimated time:** 1 h

**Next task:** PERF-007","Query Optimization","V07.0 Indexing & Query Optimization","MOD-23","PERF-005","1","L4 - Advanced","Performance","Single Server","Before and after measurements","PostgreSQL; psql; pg_stat_statements","18","Level 2 - Senior PostgreSQL Engineering","Developer","High","Practical","0","Pending"
"PERF-007","PERF-007","Performance","Normal","[PERF-007] Optimization lab 07: NOT IN with NULLs","**Objective:** Optimization lab 07: NOT IN with NULLs

**Prerequisites:** PERF-006

**Concepts:** Thirty query optimization labs; Method: measure, read the plan, change one thing, measure again

**Tools:** PostgreSQL; psql; pg_stat_statements

**Environment:** Single Server

### Steps
- [ ] Run the slow statement from the lab sheet on the course dataset
- [ ] Capture EXPLAIN (ANALYZE, BUFFERS) before the change
- [ ] Rewrite as NOT EXISTS
- [ ] Capture EXPLAIN (ANALYZE, BUFFERS) after the change
- [ ] Record the change and why it works in the repository

### Acceptance criteria
- Before and after plans are attached
- Time or buffers improve and the reason is explained
- No unneeded index or setting change is left behind

**Evidence required:** Before and after measurements

**Troubleshooting:** Read the server log first. Record each problem and its fix in the issue notes. If stuck for more than 30 minutes, set the status to Blocked and describe the blocker.

**Performance:** Note the effect of this change on latency, WAL and locks where it applies.

**Security:** Use least-privilege roles, not the superuser, unless the task requires it. Keep secrets out of the repository.

**Automation:** Commit SQL and configuration to the repository. From phase 17 on, apply changes through migrations and the automation repository.

**Assessment:** Instructor checks the before and after measurements and the reasoning. Type: Practical.

### Completion criteria
- Every step is done and every acceptance criterion is demonstrated
- Required evidence is attached to the issue
- SQL, configuration and documents are committed to the repository
- Actual time is logged against the issue
- Instructor Review is Approved and the status is Completed

**Estimated time:** 1 h

**Next task:** PERF-008","Query Optimization","V07.0 Indexing & Query Optimization","MOD-23","PERF-006","1","L4 - Advanced","Performance","Single Server","Before and after measurements","PostgreSQL; psql; pg_stat_statements","18","Level 2 - Senior PostgreSQL Engineering","Developer","High","Practical","0","Pending"
"PERF-008","PERF-008","Performance","Normal","[PERF-008] Optimization lab 08: correlated subquery per row","**Objective:** Optimization lab 08: correlated subquery per row

**Prerequisites:** PERF-007

**Concepts:** Thirty query optimization labs; Method: measure, read the plan, change one thing, measure again

**Tools:** PostgreSQL; psql; pg_stat_statements

**Environment:** Single Server

### Steps
- [ ] Run the slow statement from the lab sheet on the course dataset
- [ ] Capture EXPLAIN (ANALYZE, BUFFERS) before the change
- [ ] Rewrite as a join or LATERAL
- [ ] Capture EXPLAIN (ANALYZE, BUFFERS) after the change
- [ ] Record the change and why it works in the repository

### Acceptance criteria
- Before and after plans are attached
- Time or buffers improve and the reason is explained
- No unneeded index or setting change is left behind

**Evidence required:** Before and after measurements

**Troubleshooting:** Read the server log first. Record each problem and its fix in the issue notes. If stuck for more than 30 minutes, set the status to Blocked and describe the blocker.

**Performance:** Note the effect of this change on latency, WAL and locks where it applies.

**Security:** Use least-privilege roles, not the superuser, unless the task requires it. Keep secrets out of the repository.

**Automation:** Commit SQL and configuration to the repository. From phase 17 on, apply changes through migrations and the automation repository.

**Assessment:** Instructor checks the before and after measurements and the reasoning. Type: Practical.

### Completion criteria
- Every step is done and every acceptance criterion is demonstrated
- Required evidence is attached to the issue
- SQL, configuration and documents are committed to the repository
- Actual time is logged against the issue
- Instructor Review is Approved and the status is Completed

**Estimated time:** 1 h

**Next task:** PERF-009","Query Optimization","V07.0 Indexing & Query Optimization","MOD-23","PERF-007","1","L4 - Advanced","Performance","Single Server","Before and after measurements","PostgreSQL; psql; pg_stat_statements","18","Level 2 - Senior PostgreSQL Engineering","Developer","High","Practical","0","Pending"
"PERF-009","PERF-009","Performance","Normal","[PERF-009] Optimization lab 09: SELECT star blocks index-only scan","**Objective:** Optimization lab 09: SELECT star blocks index-only scan

**Prerequisites:** PERF-008

**Concepts:** Thirty query optimization labs; Method: measure, read the plan, change one thing, measure again

**Tools:** PostgreSQL; psql; pg_stat_statements

**Environment:** Single Server

### Steps
- [ ] Run the slow statement from the lab sheet on the course dataset
- [ ] Capture EXPLAIN (ANALYZE, BUFFERS) before the change
- [ ] Select needed columns and add a covering index
- [ ] Capture EXPLAIN (ANALYZE, BUFFERS) after the change
- [ ] Record the change and why it works in the repository

### Acceptance criteria
- Before and after plans are attached
- Time or buffers improve and the reason is explained
- No unneeded index or setting change is left behind

**Evidence required:** Before and after measurements

**Troubleshooting:** Read the server log first. Record each problem and its fix in the issue notes. If stuck for more than 30 minutes, set the status to Blocked and describe the blocker.

**Performance:** Note the effect of this change on latency, WAL and locks where it applies.

**Security:** Use least-privilege roles, not the superuser, unless the task requires it. Keep secrets out of the repository.

**Automation:** Commit SQL and configuration to the repository. From phase 17 on, apply changes through migrations and the automation repository.

**Assessment:** Instructor checks the before and after measurements and the reasoning. Type: Practical.

### Completion criteria
- Every step is done and every acceptance criterion is demonstrated
- Required evidence is attached to the issue
- SQL, configuration and documents are committed to the repository
- Actual time is logged against the issue
- Instructor Review is Approved and the status is Completed

**Estimated time:** 1 h

**Next task:** PERF-010","Query Optimization","V07.0 Indexing & Query Optimization","MOD-23","PERF-008","1","L4 - Advanced","Performance","Single Server","Before and after measurements","PostgreSQL; psql; pg_stat_statements","18","Level 2 - Senior PostgreSQL Engineering","Developer","High","Practical","0","Pending"
"PERF-010","PERF-010","Performance","Normal","[PERF-010] Optimization lab 10: deep OFFSET pagination","**Objective:** Optimization lab 10: deep OFFSET pagination

**Prerequisites:** PERF-009

**Concepts:** Thirty query optimization labs; Method: measure, read the plan, change one thing, measure again

**Tools:** PostgreSQL; psql; pg_stat_statements

**Environment:** Single Server

### Steps
- [ ] Run the slow statement from the lab sheet on the course dataset
- [ ] Capture EXPLAIN (ANALYZE, BUFFERS) before the change
- [ ] Replace with keyset pagination
- [ ] Capture EXPLAIN (ANALYZE, BUFFERS) after the change
- [ ] Record the change and why it works in the repository

### Acceptance criteria
- Before and after plans are attached
- Time or buffers improve and the reason is explained
- No unneeded index or setting change is left behind

**Evidence required:** Before and after measurements

**Troubleshooting:** Read the server log first. Record each problem and its fix in the issue notes. If stuck for more than 30 minutes, set the status to Blocked and describe the blocker.

**Performance:** Note the effect of this change on latency, WAL and locks where it applies.

**Security:** Use least-privilege roles, not the superuser, unless the task requires it. Keep secrets out of the repository.

**Automation:** Commit SQL and configuration to the repository. From phase 17 on, apply changes through migrations and the automation repository.

**Assessment:** Instructor checks the before and after measurements and the reasoning. Type: Practical.

### Completion criteria
- Every step is done and every acceptance criterion is demonstrated
- Required evidence is attached to the issue
- SQL, configuration and documents are committed to the repository
- Actual time is logged against the issue
- Instructor Review is Approved and the status is Completed

**Estimated time:** 1 h

**Next task:** PERF-011","Query Optimization","V07.0 Indexing & Query Optimization","MOD-23","PERF-009","1","L4 - Advanced","Performance","Single Server","Before and after measurements","PostgreSQL; psql; pg_stat_statements","18","Level 2 - Senior PostgreSQL Engineering","Developer","High","Practical","0","Pending"
"PERF-011","PERF-011","Performance","Normal","[PERF-011] Optimization lab 11: ORDER BY with LIMIT needs a matching index","**Objective:** Optimization lab 11: ORDER BY with LIMIT needs a matching index

**Prerequisites:** PERF-010

**Concepts:** Thirty query optimization labs; Method: measure, read the plan, change one thing, measure again

**Tools:** PostgreSQL; psql; pg_stat_statements

**Environment:** Single Server

### Steps
- [ ] Run the slow statement from the lab sheet on the course dataset
- [ ] Capture EXPLAIN (ANALYZE, BUFFERS) before the change
- [ ] Create an index that matches the sort
- [ ] Capture EXPLAIN (ANALYZE, BUFFERS) after the change
- [ ] Record the change and why it works in the repository

### Acceptance criteria
- Before and after plans are attached
- Time or buffers improve and the reason is explained
- No unneeded index or setting change is left behind

**Evidence required:** Before and after measurements

**Troubleshooting:** Read the server log first. Record each problem and its fix in the issue notes. If stuck for more than 30 minutes, set the status to Blocked and describe the blocker.

**Performance:** Note the effect of this change on latency, WAL and locks where it applies.

**Security:** Use least-privilege roles, not the superuser, unless the task requires it. Keep secrets out of the repository.

**Automation:** Commit SQL and configuration to the repository. From phase 17 on, apply changes through migrations and the automation repository.

**Assessment:** Instructor checks the before and after measurements and the reasoning. Type: Practical.

### Completion criteria
- Every step is done and every acceptance criterion is demonstrated
- Required evidence is attached to the issue
- SQL, configuration and documents are committed to the repository
- Actual time is logged against the issue
- Instructor Review is Approved and the status is Completed

**Estimated time:** 1 h

**Next task:** PERF-012","Query Optimization","V07.0 Indexing & Query Optimization","MOD-23","PERF-010","1","L4 - Advanced","Performance","Single Server","Before and after measurements","PostgreSQL; psql; pg_stat_statements","18","Level 2 - Senior PostgreSQL Engineering","Developer","High","Practical","0","Pending"
"PERF-012","PERF-012","Performance","Normal","[PERF-012] Optimization lab 12: count of a large table","**Objective:** Optimization lab 12: count of a large table

**Prerequisites:** PERF-011

**Concepts:** Thirty query optimization labs; Method: measure, read the plan, change one thing, measure again

**Tools:** PostgreSQL; psql; pg_stat_statements

**Environment:** Single Server

### Steps
- [ ] Run the slow statement from the lab sheet on the course dataset
- [ ] Capture EXPLAIN (ANALYZE, BUFFERS) before the change
- [ ] Use an estimate or a maintained counter where exact count is not required
- [ ] Capture EXPLAIN (ANALYZE, BUFFERS) after the change
- [ ] Record the change and why it works in the repository

### Acceptance criteria
- Before and after plans are attached
- Time or buffers improve and the reason is explained
- No unneeded index or setting change is left behind

**Evidence required:** Before and after measurements

**Troubleshooting:** Read the server log first. Record each problem and its fix in the issue notes. If stuck for more than 30 minutes, set the status to Blocked and describe the blocker.

**Performance:** Note the effect of this change on latency, WAL and locks where it applies.

**Security:** Use least-privilege roles, not the superuser, unless the task requires it. Keep secrets out of the repository.

**Automation:** Commit SQL and configuration to the repository. From phase 17 on, apply changes through migrations and the automation repository.

**Assessment:** Instructor checks the before and after measurements and the reasoning. Type: Practical.

### Completion criteria
- Every step is done and every acceptance criterion is demonstrated
- Required evidence is attached to the issue
- SQL, configuration and documents are committed to the repository
- Actual time is logged against the issue
- Instructor Review is Approved and the status is Completed

**Estimated time:** 1 h

**Next task:** PERF-013","Query Optimization","V07.0 Indexing & Query Optimization","MOD-23","PERF-011","1","L4 - Advanced","Performance","Single Server","Before and after measurements","PostgreSQL; psql; pg_stat_statements","18","Level 2 - Senior PostgreSQL Engineering","Developer","High","Practical","0","Pending"
"PERF-013","PERF-013","Performance","Normal","[PERF-013] Optimization lab 13: sort spilling to disk","**Objective:** Optimization lab 13: sort spilling to disk

**Prerequisites:** PERF-012

**Concepts:** Thirty query optimization labs; Method: measure, read the plan, change one thing, measure again

**Tools:** PostgreSQL; psql; pg_stat_statements

**Environment:** Single Server

### Steps
- [ ] Run the slow statement from the lab sheet on the course dataset
- [ ] Capture EXPLAIN (ANALYZE, BUFFERS) before the change
- [ ] Size work_mem for the session or remove the sort
- [ ] Capture EXPLAIN (ANALYZE, BUFFERS) after the change
- [ ] Record the change and why it works in the repository

### Acceptance criteria
- Before and after plans are attached
- Time or buffers improve and the reason is explained
- No unneeded index or setting change is left behind

**Evidence required:** Before and after measurements

**Troubleshooting:** Read the server log first. Record each problem and its fix in the issue notes. If stuck for more than 30 minutes, set the status to Blocked and describe the blocker.

**Performance:** Note the effect of this change on latency, WAL and locks where it applies.

**Security:** Use least-privilege roles, not the superuser, unless the task requires it. Keep secrets out of the repository.

**Automation:** Commit SQL and configuration to the repository. From phase 17 on, apply changes through migrations and the automation repository.

**Assessment:** Instructor checks the before and after measurements and the reasoning. Type: Practical.

### Completion criteria
- Every step is done and every acceptance criterion is demonstrated
- Required evidence is attached to the issue
- SQL, configuration and documents are committed to the repository
- Actual time is logged against the issue
- Instructor Review is Approved and the status is Completed

**Estimated time:** 1 h

**Next task:** PERF-014","Query Optimization","V07.0 Indexing & Query Optimization","MOD-23","PERF-012","1","L4 - Advanced","Performance","Single Server","Before and after measurements","PostgreSQL; psql; pg_stat_statements","18","Level 2 - Senior PostgreSQL Engineering","Developer","High","Practical","0","Pending"
"PERF-014","PERF-014","Performance","Normal","[PERF-014] Optimization lab 14: hash join spilling in batches","**Objective:** Optimization lab 14: hash join spilling in batches

**Prerequisites:** PERF-013

**Concepts:** Thirty query optimization labs; Method: measure, read the plan, change one thing, measure again

**Tools:** PostgreSQL; psql; pg_stat_statements

**Environment:** Single Server

### Steps
- [ ] Run the slow statement from the lab sheet on the course dataset
- [ ] Capture EXPLAIN (ANALYZE, BUFFERS) before the change
- [ ] Adjust work_mem or reduce the build side
- [ ] Capture EXPLAIN (ANALYZE, BUFFERS) after the change
- [ ] Record the change and why it works in the repository

### Acceptance criteria
- Before and after plans are attached
- Time or buffers improve and the reason is explained
- No unneeded index or setting change is left behind

**Evidence required:** Before and after measurements

**Troubleshooting:** Read the server log first. Record each problem and its fix in the issue notes. If stuck for more than 30 minutes, set the status to Blocked and describe the blocker.

**Performance:** Note the effect of this change on latency, WAL and locks where it applies.

**Security:** Use least-privilege roles, not the superuser, unless the task requires it. Keep secrets out of the repository.

**Automation:** Commit SQL and configuration to the repository. From phase 17 on, apply changes through migrations and the automation repository.

**Assessment:** Instructor checks the before and after measurements and the reasoning. Type: Practical.

### Completion criteria
- Every step is done and every acceptance criterion is demonstrated
- Required evidence is attached to the issue
- SQL, configuration and documents are committed to the repository
- Actual time is logged against the issue
- Instructor Review is Approved and the status is Completed

**Estimated time:** 1 h

**Next task:** PERF-015","Query Optimization","V07.0 Indexing & Query Optimization","MOD-23","PERF-013","1","L4 - Advanced","Performance","Single Server","Before and after measurements","PostgreSQL; psql; pg_stat_statements","18","Level 2 - Senior PostgreSQL Engineering","Developer","High","Practical","0","Pending"
"PERF-015","PERF-015","Performance","Normal","[PERF-015] Optimization lab 15: nested loop on a row misestimate","**Objective:** Optimization lab 15: nested loop on a row misestimate

**Prerequisites:** PERF-014

**Concepts:** Thirty query optimization labs; Method: measure, read the plan, change one thing, measure again

**Tools:** PostgreSQL; psql; pg_stat_statements

**Environment:** Single Server

### Steps
- [ ] Run the slow statement from the lab sheet on the course dataset
- [ ] Capture EXPLAIN (ANALYZE, BUFFERS) before the change
- [ ] Fix statistics so the planner chooses a hash join
- [ ] Capture EXPLAIN (ANALYZE, BUFFERS) after the change
- [ ] Record the change and why it works in the repository

### Acceptance criteria
- Before and after plans are attached
- Time or buffers improve and the reason is explained
- No unneeded index or setting change is left behind

**Evidence required:** Before and after measurements

**Troubleshooting:** Read the server log first. Record each problem and its fix in the issue notes. If stuck for more than 30 minutes, set the status to Blocked and describe the blocker.

**Performance:** Note the effect of this change on latency, WAL and locks where it applies.

**Security:** Use least-privilege roles, not the superuser, unless the task requires it. Keep secrets out of the repository.

**Automation:** Commit SQL and configuration to the repository. From phase 17 on, apply changes through migrations and the automation repository.

**Assessment:** Instructor checks the before and after measurements and the reasoning. Type: Practical.

### Completion criteria
- Every step is done and every acceptance criterion is demonstrated
- Required evidence is attached to the issue
- SQL, configuration and documents are committed to the repository
- Actual time is logged against the issue
- Instructor Review is Approved and the status is Completed

**Estimated time:** 1 h

**Next task:** PERF-016","Query Optimization","V07.0 Indexing & Query Optimization","MOD-23","PERF-014","1","L4 - Advanced","Performance","Single Server","Before and after measurements","PostgreSQL; psql; pg_stat_statements","18","Level 2 - Senior PostgreSQL Engineering","Developer","High","Practical","0","Pending"
"PERF-016","PERF-016","Performance","Normal","[PERF-016] Optimization lab 16: stale statistics after a bulk load","**Objective:** Optimization lab 16: stale statistics after a bulk load

**Prerequisites:** PERF-015

**Concepts:** Thirty query optimization labs; Method: measure, read the plan, change one thing, measure again

**Tools:** PostgreSQL; psql; pg_stat_statements

**Environment:** Single Server

### Steps
- [ ] Run the slow statement from the lab sheet on the course dataset
- [ ] Capture EXPLAIN (ANALYZE, BUFFERS) before the change
- [ ] Run ANALYZE and add it to the load procedure
- [ ] Capture EXPLAIN (ANALYZE, BUFFERS) after the change
- [ ] Record the change and why it works in the repository

### Acceptance criteria
- Before and after plans are attached
- Time or buffers improve and the reason is explained
- No unneeded index or setting change is left behind

**Evidence required:** Before and after measurements

**Troubleshooting:** Read the server log first. Record each problem and its fix in the issue notes. If stuck for more than 30 minutes, set the status to Blocked and describe the blocker.

**Performance:** Note the effect of this change on latency, WAL and locks where it applies.

**Security:** Use least-privilege roles, not the superuser, unless the task requires it. Keep secrets out of the repository.

**Automation:** Commit SQL and configuration to the repository. From phase 17 on, apply changes through migrations and the automation repository.

**Assessment:** Instructor checks the before and after measurements and the reasoning. Type: Practical.

### Completion criteria
- Every step is done and every acceptance criterion is demonstrated
- Required evidence is attached to the issue
- SQL, configuration and documents are committed to the repository
- Actual time is logged against the issue
- Instructor Review is Approved and the status is Completed

**Estimated time:** 1 h

**Next task:** PERF-017","Query Optimization","V07.0 Indexing & Query Optimization","MOD-23","PERF-015","1","L4 - Advanced","Performance","Single Server","Before and after measurements","PostgreSQL; psql; pg_stat_statements","18","Level 2 - Senior PostgreSQL Engineering","Developer","High","Practical","0","Pending"
"PERF-017","PERF-017","Performance","Normal","[PERF-017] Optimization lab 17: correlated columns","**Objective:** Optimization lab 17: correlated columns

**Prerequisites:** PERF-016

**Concepts:** Thirty query optimization labs; Method: measure, read the plan, change one thing, measure again

**Tools:** PostgreSQL; psql; pg_stat_statements

**Environment:** Single Server

### Steps
- [ ] Run the slow statement from the lab sheet on the course dataset
- [ ] Capture EXPLAIN (ANALYZE, BUFFERS) before the change
- [ ] Create extended statistics
- [ ] Capture EXPLAIN (ANALYZE, BUFFERS) after the change
- [ ] Record the change and why it works in the repository

### Acceptance criteria
- Before and after plans are attached
- Time or buffers improve and the reason is explained
- No unneeded index or setting change is left behind

**Evidence required:** Before and after measurements

**Troubleshooting:** Read the server log first. Record each problem and its fix in the issue notes. If stuck for more than 30 minutes, set the status to Blocked and describe the blocker.

**Performance:** Note the effect of this change on latency, WAL and locks where it applies.

**Security:** Use least-privilege roles, not the superuser, unless the task requires it. Keep secrets out of the repository.

**Automation:** Commit SQL and configuration to the repository. From phase 17 on, apply changes through migrations and the automation repository.

**Assessment:** Instructor checks the before and after measurements and the reasoning. Type: Practical.

### Completion criteria
- Every step is done and every acceptance criterion is demonstrated
- Required evidence is attached to the issue
- SQL, configuration and documents are committed to the repository
- Actual time is logged against the issue
- Instructor Review is Approved and the status is Completed

**Estimated time:** 1 h

**Next task:** PERF-018","Query Optimization","V07.0 Indexing & Query Optimization","MOD-23","PERF-016","1","L4 - Advanced","Performance","Single Server","Before and after measurements","PostgreSQL; psql; pg_stat_statements","18","Level 2 - Senior PostgreSQL Engineering","Developer","High","Practical","0","Pending"
"PERF-018","PERF-018","Performance","Normal","[PERF-018] Optimization lab 18: partial index for a hot subset","**Objective:** Optimization lab 18: partial index for a hot subset

**Prerequisites:** PERF-017

**Concepts:** Thirty query optimization labs; Method: measure, read the plan, change one thing, measure again

**Tools:** PostgreSQL; psql; pg_stat_statements

**Environment:** Single Server

### Steps
- [ ] Run the slow statement from the lab sheet on the course dataset
- [ ] Capture EXPLAIN (ANALYZE, BUFFERS) before the change
- [ ] Index only the active rows
- [ ] Capture EXPLAIN (ANALYZE, BUFFERS) after the change
- [ ] Record the change and why it works in the repository

### Acceptance criteria
- Before and after plans are attached
- Time or buffers improve and the reason is explained
- No unneeded index or setting change is left behind

**Evidence required:** Before and after measurements

**Troubleshooting:** Read the server log first. Record each problem and its fix in the issue notes. If stuck for more than 30 minutes, set the status to Blocked and describe the blocker.

**Performance:** Note the effect of this change on latency, WAL and locks where it applies.

**Security:** Use least-privilege roles, not the superuser, unless the task requires it. Keep secrets out of the repository.

**Automation:** Commit SQL and configuration to the repository. From phase 17 on, apply changes through migrations and the automation repository.

**Assessment:** Instructor checks the before and after measurements and the reasoning. Type: Practical.

### Completion criteria
- Every step is done and every acceptance criterion is demonstrated
- Required evidence is attached to the issue
- SQL, configuration and documents are committed to the repository
- Actual time is logged against the issue
- Instructor Review is Approved and the status is Completed

**Estimated time:** 1 h

**Next task:** PERF-019","Query Optimization","V07.0 Indexing & Query Optimization","MOD-23","PERF-017","1","L4 - Advanced","Performance","Single Server","Before and after measurements","PostgreSQL; psql; pg_stat_statements","18","Level 2 - Senior PostgreSQL Engineering","Developer","High","Practical","0","Pending"
"PERF-019","PERF-019","Performance","Normal","[PERF-019] Optimization lab 19: JSONB containment search","**Objective:** Optimization lab 19: JSONB containment search

**Prerequisites:** PERF-018

**Concepts:** Thirty query optimization labs; Method: measure, read the plan, change one thing, measure again

**Tools:** PostgreSQL; psql; pg_stat_statements

**Environment:** Single Server

### Steps
- [ ] Run the slow statement from the lab sheet on the course dataset
- [ ] Capture EXPLAIN (ANALYZE, BUFFERS) before the change
- [ ] Add the right GIN operator class
- [ ] Capture EXPLAIN (ANALYZE, BUFFERS) after the change
- [ ] Record the change and why it works in the repository

### Acceptance criteria
- Before and after plans are attached
- Time or buffers improve and the reason is explained
- No unneeded index or setting change is left behind

**Evidence required:** Before and after measurements

**Troubleshooting:** Read the server log first. Record each problem and its fix in the issue notes. If stuck for more than 30 minutes, set the status to Blocked and describe the blocker.

**Performance:** Note the effect of this change on latency, WAL and locks where it applies.

**Security:** Use least-privilege roles, not the superuser, unless the task requires it. Keep secrets out of the repository.

**Automation:** Commit SQL and configuration to the repository. From phase 17 on, apply changes through migrations and the automation repository.

**Assessment:** Instructor checks the before and after measurements and the reasoning. Type: Practical.

### Completion criteria
- Every step is done and every acceptance criterion is demonstrated
- Required evidence is attached to the issue
- SQL, configuration and documents are committed to the repository
- Actual time is logged against the issue
- Instructor Review is Approved and the status is Completed

**Estimated time:** 1 h

**Next task:** PERF-020","Query Optimization","V07.0 Indexing & Query Optimization","MOD-23","PERF-018","1","L4 - Advanced","Performance","Single Server","Before and after measurements","PostgreSQL; psql; pg_stat_statements","18","Level 2 - Senior PostgreSQL Engineering","Developer","High","Practical","0","Pending"
"PERF-020","PERF-020","Performance","Normal","[PERF-020] Optimization lab 20: array membership search","**Objective:** Optimization lab 20: array membership search

**Prerequisites:** PERF-019

**Concepts:** Thirty query optimization labs; Method: measure, read the plan, change one thing, measure again

**Tools:** PostgreSQL; psql; pg_stat_statements

**Environment:** Single Server

### Steps
- [ ] Run the slow statement from the lab sheet on the course dataset
- [ ] Capture EXPLAIN (ANALYZE, BUFFERS) before the change
- [ ] Add a GIN index and use the array operator
- [ ] Capture EXPLAIN (ANALYZE, BUFFERS) after the change
- [ ] Record the change and why it works in the repository

### Acceptance criteria
- Before and after plans are attached
- Time or buffers improve and the reason is explained
- No unneeded index or setting change is left behind

**Evidence required:** Before and after measurements

**Troubleshooting:** Read the server log first. Record each problem and its fix in the issue notes. If stuck for more than 30 minutes, set the status to Blocked and describe the blocker.

**Performance:** Note the effect of this change on latency, WAL and locks where it applies.

**Security:** Use least-privilege roles, not the superuser, unless the task requires it. Keep secrets out of the repository.

**Automation:** Commit SQL and configuration to the repository. From phase 17 on, apply changes through migrations and the automation repository.

**Assessment:** Instructor checks the before and after measurements and the reasoning. Type: Practical.

### Completion criteria
- Every step is done and every acceptance criterion is demonstrated
- Required evidence is attached to the issue
- SQL, configuration and documents are committed to the repository
- Actual time is logged against the issue
- Instructor Review is Approved and the status is Completed

**Estimated time:** 1 h

**Next task:** PERF-021","Query Optimization","V07.0 Indexing & Query Optimization","MOD-23","PERF-019","1","L4 - Advanced","Performance","Single Server","Before and after measurements","PostgreSQL; psql; pg_stat_statements","18","Level 2 - Senior PostgreSQL Engineering","Developer","High","Practical","0","Pending"
"PERF-021","PERF-021","Performance","Normal","[PERF-021] Optimization lab 21: range overlap search","**Objective:** Optimization lab 21: range overlap search

**Prerequisites:** PERF-020

**Concepts:** Thirty query optimization labs; Method: measure, read the plan, change one thing, measure again

**Tools:** PostgreSQL; psql; pg_stat_statements

**Environment:** Single Server

### Steps
- [ ] Run the slow statement from the lab sheet on the course dataset
- [ ] Capture EXPLAIN (ANALYZE, BUFFERS) before the change
- [ ] Use a range column with a GiST index
- [ ] Capture EXPLAIN (ANALYZE, BUFFERS) after the change
- [ ] Record the change and why it works in the repository

### Acceptance criteria
- Before and after plans are attached
- Time or buffers improve and the reason is explained
- No unneeded index or setting change is left behind

**Evidence required:** Before and after measurements

**Troubleshooting:** Read the server log first. Record each problem and its fix in the issue notes. If stuck for more than 30 minutes, set the status to Blocked and describe the blocker.

**Performance:** Note the effect of this change on latency, WAL and locks where it applies.

**Security:** Use least-privilege roles, not the superuser, unless the task requires it. Keep secrets out of the repository.

**Automation:** Commit SQL and configuration to the repository. From phase 17 on, apply changes through migrations and the automation repository.

**Assessment:** Instructor checks the before and after measurements and the reasoning. Type: Practical.

### Completion criteria
- Every step is done and every acceptance criterion is demonstrated
- Required evidence is attached to the issue
- SQL, configuration and documents are committed to the repository
- Actual time is logged against the issue
- Instructor Review is Approved and the status is Completed

**Estimated time:** 1 h

**Next task:** PERF-022","Query Optimization","V07.0 Indexing & Query Optimization","MOD-23","PERF-020","1","L4 - Advanced","Performance","Single Server","Before and after measurements","PostgreSQL; psql; pg_stat_statements","18","Level 2 - Senior PostgreSQL Engineering","Developer","High","Practical","0","Pending"
"PERF-022","PERF-022","Performance","Normal","[PERF-022] Optimization lab 22: time-series scan on a huge table","**Objective:** Optimization lab 22: time-series scan on a huge table

**Prerequisites:** PERF-021

**Concepts:** Thirty query optimization labs; Method: measure, read the plan, change one thing, measure again

**Tools:** PostgreSQL; psql; pg_stat_statements

**Environment:** Single Server

### Steps
- [ ] Run the slow statement from the lab sheet on the course dataset
- [ ] Capture EXPLAIN (ANALYZE, BUFFERS) before the change
- [ ] Use BRIN or partition pruning
- [ ] Capture EXPLAIN (ANALYZE, BUFFERS) after the change
- [ ] Record the change and why it works in the repository

### Acceptance criteria
- Before and after plans are attached
- Time or buffers improve and the reason is explained
- No unneeded index or setting change is left behind

**Evidence required:** Before and after measurements

**Troubleshooting:** Read the server log first. Record each problem and its fix in the issue notes. If stuck for more than 30 minutes, set the status to Blocked and describe the blocker.

**Performance:** Note the effect of this change on latency, WAL and locks where it applies.

**Security:** Use least-privilege roles, not the superuser, unless the task requires it. Keep secrets out of the repository.

**Automation:** Commit SQL and configuration to the repository. From phase 17 on, apply changes through migrations and the automation repository.

**Assessment:** Instructor checks the before and after measurements and the reasoning. Type: Practical.

### Completion criteria
- Every step is done and every acceptance criterion is demonstrated
- Required evidence is attached to the issue
- SQL, configuration and documents are committed to the repository
- Actual time is logged against the issue
- Instructor Review is Approved and the status is Completed

**Estimated time:** 1 h

**Next task:** PERF-023","Query Optimization","V07.0 Indexing & Query Optimization","MOD-23","PERF-021","1","L4 - Advanced","Performance","Single Server","Before and after measurements","PostgreSQL; psql; pg_stat_statements","18","Level 2 - Senior PostgreSQL Engineering","Developer","High","Practical","0","Pending"
"PERF-023","PERF-023","Performance","Normal","[PERF-023] Optimization lab 23: CTE acting as a fence","**Objective:** Optimization lab 23: CTE acting as a fence

**Prerequisites:** PERF-022

**Concepts:** Thirty query optimization labs; Method: measure, read the plan, change one thing, measure again

**Tools:** PostgreSQL; psql; pg_stat_statements

**Environment:** Single Server

### Steps
- [ ] Run the slow statement from the lab sheet on the course dataset
- [ ] Capture EXPLAIN (ANALYZE, BUFFERS) before the change
- [ ] Use NOT MATERIALIZED or inline the CTE
- [ ] Capture EXPLAIN (ANALYZE, BUFFERS) after the change
- [ ] Record the change and why it works in the repository

### Acceptance criteria
- Before and after plans are attached
- Time or buffers improve and the reason is explained
- No unneeded index or setting change is left behind

**Evidence required:** Before and after measurements

**Troubleshooting:** Read the server log first. Record each problem and its fix in the issue notes. If stuck for more than 30 minutes, set the status to Blocked and describe the blocker.

**Performance:** Note the effect of this change on latency, WAL and locks where it applies.

**Security:** Use least-privilege roles, not the superuser, unless the task requires it. Keep secrets out of the repository.

**Automation:** Commit SQL and configuration to the repository. From phase 17 on, apply changes through migrations and the automation repository.

**Assessment:** Instructor checks the before and after measurements and the reasoning. Type: Practical.

### Completion criteria
- Every step is done and every acceptance criterion is demonstrated
- Required evidence is attached to the issue
- SQL, configuration and documents are committed to the repository
- Actual time is logged against the issue
- Instructor Review is Approved and the status is Completed

**Estimated time:** 1 h

**Next task:** PERF-024","Query Optimization","V07.0 Indexing & Query Optimization","MOD-23","PERF-022","1","L4 - Advanced","Performance","Single Server","Before and after measurements","PostgreSQL; psql; pg_stat_statements","18","Level 2 - Senior PostgreSQL Engineering","Developer","High","Practical","0","Pending"
"PERF-024","PERF-024","Performance","Normal","[PERF-024] Optimization lab 24: DISTINCT hiding a bad join","**Objective:** Optimization lab 24: DISTINCT hiding a bad join

**Prerequisites:** PERF-023

**Concepts:** Thirty query optimization labs; Method: measure, read the plan, change one thing, measure again

**Tools:** PostgreSQL; psql; pg_stat_statements

**Environment:** Single Server

### Steps
- [ ] Run the slow statement from the lab sheet on the course dataset
- [ ] Capture EXPLAIN (ANALYZE, BUFFERS) before the change
- [ ] Fix the join and remove DISTINCT
- [ ] Capture EXPLAIN (ANALYZE, BUFFERS) after the change
- [ ] Record the change and why it works in the repository

### Acceptance criteria
- Before and after plans are attached
- Time or buffers improve and the reason is explained
- No unneeded index or setting change is left behind

**Evidence required:** Before and after measurements

**Troubleshooting:** Read the server log first. Record each problem and its fix in the issue notes. If stuck for more than 30 minutes, set the status to Blocked and describe the blocker.

**Performance:** Note the effect of this change on latency, WAL and locks where it applies.

**Security:** Use least-privilege roles, not the superuser, unless the task requires it. Keep secrets out of the repository.

**Automation:** Commit SQL and configuration to the repository. From phase 17 on, apply changes through migrations and the automation repository.

**Assessment:** Instructor checks the before and after measurements and the reasoning. Type: Practical.

### Completion criteria
- Every step is done and every acceptance criterion is demonstrated
- Required evidence is attached to the issue
- SQL, configuration and documents are committed to the repository
- Actual time is logged against the issue
- Instructor Review is Approved and the status is Completed

**Estimated time:** 1 h

**Next task:** PERF-025","Query Optimization","V07.0 Indexing & Query Optimization","MOD-23","PERF-023","1","L4 - Advanced","Performance","Single Server","Before and after measurements","PostgreSQL; psql; pg_stat_statements","18","Level 2 - Senior PostgreSQL Engineering","Developer","High","Practical","0","Pending"
"PERF-025","PERF-025","Performance","Normal","[PERF-025] Optimization lab 25: join order and missing foreign key index","**Objective:** Optimization lab 25: join order and missing foreign key index

**Prerequisites:** PERF-024

**Concepts:** Thirty query optimization labs; Method: measure, read the plan, change one thing, measure again

**Tools:** PostgreSQL; psql; pg_stat_statements

**Environment:** Single Server

### Steps
- [ ] Run the slow statement from the lab sheet on the course dataset
- [ ] Capture EXPLAIN (ANALYZE, BUFFERS) before the change
- [ ] Index the referencing column
- [ ] Capture EXPLAIN (ANALYZE, BUFFERS) after the change
- [ ] Record the change and why it works in the repository

### Acceptance criteria
- Before and after plans are attached
- Time or buffers improve and the reason is explained
- No unneeded index or setting change is left behind

**Evidence required:** Before and after measurements

**Troubleshooting:** Read the server log first. Record each problem and its fix in the issue notes. If stuck for more than 30 minutes, set the status to Blocked and describe the blocker.

**Performance:** Note the effect of this change on latency, WAL and locks where it applies.

**Security:** Use least-privilege roles, not the superuser, unless the task requires it. Keep secrets out of the repository.

**Automation:** Commit SQL and configuration to the repository. From phase 17 on, apply changes through migrations and the automation repository.

**Assessment:** Instructor checks the before and after measurements and the reasoning. Type: Practical.

### Completion criteria
- Every step is done and every acceptance criterion is demonstrated
- Required evidence is attached to the issue
- SQL, configuration and documents are committed to the repository
- Actual time is logged against the issue
- Instructor Review is Approved and the status is Completed

**Estimated time:** 1 h

**Next task:** PERF-026","Query Optimization","V07.0 Indexing & Query Optimization","MOD-23","PERF-024","1","L4 - Advanced","Performance","Single Server","Before and after measurements","PostgreSQL; psql; pg_stat_statements","18","Level 2 - Senior PostgreSQL Engineering","Developer","High","Practical","0","Pending"
"PERF-026","PERF-026","Performance","Normal","[PERF-026] Optimization lab 26: parallel query not used","**Objective:** Optimization lab 26: parallel query not used

**Prerequisites:** PERF-025

**Concepts:** Thirty query optimization labs; Method: measure, read the plan, change one thing, measure again

**Tools:** PostgreSQL; psql; pg_stat_statements

**Environment:** Single Server

### Steps
- [ ] Run the slow statement from the lab sheet on the course dataset
- [ ] Capture EXPLAIN (ANALYZE, BUFFERS) before the change
- [ ] Find what blocks parallelism and fix it
- [ ] Capture EXPLAIN (ANALYZE, BUFFERS) after the change
- [ ] Record the change and why it works in the repository

### Acceptance criteria
- Before and after plans are attached
- Time or buffers improve and the reason is explained
- No unneeded index or setting change is left behind

**Evidence required:** Before and after measurements

**Troubleshooting:** Read the server log first. Record each problem and its fix in the issue notes. If stuck for more than 30 minutes, set the status to Blocked and describe the blocker.

**Performance:** Note the effect of this change on latency, WAL and locks where it applies.

**Security:** Use least-privilege roles, not the superuser, unless the task requires it. Keep secrets out of the repository.

**Automation:** Commit SQL and configuration to the repository. From phase 17 on, apply changes through migrations and the automation repository.

**Assessment:** Instructor checks the before and after measurements and the reasoning. Type: Practical.

### Completion criteria
- Every step is done and every acceptance criterion is demonstrated
- Required evidence is attached to the issue
- SQL, configuration and documents are committed to the repository
- Actual time is logged against the issue
- Instructor Review is Approved and the status is Completed

**Estimated time:** 1 h

**Next task:** PERF-027","Query Optimization","V07.0 Indexing & Query Optimization","MOD-23","PERF-025","1","L4 - Advanced","Performance","Single Server","Before and after measurements","PostgreSQL; psql; pg_stat_statements","18","Level 2 - Senior PostgreSQL Engineering","Developer","High","Practical","0","Pending"
"PERF-027","PERF-027","Performance","Normal","[PERF-027] Optimization lab 27: generic plan for a prepared statement","**Objective:** Optimization lab 27: generic plan for a prepared statement

**Prerequisites:** PERF-026

**Concepts:** Thirty query optimization labs; Method: measure, read the plan, change one thing, measure again

**Tools:** PostgreSQL; psql; pg_stat_statements

**Environment:** Single Server

### Steps
- [ ] Run the slow statement from the lab sheet on the course dataset
- [ ] Capture EXPLAIN (ANALYZE, BUFFERS) before the change
- [ ] Compare custom and generic plans and set plan_cache_mode where justified
- [ ] Capture EXPLAIN (ANALYZE, BUFFERS) after the change
- [ ] Record the change and why it works in the repository

### Acceptance criteria
- Before and after plans are attached
- Time or buffers improve and the reason is explained
- No unneeded index or setting change is left behind

**Evidence required:** Before and after measurements

**Troubleshooting:** Read the server log first. Record each problem and its fix in the issue notes. If stuck for more than 30 minutes, set the status to Blocked and describe the blocker.

**Performance:** Note the effect of this change on latency, WAL and locks where it applies.

**Security:** Use least-privilege roles, not the superuser, unless the task requires it. Keep secrets out of the repository.

**Automation:** Commit SQL and configuration to the repository. From phase 17 on, apply changes through migrations and the automation repository.

**Assessment:** Instructor checks the before and after measurements and the reasoning. Type: Practical.

### Completion criteria
- Every step is done and every acceptance criterion is demonstrated
- Required evidence is attached to the issue
- SQL, configuration and documents are committed to the repository
- Actual time is logged against the issue
- Instructor Review is Approved and the status is Completed

**Estimated time:** 1 h

**Next task:** PERF-028","Query Optimization","V07.0 Indexing & Query Optimization","MOD-23","PERF-026","1","L4 - Advanced","Performance","Single Server","Before and after measurements","PostgreSQL; psql; pg_stat_statements","18","Level 2 - Senior PostgreSQL Engineering","Developer","High","Practical","0","Pending"
"PERF-028","PERF-028","Performance","Normal","[PERF-028] Optimization lab 28: slow UPDATE touching indexed columns","**Objective:** Optimization lab 28: slow UPDATE touching indexed columns

**Prerequisites:** PERF-027

**Concepts:** Thirty query optimization labs; Method: measure, read the plan, change one thing, measure again

**Tools:** PostgreSQL; psql; pg_stat_statements

**Environment:** Single Server

### Steps
- [ ] Run the slow statement from the lab sheet on the course dataset
- [ ] Capture EXPLAIN (ANALYZE, BUFFERS) before the change
- [ ] Enable HOT updates with fillfactor and fewer indexes
- [ ] Capture EXPLAIN (ANALYZE, BUFFERS) after the change
- [ ] Record the change and why it works in the repository

### Acceptance criteria
- Before and after plans are attached
- Time or buffers improve and the reason is explained
- No unneeded index or setting change is left behind

**Evidence required:** Before and after measurements

**Troubleshooting:** Read the server log first. Record each problem and its fix in the issue notes. If stuck for more than 30 minutes, set the status to Blocked and describe the blocker.

**Performance:** Note the effect of this change on latency, WAL and locks where it applies.

**Security:** Use least-privilege roles, not the superuser, unless the task requires it. Keep secrets out of the repository.

**Automation:** Commit SQL and configuration to the repository. From phase 17 on, apply changes through migrations and the automation repository.

**Assessment:** Instructor checks the before and after measurements and the reasoning. Type: Practical.

### Completion criteria
- Every step is done and every acceptance criterion is demonstrated
- Required evidence is attached to the issue
- SQL, configuration and documents are committed to the repository
- Actual time is logged against the issue
- Instructor Review is Approved and the status is Completed

**Estimated time:** 1 h

**Next task:** PERF-029","Query Optimization","V07.0 Indexing & Query Optimization","MOD-23","PERF-027","1","L4 - Advanced","Performance","Single Server","Before and after measurements","PostgreSQL; psql; pg_stat_statements","18","Level 2 - Senior PostgreSQL Engineering","Developer","High","Practical","0","Pending"
"PERF-029","PERF-029","Performance","Normal","[PERF-029] Optimization lab 29: slow DELETE with cascading foreign keys","**Objective:** Optimization lab 29: slow DELETE with cascading foreign keys

**Prerequisites:** PERF-028

**Concepts:** Thirty query optimization labs; Method: measure, read the plan, change one thing, measure again

**Tools:** PostgreSQL; psql; pg_stat_statements

**Environment:** Single Server

### Steps
- [ ] Run the slow statement from the lab sheet on the course dataset
- [ ] Capture EXPLAIN (ANALYZE, BUFFERS) before the change
- [ ] Index the child keys and batch the delete
- [ ] Capture EXPLAIN (ANALYZE, BUFFERS) after the change
- [ ] Record the change and why it works in the repository

### Acceptance criteria
- Before and after plans are attached
- Time or buffers improve and the reason is explained
- No unneeded index or setting change is left behind

**Evidence required:** Before and after measurements

**Troubleshooting:** Read the server log first. Record each problem and its fix in the issue notes. If stuck for more than 30 minutes, set the status to Blocked and describe the blocker.

**Performance:** Note the effect of this change on latency, WAL and locks where it applies.

**Security:** Use least-privilege roles, not the superuser, unless the task requires it. Keep secrets out of the repository.

**Automation:** Commit SQL and configuration to the repository. From phase 17 on, apply changes through migrations and the automation repository.

**Assessment:** Instructor checks the before and after measurements and the reasoning. Type: Practical.

### Completion criteria
- Every step is done and every acceptance criterion is demonstrated
- Required evidence is attached to the issue
- SQL, configuration and documents are committed to the repository
- Actual time is logged against the issue
- Instructor Review is Approved and the status is Completed

**Estimated time:** 1 h

**Next task:** PERF-030","Query Optimization","V07.0 Indexing & Query Optimization","MOD-23","PERF-028","1","L4 - Advanced","Performance","Single Server","Before and after measurements","PostgreSQL; psql; pg_stat_statements","18","Level 2 - Senior PostgreSQL Engineering","Developer","High","Practical","0","Pending"
"PERF-030","PERF-030","Performance","Normal","[PERF-030] Optimization lab 30: reporting query on a normalized schema","**Objective:** Optimization lab 30: reporting query on a normalized schema

**Prerequisites:** PERF-029

**Concepts:** Thirty query optimization labs; Method: measure, read the plan, change one thing, measure again

**Tools:** PostgreSQL; psql; pg_stat_statements

**Environment:** Single Server

### Steps
- [ ] Run the slow statement from the lab sheet on the course dataset
- [ ] Capture EXPLAIN (ANALYZE, BUFFERS) before the change
- [ ] Pre-aggregate with a materialized view
- [ ] Capture EXPLAIN (ANALYZE, BUFFERS) after the change
- [ ] Record the change and why it works in the repository

### Acceptance criteria
- Before and after plans are attached
- Time or buffers improve and the reason is explained
- No unneeded index or setting change is left behind

**Evidence required:** Before and after measurements

**Troubleshooting:** Read the server log first. Record each problem and its fix in the issue notes. If stuck for more than 30 minutes, set the status to Blocked and describe the blocker.

**Performance:** Note the effect of this change on latency, WAL and locks where it applies.

**Security:** Use least-privilege roles, not the superuser, unless the task requires it. Keep secrets out of the repository.

**Automation:** Commit SQL and configuration to the repository. From phase 17 on, apply changes through migrations and the automation repository.

**Assessment:** Instructor checks the before and after measurements and the reasoning. Type: Practical.

### Completion criteria
- Every step is done and every acceptance criterion is demonstrated
- Required evidence is attached to the issue
- SQL, configuration and documents are committed to the repository
- Actual time is logged against the issue
- Instructor Review is Approved and the status is Completed

**Estimated time:** 1 h

**Next task:** TSH-007","Query Optimization","V07.0 Indexing & Query Optimization","MOD-23","PERF-029","1","L4 - Advanced","Performance","Single Server","Before and after measurements","PostgreSQL; psql; pg_stat_statements","18","Level 2 - Senior PostgreSQL Engineering","Developer","High","Practical","0","Pending"
"TSH-007","TSH-007","Troubleshooting","Normal","[TSH-007] Scenario 07: slow query in production","**Objective:** Scenario 07: slow query in production

**Prerequisites:** PERF-030

**Concepts:** Thirty query optimization labs; Method: measure, read the plan, change one thing, measure again

**Tools:** PostgreSQL; psql; pg_stat_statements

**Environment:** Single Server

### Steps
- [ ] Reproduce the instructor fault on the lab server
- [ ] Collect evidence before changing anything
- [ ] Find it in pg_stat_statements and the log
- [ ] Capture the plan with BUFFERS
- [ ] Compare estimates with actual rows
- [ ] Apply the fix
- [ ] Validate with the original failing action
- [ ] Write the seven-section report: problem, evidence, diagnosis, root cause, fix, validation, prevention

### Acceptance criteria
- Service or behaviour is restored
- Root cause is proven with evidence
- Report has all seven sections

**Evidence required:** Root cause report

**Performance:** Note the effect of this change on latency, WAL and locks where it applies.

**Security:** Use least-privilege roles, not the superuser, unless the task requires it. Keep secrets out of the repository.

**Automation:** Commit SQL and configuration to the repository. From phase 17 on, apply changes through migrations and the automation repository.

**Assessment:** Instructor grades the seven-section report. Type: Practical.

### Completion criteria
- Every step is done and every acceptance criterion is demonstrated
- Required evidence is attached to the issue
- SQL, configuration and documents are committed to the repository
- Actual time is logged against the issue
- Instructor Review is Approved and the status is Completed

**Estimated time:** 2 h

**Next task:** TSH-008","Query Optimization","V07.0 Indexing & Query Optimization","MOD-23","PERF-030","2","L4 - Advanced","Troubleshooting","Single Server","Root cause report","PostgreSQL; psql; pg_stat_statements","18","Level 2 - Senior PostgreSQL Engineering","Developer","High","Practical","0","Pending"
"TSH-008","TSH-008","Troubleshooting","Normal","[TSH-008] Scenario 08: missing index after a deployment","**Objective:** Scenario 08: missing index after a deployment

**Prerequisites:** TSH-007

**Concepts:** Thirty query optimization labs; Method: measure, read the plan, change one thing, measure again

**Tools:** PostgreSQL; psql; pg_stat_statements

**Environment:** Single Server

### Steps
- [ ] Reproduce the instructor fault on the lab server
- [ ] Collect evidence before changing anything
- [ ] Compare schema with the previous version
- [ ] Check for an invalid index from a failed concurrent build
- [ ] Apply the fix
- [ ] Validate with the original failing action
- [ ] Write the seven-section report: problem, evidence, diagnosis, root cause, fix, validation, prevention

### Acceptance criteria
- Service or behaviour is restored
- Root cause is proven with evidence
- Report has all seven sections

**Evidence required:** Root cause report

**Performance:** Note the effect of this change on latency, WAL and locks where it applies.

**Security:** Use least-privilege roles, not the superuser, unless the task requires it. Keep secrets out of the repository.

**Automation:** Commit SQL and configuration to the repository. From phase 17 on, apply changes through migrations and the automation repository.

**Assessment:** Instructor grades the seven-section report. Type: Practical.

### Completion criteria
- Every step is done and every acceptance criterion is demonstrated
- Required evidence is attached to the issue
- SQL, configuration and documents are committed to the repository
- Actual time is logged against the issue
- Instructor Review is Approved and the status is Completed

**Estimated time:** 2 h

**Next task:** TSH-009","Query Optimization","V07.0 Indexing & Query Optimization","MOD-23","TSH-007","2","L4 - Advanced","Troubleshooting","Single Server","Root cause report","PostgreSQL; psql; pg_stat_statements","18","Level 2 - Senior PostgreSQL Engineering","Developer","High","Practical","0","Pending"
"TSH-009","TSH-009","Troubleshooting","Normal","[TSH-009] Scenario 09: bad query plan after an upgrade or data change","**Objective:** Scenario 09: bad query plan after an upgrade or data change

**Prerequisites:** TSH-008

**Concepts:** Thirty query optimization labs; Method: measure, read the plan, change one thing, measure again

**Tools:** PostgreSQL; psql; pg_stat_statements

**Environment:** Single Server

### Steps
- [ ] Reproduce the instructor fault on the lab server
- [ ] Collect evidence before changing anything
- [ ] Check statistics age
- [ ] Compare plans
- [ ] Check changed settings with EXPLAIN SETTINGS
- [ ] Apply the fix
- [ ] Validate with the original failing action
- [ ] Write the seven-section report: problem, evidence, diagnosis, root cause, fix, validation, prevention

### Acceptance criteria
- Service or behaviour is restored
- Root cause is proven with evidence
- Report has all seven sections

**Evidence required:** Root cause report

**Performance:** Note the effect of this change on latency, WAL and locks where it applies.

**Security:** Use least-privilege roles, not the superuser, unless the task requires it. Keep secrets out of the repository.

**Automation:** Commit SQL and configuration to the repository. From phase 17 on, apply changes through migrations and the automation repository.

**Assessment:** Instructor grades the seven-section report. Type: Practical.

### Completion criteria
- Every step is done and every acceptance criterion is demonstrated
- Required evidence is attached to the issue
- SQL, configuration and documents are committed to the repository
- Actual time is logged against the issue
- Instructor Review is Approved and the status is Completed

**Estimated time:** 2 h

**Next task:** PROJECT-004","Query Optimization","V07.0 Indexing & Query Optimization","MOD-23","TSH-008","2","L4 - Advanced","Troubleshooting","Single Server","Root cause report","PostgreSQL; psql; pg_stat_statements","18","Level 2 - Senior PostgreSQL Engineering","Developer","High","Practical","0","Pending"
"PROJECT-004","PROJECT-004","Project","Normal","[PROJECT-004] Performance project 2: design an indexing strategy","**Objective:** Performance project 2: design an indexing strategy

**Prerequisites:** TSH-009

**Concepts:** Thirty query optimization labs; Method: measure, read the plan, change one thing, measure again

**Tools:** PostgreSQL; psql; pg_stat_statements

**Environment:** Single Server

### Steps
- [ ] Collect the workload from pg_stat_statements
- [ ] Propose the minimal index set for the top queries
- [ ] Remove redundant indexes
- [ ] Measure read and write impact with pgbench custom scripts
- [ ] Document every index with its query

### Acceptance criteria
- Top queries meet their targets
- Total index size and write cost are reported
- Every index is justified

**Evidence required:** Repository link + documentation

**Troubleshooting:** Read the server log first. Record each problem and its fix in the issue notes. If stuck for more than 30 minutes, set the status to Blocked and describe the blocker.

**Performance:** Note the effect of this change on latency, WAL and locks where it applies.

**Security:** Use least-privilege roles, not the superuser, unless the task requires it. Keep secrets out of the repository.

**Automation:** Commit SQL and configuration to the repository. From phase 17 on, apply changes through migrations and the automation repository.

**Assessment:** Scored 0-100 on working result, test evidence, documentation and repository quality. Type: Project.

### Completion criteria
- Every step is done and every acceptance criterion is demonstrated
- Required evidence is attached to the issue
- SQL, configuration and documents are committed to the repository
- Actual time is logged against the issue
- Instructor Review is Approved and the status is Completed

**Estimated time:** 6 h

**Next task:** ASM-007","Query Optimization","V07.0 Indexing & Query Optimization","MOD-23","TSH-009","6","L4 - Advanced","Project","Single Server","Repository link + documentation","PostgreSQL; psql; pg_stat_statements","18","Level 2 - Senior PostgreSQL Engineering","Developer","High","Project","1","Pending"
"ASM-007","ASM-007","Assessment","High","[ASM-007] Phase 07 assessment: performance optimization practical","**Objective:** Phase 07 assessment: performance optimization practical

**Prerequisites:** PROJECT-004

**Concepts:** Thirty query optimization labs; Method: measure, read the plan, change one thing, measure again

**Tools:** PostgreSQL; psql; pg_stat_statements

**Environment:** Single Server

### Steps
- [ ] Optimize five unseen slow queries and justify each change

### Acceptance criteria
- Score of 70 or higher

**Evidence required:** Scored result

**Troubleshooting:** Read the server log first. Record each problem and its fix in the issue notes. If stuck for more than 30 minutes, set the status to Blocked and describe the blocker.

**Performance:** Note the effect of this change on latency, WAL and locks where it applies.

**Security:** Use least-privilege roles, not the superuser, unless the task requires it. Keep secrets out of the repository.

**Automation:** Commit SQL and configuration to the repository. From phase 17 on, apply changes through migrations and the automation repository.

**Assessment:** Scored 0-100. Pass mark 70. Type: Practical exam.

### Completion criteria
- Every step is done and every acceptance criterion is demonstrated
- Required evidence is attached to the issue
- SQL, configuration and documents are committed to the repository
- Actual time is logged against the issue
- Instructor Review is Approved and the status is Completed

**Estimated time:** 3 h

**Next task:** Last task of this module","Query Optimization","V07.0 Indexing & Query Optimization","MOD-23","PROJECT-004","3","L4 - Advanced","Assessment","Single Server","Scored result","PostgreSQL; psql; pg_stat_statements","18","Level 2 - Senior PostgreSQL Engineering","Developer","High","Practical exam","0","Pending"
"REVIEW-07","REVIEW-07","Review","High","[REVIEW-07] Phase 07 gate review","**Objective:** Confirm that phase 07 (Indexing & Query Optimization) is complete.

### Checklist
- [ ] Every issue of the phase is Completed
- [ ] Evidence is attached to every issue
- [ ] Time is logged
- [ ] Assessment score is 70 or higher
- [ ] SQL, configuration and documents are in the repository

**Assessment:** Instructor confirms the checklist and records the gate decision.

**Estimated time:** 1 h","","V07.0 Indexing & Query Optimization","PHASE-07","ASG-006, LAB-025, ASM-007","1","","Review","","Instructor sign-off","","","","","","Review","0","Pending"
"PHASE-08","PHASE-08","Phase","Normal","[PHASE-08] Transactions & MVCC","Phase 08 of 20. Version: V08.0 Transactions & MVCC.

Modules: 2. Estimated hours: 33.

- MOD-24 Transactions and Locking
- MOD-25 MVCC

The phase closes with the gate review REVIEW-08.","","V08.0 Transactions & MVCC","EPIC","","","","","","","","","","","","","",""
"MOD-24","MOD-24","Module","Normal","[MOD-24] Transactions and Locking","**Topics:** ACID; BEGIN; COMMIT; ROLLBACK; SAVEPOINT; Transaction isolation; Read Committed; Repeatable Read; Serializable; Read Uncommitted behavior; Locks; Deadlocks

**Tools:** PostgreSQL; psql; pg_locks; pg_stat_activity

**Environment:** Single Server

**Tasks:** 8, 20 estimated hours.

- THY-022 Isolation levels and anomalies
- LAB-027 Transactions
- THY-023 Lock modes: table locks, row locks and lock queues
- LAB-028 Investigate locks with pg_locks and pg_stat_activity
- TSH-010 Scenario 10: lock wait blocking the application
- TSH-011 Scenario 11: deadlock
- TSH-012 Scenario 12: idle-in-transaction sessions holding locks
- TSH-013 Scenario 13: DDL causes an outage through the lock queue","Transactions & MVCC","V08.0 Transactions & MVCC","PHASE-08","","","","","Single Server","","PostgreSQL; psql; pg_locks; pg_stat_activity","18","Level 2 - Senior PostgreSQL Engineering","Developer","High","","",""
"THY-022","THY-022","Theory","Normal","[THY-022] Isolation levels and anomalies","**Objective:** Isolation levels and anomalies

**Prerequisites:** PROJECT-002

**Concepts:** ACID; BEGIN; COMMIT; ROLLBACK; SAVEPOINT; Transaction isolation; Read Committed; Repeatable Read; Serializable; Read Uncommitted behavior; Locks; Deadlocks

**Tools:** PostgreSQL; psql; pg_locks; pg_stat_activity

**Environment:** Single Server

### Steps
- [ ] Study dirty read, non-repeatable read, phantom read and serialization anomaly
- [ ] Study Read Committed, Repeatable Read and Serializable in PostgreSQL
- [ ] Study why Read Uncommitted behaves as Read Committed
- [ ] Study when the application must retry

### Acceptance criteria
- Maps each anomaly to the levels that allow it
- Explains serialization failure and retry

**Evidence required:** Notes

**Troubleshooting:** Read the server log first. Record each problem and its fix in the issue notes. If stuck for more than 30 minutes, set the status to Blocked and describe the blocker.

**Performance:** Note the effect of this change on latency, WAL and locks where it applies.

**Security:** Use least-privilege roles, not the superuser, unless the task requires it. Keep secrets out of the repository.

**Automation:** Commit SQL and configuration to the repository. From phase 17 on, apply changes through migrations and the automation repository.

**Assessment:** Instructor checks the notes and asks short oral questions. Type: Short answer.

### Completion criteria
- Every step is done and every acceptance criterion is demonstrated
- Required evidence is attached to the issue
- SQL, configuration and documents are committed to the repository
- Actual time is logged against the issue
- Instructor Review is Approved and the status is Completed

**Estimated time:** 3 h

**Next task:** LAB-027","Transactions & MVCC","V08.0 Transactions & MVCC","MOD-24","PROJECT-002","3","L4 - Advanced","Theory","Single Server","Notes","PostgreSQL; psql; pg_locks; pg_stat_activity","18","Level 2 - Senior PostgreSQL Engineering","Developer","High","Short answer","0","Pending"
"LAB-027","LAB-027","Lab","Normal","[LAB-027] Transactions","**Objective:** Transactions

**Prerequisites:** THY-022

**Concepts:** ACID; BEGIN; COMMIT; ROLLBACK; SAVEPOINT; Transaction isolation; Read Committed; Repeatable Read; Serializable; Read Uncommitted behavior; Locks; Deadlocks

**Tools:** PostgreSQL; psql; pg_locks; pg_stat_activity

**Environment:** Single Server

### Steps
- [ ] Use BEGIN, COMMIT, ROLLBACK and SAVEPOINT
- [ ] Reproduce each anomaly with two sessions at Read Committed
- [ ] Repeat at Repeatable Read and Serializable
- [ ] Handle the serialization error with a retry

### Acceptance criteria
- Each anomaly is reproduced and then prevented
- Retry logic is shown

**Evidence required:** Screenshot + command output

**Troubleshooting:** Read the server log first. Record each problem and its fix in the issue notes. If stuck for more than 30 minutes, set the status to Blocked and describe the blocker.

**Performance:** Note the effect of this change on latency, WAL and locks where it applies.

**Security:** Use least-privilege roles, not the superuser, unless the task requires it. Keep secrets out of the repository.

**Automation:** Commit SQL and configuration to the repository. From phase 17 on, apply changes through migrations and the automation repository.

**Assessment:** Instructor verifies the acceptance criteria from the evidence and may ask for a live demonstration. Type: Practical.

### Completion criteria
- Every step is done and every acceptance criterion is demonstrated
- Required evidence is attached to the issue
- SQL, configuration and documents are committed to the repository
- Actual time is logged against the issue
- Instructor Review is Approved and the status is Completed

**Estimated time:** 3 h

**Next task:** THY-023","Transactions & MVCC","V08.0 Transactions & MVCC","MOD-24","THY-022","3","L4 - Advanced","Guided Lab","Single Server","Screenshot + command output","PostgreSQL; psql; pg_locks; pg_stat_activity","18","Level 2 - Senior PostgreSQL Engineering","Developer","High","Practical","0","Pending"
"THY-023","THY-023","Theory","Normal","[THY-023] Lock modes: table locks, row locks and lock queues","**Objective:** Lock modes: table locks, row locks and lock queues

**Prerequisites:** LAB-027

**Concepts:** ACID; BEGIN; COMMIT; ROLLBACK; SAVEPOINT; Transaction isolation; Read Committed; Repeatable Read; Serializable; Read Uncommitted behavior; Locks; Deadlocks

**Tools:** PostgreSQL; psql; pg_locks; pg_stat_activity

**Environment:** Single Server

### Steps
- [ ] Study the table lock conflict matrix
- [ ] Study row locks: FOR UPDATE, FOR NO KEY UPDATE, FOR SHARE, FOR KEY SHARE
- [ ] Study how a waiting ACCESS EXCLUSIVE request blocks later readers
- [ ] Study advisory locks

### Acceptance criteria
- Predicts whether ten statement pairs block
- Explains the lock queue problem during DDL

**Evidence required:** Notes

**Troubleshooting:** Read the server log first. Record each problem and its fix in the issue notes. If stuck for more than 30 minutes, set the status to Blocked and describe the blocker.

**Performance:** Note the effect of this change on latency, WAL and locks where it applies.

**Security:** Use least-privilege roles, not the superuser, unless the task requires it. Keep secrets out of the repository.

**Automation:** Commit SQL and configuration to the repository. From phase 17 on, apply changes through migrations and the automation repository.

**Assessment:** Instructor checks the notes and asks short oral questions. Type: Short answer.

### Completion criteria
- Every step is done and every acceptance criterion is demonstrated
- Required evidence is attached to the issue
- SQL, configuration and documents are committed to the repository
- Actual time is logged against the issue
- Instructor Review is Approved and the status is Completed

**Estimated time:** 3 h

**Next task:** LAB-028","Transactions & MVCC","V08.0 Transactions & MVCC","MOD-24","LAB-027","3","L4 - Advanced","Theory","Single Server","Notes","PostgreSQL; psql; pg_locks; pg_stat_activity","18","Level 2 - Senior PostgreSQL Engineering","Developer","High","Short answer","0","Pending"
"LAB-028","LAB-028","Lab","Normal","[LAB-028] Investigate locks with pg_locks and pg_stat_activity","**Objective:** Investigate locks with pg_locks and pg_stat_activity

**Prerequisites:** THY-023

**Concepts:** ACID; BEGIN; COMMIT; ROLLBACK; SAVEPOINT; Transaction isolation; Read Committed; Repeatable Read; Serializable; Read Uncommitted behavior; Locks; Deadlocks

**Tools:** PostgreSQL; psql; pg_locks; pg_stat_activity

**Environment:** Single Server

### Steps
- [ ] Create a blocking chain with three sessions
- [ ] Find blockers with pg_blocking_pids
- [ ] Read wait_event and state in pg_stat_activity
- [ ] Set lock_timeout and statement_timeout
- [ ] Use SKIP LOCKED for a job queue

### Acceptance criteria
- Blocking chain is identified from the views
- Timeouts end the wait cleanly
- Queue workers do not block each other

**Evidence required:** Screenshot + command output

**Troubleshooting:** Read the server log first. Record each problem and its fix in the issue notes. If stuck for more than 30 minutes, set the status to Blocked and describe the blocker.

**Performance:** Note the effect of this change on latency, WAL and locks where it applies.

**Security:** Use least-privilege roles, not the superuser, unless the task requires it. Keep secrets out of the repository.

**Automation:** Commit SQL and configuration to the repository. From phase 17 on, apply changes through migrations and the automation repository.

**Assessment:** Instructor verifies the acceptance criteria from the evidence and may ask for a live demonstration. Type: Practical.

### Completion criteria
- Every step is done and every acceptance criterion is demonstrated
- Required evidence is attached to the issue
- SQL, configuration and documents are committed to the repository
- Actual time is logged against the issue
- Instructor Review is Approved and the status is Completed

**Estimated time:** 3 h

**Next task:** TSH-010","Transactions & MVCC","V08.0 Transactions & MVCC","MOD-24","THY-023","3","L4 - Advanced","Guided Lab","Single Server","Screenshot + command output","PostgreSQL; psql; pg_locks; pg_stat_activity","18","Level 2 - Senior PostgreSQL Engineering","Developer","High","Practical","0","Pending"
"TSH-010","TSH-010","Troubleshooting","Normal","[TSH-010] Scenario 10: lock wait blocking the application","**Objective:** Scenario 10: lock wait blocking the application

**Prerequisites:** LAB-028

**Concepts:** ACID; BEGIN; COMMIT; ROLLBACK; SAVEPOINT; Transaction isolation; Read Committed; Repeatable Read; Serializable; Read Uncommitted behavior; Locks; Deadlocks

**Tools:** PostgreSQL; psql; pg_locks; pg_stat_activity

**Environment:** Single Server

### Steps
- [ ] Reproduce the instructor fault on the lab server
- [ ] Collect evidence before changing anything
- [ ] Find the head blocker and its state
- [ ] Check for idle in transaction
- [ ] Decide between waiting, cancel and terminate
- [ ] Apply the fix
- [ ] Validate with the original failing action
- [ ] Write the seven-section report: problem, evidence, diagnosis, root cause, fix, validation, prevention

### Acceptance criteria
- Service or behaviour is restored
- Root cause is proven with evidence
- Report has all seven sections

**Evidence required:** Root cause report

**Performance:** Note the effect of this change on latency, WAL and locks where it applies.

**Security:** Use least-privilege roles, not the superuser, unless the task requires it. Keep secrets out of the repository.

**Automation:** Commit SQL and configuration to the repository. From phase 17 on, apply changes through migrations and the automation repository.

**Assessment:** Instructor grades the seven-section report. Type: Practical.

### Completion criteria
- Every step is done and every acceptance criterion is demonstrated
- Required evidence is attached to the issue
- SQL, configuration and documents are committed to the repository
- Actual time is logged against the issue
- Instructor Review is Approved and the status is Completed

**Estimated time:** 2 h

**Next task:** TSH-011","Transactions & MVCC","V08.0 Transactions & MVCC","MOD-24","LAB-028","2","L4 - Advanced","Troubleshooting","Single Server","Root cause report","PostgreSQL; psql; pg_locks; pg_stat_activity","18","Level 2 - Senior PostgreSQL Engineering","Developer","High","Practical","0","Pending"
"TSH-011","TSH-011","Troubleshooting","Normal","[TSH-011] Scenario 11: deadlock","**Objective:** Scenario 11: deadlock

**Prerequisites:** TSH-010

**Concepts:** ACID; BEGIN; COMMIT; ROLLBACK; SAVEPOINT; Transaction isolation; Read Committed; Repeatable Read; Serializable; Read Uncommitted behavior; Locks; Deadlocks

**Tools:** PostgreSQL; psql; pg_locks; pg_stat_activity

**Environment:** Single Server

### Steps
- [ ] Reproduce the instructor fault on the lab server
- [ ] Collect evidence before changing anything
- [ ] Read the deadlock detail in the log
- [ ] Identify the lock order of both transactions
- [ ] Fix the ordering in the code
- [ ] Apply the fix
- [ ] Validate with the original failing action
- [ ] Write the seven-section report: problem, evidence, diagnosis, root cause, fix, validation, prevention

### Acceptance criteria
- Service or behaviour is restored
- Root cause is proven with evidence
- Report has all seven sections

**Evidence required:** Root cause report

**Performance:** Note the effect of this change on latency, WAL and locks where it applies.

**Security:** Use least-privilege roles, not the superuser, unless the task requires it. Keep secrets out of the repository.

**Automation:** Commit SQL and configuration to the repository. From phase 17 on, apply changes through migrations and the automation repository.

**Assessment:** Instructor grades the seven-section report. Type: Practical.

### Completion criteria
- Every step is done and every acceptance criterion is demonstrated
- Required evidence is attached to the issue
- SQL, configuration and documents are committed to the repository
- Actual time is logged against the issue
- Instructor Review is Approved and the status is Completed

**Estimated time:** 2 h

**Next task:** TSH-012","Transactions & MVCC","V08.0 Transactions & MVCC","MOD-24","TSH-010","2","L4 - Advanced","Troubleshooting","Single Server","Root cause report","PostgreSQL; psql; pg_locks; pg_stat_activity","18","Level 2 - Senior PostgreSQL Engineering","Developer","High","Practical","0","Pending"
"TSH-012","TSH-012","Troubleshooting","Normal","[TSH-012] Scenario 12: idle-in-transaction sessions holding locks","**Objective:** Scenario 12: idle-in-transaction sessions holding locks

**Prerequisites:** TSH-011

**Concepts:** ACID; BEGIN; COMMIT; ROLLBACK; SAVEPOINT; Transaction isolation; Read Committed; Repeatable Read; Serializable; Read Uncommitted behavior; Locks; Deadlocks

**Tools:** PostgreSQL; psql; pg_locks; pg_stat_activity

**Environment:** Single Server

### Steps
- [ ] Reproduce the instructor fault on the lab server
- [ ] Collect evidence before changing anything
- [ ] Find the sessions and their age
- [ ] Trace them to the application
- [ ] Set idle_in_transaction_session_timeout
- [ ] Apply the fix
- [ ] Validate with the original failing action
- [ ] Write the seven-section report: problem, evidence, diagnosis, root cause, fix, validation, prevention

### Acceptance criteria
- Service or behaviour is restored
- Root cause is proven with evidence
- Report has all seven sections

**Evidence required:** Root cause report

**Performance:** Note the effect of this change on latency, WAL and locks where it applies.

**Security:** Use least-privilege roles, not the superuser, unless the task requires it. Keep secrets out of the repository.

**Automation:** Commit SQL and configuration to the repository. From phase 17 on, apply changes through migrations and the automation repository.

**Assessment:** Instructor grades the seven-section report. Type: Practical.

### Completion criteria
- Every step is done and every acceptance criterion is demonstrated
- Required evidence is attached to the issue
- SQL, configuration and documents are committed to the repository
- Actual time is logged against the issue
- Instructor Review is Approved and the status is Completed

**Estimated time:** 2 h

**Next task:** TSH-013","Transactions & MVCC","V08.0 Transactions & MVCC","MOD-24","TSH-011","2","L4 - Advanced","Troubleshooting","Single Server","Root cause report","PostgreSQL; psql; pg_locks; pg_stat_activity","18","Level 2 - Senior PostgreSQL Engineering","Developer","High","Practical","0","Pending"
"TSH-013","TSH-013","Troubleshooting","Normal","[TSH-013] Scenario 13: DDL causes an outage through the lock queue","**Objective:** Scenario 13: DDL causes an outage through the lock queue

**Prerequisites:** TSH-012

**Concepts:** ACID; BEGIN; COMMIT; ROLLBACK; SAVEPOINT; Transaction isolation; Read Committed; Repeatable Read; Serializable; Read Uncommitted behavior; Locks; Deadlocks

**Tools:** PostgreSQL; psql; pg_locks; pg_stat_activity

**Environment:** Single Server

### Steps
- [ ] Reproduce the instructor fault on the lab server
- [ ] Collect evidence before changing anything
- [ ] Reproduce with a long reader and ALTER TABLE
- [ ] Use lock_timeout with retry
- [ ] Rewrite the change as a non-blocking sequence
- [ ] Apply the fix
- [ ] Validate with the original failing action
- [ ] Write the seven-section report: problem, evidence, diagnosis, root cause, fix, validation, prevention

### Acceptance criteria
- Service or behaviour is restored
- Root cause is proven with evidence
- Report has all seven sections

**Evidence required:** Root cause report

**Performance:** Note the effect of this change on latency, WAL and locks where it applies.

**Security:** Use least-privilege roles, not the superuser, unless the task requires it. Keep secrets out of the repository.

**Automation:** Commit SQL and configuration to the repository. From phase 17 on, apply changes through migrations and the automation repository.

**Assessment:** Instructor grades the seven-section report. Type: Practical.

### Completion criteria
- Every step is done and every acceptance criterion is demonstrated
- Required evidence is attached to the issue
- SQL, configuration and documents are committed to the repository
- Actual time is logged against the issue
- Instructor Review is Approved and the status is Completed

**Estimated time:** 2 h

**Next task:** Last task of this module","Transactions & MVCC","V08.0 Transactions & MVCC","MOD-24","TSH-012","2","L4 - Advanced","Troubleshooting","Single Server","Root cause report","PostgreSQL; psql; pg_locks; pg_stat_activity","18","Level 2 - Senior PostgreSQL Engineering","Developer","High","Practical","0","Pending"
"MOD-25","MOD-25","Module","Normal","[MOD-25] MVCC","**Topics:** MVCC; Tuple versions; xmin; xmax; Visibility; Transaction IDs; Snapshot; Dead tuples; Vacuum; Transaction wraparound

**Tools:** PostgreSQL; psql; pageinspect

**Environment:** Single Server

**Tasks:** 4, 12 estimated hours.

- THY-024 MVCC: tuple versions, snapshots and visibility
- LAB-029 MVCC Investigation
- TSH-014 Scenario 14: table grows although the row count is stable
- ASM-008 Phase 08 assessment: transactions and MVCC","Transactions & MVCC","V08.0 Transactions & MVCC","PHASE-08","","","","","Single Server","","PostgreSQL; psql; pageinspect","18","Level 2 - Senior PostgreSQL Engineering","DBA","High","","",""
"THY-024","THY-024","Theory","Normal","[THY-024] MVCC: tuple versions, snapshots and visibility","**Objective:** MVCC: tuple versions, snapshots and visibility

**Prerequisites:** TSH-013

**Concepts:** MVCC; Tuple versions; xmin; xmax; Visibility; Transaction IDs; Snapshot; Dead tuples; Vacuum; Transaction wraparound

**Tools:** PostgreSQL; psql; pageinspect

**Environment:** Single Server

### Steps
- [ ] Study how UPDATE creates a new tuple version
- [ ] Study xmin, xmax, ctid and hint bits
- [ ] Study snapshots and visibility rules
- [ ] Study HOT updates
- [ ] Study transaction ID age and wraparound

### Acceptance criteria
- Explains why readers do not block writers
- Explains what makes a tuple dead
- Explains wraparound in plain terms

**Evidence required:** Notes

**Troubleshooting:** Read the server log first. Record each problem and its fix in the issue notes. If stuck for more than 30 minutes, set the status to Blocked and describe the blocker.

**Performance:** Note the effect of this change on latency, WAL and locks where it applies.

**Security:** Use least-privilege roles, not the superuser, unless the task requires it. Keep secrets out of the repository.

**Automation:** Commit SQL and configuration to the repository. From phase 17 on, apply changes through migrations and the automation repository.

**Assessment:** Instructor checks the notes and asks short oral questions. Type: Short answer.

### Completion criteria
- Every step is done and every acceptance criterion is demonstrated
- Required evidence is attached to the issue
- SQL, configuration and documents are committed to the repository
- Actual time is logged against the issue
- Instructor Review is Approved and the status is Completed

**Estimated time:** 4 h

**Next task:** LAB-029","Transactions & MVCC","V08.0 Transactions & MVCC","MOD-25","TSH-013","4","L4 - Advanced","Theory","Single Server","Notes","PostgreSQL; psql; pageinspect","18","Level 2 - Senior PostgreSQL Engineering","DBA","High","Short answer","0","Pending"
"LAB-029","LAB-029","Lab","Normal","[LAB-029] MVCC Investigation","**Objective:** MVCC Investigation

**Prerequisites:** THY-024

**Concepts:** MVCC; Tuple versions; xmin; xmax; Visibility; Transaction IDs; Snapshot; Dead tuples; Vacuum; Transaction wraparound

**Tools:** PostgreSQL; psql; pageinspect

**Environment:** Single Server

### Steps
- [ ] Read xmin, xmax and ctid for rows across insert, update and delete in two sessions
- [ ] Inspect page contents with pageinspect
- [ ] Show a HOT update and a non-HOT update
- [ ] Hold an old snapshot and watch dead tuples accumulate
- [ ] Read age of datfrozenxid and relfrozenxid

### Acceptance criteria
- Each tuple state is shown with system columns
- Effect of the old snapshot on cleanup is demonstrated
- Oldest transaction age is reported

**Evidence required:** Screenshot + command output

**Troubleshooting:** Read the server log first. Record each problem and its fix in the issue notes. If stuck for more than 30 minutes, set the status to Blocked and describe the blocker.

**Performance:** Note the effect of this change on latency, WAL and locks where it applies.

**Security:** Use least-privilege roles, not the superuser, unless the task requires it. Keep secrets out of the repository.

**Automation:** Commit SQL and configuration to the repository. From phase 17 on, apply changes through migrations and the automation repository.

**Assessment:** Instructor verifies the acceptance criteria from the evidence and may ask for a live demonstration. Type: Practical.

### Completion criteria
- Every step is done and every acceptance criterion is demonstrated
- Required evidence is attached to the issue
- SQL, configuration and documents are committed to the repository
- Actual time is logged against the issue
- Instructor Review is Approved and the status is Completed

**Estimated time:** 4 h

**Next task:** TSH-014","Transactions & MVCC","V08.0 Transactions & MVCC","MOD-25","THY-024","4","L4 - Advanced","Guided Lab","Single Server","Screenshot + command output","PostgreSQL; psql; pageinspect","18","Level 2 - Senior PostgreSQL Engineering","DBA","High","Practical","0","Pending"
"TSH-014","TSH-014","Troubleshooting","Normal","[TSH-014] Scenario 14: table grows although the row count is stable","**Objective:** Scenario 14: table grows although the row count is stable

**Prerequisites:** LAB-029

**Concepts:** MVCC; Tuple versions; xmin; xmax; Visibility; Transaction IDs; Snapshot; Dead tuples; Vacuum; Transaction wraparound

**Tools:** PostgreSQL; psql; pageinspect

**Environment:** Single Server

### Steps
- [ ] Reproduce the instructor fault on the lab server
- [ ] Collect evidence before changing anything
- [ ] Check dead tuples and last autovacuum
- [ ] Look for long transactions, old replication slots and prepared transactions
- [ ] Remove the holder and vacuum
- [ ] Apply the fix
- [ ] Validate with the original failing action
- [ ] Write the seven-section report: problem, evidence, diagnosis, root cause, fix, validation, prevention

### Acceptance criteria
- Service or behaviour is restored
- Root cause is proven with evidence
- Report has all seven sections

**Evidence required:** Root cause report

**Performance:** Note the effect of this change on latency, WAL and locks where it applies.

**Security:** Use least-privilege roles, not the superuser, unless the task requires it. Keep secrets out of the repository.

**Automation:** Commit SQL and configuration to the repository. From phase 17 on, apply changes through migrations and the automation repository.

**Assessment:** Instructor grades the seven-section report. Type: Practical.

### Completion criteria
- Every step is done and every acceptance criterion is demonstrated
- Required evidence is attached to the issue
- SQL, configuration and documents are committed to the repository
- Actual time is logged against the issue
- Instructor Review is Approved and the status is Completed

**Estimated time:** 2 h

**Next task:** ASM-008","Transactions & MVCC","V08.0 Transactions & MVCC","MOD-25","LAB-029","2","L4 - Advanced","Troubleshooting","Single Server","Root cause report","PostgreSQL; psql; pageinspect","18","Level 2 - Senior PostgreSQL Engineering","DBA","High","Practical","0","Pending"
"ASM-008","ASM-008","Assessment","High","[ASM-008] Phase 08 assessment: transactions and MVCC","**Objective:** Phase 08 assessment: transactions and MVCC

**Prerequisites:** TSH-014

**Concepts:** MVCC; Tuple versions; xmin; xmax; Visibility; Transaction IDs; Snapshot; Dead tuples; Vacuum; Transaction wraparound

**Tools:** PostgreSQL; psql; pageinspect

**Environment:** Single Server

### Steps
- [ ] Answer the question set
- [ ] Diagnose one locking and one visibility case

### Acceptance criteria
- Score of 70 or higher

**Evidence required:** Scored result

**Troubleshooting:** Read the server log first. Record each problem and its fix in the issue notes. If stuck for more than 30 minutes, set the status to Blocked and describe the blocker.

**Performance:** Note the effect of this change on latency, WAL and locks where it applies.

**Security:** Use least-privilege roles, not the superuser, unless the task requires it. Keep secrets out of the repository.

**Automation:** Commit SQL and configuration to the repository. From phase 17 on, apply changes through migrations and the automation repository.

**Assessment:** Scored 0-100. Pass mark 70. Type: MCQ + practical.

### Completion criteria
- Every step is done and every acceptance criterion is demonstrated
- Required evidence is attached to the issue
- SQL, configuration and documents are committed to the repository
- Actual time is logged against the issue
- Instructor Review is Approved and the status is Completed

**Estimated time:** 2 h

**Next task:** Last task of this module","Transactions & MVCC","V08.0 Transactions & MVCC","MOD-25","TSH-014","2","L4 - Advanced","Assessment","Single Server","Scored result","PostgreSQL; psql; pageinspect","18","Level 2 - Senior PostgreSQL Engineering","DBA","High","MCQ + practical","0","Pending"
"REVIEW-08","REVIEW-08","Review","High","[REVIEW-08] Phase 08 gate review","**Objective:** Confirm that phase 08 (Transactions & MVCC) is complete.

### Checklist
- [ ] Every issue of the phase is Completed
- [ ] Evidence is attached to every issue
- [ ] Time is logged
- [ ] Assessment score is 70 or higher
- [ ] SQL, configuration and documents are in the repository

**Assessment:** Instructor confirms the checklist and records the gate decision.

**Estimated time:** 1 h","","V08.0 Transactions & MVCC","PHASE-08","TSH-013, ASM-008","1","","Review","","Instructor sign-off","","","","","","Review","0","Pending"
"PHASE-09","PHASE-09","Phase","Normal","[PHASE-09] Vacuum & Storage","Phase 09 of 20. Version: V09.0 Vacuum & Storage.

Modules: 2. Estimated hours: 35.

- MOD-26 VACUUM and Autovacuum
- MOD-27 Storage Internals and Tablespaces

The phase closes with the gate review REVIEW-09.","","V09.0 Vacuum & Storage","EPIC","","","","","","","","","","","","","",""
"MOD-26","MOD-26","Module","Normal","[MOD-26] VACUUM and Autovacuum","**Topics:** VACUUM; VACUUM ANALYZE; VACUUM FULL; ANALYZE; Autovacuum; Dead tuples; Table bloat; Index bloat; Freeze; Transaction ID wraparound; Autovacuum tuning by workload

**Tools:** PostgreSQL; psql; pg_stat_user_tables; pgstattuple

**Environment:** Single Server

**Tasks:** 9, 26 estimated hours.

- THY-025 What VACUUM does and does not do
- LAB-030 Vacuum
- THY-026 Autovacuum: triggers, workers and cost limits
- LAB-031 Tune autovacuum by workload
- LAB-032 Index bloat and REINDEX CONCURRENTLY
- TSH-015 Scenario 15: autovacuum never finishes on a hot table
- TSH-016 Scenario 16: table bloat
- TSH-017 Scenario 17: index bloat
- TSH-018 Scenario 18: transaction ID wraparound warning","Vacuum","V09.0 Vacuum & Storage","PHASE-09","","","","","Single Server","","PostgreSQL; psql; pg_stat_user_tables; pgstattuple","18","Level 2 - Senior PostgreSQL Engineering","DBA","High","","",""
"THY-025","THY-025","Theory","Normal","[THY-025] What VACUUM does and does not do","**Objective:** What VACUUM does and does not do

**Prerequisites:** ASM-008

**Concepts:** VACUUM; VACUUM ANALYZE; VACUUM FULL; ANALYZE; Autovacuum; Dead tuples; Table bloat; Index bloat; Freeze; Transaction ID wraparound; Autovacuum tuning by workload

**Tools:** PostgreSQL; psql; pg_stat_user_tables; pgstattuple

**Environment:** Single Server

### Steps
- [ ] Study dead tuple removal, the free space map and the visibility map
- [ ] Study freezing
- [ ] Study why plain VACUUM rarely shrinks files
- [ ] Study VACUUM FULL and its lock
- [ ] Study ANALYZE

### Acceptance criteria
- Explains plain VACUUM versus VACUUM FULL
- Explains what the visibility map enables

**Evidence required:** Notes

**Troubleshooting:** Read the server log first. Record each problem and its fix in the issue notes. If stuck for more than 30 minutes, set the status to Blocked and describe the blocker.

**Performance:** Note the effect of this change on latency, WAL and locks where it applies.

**Security:** Use least-privilege roles, not the superuser, unless the task requires it. Keep secrets out of the repository.

**Automation:** Commit SQL and configuration to the repository. From phase 17 on, apply changes through migrations and the automation repository.

**Assessment:** Instructor checks the notes and asks short oral questions. Type: Short answer.

### Completion criteria
- Every step is done and every acceptance criterion is demonstrated
- Required evidence is attached to the issue
- SQL, configuration and documents are committed to the repository
- Actual time is logged against the issue
- Instructor Review is Approved and the status is Completed

**Estimated time:** 3 h

**Next task:** LAB-030","Vacuum","V09.0 Vacuum & Storage","MOD-26","ASM-008","3","L4 - Advanced","Theory","Single Server","Notes","PostgreSQL; psql; pg_stat_user_tables; pgstattuple","18","Level 2 - Senior PostgreSQL Engineering","DBA","High","Short answer","0","Pending"
"LAB-030","LAB-030","Lab","Normal","[LAB-030] Vacuum","**Objective:** Vacuum

**Prerequisites:** THY-025

**Concepts:** VACUUM; VACUUM ANALYZE; VACUUM FULL; ANALYZE; Autovacuum; Dead tuples; Table bloat; Index bloat; Freeze; Transaction ID wraparound; Autovacuum tuning by workload

**Tools:** PostgreSQL; psql; pg_stat_user_tables; pgstattuple

**Environment:** Single Server

### Steps
- [ ] Create bloat with updates and deletes
- [ ] Run VACUUM VERBOSE and read the output
- [ ] Measure bloat with pgstattuple
- [ ] Compare file size before and after VACUUM and VACUUM FULL
- [ ] Watch progress in pg_stat_progress_vacuum

### Acceptance criteria
- Verbose output is interpreted
- Bloat percentage is measured before and after
- Lock taken by VACUUM FULL is observed

**Evidence required:** Screenshot + command output

**Troubleshooting:** Read the server log first. Record each problem and its fix in the issue notes. If stuck for more than 30 minutes, set the status to Blocked and describe the blocker.

**Performance:** Note the effect of this change on latency, WAL and locks where it applies.

**Security:** Use least-privilege roles, not the superuser, unless the task requires it. Keep secrets out of the repository.

**Automation:** Commit SQL and configuration to the repository. From phase 17 on, apply changes through migrations and the automation repository.

**Assessment:** Instructor verifies the acceptance criteria from the evidence and may ask for a live demonstration. Type: Practical.

### Completion criteria
- Every step is done and every acceptance criterion is demonstrated
- Required evidence is attached to the issue
- SQL, configuration and documents are committed to the repository
- Actual time is logged against the issue
- Instructor Review is Approved and the status is Completed

**Estimated time:** 4 h

**Next task:** THY-026","Vacuum","V09.0 Vacuum & Storage","MOD-26","THY-025","4","L4 - Advanced","Guided Lab","Single Server","Screenshot + command output","PostgreSQL; psql; pg_stat_user_tables; pgstattuple","18","Level 2 - Senior PostgreSQL Engineering","DBA","High","Practical","0","Pending"
"THY-026","THY-026","Theory","Normal","[THY-026] Autovacuum: triggers, workers and cost limits","**Objective:** Autovacuum: triggers, workers and cost limits

**Prerequisites:** LAB-030

**Concepts:** VACUUM; VACUUM ANALYZE; VACUUM FULL; ANALYZE; Autovacuum; Dead tuples; Table bloat; Index bloat; Freeze; Transaction ID wraparound; Autovacuum tuning by workload

**Tools:** PostgreSQL; psql; pg_stat_user_tables; pgstattuple

**Environment:** Single Server

### Steps
- [ ] Study threshold and scale factor formulas for vacuum and analyze
- [ ] Study insert-triggered vacuum
- [ ] Study workers, naptime and cost-based delay
- [ ] Study anti-wraparound autovacuum

### Acceptance criteria
- Calculates when autovacuum will run for three tables
- Explains why default scale factors fail on large tables

**Evidence required:** Notes

**Troubleshooting:** Read the server log first. Record each problem and its fix in the issue notes. If stuck for more than 30 minutes, set the status to Blocked and describe the blocker.

**Performance:** Note the effect of this change on latency, WAL and locks where it applies.

**Security:** Use least-privilege roles, not the superuser, unless the task requires it. Keep secrets out of the repository.

**Automation:** Commit SQL and configuration to the repository. From phase 17 on, apply changes through migrations and the automation repository.

**Assessment:** Instructor checks the notes and asks short oral questions. Type: Short answer.

### Completion criteria
- Every step is done and every acceptance criterion is demonstrated
- Required evidence is attached to the issue
- SQL, configuration and documents are committed to the repository
- Actual time is logged against the issue
- Instructor Review is Approved and the status is Completed

**Estimated time:** 3 h

**Next task:** LAB-031","Vacuum","V09.0 Vacuum & Storage","MOD-26","LAB-030","3","L4 - Advanced","Theory","Single Server","Notes","PostgreSQL; psql; pg_stat_user_tables; pgstattuple","18","Level 2 - Senior PostgreSQL Engineering","DBA","High","Short answer","0","Pending"
"LAB-031","LAB-031","Lab","Normal","[LAB-031] Tune autovacuum by workload","**Objective:** Tune autovacuum by workload

**Prerequisites:** THY-026

**Concepts:** VACUUM; VACUUM ANALYZE; VACUUM FULL; ANALYZE; Autovacuum; Dead tuples; Table bloat; Index bloat; Freeze; Transaction ID wraparound; Autovacuum tuning by workload

**Tools:** PostgreSQL; psql; pg_stat_user_tables; pgstattuple

**Environment:** Single Server

### Steps
- [ ] Find tables with the most dead tuples and oldest vacuum
- [ ] Set per-table scale factors and thresholds for a large hot table
- [ ] Raise worker count and cost limit and observe I/O
- [ ] Log autovacuum runs and read them
- [ ] Verify the new behaviour under pgbench

### Acceptance criteria
- Hot table is vacuumed in time with stable bloat
- Each setting has a measured reason

**Evidence required:** Screenshot + command output

**Troubleshooting:** Read the server log first. Record each problem and its fix in the issue notes. If stuck for more than 30 minutes, set the status to Blocked and describe the blocker.

**Performance:** Note the effect of this change on latency, WAL and locks where it applies.

**Security:** Use least-privilege roles, not the superuser, unless the task requires it. Keep secrets out of the repository.

**Automation:** Commit SQL and configuration to the repository. From phase 17 on, apply changes through migrations and the automation repository.

**Assessment:** Instructor verifies the acceptance criteria from the evidence and may ask for a live demonstration. Type: Practical.

### Completion criteria
- Every step is done and every acceptance criterion is demonstrated
- Required evidence is attached to the issue
- SQL, configuration and documents are committed to the repository
- Actual time is logged against the issue
- Instructor Review is Approved and the status is Completed

**Estimated time:** 4 h

**Next task:** LAB-032","Vacuum","V09.0 Vacuum & Storage","MOD-26","THY-026","4","L4 - Advanced","Guided Lab","Single Server","Screenshot + command output","PostgreSQL; psql; pg_stat_user_tables; pgstattuple","18","Level 2 - Senior PostgreSQL Engineering","DBA","High","Practical","0","Pending"
"LAB-032","LAB-032","Lab","Normal","[LAB-032] Index bloat and REINDEX CONCURRENTLY","**Objective:** Index bloat and REINDEX CONCURRENTLY

**Prerequisites:** LAB-031

**Concepts:** VACUUM; VACUUM ANALYZE; VACUUM FULL; ANALYZE; Autovacuum; Dead tuples; Table bloat; Index bloat; Freeze; Transaction ID wraparound; Autovacuum tuning by workload

**Tools:** PostgreSQL; psql; pg_stat_user_tables; pgstattuple

**Environment:** Single Server

### Steps
- [ ] Measure index bloat
- [ ] Rebuild with REINDEX CONCURRENTLY
- [ ] Handle an invalid index left by a failed build
- [ ] Compare size and scan performance

### Acceptance criteria
- Index size falls
- No blocking occurs during the rebuild
- Invalid index is cleaned up

**Evidence required:** Screenshot + command output

**Troubleshooting:** Read the server log first. Record each problem and its fix in the issue notes. If stuck for more than 30 minutes, set the status to Blocked and describe the blocker.

**Performance:** Note the effect of this change on latency, WAL and locks where it applies.

**Security:** Use least-privilege roles, not the superuser, unless the task requires it. Keep secrets out of the repository.

**Automation:** Commit SQL and configuration to the repository. From phase 17 on, apply changes through migrations and the automation repository.

**Assessment:** Instructor verifies the acceptance criteria from the evidence and may ask for a live demonstration. Type: Practical.

### Completion criteria
- Every step is done and every acceptance criterion is demonstrated
- Required evidence is attached to the issue
- SQL, configuration and documents are committed to the repository
- Actual time is logged against the issue
- Instructor Review is Approved and the status is Completed

**Estimated time:** 3 h

**Next task:** TSH-015","Vacuum","V09.0 Vacuum & Storage","MOD-26","LAB-031","3","L4 - Advanced","Guided Lab","Single Server","Screenshot + command output","PostgreSQL; psql; pg_stat_user_tables; pgstattuple","18","Level 2 - Senior PostgreSQL Engineering","DBA","High","Practical","0","Pending"
"TSH-015","TSH-015","Troubleshooting","Normal","[TSH-015] Scenario 15: autovacuum never finishes on a hot table","**Objective:** Scenario 15: autovacuum never finishes on a hot table

**Prerequisites:** LAB-032

**Concepts:** VACUUM; VACUUM ANALYZE; VACUUM FULL; ANALYZE; Autovacuum; Dead tuples; Table bloat; Index bloat; Freeze; Transaction ID wraparound; Autovacuum tuning by workload

**Tools:** PostgreSQL; psql; pg_stat_user_tables; pgstattuple

**Environment:** Single Server

### Steps
- [ ] Reproduce the instructor fault on the lab server
- [ ] Collect evidence before changing anything
- [ ] Check cost limits and worker activity
- [ ] Check for cancellations by conflicting locks in the log
- [ ] Tune per-table settings
- [ ] Apply the fix
- [ ] Validate with the original failing action
- [ ] Write the seven-section report: problem, evidence, diagnosis, root cause, fix, validation, prevention

### Acceptance criteria
- Service or behaviour is restored
- Root cause is proven with evidence
- Report has all seven sections

**Evidence required:** Root cause report

**Performance:** Note the effect of this change on latency, WAL and locks where it applies.

**Security:** Use least-privilege roles, not the superuser, unless the task requires it. Keep secrets out of the repository.

**Automation:** Commit SQL and configuration to the repository. From phase 17 on, apply changes through migrations and the automation repository.

**Assessment:** Instructor grades the seven-section report. Type: Practical.

### Completion criteria
- Every step is done and every acceptance criterion is demonstrated
- Required evidence is attached to the issue
- SQL, configuration and documents are committed to the repository
- Actual time is logged against the issue
- Instructor Review is Approved and the status is Completed

**Estimated time:** 2 h

**Next task:** TSH-016","Vacuum","V09.0 Vacuum & Storage","MOD-26","LAB-032","2","L4 - Advanced","Troubleshooting","Single Server","Root cause report","PostgreSQL; psql; pg_stat_user_tables; pgstattuple","18","Level 2 - Senior PostgreSQL Engineering","DBA","High","Practical","0","Pending"
"TSH-016","TSH-016","Troubleshooting","Normal","[TSH-016] Scenario 16: table bloat","**Objective:** Scenario 16: table bloat

**Prerequisites:** TSH-015

**Concepts:** VACUUM; VACUUM ANALYZE; VACUUM FULL; ANALYZE; Autovacuum; Dead tuples; Table bloat; Index bloat; Freeze; Transaction ID wraparound; Autovacuum tuning by workload

**Tools:** PostgreSQL; psql; pg_stat_user_tables; pgstattuple

**Environment:** Single Server

### Steps
- [ ] Reproduce the instructor fault on the lab server
- [ ] Collect evidence before changing anything
- [ ] Measure with pgstattuple
- [ ] Find the cause
- [ ] Choose between tuning, pg_repack-style rebuild and VACUUM FULL in a window
- [ ] Apply the fix
- [ ] Validate with the original failing action
- [ ] Write the seven-section report: problem, evidence, diagnosis, root cause, fix, validation, prevention

### Acceptance criteria
- Service or behaviour is restored
- Root cause is proven with evidence
- Report has all seven sections

**Evidence required:** Root cause report

**Performance:** Note the effect of this change on latency, WAL and locks where it applies.

**Security:** Use least-privilege roles, not the superuser, unless the task requires it. Keep secrets out of the repository.

**Automation:** Commit SQL and configuration to the repository. From phase 17 on, apply changes through migrations and the automation repository.

**Assessment:** Instructor grades the seven-section report. Type: Practical.

### Completion criteria
- Every step is done and every acceptance criterion is demonstrated
- Required evidence is attached to the issue
- SQL, configuration and documents are committed to the repository
- Actual time is logged against the issue
- Instructor Review is Approved and the status is Completed

**Estimated time:** 2 h

**Next task:** TSH-017","Vacuum","V09.0 Vacuum & Storage","MOD-26","TSH-015","2","L4 - Advanced","Troubleshooting","Single Server","Root cause report","PostgreSQL; psql; pg_stat_user_tables; pgstattuple","18","Level 2 - Senior PostgreSQL Engineering","DBA","High","Practical","0","Pending"
"TSH-017","TSH-017","Troubleshooting","Normal","[TSH-017] Scenario 17: index bloat","**Objective:** Scenario 17: index bloat

**Prerequisites:** TSH-016

**Concepts:** VACUUM; VACUUM ANALYZE; VACUUM FULL; ANALYZE; Autovacuum; Dead tuples; Table bloat; Index bloat; Freeze; Transaction ID wraparound; Autovacuum tuning by workload

**Tools:** PostgreSQL; psql; pg_stat_user_tables; pgstattuple

**Environment:** Single Server

### Steps
- [ ] Reproduce the instructor fault on the lab server
- [ ] Collect evidence before changing anything
- [ ] Measure
- [ ] Rebuild concurrently
- [ ] Fix the workload pattern that caused it
- [ ] Apply the fix
- [ ] Validate with the original failing action
- [ ] Write the seven-section report: problem, evidence, diagnosis, root cause, fix, validation, prevention

### Acceptance criteria
- Service or behaviour is restored
- Root cause is proven with evidence
- Report has all seven sections

**Evidence required:** Root cause report

**Performance:** Note the effect of this change on latency, WAL and locks where it applies.

**Security:** Use least-privilege roles, not the superuser, unless the task requires it. Keep secrets out of the repository.

**Automation:** Commit SQL and configuration to the repository. From phase 17 on, apply changes through migrations and the automation repository.

**Assessment:** Instructor grades the seven-section report. Type: Practical.

### Completion criteria
- Every step is done and every acceptance criterion is demonstrated
- Required evidence is attached to the issue
- SQL, configuration and documents are committed to the repository
- Actual time is logged against the issue
- Instructor Review is Approved and the status is Completed

**Estimated time:** 2 h

**Next task:** TSH-018","Vacuum","V09.0 Vacuum & Storage","MOD-26","TSH-016","2","L4 - Advanced","Troubleshooting","Single Server","Root cause report","PostgreSQL; psql; pg_stat_user_tables; pgstattuple","18","Level 2 - Senior PostgreSQL Engineering","DBA","High","Practical","0","Pending"
"TSH-018","TSH-018","Troubleshooting","Normal","[TSH-018] Scenario 18: transaction ID wraparound warning","**Objective:** Scenario 18: transaction ID wraparound warning

**Prerequisites:** TSH-017

**Concepts:** VACUUM; VACUUM ANALYZE; VACUUM FULL; ANALYZE; Autovacuum; Dead tuples; Table bloat; Index bloat; Freeze; Transaction ID wraparound; Autovacuum tuning by workload

**Tools:** PostgreSQL; psql; pg_stat_user_tables; pgstattuple

**Environment:** Single Server

### Steps
- [ ] Reproduce the instructor fault on the lab server
- [ ] Collect evidence before changing anything
- [ ] Find the oldest database and table by age
- [ ] Find what holds back the horizon
- [ ] Run a targeted freeze
- [ ] Apply the fix
- [ ] Validate with the original failing action
- [ ] Write the seven-section report: problem, evidence, diagnosis, root cause, fix, validation, prevention

### Acceptance criteria
- Service or behaviour is restored
- Root cause is proven with evidence
- Report has all seven sections

**Evidence required:** Root cause report

**Performance:** Note the effect of this change on latency, WAL and locks where it applies.

**Security:** Use least-privilege roles, not the superuser, unless the task requires it. Keep secrets out of the repository.

**Automation:** Commit SQL and configuration to the repository. From phase 17 on, apply changes through migrations and the automation repository.

**Assessment:** Instructor grades the seven-section report. Type: Practical.

### Completion criteria
- Every step is done and every acceptance criterion is demonstrated
- Required evidence is attached to the issue
- SQL, configuration and documents are committed to the repository
- Actual time is logged against the issue
- Instructor Review is Approved and the status is Completed

**Estimated time:** 3 h

**Next task:** Last task of this module","Vacuum","V09.0 Vacuum & Storage","MOD-26","TSH-017","3","L4 - Advanced","Troubleshooting","Single Server","Root cause report","PostgreSQL; psql; pg_stat_user_tables; pgstattuple","18","Level 2 - Senior PostgreSQL Engineering","DBA","High","Practical","0","Pending"
"MOD-27","MOD-27","Module","Normal","[MOD-27] Storage Internals and Tablespaces","**Topics:** Pages; Heap files; TOAST; Fillfactor; Tablespaces; Relation size functions

**Tools:** PostgreSQL; psql

**Environment:** Single Server

**Tasks:** 3, 8 estimated hours.

- THY-027 Pages, heap files, TOAST and fillfactor
- LAB-033 Measure and manage relation storage
- ASM-009 Phase 09 assessment: vacuum and storage","Vacuum","V09.0 Vacuum & Storage","PHASE-09","","","","","Single Server","","PostgreSQL; psql","18","Level 2 - Senior PostgreSQL Engineering","DBA","Medium","","",""
"THY-027","THY-027","Theory","Normal","[THY-027] Pages, heap files, TOAST and fillfactor","**Objective:** Pages, heap files, TOAST and fillfactor

**Prerequisites:** TSH-018

**Concepts:** Pages; Heap files; TOAST; Fillfactor; Tablespaces; Relation size functions

**Tools:** PostgreSQL; psql

**Environment:** Single Server

### Steps
- [ ] Study the 8 kB page layout
- [ ] Study TOAST and storage strategies
- [ ] Study fillfactor and HOT
- [ ] Study relation forks: main, fsm, vm

### Acceptance criteria
- Explains when a value is TOASTed
- Explains how fillfactor helps updates

**Evidence required:** Notes

**Troubleshooting:** Read the server log first. Record each problem and its fix in the issue notes. If stuck for more than 30 minutes, set the status to Blocked and describe the blocker.

**Performance:** Note the effect of this change on latency, WAL and locks where it applies.

**Security:** Use least-privilege roles, not the superuser, unless the task requires it. Keep secrets out of the repository.

**Automation:** Commit SQL and configuration to the repository. From phase 17 on, apply changes through migrations and the automation repository.

**Assessment:** Instructor checks the notes and asks short oral questions. Type: Short answer.

### Completion criteria
- Every step is done and every acceptance criterion is demonstrated
- Required evidence is attached to the issue
- SQL, configuration and documents are committed to the repository
- Actual time is logged against the issue
- Instructor Review is Approved and the status is Completed

**Estimated time:** 3 h

**Next task:** LAB-033","Vacuum","V09.0 Vacuum & Storage","MOD-27","TSH-018","3","L3 - Intermediate","Theory","Single Server","Notes","PostgreSQL; psql","18","Level 2 - Senior PostgreSQL Engineering","DBA","Medium","Short answer","0","Pending"
"LAB-033","LAB-033","Lab","Normal","[LAB-033] Measure and manage relation storage","**Objective:** Measure and manage relation storage

**Prerequisites:** THY-027

**Concepts:** Pages; Heap files; TOAST; Fillfactor; Tablespaces; Relation size functions

**Tools:** PostgreSQL; psql

**Environment:** Single Server

### Steps
- [ ] Report table, index and TOAST sizes with the size functions
- [ ] Find the largest objects in a database
- [ ] Set fillfactor on an update-heavy table and compare HOT ratio
- [ ] Move a table to another tablespace and note the lock

### Acceptance criteria
- Size report is attached
- HOT ratio improves after the change

**Evidence required:** Screenshot + command output

**Troubleshooting:** Read the server log first. Record each problem and its fix in the issue notes. If stuck for more than 30 minutes, set the status to Blocked and describe the blocker.

**Performance:** Note the effect of this change on latency, WAL and locks where it applies.

**Security:** Use least-privilege roles, not the superuser, unless the task requires it. Keep secrets out of the repository.

**Automation:** Commit SQL and configuration to the repository. From phase 17 on, apply changes through migrations and the automation repository.

**Assessment:** Instructor verifies the acceptance criteria from the evidence and may ask for a live demonstration. Type: Practical.

### Completion criteria
- Every step is done and every acceptance criterion is demonstrated
- Required evidence is attached to the issue
- SQL, configuration and documents are committed to the repository
- Actual time is logged against the issue
- Instructor Review is Approved and the status is Completed

**Estimated time:** 3 h

**Next task:** ASM-009","Vacuum","V09.0 Vacuum & Storage","MOD-27","THY-027","3","L3 - Intermediate","Guided Lab","Single Server","Screenshot + command output","PostgreSQL; psql","18","Level 2 - Senior PostgreSQL Engineering","DBA","Medium","Practical","0","Pending"
"ASM-009","ASM-009","Assessment","High","[ASM-009] Phase 09 assessment: vacuum and storage","**Objective:** Phase 09 assessment: vacuum and storage

**Prerequisites:** LAB-033

**Concepts:** Pages; Heap files; TOAST; Fillfactor; Tablespaces; Relation size functions

**Tools:** PostgreSQL; psql

**Environment:** Single Server

### Steps
- [ ] Diagnose and fix a bloated, badly vacuumed database

### Acceptance criteria
- Score of 70 or higher

**Evidence required:** Scored result

**Troubleshooting:** Read the server log first. Record each problem and its fix in the issue notes. If stuck for more than 30 minutes, set the status to Blocked and describe the blocker.

**Performance:** Note the effect of this change on latency, WAL and locks where it applies.

**Security:** Use least-privilege roles, not the superuser, unless the task requires it. Keep secrets out of the repository.

**Automation:** Commit SQL and configuration to the repository. From phase 17 on, apply changes through migrations and the automation repository.

**Assessment:** Scored 0-100. Pass mark 70. Type: Practical exam.

### Completion criteria
- Every step is done and every acceptance criterion is demonstrated
- Required evidence is attached to the issue
- SQL, configuration and documents are committed to the repository
- Actual time is logged against the issue
- Instructor Review is Approved and the status is Completed

**Estimated time:** 2 h

**Next task:** Last task of this module","Vacuum","V09.0 Vacuum & Storage","MOD-27","LAB-033","2","L3 - Intermediate","Assessment","Single Server","Scored result","PostgreSQL; psql","18","Level 2 - Senior PostgreSQL Engineering","DBA","Medium","Practical exam","0","Pending"
"REVIEW-09","REVIEW-09","Review","High","[REVIEW-09] Phase 09 gate review","**Objective:** Confirm that phase 09 (Vacuum & Storage) is complete.

### Checklist
- [ ] Every issue of the phase is Completed
- [ ] Evidence is attached to every issue
- [ ] Time is logged
- [ ] Assessment score is 70 or higher
- [ ] SQL, configuration and documents are in the repository

**Assessment:** Instructor confirms the checklist and records the gate decision.

**Estimated time:** 1 h","","V09.0 Vacuum & Storage","PHASE-09","TSH-018, ASM-009","1","","Review","","Instructor sign-off","","","","","","Review","0","Pending"
"PHASE-10","PHASE-10","Phase","Normal","[PHASE-10] Partitioning","Phase 10 of 20. Version: V10.0 Partitioning.

Modules: 2. Estimated hours: 33.

- MOD-28 Table Partitioning
- MOD-29 Large Database Engineering

The phase closes with the gate review REVIEW-10.","","V10.0 Partitioning","EPIC","","","","","","","","","","","","","",""
"MOD-28","MOD-28","Module","Normal","[MOD-28] Table Partitioning","**Topics:** Range partitioning; List partitioning; Hash partitioning; Partition pruning; Partition maintenance; Partition indexes; Partition constraints; Time-based partitioning; Large-table management

**Tools:** PostgreSQL; psql

**Environment:** Single Server

**Tasks:** 4, 15 estimated hours.

- THY-028 Partitioning concepts and when to use them
- LAB-034 Partitioning
- LAB-035 Partition maintenance: attach, detach and retention
- LAB-036 Convert a large table to partitioned with little downtime","Partitioning","V10.0 Partitioning","PHASE-10","","","","","Single Server","","PostgreSQL; psql","18","Level 2 - Senior PostgreSQL Engineering","DBA","High","","",""
"THY-028","THY-028","Theory","Normal","[THY-028] Partitioning concepts and when to use them","**Objective:** Partitioning concepts and when to use them

**Prerequisites:** TSH-018, LAB-025

**Concepts:** Range partitioning; List partitioning; Hash partitioning; Partition pruning; Partition maintenance; Partition indexes; Partition constraints; Time-based partitioning; Large-table management

**Tools:** PostgreSQL; psql

**Environment:** Single Server

### Steps
- [ ] Study range, list and hash partitioning
- [ ] Study partition pruning at plan and execution time
- [ ] Study what partitioning does not fix
- [ ] Study keys, unique constraints and foreign keys on partitioned tables

### Acceptance criteria
- Chooses a strategy for four tables
- Explains why the partition key must be in unique constraints
- Names two wrong reasons to partition

**Evidence required:** Notes

**Troubleshooting:** Read the server log first. Record each problem and its fix in the issue notes. If stuck for more than 30 minutes, set the status to Blocked and describe the blocker.

**Performance:** Note the effect of this change on latency, WAL and locks where it applies.

**Security:** Use least-privilege roles, not the superuser, unless the task requires it. Keep secrets out of the repository.

**Automation:** Commit SQL and configuration to the repository. From phase 17 on, apply changes through migrations and the automation repository.

**Assessment:** Instructor checks the notes and asks short oral questions. Type: Short answer.

### Completion criteria
- Every step is done and every acceptance criterion is demonstrated
- Required evidence is attached to the issue
- SQL, configuration and documents are committed to the repository
- Actual time is logged against the issue
- Instructor Review is Approved and the status is Completed

**Estimated time:** 3 h

**Next task:** LAB-034","Partitioning","V10.0 Partitioning","MOD-28","TSH-018, LAB-025","3","L4 - Advanced","Theory","Single Server","Notes","PostgreSQL; psql","18","Level 2 - Senior PostgreSQL Engineering","DBA","High","Short answer","0","Pending"
"LAB-034","LAB-034","Lab","Normal","[LAB-034] Partitioning","**Objective:** Partitioning

**Prerequisites:** THY-028

**Concepts:** Range partitioning; List partitioning; Hash partitioning; Partition pruning; Partition maintenance; Partition indexes; Partition constraints; Time-based partitioning; Large-table management

**Tools:** PostgreSQL; psql

**Environment:** Single Server

### Steps
- [ ] Create a range-partitioned events table by month
- [ ] Create list and hash partitioned tables
- [ ] Add a default partition
- [ ] Create indexes on the parent
- [ ] Verify pruning with EXPLAIN

### Acceptance criteria
- Queries on one month touch one partition
- Indexes exist on every partition
- Default partition behaviour is understood

**Evidence required:** Screenshot + command output

**Troubleshooting:** Read the server log first. Record each problem and its fix in the issue notes. If stuck for more than 30 minutes, set the status to Blocked and describe the blocker.

**Performance:** Note the effect of this change on latency, WAL and locks where it applies.

**Security:** Use least-privilege roles, not the superuser, unless the task requires it. Keep secrets out of the repository.

**Automation:** Commit SQL and configuration to the repository. From phase 17 on, apply changes through migrations and the automation repository.

**Assessment:** Instructor verifies the acceptance criteria from the evidence and may ask for a live demonstration. Type: Practical.

### Completion criteria
- Every step is done and every acceptance criterion is demonstrated
- Required evidence is attached to the issue
- SQL, configuration and documents are committed to the repository
- Actual time is logged against the issue
- Instructor Review is Approved and the status is Completed

**Estimated time:** 4 h

**Next task:** LAB-035","Partitioning","V10.0 Partitioning","MOD-28","THY-028","4","L4 - Advanced","Guided Lab","Single Server","Screenshot + command output","PostgreSQL; psql","18","Level 2 - Senior PostgreSQL Engineering","DBA","High","Practical","0","Pending"
"LAB-035","LAB-035","Lab","Normal","[LAB-035] Partition maintenance: attach, detach and retention","**Objective:** Partition maintenance: attach, detach and retention

**Prerequisites:** LAB-034

**Concepts:** Range partitioning; List partitioning; Hash partitioning; Partition pruning; Partition maintenance; Partition indexes; Partition constraints; Time-based partitioning; Large-table management

**Tools:** PostgreSQL; psql

**Environment:** Single Server

### Steps
- [ ] Create future partitions ahead of time by script
- [ ] Attach a pre-loaded table as a partition with a matching CHECK constraint to avoid a long scan
- [ ] Detach concurrently
- [ ] Drop old partitions for retention
- [ ] Schedule the maintenance

### Acceptance criteria
- New partitions exist before they are needed
- Old data is removed without a long DELETE
- Schedule is in the repository

**Evidence required:** Screenshot + command output

**Troubleshooting:** Read the server log first. Record each problem and its fix in the issue notes. If stuck for more than 30 minutes, set the status to Blocked and describe the blocker.

**Performance:** Note the effect of this change on latency, WAL and locks where it applies.

**Security:** Use least-privilege roles, not the superuser, unless the task requires it. Keep secrets out of the repository.

**Automation:** Commit SQL and configuration to the repository. From phase 17 on, apply changes through migrations and the automation repository.

**Assessment:** Instructor verifies the acceptance criteria from the evidence and may ask for a live demonstration. Type: Practical.

### Completion criteria
- Every step is done and every acceptance criterion is demonstrated
- Required evidence is attached to the issue
- SQL, configuration and documents are committed to the repository
- Actual time is logged against the issue
- Instructor Review is Approved and the status is Completed

**Estimated time:** 4 h

**Next task:** LAB-036","Partitioning","V10.0 Partitioning","MOD-28","LAB-034","4","L4 - Advanced","Guided Lab","Single Server","Screenshot + command output","PostgreSQL; psql","18","Level 2 - Senior PostgreSQL Engineering","DBA","High","Practical","0","Pending"
"LAB-036","LAB-036","Lab","Normal","[LAB-036] Convert a large table to partitioned with little downtime","**Objective:** Convert a large table to partitioned with little downtime

**Prerequisites:** LAB-035

**Concepts:** Range partitioning; List partitioning; Hash partitioning; Partition pruning; Partition maintenance; Partition indexes; Partition constraints; Time-based partitioning; Large-table management

**Tools:** PostgreSQL; psql

**Environment:** Single Server

### Steps
- [ ] Load a large unpartitioned table
- [ ] Plan the conversion
- [ ] Build the partitioned table and copy in batches or attach the old table as one partition
- [ ] Swap names in a short transaction
- [ ] Validate counts

### Acceptance criteria
- Conversion completes with a short lock only
- Row counts match
- Plan is documented

**Evidence required:** Screenshot + command output

**Troubleshooting:** Read the server log first. Record each problem and its fix in the issue notes. If stuck for more than 30 minutes, set the status to Blocked and describe the blocker.

**Performance:** Note the effect of this change on latency, WAL and locks where it applies.

**Security:** Use least-privilege roles, not the superuser, unless the task requires it. Keep secrets out of the repository.

**Automation:** Commit SQL and configuration to the repository. From phase 17 on, apply changes through migrations and the automation repository.

**Assessment:** Instructor verifies the acceptance criteria from the evidence and may ask for a live demonstration. Type: Practical.

### Completion criteria
- Every step is done and every acceptance criterion is demonstrated
- Required evidence is attached to the issue
- SQL, configuration and documents are committed to the repository
- Actual time is logged against the issue
- Instructor Review is Approved and the status is Completed

**Estimated time:** 4 h

**Next task:** Last task of this module","Partitioning","V10.0 Partitioning","MOD-28","LAB-035","4","L4 - Advanced","Guided Lab","Single Server","Screenshot + command output","PostgreSQL; psql","18","Level 2 - Senior PostgreSQL Engineering","DBA","High","Practical","0","Pending"
"MOD-29","MOD-29","Module","Normal","[MOD-29] Large Database Engineering","**Topics:** Large tables; Index management; Vacuum strategy; Archiving; Data retention; Cold data; Hot data; Storage architecture; Tablespaces; Bulk loading; COPY; Parallel operations

**Tools:** PostgreSQL; psql; COPY

**Environment:** Single Server

**Tasks:** 5, 17 estimated hours.

- LAB-037 Bulk loading with COPY and parallel operations
- ASG-007 Data retention, archiving and hot and cold storage design
- PROJECT-005 Performance project 5: optimize a large partitioned table
- TSH-019 Scenario 19: queries scan every partition
- ASM-010 Phase 10 assessment: partitioning","Partitioning","V10.0 Partitioning","PHASE-10","","","","","Single Server","","PostgreSQL; psql; COPY","18","Level 3 - Enterprise PostgreSQL","DBA","High","","",""
"LAB-037","LAB-037","Lab","Normal","[LAB-037] Bulk loading with COPY and parallel operations","**Objective:** Bulk loading with COPY and parallel operations

**Prerequisites:** LAB-036

**Concepts:** Large tables; Index management; Vacuum strategy; Archiving; Data retention; Cold data; Hot data; Storage architecture; Tablespaces; Bulk loading; COPY; Parallel operations

**Tools:** PostgreSQL; psql; COPY

**Environment:** Single Server

### Steps
- [ ] Load a large file with COPY and compare with batched INSERT
- [ ] Drop and recreate indexes around the load and compare
- [ ] Use unlogged staging tables
- [ ] Tune maintenance_work_mem and parallel maintenance workers for index builds
- [ ] Run ANALYZE after load

### Acceptance criteria
- Load time table compares the methods
- Fastest safe method is documented

**Evidence required:** Screenshot + command output

**Troubleshooting:** Read the server log first. Record each problem and its fix in the issue notes. If stuck for more than 30 minutes, set the status to Blocked and describe the blocker.

**Performance:** Note the effect of this change on latency, WAL and locks where it applies.

**Security:** Use least-privilege roles, not the superuser, unless the task requires it. Keep secrets out of the repository.

**Automation:** Commit SQL and configuration to the repository. From phase 17 on, apply changes through migrations and the automation repository.

**Assessment:** Instructor verifies the acceptance criteria from the evidence and may ask for a live demonstration. Type: Practical.

### Completion criteria
- Every step is done and every acceptance criterion is demonstrated
- Required evidence is attached to the issue
- SQL, configuration and documents are committed to the repository
- Actual time is logged against the issue
- Instructor Review is Approved and the status is Completed

**Estimated time:** 4 h

**Next task:** ASG-007","Partitioning","V10.0 Partitioning","MOD-29","LAB-036","4","L4 - Advanced","Guided Lab","Single Server","Screenshot + command output","PostgreSQL; psql; COPY","18","Level 3 - Enterprise PostgreSQL","DBA","High","Practical","0","Pending"
"ASG-007","ASG-007","Assignment","Normal","[ASG-007] Data retention, archiving and hot and cold storage design","**Objective:** Data retention, archiving and hot and cold storage design

**Prerequisites:** LAB-037

**Concepts:** Large tables; Index management; Vacuum strategy; Archiving; Data retention; Cold data; Hot data; Storage architecture; Tablespaces; Bulk loading; COPY; Parallel operations

**Tools:** PostgreSQL; psql; COPY

**Environment:** Single Server

### Steps
- [ ] Define retention per table
- [ ] Design hot partitions on fast storage and cold on slower tablespaces
- [ ] Define archive and purge procedures
- [ ] Estimate storage for three years

### Acceptance criteria
- Design covers retention, placement, archive and purge
- Estimate is shown with assumptions

**Evidence required:** Written deliverable

**Troubleshooting:** Read the server log first. Record each problem and its fix in the issue notes. If stuck for more than 30 minutes, set the status to Blocked and describe the blocker.

**Performance:** Note the effect of this change on latency, WAL and locks where it applies.

**Security:** Use least-privilege roles, not the superuser, unless the task requires it. Keep secrets out of the repository.

**Automation:** Commit SQL and configuration to the repository. From phase 17 on, apply changes through migrations and the automation repository.

**Assessment:** Instructor reviews the deliverable against the acceptance criteria. Type: Design question.

### Completion criteria
- Every step is done and every acceptance criterion is demonstrated
- Required evidence is attached to the issue
- SQL, configuration and documents are committed to the repository
- Actual time is logged against the issue
- Instructor Review is Approved and the status is Completed

**Estimated time:** 3 h

**Next task:** PROJECT-005","Partitioning","V10.0 Partitioning","MOD-29","LAB-037","3","L4 - Advanced","Assignment","Single Server","Written deliverable","PostgreSQL; psql; COPY","18","Level 3 - Enterprise PostgreSQL","DBA","High","Design question","0","Pending"
"PROJECT-005","PROJECT-005","Project","Normal","[PROJECT-005] Performance project 5: optimize a large partitioned table","**Objective:** Performance project 5: optimize a large partitioned table

**Prerequisites:** ASG-007

**Concepts:** Large tables; Index management; Vacuum strategy; Archiving; Data retention; Cold data; Hot data; Storage architecture; Tablespaces; Bulk loading; COPY; Parallel operations

**Tools:** PostgreSQL; psql; COPY

**Environment:** Single Server

### Steps
- [ ] Take the instructor table with poor partitioning and indexes
- [ ] Fix the key, indexes and maintenance
- [ ] Tune vacuum for it
- [ ] Prove query and maintenance improvements

### Acceptance criteria
- Target queries prune correctly and meet their times
- Maintenance fits its window

**Evidence required:** Repository link + documentation

**Troubleshooting:** Read the server log first. Record each problem and its fix in the issue notes. If stuck for more than 30 minutes, set the status to Blocked and describe the blocker.

**Performance:** Note the effect of this change on latency, WAL and locks where it applies.

**Security:** Use least-privilege roles, not the superuser, unless the task requires it. Keep secrets out of the repository.

**Automation:** Commit SQL and configuration to the repository. From phase 17 on, apply changes through migrations and the automation repository.

**Assessment:** Scored 0-100 on working result, test evidence, documentation and repository quality. Type: Project.

### Completion criteria
- Every step is done and every acceptance criterion is demonstrated
- Required evidence is attached to the issue
- SQL, configuration and documents are committed to the repository
- Actual time is logged against the issue
- Instructor Review is Approved and the status is Completed

**Estimated time:** 6 h

**Next task:** TSH-019","Partitioning","V10.0 Partitioning","MOD-29","ASG-007","6","L4 - Advanced","Project","Single Server","Repository link + documentation","PostgreSQL; psql; COPY","18","Level 3 - Enterprise PostgreSQL","DBA","High","Project","1","Pending"
"TSH-019","TSH-019","Troubleshooting","Normal","[TSH-019] Scenario 19: queries scan every partition","**Objective:** Scenario 19: queries scan every partition

**Prerequisites:** PROJECT-005

**Concepts:** Large tables; Index management; Vacuum strategy; Archiving; Data retention; Cold data; Hot data; Storage architecture; Tablespaces; Bulk loading; COPY; Parallel operations

**Tools:** PostgreSQL; psql; COPY

**Environment:** Single Server

### Steps
- [ ] Reproduce the instructor fault on the lab server
- [ ] Collect evidence before changing anything
- [ ] Check the predicate against the partition key
- [ ] Check casts and functions on the key
- [ ] Check enable_partition_pruning
- [ ] Apply the fix
- [ ] Validate with the original failing action
- [ ] Write the seven-section report: problem, evidence, diagnosis, root cause, fix, validation, prevention

### Acceptance criteria
- Service or behaviour is restored
- Root cause is proven with evidence
- Report has all seven sections

**Evidence required:** Root cause report

**Performance:** Note the effect of this change on latency, WAL and locks where it applies.

**Security:** Use least-privilege roles, not the superuser, unless the task requires it. Keep secrets out of the repository.

**Automation:** Commit SQL and configuration to the repository. From phase 17 on, apply changes through migrations and the automation repository.

**Assessment:** Instructor grades the seven-section report. Type: Practical.

### Completion criteria
- Every step is done and every acceptance criterion is demonstrated
- Required evidence is attached to the issue
- SQL, configuration and documents are committed to the repository
- Actual time is logged against the issue
- Instructor Review is Approved and the status is Completed

**Estimated time:** 2 h

**Next task:** ASM-010","Partitioning","V10.0 Partitioning","MOD-29","PROJECT-005","2","L4 - Advanced","Troubleshooting","Single Server","Root cause report","PostgreSQL; psql; COPY","18","Level 3 - Enterprise PostgreSQL","DBA","High","Practical","0","Pending"
"ASM-010","ASM-010","Assessment","High","[ASM-010] Phase 10 assessment: partitioning","**Objective:** Phase 10 assessment: partitioning

**Prerequisites:** TSH-019

**Concepts:** Large tables; Index management; Vacuum strategy; Archiving; Data retention; Cold data; Hot data; Storage architecture; Tablespaces; Bulk loading; COPY; Parallel operations

**Tools:** PostgreSQL; psql; COPY

**Environment:** Single Server

### Steps
- [ ] Partition an unseen table with maintenance and prove pruning

### Acceptance criteria
- Score of 70 or higher

**Evidence required:** Scored result

**Troubleshooting:** Read the server log first. Record each problem and its fix in the issue notes. If stuck for more than 30 minutes, set the status to Blocked and describe the blocker.

**Performance:** Note the effect of this change on latency, WAL and locks where it applies.

**Security:** Use least-privilege roles, not the superuser, unless the task requires it. Keep secrets out of the repository.

**Automation:** Commit SQL and configuration to the repository. From phase 17 on, apply changes through migrations and the automation repository.

**Assessment:** Scored 0-100. Pass mark 70. Type: Practical exam.

### Completion criteria
- Every step is done and every acceptance criterion is demonstrated
- Required evidence is attached to the issue
- SQL, configuration and documents are committed to the repository
- Actual time is logged against the issue
- Instructor Review is Approved and the status is Completed

**Estimated time:** 2 h

**Next task:** Last task of this module","Partitioning","V10.0 Partitioning","MOD-29","TSH-019","2","L4 - Advanced","Assessment","Single Server","Scored result","PostgreSQL; psql; COPY","18","Level 3 - Enterprise PostgreSQL","DBA","High","Practical exam","0","Pending"
"REVIEW-10","REVIEW-10","Review","High","[REVIEW-10] Phase 10 gate review","**Objective:** Confirm that phase 10 (Partitioning) is complete.

### Checklist
- [ ] Every issue of the phase is Completed
- [ ] Evidence is attached to every issue
- [ ] Time is logged
- [ ] Assessment score is 70 or higher
- [ ] SQL, configuration and documents are in the repository

**Assessment:** Instructor confirms the checklist and records the gate decision.

**Estimated time:** 1 h","","V10.0 Partitioning","PHASE-10","LAB-036, ASM-010","1","","Review","","Instructor sign-off","","","","","","Review","0","Pending"
"PHASE-11","PHASE-11","Phase","Normal","[PHASE-11] PostgreSQL Security","Phase 11 of 20. Version: V11.0 PostgreSQL Security.

Modules: 4. Estimated hours: 59.

- MOD-30 Authentication and Roles
- MOD-31 TLS, Certificates and Encryption
- MOD-32 Row Level Security
- MOD-33 Database Auditing

The phase closes with the gate review REVIEW-11.","","V11.0 PostgreSQL Security","EPIC","","","","","","","","","","","","","",""
"MOD-30","MOD-30","Module","Normal","[MOD-30] Authentication and Roles","**Topics:** Authentication; Authorization; Roles; Users; Groups; GRANT; REVOKE; Default privileges; pg_hba.conf; Password authentication; SCRAM

**Tools:** PostgreSQL; psql

**Environment:** Single Server

**Tasks:** 5, 16 estimated hours.

- THY-029 Roles, privileges and ownership
- LAB-038 PostgreSQL Security
- SEC-001 SCRAM passwords, password policy and connection limits
- PROJECT-006 Security project 2: role and privilege architecture
- TSH-020 Scenario 20: permission denied after a deployment","Security","V11.0 PostgreSQL Security","PHASE-11","","","","","Single Server","","PostgreSQL; psql","18","Level 2 - Senior PostgreSQL Engineering","DBA","High","","",""
"THY-029","THY-029","Theory","Normal","[THY-029] Roles, privileges and ownership","**Objective:** Roles, privileges and ownership

**Prerequisites:** ASM-002

**Concepts:** Authentication; Authorization; Roles; Users; Groups; GRANT; REVOKE; Default privileges; pg_hba.conf; Password authentication; SCRAM

**Tools:** PostgreSQL; psql

**Environment:** Single Server

### Steps
- [ ] Study roles as users and groups, inheritance and SET ROLE
- [ ] Study privileges per object type
- [ ] Study ownership and the public schema
- [ ] Study default privileges
- [ ] Study predefined roles

### Acceptance criteria
- Explains owner versus privileged user
- Explains why default privileges are needed
- Lists three predefined roles and their use

**Evidence required:** Notes

**Troubleshooting:** Read the server log first. Record each problem and its fix in the issue notes. If stuck for more than 30 minutes, set the status to Blocked and describe the blocker.

**Performance:** Note the effect of this change on latency, WAL and locks where it applies.

**Security:** Use least-privilege roles, not the superuser, unless the task requires it. Keep secrets out of the repository.

**Automation:** Commit SQL and configuration to the repository. From phase 17 on, apply changes through migrations and the automation repository.

**Assessment:** Instructor checks the notes and asks short oral questions. Type: Short answer.

### Completion criteria
- Every step is done and every acceptance criterion is demonstrated
- Required evidence is attached to the issue
- SQL, configuration and documents are committed to the repository
- Actual time is logged against the issue
- Instructor Review is Approved and the status is Completed

**Estimated time:** 3 h

**Next task:** LAB-038","Security","V11.0 PostgreSQL Security","MOD-30","ASM-002","3","L3 - Intermediate","Theory","Single Server","Notes","PostgreSQL; psql","18","Level 2 - Senior PostgreSQL Engineering","DBA","High","Short answer","0","Pending"
"LAB-038","LAB-038","Lab","Normal","[LAB-038] PostgreSQL Security","**Objective:** PostgreSQL Security

**Prerequisites:** THY-029

**Concepts:** Authentication; Authorization; Roles; Users; Groups; GRANT; REVOKE; Default privileges; pg_hba.conf; Password authentication; SCRAM

**Tools:** PostgreSQL; psql

**Environment:** Single Server

### Steps
- [ ] Create group roles: readonly, readwrite, admin
- [ ] Create login roles and grant membership
- [ ] Grant schema usage and table privileges
- [ ] Set default privileges for future objects
- [ ] Revoke public schema create
- [ ] Verify with has_table_privilege and by logging in

### Acceptance criteria
- Each login can do exactly what its group allows
- New tables inherit the right privileges automatically

**Evidence required:** Screenshot + command output

**Troubleshooting:** Read the server log first. Record each problem and its fix in the issue notes. If stuck for more than 30 minutes, set the status to Blocked and describe the blocker.

**Performance:** Note the effect of this change on latency, WAL and locks where it applies.

**Security:** Use least-privilege roles, not the superuser, unless the task requires it. Keep secrets out of the repository.

**Automation:** Commit SQL and configuration to the repository. From phase 17 on, apply changes through migrations and the automation repository.

**Assessment:** Instructor verifies the acceptance criteria from the evidence and may ask for a live demonstration. Type: Practical.

### Completion criteria
- Every step is done and every acceptance criterion is demonstrated
- Required evidence is attached to the issue
- SQL, configuration and documents are committed to the repository
- Actual time is logged against the issue
- Instructor Review is Approved and the status is Completed

**Estimated time:** 4 h

**Next task:** SEC-001","Security","V11.0 PostgreSQL Security","MOD-30","THY-029","4","L3 - Intermediate","Guided Lab","Single Server","Screenshot + command output","PostgreSQL; psql","18","Level 2 - Senior PostgreSQL Engineering","DBA","High","Practical","0","Pending"
"SEC-001","SEC-001","Security","Normal","[SEC-001] SCRAM passwords, password policy and connection limits","**Objective:** SCRAM passwords, password policy and connection limits

**Prerequisites:** LAB-038

**Concepts:** Authentication; Authorization; Roles; Users; Groups; GRANT; REVOKE; Default privileges; pg_hba.conf; Password authentication; SCRAM

**Tools:** PostgreSQL; psql

**Environment:** Single Server

### Steps
- [ ] Confirm scram-sha-256 for all roles and re-set any md5 verifiers
- [ ] Set password expiry and connection limits
- [ ] Review roles with LOGIN, SUPERUSER, CREATEROLE and BYPASSRLS

### Acceptance criteria
- No md5 verifier remains
- Privileged attribute report is attached

**Evidence required:** Screenshot + command output

**Troubleshooting:** Read the server log first. Record each problem and its fix in the issue notes. If stuck for more than 30 minutes, set the status to Blocked and describe the blocker.

**Performance:** Note the effect of this change on latency, WAL and locks where it applies.

**Security:** Use least-privilege roles, not the superuser, unless the task requires it. Keep secrets out of the repository.

**Automation:** Commit SQL and configuration to the repository. From phase 17 on, apply changes through migrations and the automation repository.

**Assessment:** Instructor verifies the control with a positive and a negative test. Type: Practical.

### Completion criteria
- Every step is done and every acceptance criterion is demonstrated
- Required evidence is attached to the issue
- SQL, configuration and documents are committed to the repository
- Actual time is logged against the issue
- Instructor Review is Approved and the status is Completed

**Estimated time:** 2 h

**Next task:** PROJECT-006","Security","V11.0 PostgreSQL Security","MOD-30","LAB-038","2","L3 - Intermediate","Security Lab","Single Server","Screenshot + command output","PostgreSQL; psql","18","Level 2 - Senior PostgreSQL Engineering","DBA","High","Practical","0","Pending"
"PROJECT-006","PROJECT-006","Project","Normal","[PROJECT-006] Security project 2: role and privilege architecture","**Objective:** Security project 2: role and privilege architecture

**Prerequisites:** SEC-001

**Concepts:** Authentication; Authorization; Roles; Users; Groups; GRANT; REVOKE; Default privileges; pg_hba.conf; Password authentication; SCRAM

**Tools:** PostgreSQL; psql

**Environment:** Single Server

### Steps
- [ ] Design roles for an application with owner, migration, application, read-only, analyst and DBA duties
- [ ] Implement with groups and default privileges
- [ ] Prove least privilege with tests
- [ ] Document the model

### Acceptance criteria
- Application role cannot run DDL
- Tests pass for every role
- Model document is committed

**Evidence required:** Repository link + documentation

**Troubleshooting:** Read the server log first. Record each problem and its fix in the issue notes. If stuck for more than 30 minutes, set the status to Blocked and describe the blocker.

**Performance:** Note the effect of this change on latency, WAL and locks where it applies.

**Security:** Use least-privilege roles, not the superuser, unless the task requires it. Keep secrets out of the repository.

**Automation:** Commit SQL and configuration to the repository. From phase 17 on, apply changes through migrations and the automation repository.

**Assessment:** Scored 0-100 on working result, test evidence, documentation and repository quality. Type: Project.

### Completion criteria
- Every step is done and every acceptance criterion is demonstrated
- Required evidence is attached to the issue
- SQL, configuration and documents are committed to the repository
- Actual time is logged against the issue
- Instructor Review is Approved and the status is Completed

**Estimated time:** 5 h

**Next task:** TSH-020","Security","V11.0 PostgreSQL Security","MOD-30","SEC-001","5","L3 - Intermediate","Project","Single Server","Repository link + documentation","PostgreSQL; psql","18","Level 2 - Senior PostgreSQL Engineering","DBA","High","Project","1","Pending"
"TSH-020","TSH-020","Troubleshooting","Normal","[TSH-020] Scenario 20: permission denied after a deployment","**Objective:** Scenario 20: permission denied after a deployment

**Prerequisites:** PROJECT-006

**Concepts:** Authentication; Authorization; Roles; Users; Groups; GRANT; REVOKE; Default privileges; pg_hba.conf; Password authentication; SCRAM

**Tools:** PostgreSQL; psql

**Environment:** Single Server

### Steps
- [ ] Reproduce the instructor fault on the lab server
- [ ] Collect evidence before changing anything
- [ ] Find the object owner and grants
- [ ] Check default privileges for the creating role
- [ ] Fix the grants and the process
- [ ] Apply the fix
- [ ] Validate with the original failing action
- [ ] Write the seven-section report: problem, evidence, diagnosis, root cause, fix, validation, prevention

### Acceptance criteria
- Service or behaviour is restored
- Root cause is proven with evidence
- Report has all seven sections

**Evidence required:** Root cause report

**Performance:** Note the effect of this change on latency, WAL and locks where it applies.

**Security:** Use least-privilege roles, not the superuser, unless the task requires it. Keep secrets out of the repository.

**Automation:** Commit SQL and configuration to the repository. From phase 17 on, apply changes through migrations and the automation repository.

**Assessment:** Instructor grades the seven-section report. Type: Practical.

### Completion criteria
- Every step is done and every acceptance criterion is demonstrated
- Required evidence is attached to the issue
- SQL, configuration and documents are committed to the repository
- Actual time is logged against the issue
- Instructor Review is Approved and the status is Completed

**Estimated time:** 2 h

**Next task:** Last task of this module","Security","V11.0 PostgreSQL Security","MOD-30","PROJECT-006","2","L3 - Intermediate","Troubleshooting","Single Server","Root cause report","PostgreSQL; psql","18","Level 2 - Senior PostgreSQL Engineering","DBA","High","Practical","0","Pending"
"MOD-31","MOD-31","Module","Normal","[MOD-31] TLS, Certificates and Encryption","**Topics:** SSL/TLS; Certificate authentication; Encryption; Secrets management

**Tools:** PostgreSQL; OpenSSL; pgcrypto

**Environment:** Single Server

**Tasks:** 4, 13 estimated hours.

- SEC-002 TLS for client connections
- SEC-003 Certificate authentication
- THY-030 Encryption at rest and in the application
- PROJECT-007 Security project 1: secure PostgreSQL installation","Security","V11.0 PostgreSQL Security","PHASE-11","","","","","Single Server","","PostgreSQL; OpenSSL; pgcrypto","18","Level 2 - Senior PostgreSQL Engineering","DBA","High","","",""
"SEC-002","SEC-002","Security","Normal","[SEC-002] TLS for client connections","**Objective:** TLS for client connections

**Prerequisites:** TSH-020

**Concepts:** SSL/TLS; Certificate authentication; Encryption; Secrets management

**Tools:** PostgreSQL; OpenSSL; pgcrypto

**Environment:** Single Server

### Steps
- [ ] Create a lab CA and a server certificate
- [ ] Enable ssl and set minimum protocol version
- [ ] Require TLS with hostssl rules
- [ ] Connect with sslmode verify-full
- [ ] Check pg_stat_ssl

### Acceptance criteria
- Non-TLS connections are refused
- Client verifies the server name
- pg_stat_ssl shows the sessions

**Evidence required:** Screenshot + command output

**Troubleshooting:** Read the server log first. Record each problem and its fix in the issue notes. If stuck for more than 30 minutes, set the status to Blocked and describe the blocker.

**Performance:** Note the effect of this change on latency, WAL and locks where it applies.

**Security:** Use least-privilege roles, not the superuser, unless the task requires it. Keep secrets out of the repository.

**Automation:** Commit SQL and configuration to the repository. From phase 17 on, apply changes through migrations and the automation repository.

**Assessment:** Instructor verifies the control with a positive and a negative test. Type: Practical.

### Completion criteria
- Every step is done and every acceptance criterion is demonstrated
- Required evidence is attached to the issue
- SQL, configuration and documents are committed to the repository
- Actual time is logged against the issue
- Instructor Review is Approved and the status is Completed

**Estimated time:** 3 h

**Next task:** SEC-003","Security","V11.0 PostgreSQL Security","MOD-31","TSH-020","3","L4 - Advanced","Security Lab","Single Server","Screenshot + command output","PostgreSQL; OpenSSL; pgcrypto","18","Level 2 - Senior PostgreSQL Engineering","DBA","High","Practical","0","Pending"
"SEC-003","SEC-003","Security","Normal","[SEC-003] Certificate authentication","**Objective:** Certificate authentication

**Prerequisites:** SEC-002

**Concepts:** SSL/TLS; Certificate authentication; Encryption; Secrets management

**Tools:** PostgreSQL; OpenSSL; pgcrypto

**Environment:** Single Server

### Steps
- [ ] Issue a client certificate
- [ ] Configure cert authentication with a pg_ident map
- [ ] Connect without a password
- [ ] Revoke the certificate and verify refusal

### Acceptance criteria
- Certificate login works
- Revoked certificate is refused

**Evidence required:** Screenshot + command output

**Troubleshooting:** Read the server log first. Record each problem and its fix in the issue notes. If stuck for more than 30 minutes, set the status to Blocked and describe the blocker.

**Performance:** Note the effect of this change on latency, WAL and locks where it applies.

**Security:** Use least-privilege roles, not the superuser, unless the task requires it. Keep secrets out of the repository.

**Automation:** Commit SQL and configuration to the repository. From phase 17 on, apply changes through migrations and the automation repository.

**Assessment:** Instructor verifies the control with a positive and a negative test. Type: Practical.

### Completion criteria
- Every step is done and every acceptance criterion is demonstrated
- Required evidence is attached to the issue
- SQL, configuration and documents are committed to the repository
- Actual time is logged against the issue
- Instructor Review is Approved and the status is Completed

**Estimated time:** 3 h

**Next task:** THY-030","Security","V11.0 PostgreSQL Security","MOD-31","SEC-002","3","L4 - Advanced","Security Lab","Single Server","Screenshot + command output","PostgreSQL; OpenSSL; pgcrypto","18","Level 2 - Senior PostgreSQL Engineering","DBA","High","Practical","0","Pending"
"THY-030","THY-030","Theory","Normal","[THY-030] Encryption at rest and in the application","**Objective:** Encryption at rest and in the application

**Prerequisites:** SEC-003

**Concepts:** SSL/TLS; Certificate authentication; Encryption; Secrets management

**Tools:** PostgreSQL; OpenSSL; pgcrypto

**Environment:** Single Server

### Steps
- [ ] Compare filesystem or volume encryption, column encryption with pgcrypto and application-side encryption
- [ ] Study key management responsibilities

### Acceptance criteria
- Chooses an approach for three data types with reasons

**Evidence required:** Notes

**Troubleshooting:** Read the server log first. Record each problem and its fix in the issue notes. If stuck for more than 30 minutes, set the status to Blocked and describe the blocker.

**Performance:** Note the effect of this change on latency, WAL and locks where it applies.

**Security:** Use least-privilege roles, not the superuser, unless the task requires it. Keep secrets out of the repository.

**Automation:** Commit SQL and configuration to the repository. From phase 17 on, apply changes through migrations and the automation repository.

**Assessment:** Instructor checks the notes and asks short oral questions. Type: Short answer.

### Completion criteria
- Every step is done and every acceptance criterion is demonstrated
- Required evidence is attached to the issue
- SQL, configuration and documents are committed to the repository
- Actual time is logged against the issue
- Instructor Review is Approved and the status is Completed

**Estimated time:** 2 h

**Next task:** PROJECT-007","Security","V11.0 PostgreSQL Security","MOD-31","SEC-003","2","L4 - Advanced","Theory","Single Server","Notes","PostgreSQL; OpenSSL; pgcrypto","18","Level 2 - Senior PostgreSQL Engineering","DBA","High","Short answer","0","Pending"
"PROJECT-007","PROJECT-007","Project","Normal","[PROJECT-007] Security project 1: secure PostgreSQL installation","**Objective:** Security project 1: secure PostgreSQL installation

**Prerequisites:** THY-030

**Concepts:** SSL/TLS; Certificate authentication; Encryption; Secrets management

**Tools:** PostgreSQL; OpenSSL; pgcrypto

**Environment:** Single Server

### Steps
- [ ] Start from a default install
- [ ] Apply a hardening checklist: network exposure, authentication, TLS, roles, public schema, logging, file permissions, updates
- [ ] Verify each item
- [ ] Write the baseline

### Acceptance criteria
- Every checklist item is verified with evidence
- Baseline is in the repository

**Evidence required:** Repository link + documentation

**Troubleshooting:** Read the server log first. Record each problem and its fix in the issue notes. If stuck for more than 30 minutes, set the status to Blocked and describe the blocker.

**Performance:** Note the effect of this change on latency, WAL and locks where it applies.

**Security:** Use least-privilege roles, not the superuser, unless the task requires it. Keep secrets out of the repository.

**Automation:** Commit SQL and configuration to the repository. From phase 17 on, apply changes through migrations and the automation repository.

**Assessment:** Scored 0-100 on working result, test evidence, documentation and repository quality. Type: Project.

### Completion criteria
- Every step is done and every acceptance criterion is demonstrated
- Required evidence is attached to the issue
- SQL, configuration and documents are committed to the repository
- Actual time is logged against the issue
- Instructor Review is Approved and the status is Completed

**Estimated time:** 5 h

**Next task:** Last task of this module","Security","V11.0 PostgreSQL Security","MOD-31","THY-030","5","L4 - Advanced","Project","Single Server","Repository link + documentation","PostgreSQL; OpenSSL; pgcrypto","18","Level 2 - Senior PostgreSQL Engineering","DBA","High","Project","1","Pending"
"MOD-32","MOD-32","Module","Normal","[MOD-32] Row Level Security","**Topics:** RLS; Policies; USING; WITH CHECK; Multi-tenant database security; Tenant isolation

**Tools:** PostgreSQL; psql

**Environment:** Single Server

**Tasks:** 3, 15 estimated hours.

- THY-031 RLS: policies, USING and WITH CHECK
- SEC-004 Tenant isolation with RLS
- PROJECT-008 Security project 3: multi-tenant SaaS database with RLS","Security","V11.0 PostgreSQL Security","PHASE-11","","","","","Single Server","","PostgreSQL; psql","18","Level 2 - Senior PostgreSQL Engineering","Developer","High","","",""
"THY-031","THY-031","Theory","Normal","[THY-031] RLS: policies, USING and WITH CHECK","**Objective:** RLS: policies, USING and WITH CHECK

**Prerequisites:** TSH-020, PROJECT-002

**Concepts:** RLS; Policies; USING; WITH CHECK; Multi-tenant database security; Tenant isolation

**Tools:** PostgreSQL; psql

**Environment:** Single Server

### Steps
- [ ] Study how policies filter and check rows
- [ ] Study permissive and restrictive policies
- [ ] Study owner bypass, FORCE and BYPASSRLS
- [ ] Study performance effects and leakproof functions

### Acceptance criteria
- Explains USING versus WITH CHECK
- Explains who bypasses RLS by default

**Evidence required:** Notes

**Troubleshooting:** Read the server log first. Record each problem and its fix in the issue notes. If stuck for more than 30 minutes, set the status to Blocked and describe the blocker.

**Performance:** Note the effect of this change on latency, WAL and locks where it applies.

**Security:** Use least-privilege roles, not the superuser, unless the task requires it. Keep secrets out of the repository.

**Automation:** Commit SQL and configuration to the repository. From phase 17 on, apply changes through migrations and the automation repository.

**Assessment:** Instructor checks the notes and asks short oral questions. Type: Short answer.

### Completion criteria
- Every step is done and every acceptance criterion is demonstrated
- Required evidence is attached to the issue
- SQL, configuration and documents are committed to the repository
- Actual time is logged against the issue
- Instructor Review is Approved and the status is Completed

**Estimated time:** 3 h

**Next task:** SEC-004","Security","V11.0 PostgreSQL Security","MOD-32","TSH-020, PROJECT-002","3","L4 - Advanced","Theory","Single Server","Notes","PostgreSQL; psql","18","Level 2 - Senior PostgreSQL Engineering","Developer","High","Short answer","0","Pending"
"SEC-004","SEC-004","Security","Normal","[SEC-004] Tenant isolation with RLS","**Objective:** Tenant isolation with RLS

**Prerequisites:** THY-031

**Concepts:** RLS; Policies; USING; WITH CHECK; Multi-tenant database security; Tenant isolation

**Tools:** PostgreSQL; psql

**Environment:** Single Server

### Steps
- [ ] Add tenant_id to shared tables
- [ ] Enable and force RLS
- [ ] Write policies using a session setting or role
- [ ] Test that a tenant cannot read or write another tenant's rows
- [ ] Index for the policy predicate and check plans

### Acceptance criteria
- Cross-tenant read and write both fail
- Plans use the tenant index

**Evidence required:** Screenshot + command output

**Troubleshooting:** Read the server log first. Record each problem and its fix in the issue notes. If stuck for more than 30 minutes, set the status to Blocked and describe the blocker.

**Performance:** Note the effect of this change on latency, WAL and locks where it applies.

**Security:** Use least-privilege roles, not the superuser, unless the task requires it. Keep secrets out of the repository.

**Automation:** Commit SQL and configuration to the repository. From phase 17 on, apply changes through migrations and the automation repository.

**Assessment:** Instructor verifies the control with a positive and a negative test. Type: Practical.

### Completion criteria
- Every step is done and every acceptance criterion is demonstrated
- Required evidence is attached to the issue
- SQL, configuration and documents are committed to the repository
- Actual time is logged against the issue
- Instructor Review is Approved and the status is Completed

**Estimated time:** 4 h

**Next task:** PROJECT-008","Security","V11.0 PostgreSQL Security","MOD-32","THY-031","4","L4 - Advanced","Security Lab","Single Server","Screenshot + command output","PostgreSQL; psql","18","Level 2 - Senior PostgreSQL Engineering","Developer","High","Practical","0","Pending"
"PROJECT-008","PROJECT-008","Project","Normal","[PROJECT-008] Security project 3: multi-tenant SaaS database with RLS","**Objective:** Security project 3: multi-tenant SaaS database with RLS

**Prerequisites:** SEC-004

**Concepts:** RLS; Policies; USING; WITH CHECK; Multi-tenant database security; Tenant isolation

**Tools:** PostgreSQL; psql

**Environment:** Single Server

### Steps
- [ ] Design a multi-tenant schema
- [ ] Implement RLS for all tenant tables
- [ ] Add tenant-aware roles and onboarding functions
- [ ] Write isolation tests
- [ ] Measure overhead
- [ ] Document the model

### Acceptance criteria
- Isolation tests pass
- Onboarding a tenant is one function call
- Overhead is reported

**Evidence required:** Repository link + documentation

**Troubleshooting:** Read the server log first. Record each problem and its fix in the issue notes. If stuck for more than 30 minutes, set the status to Blocked and describe the blocker.

**Performance:** Note the effect of this change on latency, WAL and locks where it applies.

**Security:** Use least-privilege roles, not the superuser, unless the task requires it. Keep secrets out of the repository.

**Automation:** Commit SQL and configuration to the repository. From phase 17 on, apply changes through migrations and the automation repository.

**Assessment:** Scored 0-100 on working result, test evidence, documentation and repository quality. Type: Project.

### Completion criteria
- Every step is done and every acceptance criterion is demonstrated
- Required evidence is attached to the issue
- SQL, configuration and documents are committed to the repository
- Actual time is logged against the issue
- Instructor Review is Approved and the status is Completed

**Estimated time:** 8 h

**Next task:** Last task of this module","Security","V11.0 PostgreSQL Security","MOD-32","SEC-004","8","L4 - Advanced","Project","Single Server","Repository link + documentation","PostgreSQL; psql","18","Level 2 - Senior PostgreSQL Engineering","Developer","High","Project","1","Pending"
"MOD-33","MOD-33","Module","Normal","[MOD-33] Database Auditing","**Topics:** PostgreSQL logging; Audit logging; pgaudit; Login auditing; DDL auditing; DML auditing; Privilege monitoring; Integration with Wazuh, Grafana, Loki and OpenSearch

**Tools:** pgaudit; PostgreSQL; Wazuh; Loki; OpenSearch; Grafana

**Environment:** Single Server

**Tasks:** 4, 14 estimated hours.

- SEC-005 Login, DDL and DML auditing with pgaudit
- SEC-006 Privilege monitoring
- PROJECT-009 Security project 4: PostgreSQL auditing
- ASM-011 Phase 11 assessment: security practical","Security","V11.0 PostgreSQL Security","PHASE-11","","","","","Single Server","","pgaudit; PostgreSQL; Wazuh; Loki; OpenSearch; Grafana","18","Level 2 - Senior PostgreSQL Engineering","DBA","High","","",""
"SEC-005","SEC-005","Security","Normal","[SEC-005] Login, DDL and DML auditing with pgaudit","**Objective:** Login, DDL and DML auditing with pgaudit

**Prerequisites:** TSH-020

**Concepts:** PostgreSQL logging; Audit logging; pgaudit; Login auditing; DDL auditing; DML auditing; Privilege monitoring; Integration with Wazuh, Grafana, Loki and OpenSearch

**Tools:** pgaudit; PostgreSQL; Wazuh; Loki; OpenSearch; Grafana

**Environment:** Single Server

### Steps
- [ ] Enable log_connections and log_disconnections
- [ ] Install pgaudit and audit DDL and role changes globally
- [ ] Audit DML on sensitive tables with object auditing
- [ ] Read the audit records
- [ ] Estimate log volume

### Acceptance criteria
- Logins, DDL, role changes and sensitive DML appear in the log
- Volume estimate is recorded

**Evidence required:** Screenshot + command output

**Troubleshooting:** Read the server log first. Record each problem and its fix in the issue notes. If stuck for more than 30 minutes, set the status to Blocked and describe the blocker.

**Performance:** Note the effect of this change on latency, WAL and locks where it applies.

**Security:** Use least-privilege roles, not the superuser, unless the task requires it. Keep secrets out of the repository.

**Automation:** Commit SQL and configuration to the repository. From phase 17 on, apply changes through migrations and the automation repository.

**Assessment:** Instructor verifies the control with a positive and a negative test. Type: Practical.

### Completion criteria
- Every step is done and every acceptance criterion is demonstrated
- Required evidence is attached to the issue
- SQL, configuration and documents are committed to the repository
- Actual time is logged against the issue
- Instructor Review is Approved and the status is Completed

**Estimated time:** 4 h

**Next task:** SEC-006","Security","V11.0 PostgreSQL Security","MOD-33","TSH-020","4","L4 - Advanced","Security Lab","Single Server","Screenshot + command output","pgaudit; PostgreSQL; Wazuh; Loki; OpenSearch; Grafana","18","Level 2 - Senior PostgreSQL Engineering","DBA","High","Practical","0","Pending"
"SEC-006","SEC-006","Security","Normal","[SEC-006] Privilege monitoring","**Objective:** Privilege monitoring

**Prerequisites:** SEC-005

**Concepts:** PostgreSQL logging; Audit logging; pgaudit; Login auditing; DDL auditing; DML auditing; Privilege monitoring; Integration with Wazuh, Grafana, Loki and OpenSearch

**Tools:** pgaudit; PostgreSQL; Wazuh; Loki; OpenSearch; Grafana

**Environment:** Single Server

### Steps
- [ ] Write queries that report superusers, role membership changes and grants on sensitive objects
- [ ] Schedule the report
- [ ] Alert on change

### Acceptance criteria
- Report runs on schedule
- A test grant is detected

**Evidence required:** Screenshot + command output

**Troubleshooting:** Read the server log first. Record each problem and its fix in the issue notes. If stuck for more than 30 minutes, set the status to Blocked and describe the blocker.

**Performance:** Note the effect of this change on latency, WAL and locks where it applies.

**Security:** Use least-privilege roles, not the superuser, unless the task requires it. Keep secrets out of the repository.

**Automation:** Commit SQL and configuration to the repository. From phase 17 on, apply changes through migrations and the automation repository.

**Assessment:** Instructor verifies the control with a positive and a negative test. Type: Practical.

### Completion criteria
- Every step is done and every acceptance criterion is demonstrated
- Required evidence is attached to the issue
- SQL, configuration and documents are committed to the repository
- Actual time is logged against the issue
- Instructor Review is Approved and the status is Completed

**Estimated time:** 2 h

**Next task:** PROJECT-009","Security","V11.0 PostgreSQL Security","MOD-33","SEC-005","2","L4 - Advanced","Security Lab","Single Server","Screenshot + command output","pgaudit; PostgreSQL; Wazuh; Loki; OpenSearch; Grafana","18","Level 2 - Senior PostgreSQL Engineering","DBA","High","Practical","0","Pending"
"PROJECT-009","PROJECT-009","Project","Normal","[PROJECT-009] Security project 4: PostgreSQL auditing","**Objective:** Security project 4: PostgreSQL auditing

**Prerequisites:** SEC-006

**Concepts:** PostgreSQL logging; Audit logging; pgaudit; Login auditing; DDL auditing; DML auditing; Privilege monitoring; Integration with Wazuh, Grafana, Loki and OpenSearch

**Tools:** pgaudit; PostgreSQL; Wazuh; Loki; OpenSearch; Grafana

**Environment:** Single Server

### Steps
- [ ] Define the audit policy: what, who, retention
- [ ] Implement it
- [ ] Ship audit logs off the server
- [ ] Build a review dashboard
- [ ] Prove an action can be traced to a user

### Acceptance criteria
- A test action is traced end to end
- Policy and dashboard are delivered

**Evidence required:** Repository link + documentation

**Troubleshooting:** Read the server log first. Record each problem and its fix in the issue notes. If stuck for more than 30 minutes, set the status to Blocked and describe the blocker.

**Performance:** Note the effect of this change on latency, WAL and locks where it applies.

**Security:** Use least-privilege roles, not the superuser, unless the task requires it. Keep secrets out of the repository.

**Automation:** Commit SQL and configuration to the repository. From phase 17 on, apply changes through migrations and the automation repository.

**Assessment:** Scored 0-100 on working result, test evidence, documentation and repository quality. Type: Project.

### Completion criteria
- Every step is done and every acceptance criterion is demonstrated
- Required evidence is attached to the issue
- SQL, configuration and documents are committed to the repository
- Actual time is logged against the issue
- Instructor Review is Approved and the status is Completed

**Estimated time:** 5 h

**Next task:** ASM-011","Security","V11.0 PostgreSQL Security","MOD-33","SEC-006","5","L4 - Advanced","Project","Single Server","Repository link + documentation","pgaudit; PostgreSQL; Wazuh; Loki; OpenSearch; Grafana","18","Level 2 - Senior PostgreSQL Engineering","DBA","High","Project","1","Pending"
"ASM-011","ASM-011","Assessment","High","[ASM-011] Phase 11 assessment: security practical","**Objective:** Phase 11 assessment: security practical

**Prerequisites:** PROJECT-009

**Concepts:** PostgreSQL logging; Audit logging; pgaudit; Login auditing; DDL auditing; DML auditing; Privilege monitoring; Integration with Wazuh, Grafana, Loki and OpenSearch

**Tools:** pgaudit; PostgreSQL; Wazuh; Loki; OpenSearch; Grafana

**Environment:** Single Server

### Steps
- [ ] Harden a server and implement roles and RLS from a specification

### Acceptance criteria
- Score of 70 or higher

**Evidence required:** Scored result

**Troubleshooting:** Read the server log first. Record each problem and its fix in the issue notes. If stuck for more than 30 minutes, set the status to Blocked and describe the blocker.

**Performance:** Note the effect of this change on latency, WAL and locks where it applies.

**Security:** Use least-privilege roles, not the superuser, unless the task requires it. Keep secrets out of the repository.

**Automation:** Commit SQL and configuration to the repository. From phase 17 on, apply changes through migrations and the automation repository.

**Assessment:** Scored 0-100. Pass mark 70. Type: Practical exam.

### Completion criteria
- Every step is done and every acceptance criterion is demonstrated
- Required evidence is attached to the issue
- SQL, configuration and documents are committed to the repository
- Actual time is logged against the issue
- Instructor Review is Approved and the status is Completed

**Estimated time:** 3 h

**Next task:** Last task of this module","Security","V11.0 PostgreSQL Security","MOD-33","PROJECT-009","3","L4 - Advanced","Assessment","Single Server","Scored result","pgaudit; PostgreSQL; Wazuh; Loki; OpenSearch; Grafana","18","Level 2 - Senior PostgreSQL Engineering","DBA","High","Practical exam","0","Pending"
"REVIEW-11","REVIEW-11","Review","High","[REVIEW-11] Phase 11 gate review","**Objective:** Confirm that phase 11 (PostgreSQL Security) is complete.

### Checklist
- [ ] Every issue of the phase is Completed
- [ ] Evidence is attached to every issue
- [ ] Time is logged
- [ ] Assessment score is 70 or higher
- [ ] SQL, configuration and documents are in the repository

**Assessment:** Instructor confirms the checklist and records the gate decision.

**Estimated time:** 1 h","","V11.0 PostgreSQL Security","PHASE-11","TSH-020, PROJECT-007, PROJECT-008, ASM-011","1","","Review","","Instructor sign-off","","","","","","Review","0","Pending"
"PHASE-12","PHASE-12","Phase","Normal","[PHASE-12] Backup & Recovery","Phase 12 of 20. Version: V12.0 Backup & Recovery.

Modules: 3. Estimated hours: 56.

- MOD-34 Logical Backup
- MOD-35 Physical Backup and PITR
- MOD-36 Disaster Recovery

The phase closes with the gate review REVIEW-12.","","V12.0 Backup & Recovery","EPIC","","","","","","","","","","","","","",""
"MOD-34","MOD-34","Module","Normal","[MOD-34] Logical Backup","**Topics:** Logical backup; pg_dump; pg_dumpall; pg_restore; COPY

**Tools:** pg_dump; pg_dumpall; pg_restore; COPY; psql

**Environment:** Single Server

**Tasks:** 5, 12 estimated hours.

- THY-032 Logical versus physical backup
- LAB-039 Backup
- LAB-040 COPY for export and import
- TSH-021 Scenario 21: backup failure
- TSH-022 Scenario 22: restore failure","Backup","V12.0 Backup & Recovery","PHASE-12","","","","","Single Server","","pg_dump; pg_dumpall; pg_restore; COPY; psql","18","Level 1 - Foundation & Development","DBA","High","","",""
"THY-032","THY-032","Theory","Normal","[THY-032] Logical versus physical backup","**Objective:** Logical versus physical backup

**Prerequisites:** TSH-020

**Concepts:** Logical backup; pg_dump; pg_dumpall; pg_restore; COPY

**Tools:** pg_dump; pg_dumpall; pg_restore; COPY; psql

**Environment:** Single Server

### Steps
- [ ] Compare what each captures, speed, size, granularity and version portability
- [ ] Study which problems each one solves

### Acceptance criteria
- Chooses the method for six recovery cases

**Evidence required:** Notes

**Troubleshooting:** Read the server log first. Record each problem and its fix in the issue notes. If stuck for more than 30 minutes, set the status to Blocked and describe the blocker.

**Performance:** Note the effect of this change on latency, WAL and locks where it applies.

**Security:** Use least-privilege roles, not the superuser, unless the task requires it. Keep secrets out of the repository.

**Automation:** Commit SQL and configuration to the repository. From phase 17 on, apply changes through migrations and the automation repository.

**Assessment:** Instructor checks the notes and asks short oral questions. Type: Short answer.

### Completion criteria
- Every step is done and every acceptance criterion is demonstrated
- Required evidence is attached to the issue
- SQL, configuration and documents are committed to the repository
- Actual time is logged against the issue
- Instructor Review is Approved and the status is Completed

**Estimated time:** 2 h

**Next task:** LAB-039","Backup","V12.0 Backup & Recovery","MOD-34","TSH-020","2","L3 - Intermediate","Theory","Single Server","Notes","pg_dump; pg_dumpall; pg_restore; COPY; psql","18","Level 1 - Foundation & Development","DBA","High","Short answer","0","Pending"
"LAB-039","LAB-039","Lab","Normal","[LAB-039] Backup","**Objective:** Backup

**Prerequisites:** THY-032

**Concepts:** Logical backup; pg_dump; pg_dumpall; pg_restore; COPY

**Tools:** pg_dump; pg_dumpall; pg_restore; COPY; psql

**Environment:** Single Server

### Steps
- [ ] Dump a database in plain, custom and directory formats
- [ ] Dump in parallel
- [ ] Dump globals with pg_dumpall
- [ ] Restore a full database, one schema and one table with pg_restore
- [ ] Restore in parallel and time it

### Acceptance criteria
- Restores reproduce the data
- Single-table restore works
- Timings are recorded

**Evidence required:** Screenshot + command output

**Troubleshooting:** Read the server log first. Record each problem and its fix in the issue notes. If stuck for more than 30 minutes, set the status to Blocked and describe the blocker.

**Performance:** Note the effect of this change on latency, WAL and locks where it applies.

**Security:** Use least-privilege roles, not the superuser, unless the task requires it. Keep secrets out of the repository.

**Automation:** Commit SQL and configuration to the repository. From phase 17 on, apply changes through migrations and the automation repository.

**Assessment:** Instructor verifies the acceptance criteria from the evidence and may ask for a live demonstration. Type: Practical.

### Completion criteria
- Every step is done and every acceptance criterion is demonstrated
- Required evidence is attached to the issue
- SQL, configuration and documents are committed to the repository
- Actual time is logged against the issue
- Instructor Review is Approved and the status is Completed

**Estimated time:** 4 h

**Next task:** LAB-040","Backup","V12.0 Backup & Recovery","MOD-34","THY-032","4","L3 - Intermediate","Guided Lab","Single Server","Screenshot + command output","pg_dump; pg_dumpall; pg_restore; COPY; psql","18","Level 1 - Foundation & Development","DBA","High","Practical","0","Pending"
"LAB-040","LAB-040","Lab","Normal","[LAB-040] COPY for export and import","**Objective:** COPY for export and import

**Prerequisites:** LAB-039

**Concepts:** Logical backup; pg_dump; pg_dumpall; pg_restore; COPY

**Tools:** pg_dump; pg_dumpall; pg_restore; COPY; psql

**Environment:** Single Server

### Steps
- [ ] Export a table and a query result with COPY and psql copy
- [ ] Import with options for format, header and nulls
- [ ] Handle bad rows on current versions

### Acceptance criteria
- Round trip preserves the data
- Bad-row handling is shown

**Evidence required:** Screenshot + command output

**Troubleshooting:** Read the server log first. Record each problem and its fix in the issue notes. If stuck for more than 30 minutes, set the status to Blocked and describe the blocker.

**Performance:** Note the effect of this change on latency, WAL and locks where it applies.

**Security:** Use least-privilege roles, not the superuser, unless the task requires it. Keep secrets out of the repository.

**Automation:** Commit SQL and configuration to the repository. From phase 17 on, apply changes through migrations and the automation repository.

**Assessment:** Instructor verifies the acceptance criteria from the evidence and may ask for a live demonstration. Type: Practical.

### Completion criteria
- Every step is done and every acceptance criterion is demonstrated
- Required evidence is attached to the issue
- SQL, configuration and documents are committed to the repository
- Actual time is logged against the issue
- Instructor Review is Approved and the status is Completed

**Estimated time:** 2 h

**Next task:** TSH-021","Backup","V12.0 Backup & Recovery","MOD-34","LAB-039","2","L3 - Intermediate","Guided Lab","Single Server","Screenshot + command output","pg_dump; pg_dumpall; pg_restore; COPY; psql","18","Level 1 - Foundation & Development","DBA","High","Practical","0","Pending"
"TSH-021","TSH-021","Troubleshooting","Normal","[TSH-021] Scenario 21: backup failure","**Objective:** Scenario 21: backup failure

**Prerequisites:** LAB-040

**Concepts:** Logical backup; pg_dump; pg_dumpall; pg_restore; COPY

**Tools:** pg_dump; pg_dumpall; pg_restore; COPY; psql

**Environment:** Single Server

### Steps
- [ ] Reproduce the instructor fault on the lab server
- [ ] Collect evidence before changing anything
- [ ] Read the dump error
- [ ] Check permissions, disk space, locks and version mismatch
- [ ] Apply the fix
- [ ] Validate with the original failing action
- [ ] Write the seven-section report: problem, evidence, diagnosis, root cause, fix, validation, prevention

### Acceptance criteria
- Service or behaviour is restored
- Root cause is proven with evidence
- Report has all seven sections

**Evidence required:** Root cause report

**Performance:** Note the effect of this change on latency, WAL and locks where it applies.

**Security:** Use least-privilege roles, not the superuser, unless the task requires it. Keep secrets out of the repository.

**Automation:** Commit SQL and configuration to the repository. From phase 17 on, apply changes through migrations and the automation repository.

**Assessment:** Instructor grades the seven-section report. Type: Practical.

### Completion criteria
- Every step is done and every acceptance criterion is demonstrated
- Required evidence is attached to the issue
- SQL, configuration and documents are committed to the repository
- Actual time is logged against the issue
- Instructor Review is Approved and the status is Completed

**Estimated time:** 2 h

**Next task:** TSH-022","Backup","V12.0 Backup & Recovery","MOD-34","LAB-040","2","L3 - Intermediate","Troubleshooting","Single Server","Root cause report","pg_dump; pg_dumpall; pg_restore; COPY; psql","18","Level 1 - Foundation & Development","DBA","High","Practical","0","Pending"
"TSH-022","TSH-022","Troubleshooting","Normal","[TSH-022] Scenario 22: restore failure","**Objective:** Scenario 22: restore failure

**Prerequisites:** TSH-021

**Concepts:** Logical backup; pg_dump; pg_dumpall; pg_restore; COPY

**Tools:** pg_dump; pg_dumpall; pg_restore; COPY; psql

**Environment:** Single Server

### Steps
- [ ] Reproduce the instructor fault on the lab server
- [ ] Collect evidence before changing anything
- [ ] Read the restore error
- [ ] Check missing roles, extensions and ownership
- [ ] Restore in the right order
- [ ] Apply the fix
- [ ] Validate with the original failing action
- [ ] Write the seven-section report: problem, evidence, diagnosis, root cause, fix, validation, prevention

### Acceptance criteria
- Service or behaviour is restored
- Root cause is proven with evidence
- Report has all seven sections

**Evidence required:** Root cause report

**Performance:** Note the effect of this change on latency, WAL and locks where it applies.

**Security:** Use least-privilege roles, not the superuser, unless the task requires it. Keep secrets out of the repository.

**Automation:** Commit SQL and configuration to the repository. From phase 17 on, apply changes through migrations and the automation repository.

**Assessment:** Instructor grades the seven-section report. Type: Practical.

### Completion criteria
- Every step is done and every acceptance criterion is demonstrated
- Required evidence is attached to the issue
- SQL, configuration and documents are committed to the repository
- Actual time is logged against the issue
- Instructor Review is Approved and the status is Completed

**Estimated time:** 2 h

**Next task:** Last task of this module","Backup","V12.0 Backup & Recovery","MOD-34","TSH-021","2","L3 - Intermediate","Troubleshooting","Single Server","Root cause report","pg_dump; pg_dumpall; pg_restore; COPY; psql","18","Level 1 - Foundation & Development","DBA","High","Practical","0","Pending"
"MOD-35","MOD-35","Module","Normal","[MOD-35] Physical Backup and PITR","**Topics:** Physical backup; Base backups; WAL archiving; PITR; Recovery; Recovery targets; Backup validation; Backup testing

**Tools:** pg_basebackup; pgBackRest; PostgreSQL

**Environment:** Two-Node Replication

**Tasks:** 7, 24 estimated hours.

- THY-033 WAL, base backups and how PITR works
- LAB-041 Base backup and WAL archiving
- LAB-042 PITR
- LAB-043 pgBackRest: full, differential, incremental and retention
- DBA-001 Backup validation and scheduled restore tests
- TSH-023 Scenario 23: WAL archive is failing
- TSH-024 Scenario 24: PITR failure","Recovery","V12.0 Backup & Recovery","PHASE-12","","","","","Two-Node Replication","","pg_basebackup; pgBackRest; PostgreSQL","18","Level 2 - Senior PostgreSQL Engineering","DBA","High","","",""
"THY-033","THY-033","Theory","Normal","[THY-033] WAL, base backups and how PITR works","**Objective:** WAL, base backups and how PITR works

**Prerequisites:** TSH-022

**Concepts:** Physical backup; Base backups; WAL archiving; PITR; Recovery; Recovery targets; Backup validation; Backup testing

**Tools:** pg_basebackup; pgBackRest; PostgreSQL

**Environment:** Two-Node Replication

### Steps
- [ ] Study what a base backup contains
- [ ] Study continuous archiving
- [ ] Study recovery: restore base, replay WAL to a target
- [ ] Study timelines

### Acceptance criteria
- Explains why WAL since the backup is required
- Explains what a new timeline is

**Evidence required:** Notes

**Troubleshooting:** Read the server log first. Record each problem and its fix in the issue notes. If stuck for more than 30 minutes, set the status to Blocked and describe the blocker.

**Performance:** Note the effect of this change on latency, WAL and locks where it applies.

**Security:** Use least-privilege roles, not the superuser, unless the task requires it. Keep secrets out of the repository.

**Automation:** Commit SQL and configuration to the repository. From phase 17 on, apply changes through migrations and the automation repository.

**Assessment:** Instructor checks the notes and asks short oral questions. Type: Short answer.

### Completion criteria
- Every step is done and every acceptance criterion is demonstrated
- Required evidence is attached to the issue
- SQL, configuration and documents are committed to the repository
- Actual time is logged against the issue
- Instructor Review is Approved and the status is Completed

**Estimated time:** 3 h

**Next task:** LAB-041","Recovery","V12.0 Backup & Recovery","MOD-35","TSH-022","3","L4 - Advanced","Theory","Two-Node Replication","Notes","pg_basebackup; pgBackRest; PostgreSQL","18","Level 2 - Senior PostgreSQL Engineering","DBA","High","Short answer","0","Pending"
"LAB-041","LAB-041","Lab","Normal","[LAB-041] Base backup and WAL archiving","**Objective:** Base backup and WAL archiving

**Prerequisites:** THY-033

**Concepts:** Physical backup; Base backups; WAL archiving; PITR; Recovery; Recovery targets; Backup validation; Backup testing

**Tools:** pg_basebackup; pgBackRest; PostgreSQL

**Environment:** Two-Node Replication

### Steps
- [ ] Set wal_level, archive_mode and an archive_command that fails safely
- [ ] Verify archiving with pg_stat_archiver
- [ ] Take a base backup with pg_basebackup and verify it with pg_verifybackup
- [ ] Take an incremental backup and combine it on current versions

### Acceptance criteria
- WAL segments arrive in the archive
- Backup verifies
- Archiver shows no failures

**Evidence required:** Screenshot + command output

**Troubleshooting:** Read the server log first. Record each problem and its fix in the issue notes. If stuck for more than 30 minutes, set the status to Blocked and describe the blocker.

**Performance:** Note the effect of this change on latency, WAL and locks where it applies.

**Security:** Use least-privilege roles, not the superuser, unless the task requires it. Keep secrets out of the repository.

**Automation:** Commit SQL and configuration to the repository. From phase 17 on, apply changes through migrations and the automation repository.

**Assessment:** Instructor verifies the acceptance criteria from the evidence and may ask for a live demonstration. Type: Practical.

### Completion criteria
- Every step is done and every acceptance criterion is demonstrated
- Required evidence is attached to the issue
- SQL, configuration and documents are committed to the repository
- Actual time is logged against the issue
- Instructor Review is Approved and the status is Completed

**Estimated time:** 4 h

**Next task:** LAB-042","Recovery","V12.0 Backup & Recovery","MOD-35","THY-033","4","L4 - Advanced","Guided Lab","Two-Node Replication","Screenshot + command output","pg_basebackup; pgBackRest; PostgreSQL","18","Level 2 - Senior PostgreSQL Engineering","DBA","High","Practical","0","Pending"
"LAB-042","LAB-042","Lab","Normal","[LAB-042] PITR","**Objective:** PITR

**Prerequisites:** LAB-041

**Concepts:** Physical backup; Base backups; WAL archiving; PITR; Recovery; Recovery targets; Backup validation; Backup testing

**Tools:** pg_basebackup; pgBackRest; PostgreSQL

**Environment:** Two-Node Replication

### Steps
- [ ] Record a time and a restore point
- [ ] Drop a table by mistake
- [ ] Restore the base backup to a new location
- [ ] Set restore_command and a recovery target by time, then by name
- [ ] Promote and verify the table is back
- [ ] Explain the new timeline

### Acceptance criteria
- Dropped table is recovered to the chosen point
- Both target types are demonstrated
- Steps are written as a runbook

**Evidence required:** Screenshot + command output

**Troubleshooting:** Read the server log first. Record each problem and its fix in the issue notes. If stuck for more than 30 minutes, set the status to Blocked and describe the blocker.

**Performance:** Note the effect of this change on latency, WAL and locks where it applies.

**Security:** Use least-privilege roles, not the superuser, unless the task requires it. Keep secrets out of the repository.

**Automation:** Commit SQL and configuration to the repository. From phase 17 on, apply changes through migrations and the automation repository.

**Assessment:** Instructor verifies the acceptance criteria from the evidence and may ask for a live demonstration. Type: Practical.

### Completion criteria
- Every step is done and every acceptance criterion is demonstrated
- Required evidence is attached to the issue
- SQL, configuration and documents are committed to the repository
- Actual time is logged against the issue
- Instructor Review is Approved and the status is Completed

**Estimated time:** 5 h

**Next task:** LAB-043","Recovery","V12.0 Backup & Recovery","MOD-35","LAB-041","5","L4 - Advanced","Guided Lab","Two-Node Replication","Screenshot + command output","pg_basebackup; pgBackRest; PostgreSQL","18","Level 2 - Senior PostgreSQL Engineering","DBA","High","Practical","0","Pending"
"LAB-043","LAB-043","Lab","Normal","[LAB-043] pgBackRest: full, differential, incremental and retention","**Objective:** pgBackRest: full, differential, incremental and retention

**Prerequisites:** LAB-042

**Concepts:** Physical backup; Base backups; WAL archiving; PITR; Recovery; Recovery targets; Backup validation; Backup testing

**Tools:** pg_basebackup; pgBackRest; PostgreSQL

**Environment:** Two-Node Replication

### Steps
- [ ] Configure a repository and stanza
- [ ] Take full, differential and incremental backups
- [ ] Set retention
- [ ] Restore to a point in time
- [ ] Run check and verify

### Acceptance criteria
- Backups of each type exist
- Restore succeeds
- Retention removes old backups

**Evidence required:** Screenshot + command output

**Troubleshooting:** Read the server log first. Record each problem and its fix in the issue notes. If stuck for more than 30 minutes, set the status to Blocked and describe the blocker.

**Performance:** Note the effect of this change on latency, WAL and locks where it applies.

**Security:** Use least-privilege roles, not the superuser, unless the task requires it. Keep secrets out of the repository.

**Automation:** Commit SQL and configuration to the repository. From phase 17 on, apply changes through migrations and the automation repository.

**Assessment:** Instructor verifies the acceptance criteria from the evidence and may ask for a live demonstration. Type: Practical.

### Completion criteria
- Every step is done and every acceptance criterion is demonstrated
- Required evidence is attached to the issue
- SQL, configuration and documents are committed to the repository
- Actual time is logged against the issue
- Instructor Review is Approved and the status is Completed

**Estimated time:** 4 h

**Next task:** DBA-001","Recovery","V12.0 Backup & Recovery","MOD-35","LAB-042","4","L4 - Advanced","Guided Lab","Two-Node Replication","Screenshot + command output","pg_basebackup; pgBackRest; PostgreSQL","18","Level 2 - Senior PostgreSQL Engineering","DBA","High","Practical","0","Pending"
"DBA-001","DBA-001","DBA","Normal","[DBA-001] Backup validation and scheduled restore tests","**Objective:** Backup validation and scheduled restore tests

**Prerequisites:** LAB-043

**Concepts:** Physical backup; Base backups; WAL archiving; PITR; Recovery; Recovery targets; Backup validation; Backup testing

**Tools:** pg_basebackup; pgBackRest; PostgreSQL

**Environment:** Two-Node Replication

### Steps
- [ ] Write an automatic restore test that restores the latest backup to a scratch server and runs checks
- [ ] Schedule it
- [ ] Alert on failure

### Acceptance criteria
- Restore test runs on schedule and reports
- A deliberately broken backup is detected

**Evidence required:** Screenshot + command output

**Troubleshooting:** Read the server log first. Record each problem and its fix in the issue notes. If stuck for more than 30 minutes, set the status to Blocked and describe the blocker.

**Performance:** Note the effect of this change on latency, WAL and locks where it applies.

**Security:** Use least-privilege roles, not the superuser, unless the task requires it. Keep secrets out of the repository.

**Automation:** Commit SQL and configuration to the repository. From phase 17 on, apply changes through migrations and the automation repository.

**Assessment:** Instructor verifies the acceptance criteria from the evidence. Type: Practical.

### Completion criteria
- Every step is done and every acceptance criterion is demonstrated
- Required evidence is attached to the issue
- SQL, configuration and documents are committed to the repository
- Actual time is logged against the issue
- Instructor Review is Approved and the status is Completed

**Estimated time:** 3 h

**Next task:** TSH-023","Recovery","V12.0 Backup & Recovery","MOD-35","LAB-043","3","L4 - Advanced","Administration","Two-Node Replication","Screenshot + command output","pg_basebackup; pgBackRest; PostgreSQL","18","Level 2 - Senior PostgreSQL Engineering","DBA","High","Practical","0","Pending"
"TSH-023","TSH-023","Troubleshooting","Normal","[TSH-023] Scenario 23: WAL archive is failing","**Objective:** Scenario 23: WAL archive is failing

**Prerequisites:** DBA-001

**Concepts:** Physical backup; Base backups; WAL archiving; PITR; Recovery; Recovery targets; Backup validation; Backup testing

**Tools:** pg_basebackup; pgBackRest; PostgreSQL

**Environment:** Two-Node Replication

### Steps
- [ ] Reproduce the instructor fault on the lab server
- [ ] Collect evidence before changing anything
- [ ] Read pg_stat_archiver and the log
- [ ] Check the command, destination space and permissions
- [ ] Check pg_wal growth
- [ ] Apply the fix
- [ ] Validate with the original failing action
- [ ] Write the seven-section report: problem, evidence, diagnosis, root cause, fix, validation, prevention

### Acceptance criteria
- Service or behaviour is restored
- Root cause is proven with evidence
- Report has all seven sections

**Evidence required:** Root cause report

**Performance:** Note the effect of this change on latency, WAL and locks where it applies.

**Security:** Use least-privilege roles, not the superuser, unless the task requires it. Keep secrets out of the repository.

**Automation:** Commit SQL and configuration to the repository. From phase 17 on, apply changes through migrations and the automation repository.

**Assessment:** Instructor grades the seven-section report. Type: Practical.

### Completion criteria
- Every step is done and every acceptance criterion is demonstrated
- Required evidence is attached to the issue
- SQL, configuration and documents are committed to the repository
- Actual time is logged against the issue
- Instructor Review is Approved and the status is Completed

**Estimated time:** 2 h

**Next task:** TSH-024","Recovery","V12.0 Backup & Recovery","MOD-35","DBA-001","2","L4 - Advanced","Troubleshooting","Two-Node Replication","Root cause report","pg_basebackup; pgBackRest; PostgreSQL","18","Level 2 - Senior PostgreSQL Engineering","DBA","High","Practical","0","Pending"
"TSH-024","TSH-024","Troubleshooting","Normal","[TSH-024] Scenario 24: PITR failure","**Objective:** Scenario 24: PITR failure

**Prerequisites:** TSH-023

**Concepts:** Physical backup; Base backups; WAL archiving; PITR; Recovery; Recovery targets; Backup validation; Backup testing

**Tools:** pg_basebackup; pgBackRest; PostgreSQL

**Environment:** Two-Node Replication

### Steps
- [ ] Reproduce the instructor fault on the lab server
- [ ] Collect evidence before changing anything
- [ ] Read the recovery log
- [ ] Check for missing WAL, wrong target or wrong timeline
- [ ] Recover to the nearest possible point
- [ ] Apply the fix
- [ ] Validate with the original failing action
- [ ] Write the seven-section report: problem, evidence, diagnosis, root cause, fix, validation, prevention

### Acceptance criteria
- Service or behaviour is restored
- Root cause is proven with evidence
- Report has all seven sections

**Evidence required:** Root cause report

**Performance:** Note the effect of this change on latency, WAL and locks where it applies.

**Security:** Use least-privilege roles, not the superuser, unless the task requires it. Keep secrets out of the repository.

**Automation:** Commit SQL and configuration to the repository. From phase 17 on, apply changes through migrations and the automation repository.

**Assessment:** Instructor grades the seven-section report. Type: Practical.

### Completion criteria
- Every step is done and every acceptance criterion is demonstrated
- Required evidence is attached to the issue
- SQL, configuration and documents are committed to the repository
- Actual time is logged against the issue
- Instructor Review is Approved and the status is Completed

**Estimated time:** 3 h

**Next task:** Last task of this module","Recovery","V12.0 Backup & Recovery","MOD-35","TSH-023","3","L4 - Advanced","Troubleshooting","Two-Node Replication","Root cause report","pg_basebackup; pgBackRest; PostgreSQL","18","Level 2 - Senior PostgreSQL Engineering","DBA","High","Practical","0","Pending"
"MOD-36","MOD-36","Module","Normal","[MOD-36] Disaster Recovery","**Topics:** RPO; RTO; DR planning; Backup strategy; Recovery strategy; Multi-site DR; Cold standby; Warm standby; Hot standby; Failover; Failback

**Tools:** pgBackRest; PostgreSQL

**Environment:** Two-Node Replication

**Tasks:** 4, 19 estimated hours.

- THY-034 RPO, RTO and standby types
- PROJECT-010 PostgreSQL Disaster Recovery Project
- PROJECT-011 Portfolio: PostgreSQL Backup & PITR System
- ASM-012 Phase 12 assessment: backup and restore practical","Recovery","V12.0 Backup & Recovery","PHASE-12","","","","","Two-Node Replication","","pgBackRest; PostgreSQL","18","Level 3 - Enterprise PostgreSQL","DBA","High","","",""
"THY-034","THY-034","Theory","Normal","[THY-034] RPO, RTO and standby types","**Objective:** RPO, RTO and standby types

**Prerequisites:** TSH-024

**Concepts:** RPO; RTO; DR planning; Backup strategy; Recovery strategy; Multi-site DR; Cold standby; Warm standby; Hot standby; Failover; Failback

**Tools:** pgBackRest; PostgreSQL

**Environment:** Two-Node Replication

### Steps
- [ ] Study RPO and RTO and how they drive design and cost
- [ ] Compare cold, warm and hot standby
- [ ] Study failover and failback

### Acceptance criteria
- Derives a design from three RPO and RTO pairs

**Evidence required:** Notes

**Troubleshooting:** Read the server log first. Record each problem and its fix in the issue notes. If stuck for more than 30 minutes, set the status to Blocked and describe the blocker.

**Performance:** Note the effect of this change on latency, WAL and locks where it applies.

**Security:** Use least-privilege roles, not the superuser, unless the task requires it. Keep secrets out of the repository.

**Automation:** Commit SQL and configuration to the repository. From phase 17 on, apply changes through migrations and the automation repository.

**Assessment:** Instructor checks the notes and asks short oral questions. Type: Short answer.

### Completion criteria
- Every step is done and every acceptance criterion is demonstrated
- Required evidence is attached to the issue
- SQL, configuration and documents are committed to the repository
- Actual time is logged against the issue
- Instructor Review is Approved and the status is Completed

**Estimated time:** 2 h

**Next task:** PROJECT-010","Recovery","V12.0 Backup & Recovery","MOD-36","TSH-024","2","L4 - Advanced","Theory","Two-Node Replication","Notes","pgBackRest; PostgreSQL","18","Level 3 - Enterprise PostgreSQL","DBA","High","Short answer","0","Pending"
"PROJECT-010","PROJECT-010","Project","Normal","[PROJECT-010] PostgreSQL Disaster Recovery Project","**Objective:** PostgreSQL Disaster Recovery Project

**Prerequisites:** THY-034

**Concepts:** RPO; RTO; DR planning; Backup strategy; Recovery strategy; Multi-site DR; Cold standby; Warm standby; Hot standby; Failover; Failback

**Tools:** pgBackRest; PostgreSQL

**Environment:** Two-Node Replication

### Steps
- [ ] Define RPO and RTO for the course application
- [ ] Design backup, archive and off-site copy
- [ ] Build a DR site server
- [ ] Run a full DR test: lose the primary site, recover at DR, measure RPO and RTO achieved
- [ ] Fail back
- [ ] Write the DR plan and test report

### Acceptance criteria
- Measured RPO and RTO meet the targets or gaps are explained
- Failback succeeds
- Plan and report are committed

**Evidence required:** Repository link + documentation

**Troubleshooting:** Read the server log first. Record each problem and its fix in the issue notes. If stuck for more than 30 minutes, set the status to Blocked and describe the blocker.

**Performance:** Note the effect of this change on latency, WAL and locks where it applies.

**Security:** Use least-privilege roles, not the superuser, unless the task requires it. Keep secrets out of the repository.

**Automation:** Commit SQL and configuration to the repository. From phase 17 on, apply changes through migrations and the automation repository.

**Assessment:** Scored 0-100 on working result, test evidence, documentation and repository quality. Type: Project.

### Completion criteria
- Every step is done and every acceptance criterion is demonstrated
- Required evidence is attached to the issue
- SQL, configuration and documents are committed to the repository
- Actual time is logged against the issue
- Instructor Review is Approved and the status is Completed

**Estimated time:** 8 h

**Next task:** PROJECT-011","Recovery","V12.0 Backup & Recovery","MOD-36","THY-034","8","L4 - Advanced","Project","Two-Node Replication","Repository link + documentation","pgBackRest; PostgreSQL","18","Level 3 - Enterprise PostgreSQL","DBA","High","Project","1","Pending"
"PROJECT-011","PROJECT-011","Project","Normal","[PROJECT-011] Portfolio: PostgreSQL Backup & PITR System","**Objective:** Portfolio: PostgreSQL Backup & PITR System

**Prerequisites:** PROJECT-010

**Concepts:** RPO; RTO; DR planning; Backup strategy; Recovery strategy; Multi-site DR; Cold standby; Warm standby; Hot standby; Failover; Failback

**Tools:** pgBackRest; PostgreSQL

**Environment:** Two-Node Replication

### Steps
- [ ] Package backup, archiving, retention, restore testing and monitoring into one documented system
- [ ] Provide one-command restore to a time
- [ ] Publish the repository

### Acceptance criteria
- A stranger can restore to a point in time from the README
- Restore test evidence is included

**Evidence required:** Repository link + documentation

**Troubleshooting:** Read the server log first. Record each problem and its fix in the issue notes. If stuck for more than 30 minutes, set the status to Blocked and describe the blocker.

**Performance:** Note the effect of this change on latency, WAL and locks where it applies.

**Security:** Use least-privilege roles, not the superuser, unless the task requires it. Keep secrets out of the repository.

**Automation:** Commit SQL and configuration to the repository. From phase 17 on, apply changes through migrations and the automation repository.

**Assessment:** Scored 0-100 on working result, test evidence, documentation and repository quality. Type: Project.

### Completion criteria
- Every step is done and every acceptance criterion is demonstrated
- Required evidence is attached to the issue
- SQL, configuration and documents are committed to the repository
- Actual time is logged against the issue
- Instructor Review is Approved and the status is Completed

**Estimated time:** 6 h

**Next task:** ASM-012","Recovery","V12.0 Backup & Recovery","MOD-36","PROJECT-010","6","L4 - Advanced","Project","Two-Node Replication","Repository link + documentation","pgBackRest; PostgreSQL","18","Level 3 - Enterprise PostgreSQL","DBA","High","Project","1","Pending"
"ASM-012","ASM-012","Assessment","High","[ASM-012] Phase 12 assessment: backup and restore practical","**Objective:** Phase 12 assessment: backup and restore practical

**Prerequisites:** PROJECT-011

**Concepts:** RPO; RTO; DR planning; Backup strategy; Recovery strategy; Multi-site DR; Cold standby; Warm standby; Hot standby; Failover; Failback

**Tools:** pgBackRest; PostgreSQL

**Environment:** Two-Node Replication

### Steps
- [ ] Recover a database to a given point in time from provided backups within the time limit

### Acceptance criteria
- Score of 70 or higher

**Evidence required:** Scored result

**Troubleshooting:** Read the server log first. Record each problem and its fix in the issue notes. If stuck for more than 30 minutes, set the status to Blocked and describe the blocker.

**Performance:** Note the effect of this change on latency, WAL and locks where it applies.

**Security:** Use least-privilege roles, not the superuser, unless the task requires it. Keep secrets out of the repository.

**Automation:** Commit SQL and configuration to the repository. From phase 17 on, apply changes through migrations and the automation repository.

**Assessment:** Scored 0-100. Pass mark 70. Type: Practical exam.

### Completion criteria
- Every step is done and every acceptance criterion is demonstrated
- Required evidence is attached to the issue
- SQL, configuration and documents are committed to the repository
- Actual time is logged against the issue
- Instructor Review is Approved and the status is Completed

**Estimated time:** 3 h

**Next task:** Last task of this module","Recovery","V12.0 Backup & Recovery","MOD-36","PROJECT-011","3","L4 - Advanced","Assessment","Two-Node Replication","Scored result","pgBackRest; PostgreSQL","18","Level 3 - Enterprise PostgreSQL","DBA","High","Practical exam","0","Pending"
"REVIEW-12","REVIEW-12","Review","High","[REVIEW-12] Phase 12 gate review","**Objective:** Confirm that phase 12 (Backup & Recovery) is complete.

### Checklist
- [ ] Every issue of the phase is Completed
- [ ] Evidence is attached to every issue
- [ ] Time is logged
- [ ] Assessment score is 70 or higher
- [ ] SQL, configuration and documents are in the repository

**Assessment:** Instructor confirms the checklist and records the gate decision.

**Estimated time:** 1 h","","V12.0 Backup & Recovery","PHASE-12","TSH-022, TSH-024, ASM-012","1","","Review","","Instructor sign-off","","","","","","Review","0","Pending"
"PHASE-13","PHASE-13","Phase","Normal","[PHASE-13] Replication","Phase 13 of 20. Version: V13.0 Replication.

Modules: 2. Estimated hours: 57.

- MOD-37 Streaming Replication
- MOD-38 Logical Replication

The phase closes with the gate review REVIEW-13.","","V13.0 Replication","EPIC","","","","","","","","","","","","","",""
"MOD-37","MOD-37","Module","Normal","[MOD-37] Streaming Replication","**Topics:** Streaming replication; Physical replication; Primary; Standby; WAL sender; WAL receiver; Replication slots; Synchronous replication; Asynchronous replication; Cascading replication; Hot standby

**Tools:** PostgreSQL; pg_basebackup; psql

**Environment:** Two-Node Replication

**Tasks:** 11, 33 estimated hours.

- THY-035 Physical replication architecture
- LAB-044 Streaming Replication
- LAB-045 Synchronous replication
- LAB-046 Cascading replication and delayed standby
- LAB-047 Promotion, switchover and pg_rewind
- TSH-025 Scenario 25: replication lag
- TSH-026 Scenario 26: replication failure, standby cannot connect
- TSH-027 Scenario 27: WAL growth from an inactive replication slot
- TSH-028 Scenario 28: standby needs WAL that was already removed
- TSH-029 Scenario 29: queries cancelled on the hot standby
- PROJECT-012 Performance project 6: reduce replication lag","Replication","V13.0 Replication","PHASE-13","","","","","Two-Node Replication","","PostgreSQL; pg_basebackup; psql","18","Level 2 - Senior PostgreSQL Engineering","DBA","High","","",""
"THY-035","THY-035","Theory","Normal","[THY-035] Physical replication architecture","**Objective:** Physical replication architecture

**Prerequisites:** TSH-024

**Concepts:** Streaming replication; Physical replication; Primary; Standby; WAL sender; WAL receiver; Replication slots; Synchronous replication; Asynchronous replication; Cascading replication; Hot standby

**Tools:** PostgreSQL; pg_basebackup; psql

**Environment:** Two-Node Replication

### Steps
- [ ] Study WAL sender and receiver
- [ ] Study asynchronous and synchronous modes and synchronous_commit levels
- [ ] Study replication slots and their risk
- [ ] Study hot standby conflicts

### Acceptance criteria
- Explains the durability and latency trade-off of each synchronous level
- Explains how a slot can fill the disk

**Evidence required:** Notes

**Troubleshooting:** Read the server log first. Record each problem and its fix in the issue notes. If stuck for more than 30 minutes, set the status to Blocked and describe the blocker.

**Performance:** Note the effect of this change on latency, WAL and locks where it applies.

**Security:** Use least-privilege roles, not the superuser, unless the task requires it. Keep secrets out of the repository.

**Automation:** Commit SQL and configuration to the repository. From phase 17 on, apply changes through migrations and the automation repository.

**Assessment:** Instructor checks the notes and asks short oral questions. Type: Short answer.

### Completion criteria
- Every step is done and every acceptance criterion is demonstrated
- Required evidence is attached to the issue
- SQL, configuration and documents are committed to the repository
- Actual time is logged against the issue
- Instructor Review is Approved and the status is Completed

**Estimated time:** 3 h

**Next task:** LAB-044","Replication","V13.0 Replication","MOD-37","TSH-024","3","L4 - Advanced","Theory","Two-Node Replication","Notes","PostgreSQL; pg_basebackup; psql","18","Level 2 - Senior PostgreSQL Engineering","DBA","High","Short answer","0","Pending"
"LAB-044","LAB-044","Lab","Normal","[LAB-044] Streaming Replication","**Objective:** Streaming Replication

**Prerequisites:** THY-035

**Concepts:** Streaming replication; Physical replication; Primary; Standby; WAL sender; WAL receiver; Replication slots; Synchronous replication; Asynchronous replication; Cascading replication; Hot standby

**Tools:** PostgreSQL; pg_basebackup; psql

**Environment:** Two-Node Replication

### Steps
- [ ] Create a replication role and pg_hba entry
- [ ] Build the standby with pg_basebackup using a slot
- [ ] Start it as a hot standby
- [ ] Verify with pg_stat_replication and pg_stat_wal_receiver
- [ ] Run read queries on the standby
- [ ] Measure lag in bytes and time

### Acceptance criteria
- Standby replays continuously
- Lag is measured
- Read queries work on the standby

**Evidence required:** Screenshot + command output

**Troubleshooting:** Read the server log first. Record each problem and its fix in the issue notes. If stuck for more than 30 minutes, set the status to Blocked and describe the blocker.

**Performance:** Note the effect of this change on latency, WAL and locks where it applies.

**Security:** Use least-privilege roles, not the superuser, unless the task requires it. Keep secrets out of the repository.

**Automation:** Commit SQL and configuration to the repository. From phase 17 on, apply changes through migrations and the automation repository.

**Assessment:** Instructor verifies the acceptance criteria from the evidence and may ask for a live demonstration. Type: Practical.

### Completion criteria
- Every step is done and every acceptance criterion is demonstrated
- Required evidence is attached to the issue
- SQL, configuration and documents are committed to the repository
- Actual time is logged against the issue
- Instructor Review is Approved and the status is Completed

**Estimated time:** 5 h

**Next task:** LAB-045","Replication","V13.0 Replication","MOD-37","THY-035","5","L4 - Advanced","Guided Lab","Two-Node Replication","Screenshot + command output","PostgreSQL; pg_basebackup; psql","18","Level 2 - Senior PostgreSQL Engineering","DBA","High","Practical","0","Pending"
"LAB-045","LAB-045","Lab","Normal","[LAB-045] Synchronous replication","**Objective:** Synchronous replication

**Prerequisites:** LAB-044

**Concepts:** Streaming replication; Physical replication; Primary; Standby; WAL sender; WAL receiver; Replication slots; Synchronous replication; Asynchronous replication; Cascading replication; Hot standby

**Tools:** PostgreSQL; pg_basebackup; psql

**Environment:** Two-Node Replication

### Steps
- [ ] Configure synchronous_standby_names
- [ ] Test commit behaviour with the standby up and down
- [ ] Compare synchronous_commit levels with pgbench
- [ ] Decide when to use quorum commit

### Acceptance criteria
- Commit waits as configured
- Performance difference is measured

**Evidence required:** Screenshot + command output

**Troubleshooting:** Read the server log first. Record each problem and its fix in the issue notes. If stuck for more than 30 minutes, set the status to Blocked and describe the blocker.

**Performance:** Note the effect of this change on latency, WAL and locks where it applies.

**Security:** Use least-privilege roles, not the superuser, unless the task requires it. Keep secrets out of the repository.

**Automation:** Commit SQL and configuration to the repository. From phase 17 on, apply changes through migrations and the automation repository.

**Assessment:** Instructor verifies the acceptance criteria from the evidence and may ask for a live demonstration. Type: Practical.

### Completion criteria
- Every step is done and every acceptance criterion is demonstrated
- Required evidence is attached to the issue
- SQL, configuration and documents are committed to the repository
- Actual time is logged against the issue
- Instructor Review is Approved and the status is Completed

**Estimated time:** 3 h

**Next task:** LAB-046","Replication","V13.0 Replication","MOD-37","LAB-044","3","L4 - Advanced","Guided Lab","Two-Node Replication","Screenshot + command output","PostgreSQL; pg_basebackup; psql","18","Level 2 - Senior PostgreSQL Engineering","DBA","High","Practical","0","Pending"
"LAB-046","LAB-046","Lab","Normal","[LAB-046] Cascading replication and delayed standby","**Objective:** Cascading replication and delayed standby

**Prerequisites:** LAB-045

**Concepts:** Streaming replication; Physical replication; Primary; Standby; WAL sender; WAL receiver; Replication slots; Synchronous replication; Asynchronous replication; Cascading replication; Hot standby

**Tools:** PostgreSQL; pg_basebackup; psql

**Environment:** Two-Node Replication

### Steps
- [ ] Add a third server replicating from the standby
- [ ] Configure a delayed standby with recovery_min_apply_delay
- [ ] Use the delayed standby to recover from a mistake

### Acceptance criteria
- Cascade works
- Delayed standby still has the row deleted on the primary

**Evidence required:** Screenshot + command output

**Troubleshooting:** Read the server log first. Record each problem and its fix in the issue notes. If stuck for more than 30 minutes, set the status to Blocked and describe the blocker.

**Performance:** Note the effect of this change on latency, WAL and locks where it applies.

**Security:** Use least-privilege roles, not the superuser, unless the task requires it. Keep secrets out of the repository.

**Automation:** Commit SQL and configuration to the repository. From phase 17 on, apply changes through migrations and the automation repository.

**Assessment:** Instructor verifies the acceptance criteria from the evidence and may ask for a live demonstration. Type: Practical.

### Completion criteria
- Every step is done and every acceptance criterion is demonstrated
- Required evidence is attached to the issue
- SQL, configuration and documents are committed to the repository
- Actual time is logged against the issue
- Instructor Review is Approved and the status is Completed

**Estimated time:** 3 h

**Next task:** LAB-047","Replication","V13.0 Replication","MOD-37","LAB-045","3","L4 - Advanced","Guided Lab","Two-Node Replication","Screenshot + command output","PostgreSQL; pg_basebackup; psql","18","Level 2 - Senior PostgreSQL Engineering","DBA","High","Practical","0","Pending"
"LAB-047","LAB-047","Lab","Normal","[LAB-047] Promotion, switchover and pg_rewind","**Objective:** Promotion, switchover and pg_rewind

**Prerequisites:** LAB-046

**Concepts:** Streaming replication; Physical replication; Primary; Standby; WAL sender; WAL receiver; Replication slots; Synchronous replication; Asynchronous replication; Cascading replication; Hot standby

**Tools:** PostgreSQL; pg_basebackup; psql

**Environment:** Two-Node Replication

### Steps
- [ ] Promote the standby
- [ ] Repoint the application
- [ ] Rejoin the old primary with pg_rewind
- [ ] Perform a planned switchover with no data loss
- [ ] Write the runbook

### Acceptance criteria
- Old primary rejoins without a full rebuild
- Switchover loses no committed transaction
- Runbook is committed

**Evidence required:** Screenshot + command output

**Troubleshooting:** Read the server log first. Record each problem and its fix in the issue notes. If stuck for more than 30 minutes, set the status to Blocked and describe the blocker.

**Performance:** Note the effect of this change on latency, WAL and locks where it applies.

**Security:** Use least-privilege roles, not the superuser, unless the task requires it. Keep secrets out of the repository.

**Automation:** Commit SQL and configuration to the repository. From phase 17 on, apply changes through migrations and the automation repository.

**Assessment:** Instructor verifies the acceptance criteria from the evidence and may ask for a live demonstration. Type: Practical.

### Completion criteria
- Every step is done and every acceptance criterion is demonstrated
- Required evidence is attached to the issue
- SQL, configuration and documents are committed to the repository
- Actual time is logged against the issue
- Instructor Review is Approved and the status is Completed

**Estimated time:** 4 h

**Next task:** TSH-025","Replication","V13.0 Replication","MOD-37","LAB-046","4","L4 - Advanced","Guided Lab","Two-Node Replication","Screenshot + command output","PostgreSQL; pg_basebackup; psql","18","Level 2 - Senior PostgreSQL Engineering","DBA","High","Practical","0","Pending"
"TSH-025","TSH-025","Troubleshooting","Normal","[TSH-025] Scenario 25: replication lag","**Objective:** Scenario 25: replication lag

**Prerequisites:** LAB-047

**Concepts:** Streaming replication; Physical replication; Primary; Standby; WAL sender; WAL receiver; Replication slots; Synchronous replication; Asynchronous replication; Cascading replication; Hot standby

**Tools:** PostgreSQL; pg_basebackup; psql

**Environment:** Two-Node Replication

### Steps
- [ ] Reproduce the instructor fault on the lab server
- [ ] Collect evidence before changing anything
- [ ] Measure sent, write, flush and replay positions
- [ ] Find whether network, standby I/O or a conflict query is the cause
- [ ] Apply the fix
- [ ] Validate with the original failing action
- [ ] Write the seven-section report: problem, evidence, diagnosis, root cause, fix, validation, prevention

### Acceptance criteria
- Service or behaviour is restored
- Root cause is proven with evidence
- Report has all seven sections

**Evidence required:** Root cause report

**Performance:** Note the effect of this change on latency, WAL and locks where it applies.

**Security:** Use least-privilege roles, not the superuser, unless the task requires it. Keep secrets out of the repository.

**Automation:** Commit SQL and configuration to the repository. From phase 17 on, apply changes through migrations and the automation repository.

**Assessment:** Instructor grades the seven-section report. Type: Practical.

### Completion criteria
- Every step is done and every acceptance criterion is demonstrated
- Required evidence is attached to the issue
- SQL, configuration and documents are committed to the repository
- Actual time is logged against the issue
- Instructor Review is Approved and the status is Completed

**Estimated time:** 2 h

**Next task:** TSH-026","Replication","V13.0 Replication","MOD-37","LAB-047","2","L4 - Advanced","Troubleshooting","Two-Node Replication","Root cause report","PostgreSQL; pg_basebackup; psql","18","Level 2 - Senior PostgreSQL Engineering","DBA","High","Practical","0","Pending"
"TSH-026","TSH-026","Troubleshooting","Normal","[TSH-026] Scenario 26: replication failure, standby cannot connect","**Objective:** Scenario 26: replication failure, standby cannot connect

**Prerequisites:** TSH-025

**Concepts:** Streaming replication; Physical replication; Primary; Standby; WAL sender; WAL receiver; Replication slots; Synchronous replication; Asynchronous replication; Cascading replication; Hot standby

**Tools:** PostgreSQL; pg_basebackup; psql

**Environment:** Two-Node Replication

### Steps
- [ ] Reproduce the instructor fault on the lab server
- [ ] Collect evidence before changing anything
- [ ] Read the standby log
- [ ] Check pg_hba, credentials, slot and network
- [ ] Apply the fix
- [ ] Validate with the original failing action
- [ ] Write the seven-section report: problem, evidence, diagnosis, root cause, fix, validation, prevention

### Acceptance criteria
- Service or behaviour is restored
- Root cause is proven with evidence
- Report has all seven sections

**Evidence required:** Root cause report

**Performance:** Note the effect of this change on latency, WAL and locks where it applies.

**Security:** Use least-privilege roles, not the superuser, unless the task requires it. Keep secrets out of the repository.

**Automation:** Commit SQL and configuration to the repository. From phase 17 on, apply changes through migrations and the automation repository.

**Assessment:** Instructor grades the seven-section report. Type: Practical.

### Completion criteria
- Every step is done and every acceptance criterion is demonstrated
- Required evidence is attached to the issue
- SQL, configuration and documents are committed to the repository
- Actual time is logged against the issue
- Instructor Review is Approved and the status is Completed

**Estimated time:** 2 h

**Next task:** TSH-027","Replication","V13.0 Replication","MOD-37","TSH-025","2","L4 - Advanced","Troubleshooting","Two-Node Replication","Root cause report","PostgreSQL; pg_basebackup; psql","18","Level 2 - Senior PostgreSQL Engineering","DBA","High","Practical","0","Pending"
"TSH-027","TSH-027","Troubleshooting","Normal","[TSH-027] Scenario 27: WAL growth from an inactive replication slot","**Objective:** Scenario 27: WAL growth from an inactive replication slot

**Prerequisites:** TSH-026

**Concepts:** Streaming replication; Physical replication; Primary; Standby; WAL sender; WAL receiver; Replication slots; Synchronous replication; Asynchronous replication; Cascading replication; Hot standby

**Tools:** PostgreSQL; pg_basebackup; psql

**Environment:** Two-Node Replication

### Steps
- [ ] Reproduce the instructor fault on the lab server
- [ ] Collect evidence before changing anything
- [ ] Find the slot and retained WAL
- [ ] Decide to restore the consumer or drop the slot
- [ ] Set max_slot_wal_keep_size
- [ ] Apply the fix
- [ ] Validate with the original failing action
- [ ] Write the seven-section report: problem, evidence, diagnosis, root cause, fix, validation, prevention

### Acceptance criteria
- Service or behaviour is restored
- Root cause is proven with evidence
- Report has all seven sections

**Evidence required:** Root cause report

**Performance:** Note the effect of this change on latency, WAL and locks where it applies.

**Security:** Use least-privilege roles, not the superuser, unless the task requires it. Keep secrets out of the repository.

**Automation:** Commit SQL and configuration to the repository. From phase 17 on, apply changes through migrations and the automation repository.

**Assessment:** Instructor grades the seven-section report. Type: Practical.

### Completion criteria
- Every step is done and every acceptance criterion is demonstrated
- Required evidence is attached to the issue
- SQL, configuration and documents are committed to the repository
- Actual time is logged against the issue
- Instructor Review is Approved and the status is Completed

**Estimated time:** 2 h

**Next task:** TSH-028","Replication","V13.0 Replication","MOD-37","TSH-026","2","L4 - Advanced","Troubleshooting","Two-Node Replication","Root cause report","PostgreSQL; pg_basebackup; psql","18","Level 2 - Senior PostgreSQL Engineering","DBA","High","Practical","0","Pending"
"TSH-028","TSH-028","Troubleshooting","Normal","[TSH-028] Scenario 28: standby needs WAL that was already removed","**Objective:** Scenario 28: standby needs WAL that was already removed

**Prerequisites:** TSH-027

**Concepts:** Streaming replication; Physical replication; Primary; Standby; WAL sender; WAL receiver; Replication slots; Synchronous replication; Asynchronous replication; Cascading replication; Hot standby

**Tools:** PostgreSQL; pg_basebackup; psql

**Environment:** Two-Node Replication

### Steps
- [ ] Reproduce the instructor fault on the lab server
- [ ] Collect evidence before changing anything
- [ ] Read the error
- [ ] Restore from archive with restore_command or rebuild the standby
- [ ] Apply the fix
- [ ] Validate with the original failing action
- [ ] Write the seven-section report: problem, evidence, diagnosis, root cause, fix, validation, prevention

### Acceptance criteria
- Service or behaviour is restored
- Root cause is proven with evidence
- Report has all seven sections

**Evidence required:** Root cause report

**Performance:** Note the effect of this change on latency, WAL and locks where it applies.

**Security:** Use least-privilege roles, not the superuser, unless the task requires it. Keep secrets out of the repository.

**Automation:** Commit SQL and configuration to the repository. From phase 17 on, apply changes through migrations and the automation repository.

**Assessment:** Instructor grades the seven-section report. Type: Practical.

### Completion criteria
- Every step is done and every acceptance criterion is demonstrated
- Required evidence is attached to the issue
- SQL, configuration and documents are committed to the repository
- Actual time is logged against the issue
- Instructor Review is Approved and the status is Completed

**Estimated time:** 2 h

**Next task:** TSH-029","Replication","V13.0 Replication","MOD-37","TSH-027","2","L4 - Advanced","Troubleshooting","Two-Node Replication","Root cause report","PostgreSQL; pg_basebackup; psql","18","Level 2 - Senior PostgreSQL Engineering","DBA","High","Practical","0","Pending"
"TSH-029","TSH-029","Troubleshooting","Normal","[TSH-029] Scenario 29: queries cancelled on the hot standby","**Objective:** Scenario 29: queries cancelled on the hot standby

**Prerequisites:** TSH-028

**Concepts:** Streaming replication; Physical replication; Primary; Standby; WAL sender; WAL receiver; Replication slots; Synchronous replication; Asynchronous replication; Cascading replication; Hot standby

**Tools:** PostgreSQL; pg_basebackup; psql

**Environment:** Two-Node Replication

### Steps
- [ ] Reproduce the instructor fault on the lab server
- [ ] Collect evidence before changing anything
- [ ] Read the conflict type
- [ ] Tune hot_standby_feedback and max_standby_streaming_delay with their trade-offs
- [ ] Apply the fix
- [ ] Validate with the original failing action
- [ ] Write the seven-section report: problem, evidence, diagnosis, root cause, fix, validation, prevention

### Acceptance criteria
- Service or behaviour is restored
- Root cause is proven with evidence
- Report has all seven sections

**Evidence required:** Root cause report

**Performance:** Note the effect of this change on latency, WAL and locks where it applies.

**Security:** Use least-privilege roles, not the superuser, unless the task requires it. Keep secrets out of the repository.

**Automation:** Commit SQL and configuration to the repository. From phase 17 on, apply changes through migrations and the automation repository.

**Assessment:** Instructor grades the seven-section report. Type: Practical.

### Completion criteria
- Every step is done and every acceptance criterion is demonstrated
- Required evidence is attached to the issue
- SQL, configuration and documents are committed to the repository
- Actual time is logged against the issue
- Instructor Review is Approved and the status is Completed

**Estimated time:** 2 h

**Next task:** PROJECT-012","Replication","V13.0 Replication","MOD-37","TSH-028","2","L4 - Advanced","Troubleshooting","Two-Node Replication","Root cause report","PostgreSQL; pg_basebackup; psql","18","Level 2 - Senior PostgreSQL Engineering","DBA","High","Practical","0","Pending"
"PROJECT-012","PROJECT-012","Project","Normal","[PROJECT-012] Performance project 6: reduce replication lag","**Objective:** Performance project 6: reduce replication lag

**Prerequisites:** TSH-029

**Concepts:** Streaming replication; Physical replication; Primary; Standby; WAL sender; WAL receiver; Replication slots; Synchronous replication; Asynchronous replication; Cascading replication; Hot standby

**Tools:** PostgreSQL; pg_basebackup; psql

**Environment:** Two-Node Replication

### Steps
- [ ] Reproduce lag under a write-heavy workload
- [ ] Measure where it accumulates
- [ ] Apply fixes at the network, standby storage and workload level
- [ ] Prove the reduction

### Acceptance criteria
- Lag stays under the target under the same workload
- Each change is justified by measurement

**Evidence required:** Repository link + documentation

**Troubleshooting:** Read the server log first. Record each problem and its fix in the issue notes. If stuck for more than 30 minutes, set the status to Blocked and describe the blocker.

**Performance:** Note the effect of this change on latency, WAL and locks where it applies.

**Security:** Use least-privilege roles, not the superuser, unless the task requires it. Keep secrets out of the repository.

**Automation:** Commit SQL and configuration to the repository. From phase 17 on, apply changes through migrations and the automation repository.

**Assessment:** Scored 0-100 on working result, test evidence, documentation and repository quality. Type: Project.

### Completion criteria
- Every step is done and every acceptance criterion is demonstrated
- Required evidence is attached to the issue
- SQL, configuration and documents are committed to the repository
- Actual time is logged against the issue
- Instructor Review is Approved and the status is Completed

**Estimated time:** 5 h

**Next task:** Last task of this module","Replication","V13.0 Replication","MOD-37","TSH-029","5","L4 - Advanced","Project","Two-Node Replication","Repository link + documentation","PostgreSQL; pg_basebackup; psql","18","Level 2 - Senior PostgreSQL Engineering","DBA","High","Project","1","Pending"
"MOD-38","MOD-38","Module","Normal","[MOD-38] Logical Replication","**Topics:** Publications; Subscriptions; Logical replication slots; Initial synchronization; Conflict handling; Filtering; Replication monitoring

**Tools:** PostgreSQL; psql

**Environment:** Two-Node Replication

**Tasks:** 6, 23 estimated hours.

- THY-036 Logical replication architecture and limits
- LAB-048 Logical Replication
- LAB-049 Row filters, column lists and conflict handling
- PROJECT-013 Migration project: major version upgrade with logical replication
- TSH-030 Scenario 30: logical replication stopped after a schema change
- ASM-013 Phase 13 assessment: replication practical","Replication","V13.0 Replication","PHASE-13","","","","","Two-Node Replication","","PostgreSQL; psql","18","Level 2 - Senior PostgreSQL Engineering","DBA","High","","",""
"THY-036","THY-036","Theory","Normal","[THY-036] Logical replication architecture and limits","**Objective:** Logical replication architecture and limits

**Prerequisites:** PROJECT-012

**Concepts:** Publications; Subscriptions; Logical replication slots; Initial synchronization; Conflict handling; Filtering; Replication monitoring

**Tools:** PostgreSQL; psql

**Environment:** Two-Node Replication

### Steps
- [ ] Study publisher, subscriber, logical decoding and slots
- [ ] Study replica identity
- [ ] Study what is not replicated: DDL, sequences on older versions
- [ ] Study conflicts

### Acceptance criteria
- Explains replica identity
- Lists what must be handled outside replication

**Evidence required:** Notes

**Troubleshooting:** Read the server log first. Record each problem and its fix in the issue notes. If stuck for more than 30 minutes, set the status to Blocked and describe the blocker.

**Performance:** Note the effect of this change on latency, WAL and locks where it applies.

**Security:** Use least-privilege roles, not the superuser, unless the task requires it. Keep secrets out of the repository.

**Automation:** Commit SQL and configuration to the repository. From phase 17 on, apply changes through migrations and the automation repository.

**Assessment:** Instructor checks the notes and asks short oral questions. Type: Short answer.

### Completion criteria
- Every step is done and every acceptance criterion is demonstrated
- Required evidence is attached to the issue
- SQL, configuration and documents are committed to the repository
- Actual time is logged against the issue
- Instructor Review is Approved and the status is Completed

**Estimated time:** 3 h

**Next task:** LAB-048","Replication","V13.0 Replication","MOD-38","PROJECT-012","3","L4 - Advanced","Theory","Two-Node Replication","Notes","PostgreSQL; psql","18","Level 2 - Senior PostgreSQL Engineering","DBA","High","Short answer","0","Pending"
"LAB-048","LAB-048","Lab","Normal","[LAB-048] Logical Replication","**Objective:** Logical Replication

**Prerequisites:** THY-036

**Concepts:** Publications; Subscriptions; Logical replication slots; Initial synchronization; Conflict handling; Filtering; Replication monitoring

**Tools:** PostgreSQL; psql

**Environment:** Two-Node Replication

### Steps
- [ ] Set wal_level to logical
- [ ] Create a publication for selected tables
- [ ] Create the schema and a subscription on pg2
- [ ] Watch initial synchronization
- [ ] Verify ongoing changes
- [ ] Monitor with pg_stat_subscription and pg_replication_slots

### Acceptance criteria
- Tables are in sync and stay in sync
- Monitoring queries are recorded

**Evidence required:** Screenshot + command output

**Troubleshooting:** Read the server log first. Record each problem and its fix in the issue notes. If stuck for more than 30 minutes, set the status to Blocked and describe the blocker.

**Performance:** Note the effect of this change on latency, WAL and locks where it applies.

**Security:** Use least-privilege roles, not the superuser, unless the task requires it. Keep secrets out of the repository.

**Automation:** Commit SQL and configuration to the repository. From phase 17 on, apply changes through migrations and the automation repository.

**Assessment:** Instructor verifies the acceptance criteria from the evidence and may ask for a live demonstration. Type: Practical.

### Completion criteria
- Every step is done and every acceptance criterion is demonstrated
- Required evidence is attached to the issue
- SQL, configuration and documents are committed to the repository
- Actual time is logged against the issue
- Instructor Review is Approved and the status is Completed

**Estimated time:** 4 h

**Next task:** LAB-049","Replication","V13.0 Replication","MOD-38","THY-036","4","L4 - Advanced","Guided Lab","Two-Node Replication","Screenshot + command output","PostgreSQL; psql","18","Level 2 - Senior PostgreSQL Engineering","DBA","High","Practical","0","Pending"
"LAB-049","LAB-049","Lab","Normal","[LAB-049] Row filters, column lists and conflict handling","**Objective:** Row filters, column lists and conflict handling

**Prerequisites:** LAB-048

**Concepts:** Publications; Subscriptions; Logical replication slots; Initial synchronization; Conflict handling; Filtering; Replication monitoring

**Tools:** PostgreSQL; psql

**Environment:** Two-Node Replication

### Steps
- [ ] Publish with a row filter and a column list
- [ ] Create a conflict on the subscriber and read the error
- [ ] Resolve it and resume
- [ ] Review conflict statistics on current versions

### Acceptance criteria
- Filtered data arrives as designed
- Conflict is resolved and replication resumes

**Evidence required:** Screenshot + command output

**Troubleshooting:** Read the server log first. Record each problem and its fix in the issue notes. If stuck for more than 30 minutes, set the status to Blocked and describe the blocker.

**Performance:** Note the effect of this change on latency, WAL and locks where it applies.

**Security:** Use least-privilege roles, not the superuser, unless the task requires it. Keep secrets out of the repository.

**Automation:** Commit SQL and configuration to the repository. From phase 17 on, apply changes through migrations and the automation repository.

**Assessment:** Instructor verifies the acceptance criteria from the evidence and may ask for a live demonstration. Type: Practical.

### Completion criteria
- Every step is done and every acceptance criterion is demonstrated
- Required evidence is attached to the issue
- SQL, configuration and documents are committed to the repository
- Actual time is logged against the issue
- Instructor Review is Approved and the status is Completed

**Estimated time:** 3 h

**Next task:** PROJECT-013","Replication","V13.0 Replication","MOD-38","LAB-048","3","L4 - Advanced","Guided Lab","Two-Node Replication","Screenshot + command output","PostgreSQL; psql","18","Level 2 - Senior PostgreSQL Engineering","DBA","High","Practical","0","Pending"
"PROJECT-013","PROJECT-013","Project","Normal","[PROJECT-013] Migration project: major version upgrade with logical replication","**Objective:** Migration project: major version upgrade with logical replication

**Prerequisites:** LAB-049

**Concepts:** Publications; Subscriptions; Logical replication slots; Initial synchronization; Conflict handling; Filtering; Replication monitoring

**Tools:** PostgreSQL; psql

**Environment:** Two-Node Replication

### Steps
- [ ] Run the application on an older supported version
- [ ] Build the new version server
- [ ] Replicate with logical replication
- [ ] Synchronize sequences
- [ ] Rehearse cutover and rollback
- [ ] Cut over with measured downtime
- [ ] Compare with pg_upgrade as the alternative

### Acceptance criteria
- Cutover downtime is measured and under the target
- Data validation passes
- Rollback was rehearsed

**Evidence required:** Repository link + documentation

**Troubleshooting:** Read the server log first. Record each problem and its fix in the issue notes. If stuck for more than 30 minutes, set the status to Blocked and describe the blocker.

**Performance:** Note the effect of this change on latency, WAL and locks where it applies.

**Security:** Use least-privilege roles, not the superuser, unless the task requires it. Keep secrets out of the repository.

**Automation:** Commit SQL and configuration to the repository. From phase 17 on, apply changes through migrations and the automation repository.

**Assessment:** Scored 0-100 on working result, test evidence, documentation and repository quality. Type: Project.

### Completion criteria
- Every step is done and every acceptance criterion is demonstrated
- Required evidence is attached to the issue
- SQL, configuration and documents are committed to the repository
- Actual time is logged against the issue
- Instructor Review is Approved and the status is Completed

**Estimated time:** 8 h

**Next task:** TSH-030","Replication","V13.0 Replication","MOD-38","LAB-049","8","L4 - Advanced","Project","Two-Node Replication","Repository link + documentation","PostgreSQL; psql","18","Level 2 - Senior PostgreSQL Engineering","DBA","High","Project","1","Pending"
"TSH-030","TSH-030","Troubleshooting","Normal","[TSH-030] Scenario 30: logical replication stopped after a schema change","**Objective:** Scenario 30: logical replication stopped after a schema change

**Prerequisites:** PROJECT-013

**Concepts:** Publications; Subscriptions; Logical replication slots; Initial synchronization; Conflict handling; Filtering; Replication monitoring

**Tools:** PostgreSQL; psql

**Environment:** Two-Node Replication

### Steps
- [ ] Reproduce the instructor fault on the lab server
- [ ] Collect evidence before changing anything
- [ ] Read the subscriber log
- [ ] Apply the missing DDL in the right order
- [ ] Resume and verify
- [ ] Apply the fix
- [ ] Validate with the original failing action
- [ ] Write the seven-section report: problem, evidence, diagnosis, root cause, fix, validation, prevention

### Acceptance criteria
- Service or behaviour is restored
- Root cause is proven with evidence
- Report has all seven sections

**Evidence required:** Root cause report

**Performance:** Note the effect of this change on latency, WAL and locks where it applies.

**Security:** Use least-privilege roles, not the superuser, unless the task requires it. Keep secrets out of the repository.

**Automation:** Commit SQL and configuration to the repository. From phase 17 on, apply changes through migrations and the automation repository.

**Assessment:** Instructor grades the seven-section report. Type: Practical.

### Completion criteria
- Every step is done and every acceptance criterion is demonstrated
- Required evidence is attached to the issue
- SQL, configuration and documents are committed to the repository
- Actual time is logged against the issue
- Instructor Review is Approved and the status is Completed

**Estimated time:** 2 h

**Next task:** ASM-013","Replication","V13.0 Replication","MOD-38","PROJECT-013","2","L4 - Advanced","Troubleshooting","Two-Node Replication","Root cause report","PostgreSQL; psql","18","Level 2 - Senior PostgreSQL Engineering","DBA","High","Practical","0","Pending"
"ASM-013","ASM-013","Assessment","High","[ASM-013] Phase 13 assessment: replication practical","**Objective:** Phase 13 assessment: replication practical

**Prerequisites:** TSH-030

**Concepts:** Publications; Subscriptions; Logical replication slots; Initial synchronization; Conflict handling; Filtering; Replication monitoring

**Tools:** PostgreSQL; psql

**Environment:** Two-Node Replication

### Steps
- [ ] Build streaming and logical replication from a specification and fix one injected fault

### Acceptance criteria
- Score of 70 or higher

**Evidence required:** Scored result

**Troubleshooting:** Read the server log first. Record each problem and its fix in the issue notes. If stuck for more than 30 minutes, set the status to Blocked and describe the blocker.

**Performance:** Note the effect of this change on latency, WAL and locks where it applies.

**Security:** Use least-privilege roles, not the superuser, unless the task requires it. Keep secrets out of the repository.

**Automation:** Commit SQL and configuration to the repository. From phase 17 on, apply changes through migrations and the automation repository.

**Assessment:** Scored 0-100. Pass mark 70. Type: Practical exam.

### Completion criteria
- Every step is done and every acceptance criterion is demonstrated
- Required evidence is attached to the issue
- SQL, configuration and documents are committed to the repository
- Actual time is logged against the issue
- Instructor Review is Approved and the status is Completed

**Estimated time:** 3 h

**Next task:** Last task of this module","Replication","V13.0 Replication","MOD-38","TSH-030","3","L4 - Advanced","Assessment","Two-Node Replication","Scored result","PostgreSQL; psql","18","Level 2 - Senior PostgreSQL Engineering","DBA","High","Practical exam","0","Pending"
"REVIEW-13","REVIEW-13","Review","High","[REVIEW-13] Phase 13 gate review","**Objective:** Confirm that phase 13 (Replication) is complete.

### Checklist
- [ ] Every issue of the phase is Completed
- [ ] Evidence is attached to every issue
- [ ] Time is logged
- [ ] Assessment score is 70 or higher
- [ ] SQL, configuration and documents are in the repository

**Assessment:** Instructor confirms the checklist and records the gate decision.

**Estimated time:** 1 h","","V13.0 Replication","PHASE-13","PROJECT-012, ASM-013","1","","Review","","Instructor sign-off","","","","","","Review","0","Pending"
"PHASE-14","PHASE-14","Phase","Normal","[PHASE-14] High Availability","Phase 14 of 20. Version: V14.0 High Availability.

Modules: 3. Estimated hours: 68.

- MOD-39 PgBouncer
- MOD-40 HAProxy
- MOD-41 Patroni and etcd

The phase closes with the gate review REVIEW-14.","","V14.0 High Availability","EPIC","","","","","","","","","","","","","",""
"MOD-39","MOD-39","Module","Normal","[MOD-39] PgBouncer","**Topics:** Session pooling; Transaction pooling; Statement pooling; Connection limits; Authentication; Pool sizing; PostgreSQL connection management

**Tools:** PgBouncer; pgbench; PostgreSQL

**Environment:** Single Server

**Tasks:** 6, 20 estimated hours.

- THY-037 Why connections are expensive and how pooling helps
- LAB-050 PgBouncer
- LAB-051 High-connection workload lab
- TSH-031 Scenario 31: too many connections
- TSH-032 Scenario 32: PgBouncer issue, clients wait while the database is idle
- PROJECT-014 Performance project 4: resolve connection exhaustion","High Availability","V14.0 High Availability","PHASE-14","","","","","Single Server","","PgBouncer; pgbench; PostgreSQL","18","Level 2 - Senior PostgreSQL Engineering","DBA","High","","",""
"THY-037","THY-037","Theory","Normal","[THY-037] Why connections are expensive and how pooling helps","**Objective:** Why connections are expensive and how pooling helps

**Prerequisites:** TSH-013

**Concepts:** Session pooling; Transaction pooling; Statement pooling; Connection limits; Authentication; Pool sizing; PostgreSQL connection management

**Tools:** PgBouncer; pgbench; PostgreSQL

**Environment:** Single Server

### Steps
- [ ] Study the cost of a backend process and of high max_connections
- [ ] Study session, transaction and statement pooling and what each breaks
- [ ] Study pool sizing

### Acceptance criteria
- Explains which features are unsafe in transaction pooling
- Sizes a pool for a given server

**Evidence required:** Notes

**Troubleshooting:** Read the server log first. Record each problem and its fix in the issue notes. If stuck for more than 30 minutes, set the status to Blocked and describe the blocker.

**Performance:** Note the effect of this change on latency, WAL and locks where it applies.

**Security:** Use least-privilege roles, not the superuser, unless the task requires it. Keep secrets out of the repository.

**Automation:** Commit SQL and configuration to the repository. From phase 17 on, apply changes through migrations and the automation repository.

**Assessment:** Instructor checks the notes and asks short oral questions. Type: Short answer.

### Completion criteria
- Every step is done and every acceptance criterion is demonstrated
- Required evidence is attached to the issue
- SQL, configuration and documents are committed to the repository
- Actual time is logged against the issue
- Instructor Review is Approved and the status is Completed

**Estimated time:** 3 h

**Next task:** LAB-050","High Availability","V14.0 High Availability","MOD-39","TSH-013","3","L4 - Advanced","Theory","Single Server","Notes","PgBouncer; pgbench; PostgreSQL","18","Level 2 - Senior PostgreSQL Engineering","DBA","High","Short answer","0","Pending"
"LAB-050","LAB-050","Lab","Normal","[LAB-050] PgBouncer","**Objective:** PgBouncer

**Prerequisites:** THY-037

**Concepts:** Session pooling; Transaction pooling; Statement pooling; Connection limits; Authentication; Pool sizing; PostgreSQL connection management

**Tools:** PgBouncer; pgbench; PostgreSQL

**Environment:** Single Server

### Steps
- [ ] Install and configure PgBouncer with scram authentication and auth_query
- [ ] Define databases and pool sizes
- [ ] Connect the application through it
- [ ] Read SHOW POOLS and SHOW STATS
- [ ] Compare session and transaction modes

### Acceptance criteria
- Application works through the pooler
- Pool statistics are interpreted
- Mode differences are demonstrated

**Evidence required:** Screenshot + command output

**Troubleshooting:** Read the server log first. Record each problem and its fix in the issue notes. If stuck for more than 30 minutes, set the status to Blocked and describe the blocker.

**Performance:** Note the effect of this change on latency, WAL and locks where it applies.

**Security:** Use least-privilege roles, not the superuser, unless the task requires it. Keep secrets out of the repository.

**Automation:** Commit SQL and configuration to the repository. From phase 17 on, apply changes through migrations and the automation repository.

**Assessment:** Instructor verifies the acceptance criteria from the evidence and may ask for a live demonstration. Type: Practical.

### Completion criteria
- Every step is done and every acceptance criterion is demonstrated
- Required evidence is attached to the issue
- SQL, configuration and documents are committed to the repository
- Actual time is logged against the issue
- Instructor Review is Approved and the status is Completed

**Estimated time:** 4 h

**Next task:** LAB-051","High Availability","V14.0 High Availability","MOD-39","THY-037","4","L4 - Advanced","Guided Lab","Single Server","Screenshot + command output","PgBouncer; pgbench; PostgreSQL","18","Level 2 - Senior PostgreSQL Engineering","DBA","High","Practical","0","Pending"
"LAB-051","LAB-051","Lab","Normal","[LAB-051] High-connection workload lab","**Objective:** High-connection workload lab

**Prerequisites:** LAB-050

**Concepts:** Session pooling; Transaction pooling; Statement pooling; Connection limits; Authentication; Pool sizing; PostgreSQL connection management

**Tools:** PgBouncer; pgbench; PostgreSQL

**Environment:** Single Server

### Steps
- [ ] Run pgbench with 2000 clients directly and observe failure or degradation
- [ ] Run the same through PgBouncer in transaction mode
- [ ] Tune pool size and max_client_conn
- [ ] Record throughput and latency

### Acceptance criteria
- Workload succeeds through the pooler with stable latency
- Results table is attached

**Evidence required:** Screenshot + command output

**Troubleshooting:** Read the server log first. Record each problem and its fix in the issue notes. If stuck for more than 30 minutes, set the status to Blocked and describe the blocker.

**Performance:** Note the effect of this change on latency, WAL and locks where it applies.

**Security:** Use least-privilege roles, not the superuser, unless the task requires it. Keep secrets out of the repository.

**Automation:** Commit SQL and configuration to the repository. From phase 17 on, apply changes through migrations and the automation repository.

**Assessment:** Instructor verifies the acceptance criteria from the evidence and may ask for a live demonstration. Type: Practical.

### Completion criteria
- Every step is done and every acceptance criterion is demonstrated
- Required evidence is attached to the issue
- SQL, configuration and documents are committed to the repository
- Actual time is logged against the issue
- Instructor Review is Approved and the status is Completed

**Estimated time:** 4 h

**Next task:** TSH-031","High Availability","V14.0 High Availability","MOD-39","LAB-050","4","L4 - Advanced","Guided Lab","Single Server","Screenshot + command output","PgBouncer; pgbench; PostgreSQL","18","Level 2 - Senior PostgreSQL Engineering","DBA","High","Practical","0","Pending"
"TSH-031","TSH-031","Troubleshooting","Normal","[TSH-031] Scenario 31: too many connections","**Objective:** Scenario 31: too many connections

**Prerequisites:** LAB-051

**Concepts:** Session pooling; Transaction pooling; Statement pooling; Connection limits; Authentication; Pool sizing; PostgreSQL connection management

**Tools:** PgBouncer; pgbench; PostgreSQL

**Environment:** Single Server

### Steps
- [ ] Reproduce the instructor fault on the lab server
- [ ] Collect evidence before changing anything
- [ ] Count connections by user, application and state
- [ ] Find leaks and idle sessions
- [ ] Fix with pooling and limits
- [ ] Apply the fix
- [ ] Validate with the original failing action
- [ ] Write the seven-section report: problem, evidence, diagnosis, root cause, fix, validation, prevention

### Acceptance criteria
- Service or behaviour is restored
- Root cause is proven with evidence
- Report has all seven sections

**Evidence required:** Root cause report

**Performance:** Note the effect of this change on latency, WAL and locks where it applies.

**Security:** Use least-privilege roles, not the superuser, unless the task requires it. Keep secrets out of the repository.

**Automation:** Commit SQL and configuration to the repository. From phase 17 on, apply changes through migrations and the automation repository.

**Assessment:** Instructor grades the seven-section report. Type: Practical.

### Completion criteria
- Every step is done and every acceptance criterion is demonstrated
- Required evidence is attached to the issue
- SQL, configuration and documents are committed to the repository
- Actual time is logged against the issue
- Instructor Review is Approved and the status is Completed

**Estimated time:** 2 h

**Next task:** TSH-032","High Availability","V14.0 High Availability","MOD-39","LAB-051","2","L4 - Advanced","Troubleshooting","Single Server","Root cause report","PgBouncer; pgbench; PostgreSQL","18","Level 2 - Senior PostgreSQL Engineering","DBA","High","Practical","0","Pending"
"TSH-032","TSH-032","Troubleshooting","Normal","[TSH-032] Scenario 32: PgBouncer issue, clients wait while the database is idle","**Objective:** Scenario 32: PgBouncer issue, clients wait while the database is idle

**Prerequisites:** TSH-031

**Concepts:** Session pooling; Transaction pooling; Statement pooling; Connection limits; Authentication; Pool sizing; PostgreSQL connection management

**Tools:** PgBouncer; pgbench; PostgreSQL

**Environment:** Single Server

### Steps
- [ ] Reproduce the instructor fault on the lab server
- [ ] Collect evidence before changing anything
- [ ] Read SHOW POOLS for waiting clients
- [ ] Check pool size, long transactions and pool mode
- [ ] Apply the fix
- [ ] Validate with the original failing action
- [ ] Write the seven-section report: problem, evidence, diagnosis, root cause, fix, validation, prevention

### Acceptance criteria
- Service or behaviour is restored
- Root cause is proven with evidence
- Report has all seven sections

**Evidence required:** Root cause report

**Performance:** Note the effect of this change on latency, WAL and locks where it applies.

**Security:** Use least-privilege roles, not the superuser, unless the task requires it. Keep secrets out of the repository.

**Automation:** Commit SQL and configuration to the repository. From phase 17 on, apply changes through migrations and the automation repository.

**Assessment:** Instructor grades the seven-section report. Type: Practical.

### Completion criteria
- Every step is done and every acceptance criterion is demonstrated
- Required evidence is attached to the issue
- SQL, configuration and documents are committed to the repository
- Actual time is logged against the issue
- Instructor Review is Approved and the status is Completed

**Estimated time:** 2 h

**Next task:** PROJECT-014","High Availability","V14.0 High Availability","MOD-39","TSH-031","2","L4 - Advanced","Troubleshooting","Single Server","Root cause report","PgBouncer; pgbench; PostgreSQL","18","Level 2 - Senior PostgreSQL Engineering","DBA","High","Practical","0","Pending"
"PROJECT-014","PROJECT-014","Project","Normal","[PROJECT-014] Performance project 4: resolve connection exhaustion","**Objective:** Performance project 4: resolve connection exhaustion

**Prerequisites:** TSH-032

**Concepts:** Session pooling; Transaction pooling; Statement pooling; Connection limits; Authentication; Pool sizing; PostgreSQL connection management

**Tools:** PgBouncer; pgbench; PostgreSQL

**Environment:** Single Server

### Steps
- [ ] Reproduce exhaustion with the instructor application
- [ ] Diagnose the connection pattern
- [ ] Introduce pooling, timeouts and limits
- [ ] Prove stability under peak load

### Acceptance criteria
- Peak load runs without connection errors
- Design and results are documented

**Evidence required:** Repository link + documentation

**Troubleshooting:** Read the server log first. Record each problem and its fix in the issue notes. If stuck for more than 30 minutes, set the status to Blocked and describe the blocker.

**Performance:** Note the effect of this change on latency, WAL and locks where it applies.

**Security:** Use least-privilege roles, not the superuser, unless the task requires it. Keep secrets out of the repository.

**Automation:** Commit SQL and configuration to the repository. From phase 17 on, apply changes through migrations and the automation repository.

**Assessment:** Scored 0-100 on working result, test evidence, documentation and repository quality. Type: Project.

### Completion criteria
- Every step is done and every acceptance criterion is demonstrated
- Required evidence is attached to the issue
- SQL, configuration and documents are committed to the repository
- Actual time is logged against the issue
- Instructor Review is Approved and the status is Completed

**Estimated time:** 5 h

**Next task:** Last task of this module","High Availability","V14.0 High Availability","MOD-39","TSH-032","5","L4 - Advanced","Project","Single Server","Repository link + documentation","PgBouncer; pgbench; PostgreSQL","18","Level 2 - Senior PostgreSQL Engineering","DBA","High","Project","1","Pending"
"MOD-40","MOD-40","Module","Normal","[MOD-40] HAProxy","**Topics:** TCP load balancing; PostgreSQL routing; Health checks; Read/write routing concepts; Failover; HA architecture

**Tools:** HAProxy; PostgreSQL

**Environment:** Two-Node Replication

**Tasks:** 2, 6 estimated hours.

- LAB-052 HAProxy
- TSH-033 Scenario 33: HAProxy issue, traffic sent to the wrong node","High Availability","V14.0 High Availability","PHASE-14","","","","","Two-Node Replication","","HAProxy; PostgreSQL","18","Level 2 - Senior PostgreSQL Engineering","DBA","High","","",""
"LAB-052","LAB-052","Lab","Normal","[LAB-052] HAProxy","**Objective:** HAProxy

**Prerequisites:** PROJECT-012, PROJECT-014

**Concepts:** TCP load balancing; PostgreSQL routing; Health checks; Read/write routing concepts; Failover; HA architecture

**Tools:** HAProxy; PostgreSQL

**Environment:** Two-Node Replication

### Steps
- [ ] Install HAProxy in TCP mode
- [ ] Create a write listener and a read listener
- [ ] Add health checks that distinguish primary from standby
- [ ] Balance read traffic across standbys
- [ ] View the statistics page

### Acceptance criteria
- Writes always reach the primary
- Reads are spread across standbys
- A stopped node is removed automatically

**Evidence required:** Screenshot + command output

**Troubleshooting:** Read the server log first. Record each problem and its fix in the issue notes. If stuck for more than 30 minutes, set the status to Blocked and describe the blocker.

**Performance:** Note the effect of this change on latency, WAL and locks where it applies.

**Security:** Use least-privilege roles, not the superuser, unless the task requires it. Keep secrets out of the repository.

**Automation:** Commit SQL and configuration to the repository. From phase 17 on, apply changes through migrations and the automation repository.

**Assessment:** Instructor verifies the acceptance criteria from the evidence and may ask for a live demonstration. Type: Practical.

### Completion criteria
- Every step is done and every acceptance criterion is demonstrated
- Required evidence is attached to the issue
- SQL, configuration and documents are committed to the repository
- Actual time is logged against the issue
- Instructor Review is Approved and the status is Completed

**Estimated time:** 4 h

**Next task:** TSH-033","High Availability","V14.0 High Availability","MOD-40","PROJECT-012, PROJECT-014","4","L3 - Intermediate","Guided Lab","Two-Node Replication","Screenshot + command output","HAProxy; PostgreSQL","18","Level 2 - Senior PostgreSQL Engineering","DBA","High","Practical","0","Pending"
"TSH-033","TSH-033","Troubleshooting","Normal","[TSH-033] Scenario 33: HAProxy issue, traffic sent to the wrong node","**Objective:** Scenario 33: HAProxy issue, traffic sent to the wrong node

**Prerequisites:** LAB-052

**Concepts:** TCP load balancing; PostgreSQL routing; Health checks; Read/write routing concepts; Failover; HA architecture

**Tools:** HAProxy; PostgreSQL

**Environment:** Two-Node Replication

### Steps
- [ ] Reproduce the instructor fault on the lab server
- [ ] Collect evidence before changing anything
- [ ] Check the health check logic and backend state
- [ ] Check timeouts
- [ ] Test the check by hand
- [ ] Apply the fix
- [ ] Validate with the original failing action
- [ ] Write the seven-section report: problem, evidence, diagnosis, root cause, fix, validation, prevention

### Acceptance criteria
- Service or behaviour is restored
- Root cause is proven with evidence
- Report has all seven sections

**Evidence required:** Root cause report

**Performance:** Note the effect of this change on latency, WAL and locks where it applies.

**Security:** Use least-privilege roles, not the superuser, unless the task requires it. Keep secrets out of the repository.

**Automation:** Commit SQL and configuration to the repository. From phase 17 on, apply changes through migrations and the automation repository.

**Assessment:** Instructor grades the seven-section report. Type: Practical.

### Completion criteria
- Every step is done and every acceptance criterion is demonstrated
- Required evidence is attached to the issue
- SQL, configuration and documents are committed to the repository
- Actual time is logged against the issue
- Instructor Review is Approved and the status is Completed

**Estimated time:** 2 h

**Next task:** Last task of this module","High Availability","V14.0 High Availability","MOD-40","LAB-052","2","L3 - Intermediate","Troubleshooting","Two-Node Replication","Root cause report","HAProxy; PostgreSQL","18","Level 2 - Senior PostgreSQL Engineering","DBA","High","Practical","0","Pending"
"MOD-41","MOD-41","Module","Normal","[MOD-41] Patroni and etcd","**Topics:** HA architecture; Automatic failover; Manual failover; Leader election; Quorum; Split-brain; Fencing; Failover testing

**Tools:** Patroni; etcd; HAProxy; PgBouncer; PostgreSQL

**Environment:** HA Cluster (3 nodes)

**Tasks:** 10, 41 estimated hours.

- THY-038 HA concepts: quorum, leader election, split-brain and fencing
- LAB-053 etcd cluster
- LAB-054 Patroni HA
- LAB-055 Client routing with HAProxy and PgBouncer on Patroni
- LAB-056 Failover testing
- PROJECT-015 Portfolio: PostgreSQL HA Cluster
- TSH-034 Scenario 34: Patroni failure, no leader is elected
- TSH-035 Scenario 35: failover problem, old primary will not rejoin
- TSH-036 Scenario 36: split-brain suspicion
- ASM-014 Phase 14 assessment: high availability practical","High Availability","V14.0 High Availability","PHASE-14","","","","","HA Cluster (3 nodes)","","Patroni; etcd; HAProxy; PgBouncer; PostgreSQL","18","Level 3 - Enterprise PostgreSQL","DBA","High","","",""
"THY-038","THY-038","Theory","Normal","[THY-038] HA concepts: quorum, leader election, split-brain and fencing","**Objective:** HA concepts: quorum, leader election, split-brain and fencing

**Prerequisites:** TSH-033

**Concepts:** HA architecture; Automatic failover; Manual failover; Leader election; Quorum; Split-brain; Fencing; Failover testing

**Tools:** Patroni; etcd; HAProxy; PgBouncer; PostgreSQL

**Environment:** HA Cluster (3 nodes)

### Steps
- [ ] Study why three nodes are needed for quorum
- [ ] Study leader leases in a distributed configuration store
- [ ] Study split-brain and how fencing and watchdog prevent it
- [ ] Study RPO and RTO of automatic failover

### Acceptance criteria
- Explains why two nodes cannot decide safely
- Explains how a lease prevents two primaries

**Evidence required:** Notes

**Troubleshooting:** Read the server log first. Record each problem and its fix in the issue notes. If stuck for more than 30 minutes, set the status to Blocked and describe the blocker.

**Performance:** Note the effect of this change on latency, WAL and locks where it applies.

**Security:** Use least-privilege roles, not the superuser, unless the task requires it. Keep secrets out of the repository.

**Automation:** Commit SQL and configuration to the repository. From phase 17 on, apply changes through migrations and the automation repository.

**Assessment:** Instructor checks the notes and asks short oral questions. Type: Short answer.

### Completion criteria
- Every step is done and every acceptance criterion is demonstrated
- Required evidence is attached to the issue
- SQL, configuration and documents are committed to the repository
- Actual time is logged against the issue
- Instructor Review is Approved and the status is Completed

**Estimated time:** 3 h

**Next task:** LAB-053","High Availability","V14.0 High Availability","MOD-41","TSH-033","3","L5 - Expert","Theory","HA Cluster (3 nodes)","Notes","Patroni; etcd; HAProxy; PgBouncer; PostgreSQL","18","Level 3 - Enterprise PostgreSQL","DBA","High","Short answer","0","Pending"
"LAB-053","LAB-053","Lab","Normal","[LAB-053] etcd cluster","**Objective:** etcd cluster

**Prerequisites:** THY-038

**Concepts:** HA architecture; Automatic failover; Manual failover; Leader election; Quorum; Split-brain; Fencing; Failover testing

**Tools:** Patroni; etcd; HAProxy; PgBouncer; PostgreSQL

**Environment:** HA Cluster (3 nodes)

### Steps
- [ ] Install a three-member etcd cluster
- [ ] Verify health and leader
- [ ] Stop one member and confirm the cluster still works
- [ ] Stop two and observe loss of quorum

### Acceptance criteria
- Cluster survives one failure
- Behaviour without quorum is documented

**Evidence required:** Screenshot + command output

**Troubleshooting:** Read the server log first. Record each problem and its fix in the issue notes. If stuck for more than 30 minutes, set the status to Blocked and describe the blocker.

**Performance:** Note the effect of this change on latency, WAL and locks where it applies.

**Security:** Use least-privilege roles, not the superuser, unless the task requires it. Keep secrets out of the repository.

**Automation:** Commit SQL and configuration to the repository. From phase 17 on, apply changes through migrations and the automation repository.

**Assessment:** Instructor verifies the acceptance criteria from the evidence and may ask for a live demonstration. Type: Practical.

### Completion criteria
- Every step is done and every acceptance criterion is demonstrated
- Required evidence is attached to the issue
- SQL, configuration and documents are committed to the repository
- Actual time is logged against the issue
- Instructor Review is Approved and the status is Completed

**Estimated time:** 3 h

**Next task:** LAB-054","High Availability","V14.0 High Availability","MOD-41","THY-038","3","L5 - Expert","Setup","HA Cluster (3 nodes)","Screenshot + command output","Patroni; etcd; HAProxy; PgBouncer; PostgreSQL","18","Level 3 - Enterprise PostgreSQL","DBA","High","Practical","0","Pending"
"LAB-054","LAB-054","Lab","Normal","[LAB-054] Patroni HA","**Objective:** Patroni HA

**Prerequisites:** LAB-053

**Concepts:** HA architecture; Automatic failover; Manual failover; Leader election; Quorum; Split-brain; Fencing; Failover testing

**Tools:** Patroni; etcd; HAProxy; PgBouncer; PostgreSQL

**Environment:** HA Cluster (3 nodes)

### Steps
- [ ] Install Patroni on three PostgreSQL nodes
- [ ] Write the configuration with bootstrap, authentication and PostgreSQL parameters
- [ ] Start the cluster and list members with patronictl
- [ ] Change a PostgreSQL parameter through the dynamic configuration
- [ ] Add the watchdog where available

### Acceptance criteria
- Cluster shows one leader and two replicas
- Configuration change is applied through Patroni

**Evidence required:** Screenshot + command output

**Troubleshooting:** Read the server log first. Record each problem and its fix in the issue notes. If stuck for more than 30 minutes, set the status to Blocked and describe the blocker.

**Performance:** Note the effect of this change on latency, WAL and locks where it applies.

**Security:** Use least-privilege roles, not the superuser, unless the task requires it. Keep secrets out of the repository.

**Automation:** Commit SQL and configuration to the repository. From phase 17 on, apply changes through migrations and the automation repository.

**Assessment:** Instructor verifies the acceptance criteria from the evidence and may ask for a live demonstration. Type: Practical.

### Completion criteria
- Every step is done and every acceptance criterion is demonstrated
- Required evidence is attached to the issue
- SQL, configuration and documents are committed to the repository
- Actual time is logged against the issue
- Instructor Review is Approved and the status is Completed

**Estimated time:** 6 h

**Next task:** LAB-055","High Availability","V14.0 High Availability","MOD-41","LAB-053","6","L5 - Expert","Setup","HA Cluster (3 nodes)","Screenshot + command output","Patroni; etcd; HAProxy; PgBouncer; PostgreSQL","18","Level 3 - Enterprise PostgreSQL","DBA","High","Practical","0","Pending"
"LAB-055","LAB-055","Lab","Normal","[LAB-055] Client routing with HAProxy and PgBouncer on Patroni","**Objective:** Client routing with HAProxy and PgBouncer on Patroni

**Prerequisites:** LAB-054

**Concepts:** HA architecture; Automatic failover; Manual failover; Leader election; Quorum; Split-brain; Fencing; Failover testing

**Tools:** Patroni; etcd; HAProxy; PgBouncer; PostgreSQL

**Environment:** HA Cluster (3 nodes)

### Steps
- [ ] Point HAProxy health checks at the Patroni REST API for primary and replica roles
- [ ] Put PgBouncer in the path
- [ ] Connect the application to the write and read endpoints

### Acceptance criteria
- Application follows the leader automatically
- Read endpoint never returns the primary only when replicas exist

**Evidence required:** Screenshot + command output

**Troubleshooting:** Read the server log first. Record each problem and its fix in the issue notes. If stuck for more than 30 minutes, set the status to Blocked and describe the blocker.

**Performance:** Note the effect of this change on latency, WAL and locks where it applies.

**Security:** Use least-privilege roles, not the superuser, unless the task requires it. Keep secrets out of the repository.

**Automation:** Commit SQL and configuration to the repository. From phase 17 on, apply changes through migrations and the automation repository.

**Assessment:** Instructor verifies the acceptance criteria from the evidence and may ask for a live demonstration. Type: Practical.

### Completion criteria
- Every step is done and every acceptance criterion is demonstrated
- Required evidence is attached to the issue
- SQL, configuration and documents are committed to the repository
- Actual time is logged against the issue
- Instructor Review is Approved and the status is Completed

**Estimated time:** 4 h

**Next task:** LAB-056","High Availability","V14.0 High Availability","MOD-41","LAB-054","4","L5 - Expert","Guided Lab","HA Cluster (3 nodes)","Screenshot + command output","Patroni; etcd; HAProxy; PgBouncer; PostgreSQL","18","Level 3 - Enterprise PostgreSQL","DBA","High","Practical","0","Pending"
"LAB-056","LAB-056","Lab","Normal","[LAB-056] Failover testing","**Objective:** Failover testing

**Prerequisites:** LAB-055

**Concepts:** HA architecture; Automatic failover; Manual failover; Leader election; Quorum; Split-brain; Fencing; Failover testing

**Tools:** Patroni; etcd; HAProxy; PgBouncer; PostgreSQL

**Environment:** HA Cluster (3 nodes)

### Steps
- [ ] Run a planned switchover
- [ ] Kill the leader process
- [ ] Power off the leader node
- [ ] Partition the leader from the network
- [ ] Record downtime and data loss for each
- [ ] Rejoin the old leader

### Acceptance criteria
- Every test ends with one leader and no split-brain
- Downtime per test is recorded
- Old leader rejoins

**Evidence required:** Screenshot + command output

**Troubleshooting:** Read the server log first. Record each problem and its fix in the issue notes. If stuck for more than 30 minutes, set the status to Blocked and describe the blocker.

**Performance:** Note the effect of this change on latency, WAL and locks where it applies.

**Security:** Use least-privilege roles, not the superuser, unless the task requires it. Keep secrets out of the repository.

**Automation:** Commit SQL and configuration to the repository. From phase 17 on, apply changes through migrations and the automation repository.

**Assessment:** Instructor verifies the acceptance criteria from the evidence and may ask for a live demonstration. Type: Practical.

### Completion criteria
- Every step is done and every acceptance criterion is demonstrated
- Required evidence is attached to the issue
- SQL, configuration and documents are committed to the repository
- Actual time is logged against the issue
- Instructor Review is Approved and the status is Completed

**Estimated time:** 5 h

**Next task:** PROJECT-015","High Availability","V14.0 High Availability","MOD-41","LAB-055","5","L5 - Expert","Guided Lab","HA Cluster (3 nodes)","Screenshot + command output","Patroni; etcd; HAProxy; PgBouncer; PostgreSQL","18","Level 3 - Enterprise PostgreSQL","DBA","High","Practical","0","Pending"
"PROJECT-015","PROJECT-015","Project","Normal","[PROJECT-015] Portfolio: PostgreSQL HA Cluster","**Objective:** Portfolio: PostgreSQL HA Cluster

**Prerequisites:** LAB-056

**Concepts:** HA architecture; Automatic failover; Manual failover; Leader election; Quorum; Split-brain; Fencing; Failover testing

**Tools:** Patroni; etcd; HAProxy; PgBouncer; PostgreSQL

**Environment:** HA Cluster (3 nodes)

### Steps
- [ ] Deliver the three-node cluster with etcd, Patroni, HAProxy and PgBouncer as a documented, repeatable build
- [ ] Include failover test results and runbooks for switchover, failover, node replacement and upgrade

### Acceptance criteria
- Cluster can be rebuilt from the repository
- Test report and runbooks are included

**Evidence required:** Repository link + documentation

**Troubleshooting:** Read the server log first. Record each problem and its fix in the issue notes. If stuck for more than 30 minutes, set the status to Blocked and describe the blocker.

**Performance:** Note the effect of this change on latency, WAL and locks where it applies.

**Security:** Use least-privilege roles, not the superuser, unless the task requires it. Keep secrets out of the repository.

**Automation:** Commit SQL and configuration to the repository. From phase 17 on, apply changes through migrations and the automation repository.

**Assessment:** Scored 0-100 on working result, test evidence, documentation and repository quality. Type: Project.

### Completion criteria
- Every step is done and every acceptance criterion is demonstrated
- Required evidence is attached to the issue
- SQL, configuration and documents are committed to the repository
- Actual time is logged against the issue
- Instructor Review is Approved and the status is Completed

**Estimated time:** 8 h

**Next task:** TSH-034","High Availability","V14.0 High Availability","MOD-41","LAB-056","8","L5 - Expert","Project","HA Cluster (3 nodes)","Repository link + documentation","Patroni; etcd; HAProxy; PgBouncer; PostgreSQL","18","Level 3 - Enterprise PostgreSQL","DBA","High","Project","1","Pending"
"TSH-034","TSH-034","Troubleshooting","Normal","[TSH-034] Scenario 34: Patroni failure, no leader is elected","**Objective:** Scenario 34: Patroni failure, no leader is elected

**Prerequisites:** PROJECT-015

**Concepts:** HA architecture; Automatic failover; Manual failover; Leader election; Quorum; Split-brain; Fencing; Failover testing

**Tools:** Patroni; etcd; HAProxy; PgBouncer; PostgreSQL

**Environment:** HA Cluster (3 nodes)

### Steps
- [ ] Reproduce the instructor fault on the lab server
- [ ] Collect evidence before changing anything
- [ ] Check etcd health and quorum
- [ ] Read Patroni logs
- [ ] Check replication lag limits and tags
- [ ] Apply the fix
- [ ] Validate with the original failing action
- [ ] Write the seven-section report: problem, evidence, diagnosis, root cause, fix, validation, prevention

### Acceptance criteria
- Service or behaviour is restored
- Root cause is proven with evidence
- Report has all seven sections

**Evidence required:** Root cause report

**Performance:** Note the effect of this change on latency, WAL and locks where it applies.

**Security:** Use least-privilege roles, not the superuser, unless the task requires it. Keep secrets out of the repository.

**Automation:** Commit SQL and configuration to the repository. From phase 17 on, apply changes through migrations and the automation repository.

**Assessment:** Instructor grades the seven-section report. Type: Practical.

### Completion criteria
- Every step is done and every acceptance criterion is demonstrated
- Required evidence is attached to the issue
- SQL, configuration and documents are committed to the repository
- Actual time is logged against the issue
- Instructor Review is Approved and the status is Completed

**Estimated time:** 3 h

**Next task:** TSH-035","High Availability","V14.0 High Availability","MOD-41","PROJECT-015","3","L5 - Expert","Troubleshooting","HA Cluster (3 nodes)","Root cause report","Patroni; etcd; HAProxy; PgBouncer; PostgreSQL","18","Level 3 - Enterprise PostgreSQL","DBA","High","Practical","0","Pending"
"TSH-035","TSH-035","Troubleshooting","Normal","[TSH-035] Scenario 35: failover problem, old primary will not rejoin","**Objective:** Scenario 35: failover problem, old primary will not rejoin

**Prerequisites:** TSH-034

**Concepts:** HA architecture; Automatic failover; Manual failover; Leader election; Quorum; Split-brain; Fencing; Failover testing

**Tools:** Patroni; etcd; HAProxy; PgBouncer; PostgreSQL

**Environment:** HA Cluster (3 nodes)

### Steps
- [ ] Reproduce the instructor fault on the lab server
- [ ] Collect evidence before changing anything
- [ ] Read the Patroni log
- [ ] Check timeline divergence
- [ ] Use pg_rewind or reinitialise
- [ ] Apply the fix
- [ ] Validate with the original failing action
- [ ] Write the seven-section report: problem, evidence, diagnosis, root cause, fix, validation, prevention

### Acceptance criteria
- Service or behaviour is restored
- Root cause is proven with evidence
- Report has all seven sections

**Evidence required:** Root cause report

**Performance:** Note the effect of this change on latency, WAL and locks where it applies.

**Security:** Use least-privilege roles, not the superuser, unless the task requires it. Keep secrets out of the repository.

**Automation:** Commit SQL and configuration to the repository. From phase 17 on, apply changes through migrations and the automation repository.

**Assessment:** Instructor grades the seven-section report. Type: Practical.

### Completion criteria
- Every step is done and every acceptance criterion is demonstrated
- Required evidence is attached to the issue
- SQL, configuration and documents are committed to the repository
- Actual time is logged against the issue
- Instructor Review is Approved and the status is Completed

**Estimated time:** 3 h

**Next task:** TSH-036","High Availability","V14.0 High Availability","MOD-41","TSH-034","3","L5 - Expert","Troubleshooting","HA Cluster (3 nodes)","Root cause report","Patroni; etcd; HAProxy; PgBouncer; PostgreSQL","18","Level 3 - Enterprise PostgreSQL","DBA","High","Practical","0","Pending"
"TSH-036","TSH-036","Troubleshooting","Normal","[TSH-036] Scenario 36: split-brain suspicion","**Objective:** Scenario 36: split-brain suspicion

**Prerequisites:** TSH-035

**Concepts:** HA architecture; Automatic failover; Manual failover; Leader election; Quorum; Split-brain; Fencing; Failover testing

**Tools:** Patroni; etcd; HAProxy; PgBouncer; PostgreSQL

**Environment:** HA Cluster (3 nodes)

### Steps
- [ ] Reproduce the instructor fault on the lab server
- [ ] Collect evidence before changing anything
- [ ] Check leader key, timelines and write positions on every node
- [ ] Stop the wrong node safely
- [ ] Explain how fencing would have prevented it
- [ ] Apply the fix
- [ ] Validate with the original failing action
- [ ] Write the seven-section report: problem, evidence, diagnosis, root cause, fix, validation, prevention

### Acceptance criteria
- Service or behaviour is restored
- Root cause is proven with evidence
- Report has all seven sections

**Evidence required:** Root cause report

**Performance:** Note the effect of this change on latency, WAL and locks where it applies.

**Security:** Use least-privilege roles, not the superuser, unless the task requires it. Keep secrets out of the repository.

**Automation:** Commit SQL and configuration to the repository. From phase 17 on, apply changes through migrations and the automation repository.

**Assessment:** Instructor grades the seven-section report. Type: Practical.

### Completion criteria
- Every step is done and every acceptance criterion is demonstrated
- Required evidence is attached to the issue
- SQL, configuration and documents are committed to the repository
- Actual time is logged against the issue
- Instructor Review is Approved and the status is Completed

**Estimated time:** 3 h

**Next task:** ASM-014","High Availability","V14.0 High Availability","MOD-41","TSH-035","3","L5 - Expert","Troubleshooting","HA Cluster (3 nodes)","Root cause report","Patroni; etcd; HAProxy; PgBouncer; PostgreSQL","18","Level 3 - Enterprise PostgreSQL","DBA","High","Practical","0","Pending"
"ASM-014","ASM-014","Assessment","High","[ASM-014] Phase 14 assessment: high availability practical","**Objective:** Phase 14 assessment: high availability practical

**Prerequisites:** TSH-036

**Concepts:** HA architecture; Automatic failover; Manual failover; Leader election; Quorum; Split-brain; Fencing; Failover testing

**Tools:** Patroni; etcd; HAProxy; PgBouncer; PostgreSQL

**Environment:** HA Cluster (3 nodes)

### Steps
- [ ] Build a Patroni cluster from a specification and pass the failover tests

### Acceptance criteria
- Score of 70 or higher

**Evidence required:** Scored result

**Troubleshooting:** Read the server log first. Record each problem and its fix in the issue notes. If stuck for more than 30 minutes, set the status to Blocked and describe the blocker.

**Performance:** Note the effect of this change on latency, WAL and locks where it applies.

**Security:** Use least-privilege roles, not the superuser, unless the task requires it. Keep secrets out of the repository.

**Automation:** Commit SQL and configuration to the repository. From phase 17 on, apply changes through migrations and the automation repository.

**Assessment:** Scored 0-100. Pass mark 70. Type: Practical exam.

### Completion criteria
- Every step is done and every acceptance criterion is demonstrated
- Required evidence is attached to the issue
- SQL, configuration and documents are committed to the repository
- Actual time is logged against the issue
- Instructor Review is Approved and the status is Completed

**Estimated time:** 3 h

**Next task:** Last task of this module","High Availability","V14.0 High Availability","MOD-41","TSH-036","3","L5 - Expert","Assessment","HA Cluster (3 nodes)","Scored result","Patroni; etcd; HAProxy; PgBouncer; PostgreSQL","18","Level 3 - Enterprise PostgreSQL","DBA","High","Practical exam","0","Pending"
"REVIEW-14","REVIEW-14","Review","High","[REVIEW-14] Phase 14 gate review","**Objective:** Confirm that phase 14 (High Availability) is complete.

### Checklist
- [ ] Every issue of the phase is Completed
- [ ] Evidence is attached to every issue
- [ ] Time is logged
- [ ] Assessment score is 70 or higher
- [ ] SQL, configuration and documents are in the repository

**Assessment:** Instructor confirms the checklist and records the gate decision.

**Estimated time:** 1 h","","V14.0 High Availability","PHASE-14","PROJECT-014, TSH-033, ASM-014","1","","Review","","Instructor sign-off","","","","","","Review","0","Pending"
"PHASE-15","PHASE-15","Phase","Normal","[PHASE-15] Performance Engineering","Phase 15 of 20. Version: V15.0 Performance Engineering.

Modules: 2. Estimated hours: 71.

- MOD-42 PostgreSQL Performance Engineering
- MOD-43 Performance Testing

The phase closes with the gate review REVIEW-15.","","V15.0 Performance Engineering","EPIC","","","","","","","","","","","","","",""
"MOD-42","MOD-42","Module","Normal","[MOD-42] PostgreSQL Performance Engineering","**Topics:** CPU; Memory; Disk I/O; Network; Locks; Connections; Query latency; WAL; Checkpoints; Vacuum; Cache hit ratio; Bloat; Slow queries

**Tools:** pg_stat_activity; pg_stat_database; pg_stat_statements; pg_locks; pg_stat_user_tables; pg_stat_user_indexes; PostgreSQL

**Environment:** Single Server

**Tasks:** 13, 45 estimated hours.

- THY-039 A method for performance work
- LAB-057 Statistics views tour
- PERF-031 Memory tuning: shared_buffers, work_mem and cache hit ratio
- PERF-032 WAL and checkpoint tuning
- PERF-033 I/O tuning: random_page_cost, effective_io_concurrency and asynchronous I/O
- PERF-034 Parallel query tuning
- PROJECT-016 Performance project 1: optimize a slow PostgreSQL application
- PROJECT-017 Performance project 3: fix a high-CPU PostgreSQL server
- TSH-037 Scenario 37: high CPU
- TSH-038 Scenario 38: high memory and OOM kill of a backend
- TSH-039 Scenario 39: checkpoint problems and I/O spikes
- TSH-040 Scenario 40: storage bottleneck
- TSH-041 Scenario 41: temp files filling the disk","Performance","V15.0 Performance Engineering","PHASE-15","","","","","Single Server","","pg_stat_activity; pg_stat_database; pg_stat_statements; pg_locks; pg_stat_user_tables; pg_stat_user_indexes; PostgreSQL","18","Level 2 - Senior PostgreSQL Engineering","DBA","High","","",""
"THY-039","THY-039","Theory","Normal","[THY-039] A method for performance work","**Objective:** A method for performance work

**Prerequisites:** TSH-018, LAB-025, PROJECT-014

**Concepts:** CPU; Memory; Disk I/O; Network; Locks; Connections; Query latency; WAL; Checkpoints; Vacuum; Cache hit ratio; Bloat; Slow queries

**Tools:** pg_stat_activity; pg_stat_database; pg_stat_statements; pg_locks; pg_stat_user_tables; pg_stat_user_indexes; PostgreSQL

**Environment:** Single Server

### Steps
- [ ] Study the method: define the symptom, measure, find the bottleneck resource, change one thing, measure again
- [ ] Study which statistics view answers which question
- [ ] Study wait events

### Acceptance criteria
- Maps ten symptoms to the first view to check
- Explains wait event types

**Evidence required:** Notes

**Troubleshooting:** Read the server log first. Record each problem and its fix in the issue notes. If stuck for more than 30 minutes, set the status to Blocked and describe the blocker.

**Performance:** Note the effect of this change on latency, WAL and locks where it applies.

**Security:** Use least-privilege roles, not the superuser, unless the task requires it. Keep secrets out of the repository.

**Automation:** Commit SQL and configuration to the repository. From phase 17 on, apply changes through migrations and the automation repository.

**Assessment:** Instructor checks the notes and asks short oral questions. Type: Short answer.

### Completion criteria
- Every step is done and every acceptance criterion is demonstrated
- Required evidence is attached to the issue
- SQL, configuration and documents are committed to the repository
- Actual time is logged against the issue
- Instructor Review is Approved and the status is Completed

**Estimated time:** 3 h

**Next task:** LAB-057","Performance","V15.0 Performance Engineering","MOD-42","TSH-018, LAB-025, PROJECT-014","3","L4 - Advanced","Theory","Single Server","Notes","pg_stat_activity; pg_stat_database; pg_stat_statements; pg_locks; pg_stat_user_tables; pg_stat_user_indexes; PostgreSQL","18","Level 2 - Senior PostgreSQL Engineering","DBA","High","Short answer","0","Pending"
"LAB-057","LAB-057","Lab","Normal","[LAB-057] Statistics views tour","**Objective:** Statistics views tour

**Prerequisites:** THY-039

**Concepts:** CPU; Memory; Disk I/O; Network; Locks; Connections; Query latency; WAL; Checkpoints; Vacuum; Cache hit ratio; Bloat; Slow queries

**Tools:** pg_stat_activity; pg_stat_database; pg_stat_statements; pg_locks; pg_stat_user_tables; pg_stat_user_indexes; PostgreSQL

**Environment:** Single Server

### Steps
- [ ] Read pg_stat_activity with wait events
- [ ] Read pg_stat_database for commits, rollbacks, temp files and deadlocks
- [ ] Read pg_stat_user_tables and pg_stat_user_indexes
- [ ] Read pg_statio views and pg_stat_io on current versions
- [ ] Read checkpoint and background writer statistics
- [ ] Take two snapshots and compute rates

### Acceptance criteria
- A health report built from the views is attached
- Rates are computed from snapshots, not totals

**Evidence required:** Screenshot + command output

**Troubleshooting:** Read the server log first. Record each problem and its fix in the issue notes. If stuck for more than 30 minutes, set the status to Blocked and describe the blocker.

**Performance:** Note the effect of this change on latency, WAL and locks where it applies.

**Security:** Use least-privilege roles, not the superuser, unless the task requires it. Keep secrets out of the repository.

**Automation:** Commit SQL and configuration to the repository. From phase 17 on, apply changes through migrations and the automation repository.

**Assessment:** Instructor verifies the acceptance criteria from the evidence and may ask for a live demonstration. Type: Practical.

### Completion criteria
- Every step is done and every acceptance criterion is demonstrated
- Required evidence is attached to the issue
- SQL, configuration and documents are committed to the repository
- Actual time is logged against the issue
- Instructor Review is Approved and the status is Completed

**Estimated time:** 4 h

**Next task:** PERF-031","Performance","V15.0 Performance Engineering","MOD-42","THY-039","4","L4 - Advanced","Guided Lab","Single Server","Screenshot + command output","pg_stat_activity; pg_stat_database; pg_stat_statements; pg_locks; pg_stat_user_tables; pg_stat_user_indexes; PostgreSQL","18","Level 2 - Senior PostgreSQL Engineering","DBA","High","Practical","0","Pending"
"PERF-031","PERF-031","Performance","Normal","[PERF-031] Memory tuning: shared_buffers, work_mem and cache hit ratio","**Objective:** Memory tuning: shared_buffers, work_mem and cache hit ratio

**Prerequisites:** LAB-057

**Concepts:** CPU; Memory; Disk I/O; Network; Locks; Connections; Query latency; WAL; Checkpoints; Vacuum; Cache hit ratio; Bloat; Slow queries

**Tools:** pg_stat_activity; pg_stat_database; pg_stat_statements; pg_locks; pg_stat_user_tables; pg_stat_user_indexes; PostgreSQL

**Environment:** Single Server

### Steps
- [ ] Measure cache hit ratio and temp file usage
- [ ] Change shared_buffers and work_mem one at a time
- [ ] Use pg_buffercache to see what is cached
- [ ] Compare pgbench results

### Acceptance criteria
- Each change has before and after numbers
- Final values are justified by the workload

**Evidence required:** Before and after measurements

**Troubleshooting:** Read the server log first. Record each problem and its fix in the issue notes. If stuck for more than 30 minutes, set the status to Blocked and describe the blocker.

**Performance:** Note the effect of this change on latency, WAL and locks where it applies.

**Security:** Use least-privilege roles, not the superuser, unless the task requires it. Keep secrets out of the repository.

**Automation:** Commit SQL and configuration to the repository. From phase 17 on, apply changes through migrations and the automation repository.

**Assessment:** Instructor checks the before and after measurements and the reasoning. Type: Practical.

### Completion criteria
- Every step is done and every acceptance criterion is demonstrated
- Required evidence is attached to the issue
- SQL, configuration and documents are committed to the repository
- Actual time is logged against the issue
- Instructor Review is Approved and the status is Completed

**Estimated time:** 4 h

**Next task:** PERF-032","Performance","V15.0 Performance Engineering","MOD-42","LAB-057","4","L4 - Advanced","Performance","Single Server","Before and after measurements","pg_stat_activity; pg_stat_database; pg_stat_statements; pg_locks; pg_stat_user_tables; pg_stat_user_indexes; PostgreSQL","18","Level 2 - Senior PostgreSQL Engineering","DBA","High","Practical","0","Pending"
"PERF-032","PERF-032","Performance","Normal","[PERF-032] WAL and checkpoint tuning","**Objective:** WAL and checkpoint tuning

**Prerequisites:** PERF-031

**Concepts:** CPU; Memory; Disk I/O; Network; Locks; Connections; Query latency; WAL; Checkpoints; Vacuum; Cache hit ratio; Bloat; Slow queries

**Tools:** pg_stat_activity; pg_stat_database; pg_stat_statements; pg_locks; pg_stat_user_tables; pg_stat_user_indexes; PostgreSQL

**Environment:** Single Server

### Steps
- [ ] Log checkpoints and read how many are requested versus timed
- [ ] Tune max_wal_size, checkpoint_timeout and completion target
- [ ] Test wal_compression and full-page write volume
- [ ] Measure latency spikes before and after

### Acceptance criteria
- Requested checkpoints fall
- Latency spikes reduce
- WAL volume is reported

**Evidence required:** Before and after measurements

**Troubleshooting:** Read the server log first. Record each problem and its fix in the issue notes. If stuck for more than 30 minutes, set the status to Blocked and describe the blocker.

**Performance:** Note the effect of this change on latency, WAL and locks where it applies.

**Security:** Use least-privilege roles, not the superuser, unless the task requires it. Keep secrets out of the repository.

**Automation:** Commit SQL and configuration to the repository. From phase 17 on, apply changes through migrations and the automation repository.

**Assessment:** Instructor checks the before and after measurements and the reasoning. Type: Practical.

### Completion criteria
- Every step is done and every acceptance criterion is demonstrated
- Required evidence is attached to the issue
- SQL, configuration and documents are committed to the repository
- Actual time is logged against the issue
- Instructor Review is Approved and the status is Completed

**Estimated time:** 4 h

**Next task:** PERF-033","Performance","V15.0 Performance Engineering","MOD-42","PERF-031","4","L4 - Advanced","Performance","Single Server","Before and after measurements","pg_stat_activity; pg_stat_database; pg_stat_statements; pg_locks; pg_stat_user_tables; pg_stat_user_indexes; PostgreSQL","18","Level 2 - Senior PostgreSQL Engineering","DBA","High","Practical","0","Pending"
"PERF-033","PERF-033","Performance","Normal","[PERF-033] I/O tuning: random_page_cost, effective_io_concurrency and asynchronous I/O","**Objective:** I/O tuning: random_page_cost, effective_io_concurrency and asynchronous I/O

**Prerequisites:** PERF-032

**Concepts:** CPU; Memory; Disk I/O; Network; Locks; Connections; Query latency; WAL; Checkpoints; Vacuum; Cache hit ratio; Bloat; Slow queries

**Tools:** pg_stat_activity; pg_stat_database; pg_stat_statements; pg_locks; pg_stat_user_tables; pg_stat_user_indexes; PostgreSQL

**Environment:** Single Server

### Steps
- [ ] Set random_page_cost for the storage type and watch plan changes
- [ ] Test effective_io_concurrency on bitmap scans
- [ ] Test io_method on current versions
- [ ] Record results

### Acceptance criteria
- Plan and timing changes are recorded
- Settings match the measured storage

**Evidence required:** Before and after measurements

**Troubleshooting:** Read the server log first. Record each problem and its fix in the issue notes. If stuck for more than 30 minutes, set the status to Blocked and describe the blocker.

**Performance:** Note the effect of this change on latency, WAL and locks where it applies.

**Security:** Use least-privilege roles, not the superuser, unless the task requires it. Keep secrets out of the repository.

**Automation:** Commit SQL and configuration to the repository. From phase 17 on, apply changes through migrations and the automation repository.

**Assessment:** Instructor checks the before and after measurements and the reasoning. Type: Practical.

### Completion criteria
- Every step is done and every acceptance criterion is demonstrated
- Required evidence is attached to the issue
- SQL, configuration and documents are committed to the repository
- Actual time is logged against the issue
- Instructor Review is Approved and the status is Completed

**Estimated time:** 3 h

**Next task:** PERF-034","Performance","V15.0 Performance Engineering","MOD-42","PERF-032","3","L4 - Advanced","Performance","Single Server","Before and after measurements","pg_stat_activity; pg_stat_database; pg_stat_statements; pg_locks; pg_stat_user_tables; pg_stat_user_indexes; PostgreSQL","18","Level 2 - Senior PostgreSQL Engineering","DBA","High","Practical","0","Pending"
"PERF-034","PERF-034","Performance","Normal","[PERF-034] Parallel query tuning","**Objective:** Parallel query tuning

**Prerequisites:** PERF-033

**Concepts:** CPU; Memory; Disk I/O; Network; Locks; Connections; Query latency; WAL; Checkpoints; Vacuum; Cache hit ratio; Bloat; Slow queries

**Tools:** pg_stat_activity; pg_stat_database; pg_stat_statements; pg_locks; pg_stat_user_tables; pg_stat_user_indexes; PostgreSQL

**Environment:** Single Server

### Steps
- [ ] Find queries that could run in parallel
- [ ] Tune worker settings and cost thresholds
- [ ] Measure speed-up and CPU cost
- [ ] Decide limits for a mixed workload

### Acceptance criteria
- Speed-up per worker count is charted
- Limits are justified

**Evidence required:** Before and after measurements

**Troubleshooting:** Read the server log first. Record each problem and its fix in the issue notes. If stuck for more than 30 minutes, set the status to Blocked and describe the blocker.

**Performance:** Note the effect of this change on latency, WAL and locks where it applies.

**Security:** Use least-privilege roles, not the superuser, unless the task requires it. Keep secrets out of the repository.

**Automation:** Commit SQL and configuration to the repository. From phase 17 on, apply changes through migrations and the automation repository.

**Assessment:** Instructor checks the before and after measurements and the reasoning. Type: Practical.

### Completion criteria
- Every step is done and every acceptance criterion is demonstrated
- Required evidence is attached to the issue
- SQL, configuration and documents are committed to the repository
- Actual time is logged against the issue
- Instructor Review is Approved and the status is Completed

**Estimated time:** 3 h

**Next task:** PROJECT-016","Performance","V15.0 Performance Engineering","MOD-42","PERF-033","3","L4 - Advanced","Performance","Single Server","Before and after measurements","pg_stat_activity; pg_stat_database; pg_stat_statements; pg_locks; pg_stat_user_tables; pg_stat_user_indexes; PostgreSQL","18","Level 2 - Senior PostgreSQL Engineering","DBA","High","Practical","0","Pending"
"PROJECT-016","PROJECT-016","Project","Normal","[PROJECT-016] Performance project 1: optimize a slow PostgreSQL application","**Objective:** Performance project 1: optimize a slow PostgreSQL application

**Prerequisites:** PERF-034

**Concepts:** CPU; Memory; Disk I/O; Network; Locks; Connections; Query latency; WAL; Checkpoints; Vacuum; Cache hit ratio; Bloat; Slow queries

**Tools:** pg_stat_activity; pg_stat_database; pg_stat_statements; pg_locks; pg_stat_user_tables; pg_stat_user_indexes; PostgreSQL

**Environment:** Single Server

### Steps
- [ ] Take the instructor application with schema, query and configuration problems
- [ ] Establish a baseline with pgbench custom scripts
- [ ] Find the top problems from statistics
- [ ] Fix in order of impact
- [ ] Report before and after

### Acceptance criteria
- Throughput and latency targets are met
- Each fix is tied to evidence
- Report is committed

**Evidence required:** Repository link + documentation

**Troubleshooting:** Read the server log first. Record each problem and its fix in the issue notes. If stuck for more than 30 minutes, set the status to Blocked and describe the blocker.

**Performance:** Note the effect of this change on latency, WAL and locks where it applies.

**Security:** Use least-privilege roles, not the superuser, unless the task requires it. Keep secrets out of the repository.

**Automation:** Commit SQL and configuration to the repository. From phase 17 on, apply changes through migrations and the automation repository.

**Assessment:** Scored 0-100 on working result, test evidence, documentation and repository quality. Type: Project.

### Completion criteria
- Every step is done and every acceptance criterion is demonstrated
- Required evidence is attached to the issue
- SQL, configuration and documents are committed to the repository
- Actual time is logged against the issue
- Instructor Review is Approved and the status is Completed

**Estimated time:** 8 h

**Next task:** PROJECT-017","Performance","V15.0 Performance Engineering","MOD-42","PERF-034","8","L4 - Advanced","Project","Single Server","Repository link + documentation","pg_stat_activity; pg_stat_database; pg_stat_statements; pg_locks; pg_stat_user_tables; pg_stat_user_indexes; PostgreSQL","18","Level 2 - Senior PostgreSQL Engineering","DBA","High","Project","1","Pending"
"PROJECT-017","PROJECT-017","Project","Normal","[PROJECT-017] Performance project 3: fix a high-CPU PostgreSQL server","**Objective:** Performance project 3: fix a high-CPU PostgreSQL server

**Prerequisites:** PROJECT-016

**Concepts:** CPU; Memory; Disk I/O; Network; Locks; Connections; Query latency; WAL; Checkpoints; Vacuum; Cache hit ratio; Bloat; Slow queries

**Tools:** pg_stat_activity; pg_stat_database; pg_stat_statements; pg_locks; pg_stat_user_tables; pg_stat_user_indexes; PostgreSQL

**Environment:** Single Server

### Steps
- [ ] Reproduce the instructor high-CPU condition
- [ ] Separate query cost, connection churn, autovacuum and parallelism
- [ ] Fix the cause
- [ ] Prove CPU returns to normal under the same load

### Acceptance criteria
- Root cause is proven
- CPU falls to the target under the same load

**Evidence required:** Repository link + documentation

**Troubleshooting:** Read the server log first. Record each problem and its fix in the issue notes. If stuck for more than 30 minutes, set the status to Blocked and describe the blocker.

**Performance:** Note the effect of this change on latency, WAL and locks where it applies.

**Security:** Use least-privilege roles, not the superuser, unless the task requires it. Keep secrets out of the repository.

**Automation:** Commit SQL and configuration to the repository. From phase 17 on, apply changes through migrations and the automation repository.

**Assessment:** Scored 0-100 on working result, test evidence, documentation and repository quality. Type: Project.

### Completion criteria
- Every step is done and every acceptance criterion is demonstrated
- Required evidence is attached to the issue
- SQL, configuration and documents are committed to the repository
- Actual time is logged against the issue
- Instructor Review is Approved and the status is Completed

**Estimated time:** 5 h

**Next task:** TSH-037","Performance","V15.0 Performance Engineering","MOD-42","PROJECT-016","5","L4 - Advanced","Project","Single Server","Repository link + documentation","pg_stat_activity; pg_stat_database; pg_stat_statements; pg_locks; pg_stat_user_tables; pg_stat_user_indexes; PostgreSQL","18","Level 2 - Senior PostgreSQL Engineering","DBA","High","Project","1","Pending"
"TSH-037","TSH-037","Troubleshooting","Normal","[TSH-037] Scenario 37: high CPU","**Objective:** Scenario 37: high CPU

**Prerequisites:** PROJECT-017

**Concepts:** CPU; Memory; Disk I/O; Network; Locks; Connections; Query latency; WAL; Checkpoints; Vacuum; Cache hit ratio; Bloat; Slow queries

**Tools:** pg_stat_activity; pg_stat_database; pg_stat_statements; pg_locks; pg_stat_user_tables; pg_stat_user_indexes; PostgreSQL

**Environment:** Single Server

### Steps
- [ ] Reproduce the instructor fault on the lab server
- [ ] Collect evidence before changing anything
- [ ] Match busy backends to queries
- [ ] Check for sequential scans, missing indexes and connection storms
- [ ] Apply the fix
- [ ] Validate with the original failing action
- [ ] Write the seven-section report: problem, evidence, diagnosis, root cause, fix, validation, prevention

### Acceptance criteria
- Service or behaviour is restored
- Root cause is proven with evidence
- Report has all seven sections

**Evidence required:** Root cause report

**Performance:** Note the effect of this change on latency, WAL and locks where it applies.

**Security:** Use least-privilege roles, not the superuser, unless the task requires it. Keep secrets out of the repository.

**Automation:** Commit SQL and configuration to the repository. From phase 17 on, apply changes through migrations and the automation repository.

**Assessment:** Instructor grades the seven-section report. Type: Practical.

### Completion criteria
- Every step is done and every acceptance criterion is demonstrated
- Required evidence is attached to the issue
- SQL, configuration and documents are committed to the repository
- Actual time is logged against the issue
- Instructor Review is Approved and the status is Completed

**Estimated time:** 2 h

**Next task:** TSH-038","Performance","V15.0 Performance Engineering","MOD-42","PROJECT-017","2","L4 - Advanced","Troubleshooting","Single Server","Root cause report","pg_stat_activity; pg_stat_database; pg_stat_statements; pg_locks; pg_stat_user_tables; pg_stat_user_indexes; PostgreSQL","18","Level 2 - Senior PostgreSQL Engineering","DBA","High","Practical","0","Pending"
"TSH-038","TSH-038","Troubleshooting","Normal","[TSH-038] Scenario 38: high memory and OOM kill of a backend","**Objective:** Scenario 38: high memory and OOM kill of a backend

**Prerequisites:** TSH-037

**Concepts:** CPU; Memory; Disk I/O; Network; Locks; Connections; Query latency; WAL; Checkpoints; Vacuum; Cache hit ratio; Bloat; Slow queries

**Tools:** pg_stat_activity; pg_stat_database; pg_stat_statements; pg_locks; pg_stat_user_tables; pg_stat_user_indexes; PostgreSQL

**Environment:** Single Server

### Steps
- [ ] Reproduce the instructor fault on the lab server
- [ ] Collect evidence before changing anything
- [ ] Read dmesg and the server log
- [ ] Estimate memory from work_mem, connections and parallel workers
- [ ] Fix settings and overcommit
- [ ] Apply the fix
- [ ] Validate with the original failing action
- [ ] Write the seven-section report: problem, evidence, diagnosis, root cause, fix, validation, prevention

### Acceptance criteria
- Service or behaviour is restored
- Root cause is proven with evidence
- Report has all seven sections

**Evidence required:** Root cause report

**Performance:** Note the effect of this change on latency, WAL and locks where it applies.

**Security:** Use least-privilege roles, not the superuser, unless the task requires it. Keep secrets out of the repository.

**Automation:** Commit SQL and configuration to the repository. From phase 17 on, apply changes through migrations and the automation repository.

**Assessment:** Instructor grades the seven-section report. Type: Practical.

### Completion criteria
- Every step is done and every acceptance criterion is demonstrated
- Required evidence is attached to the issue
- SQL, configuration and documents are committed to the repository
- Actual time is logged against the issue
- Instructor Review is Approved and the status is Completed

**Estimated time:** 3 h

**Next task:** TSH-039","Performance","V15.0 Performance Engineering","MOD-42","TSH-037","3","L4 - Advanced","Troubleshooting","Single Server","Root cause report","pg_stat_activity; pg_stat_database; pg_stat_statements; pg_locks; pg_stat_user_tables; pg_stat_user_indexes; PostgreSQL","18","Level 2 - Senior PostgreSQL Engineering","DBA","High","Practical","0","Pending"
"TSH-039","TSH-039","Troubleshooting","Normal","[TSH-039] Scenario 39: checkpoint problems and I/O spikes","**Objective:** Scenario 39: checkpoint problems and I/O spikes

**Prerequisites:** TSH-038

**Concepts:** CPU; Memory; Disk I/O; Network; Locks; Connections; Query latency; WAL; Checkpoints; Vacuum; Cache hit ratio; Bloat; Slow queries

**Tools:** pg_stat_activity; pg_stat_database; pg_stat_statements; pg_locks; pg_stat_user_tables; pg_stat_user_indexes; PostgreSQL

**Environment:** Single Server

### Steps
- [ ] Reproduce the instructor fault on the lab server
- [ ] Collect evidence before changing anything
- [ ] Read the checkpoint log lines
- [ ] Check max_wal_size and completion target
- [ ] Check storage latency
- [ ] Apply the fix
- [ ] Validate with the original failing action
- [ ] Write the seven-section report: problem, evidence, diagnosis, root cause, fix, validation, prevention

### Acceptance criteria
- Service or behaviour is restored
- Root cause is proven with evidence
- Report has all seven sections

**Evidence required:** Root cause report

**Performance:** Note the effect of this change on latency, WAL and locks where it applies.

**Security:** Use least-privilege roles, not the superuser, unless the task requires it. Keep secrets out of the repository.

**Automation:** Commit SQL and configuration to the repository. From phase 17 on, apply changes through migrations and the automation repository.

**Assessment:** Instructor grades the seven-section report. Type: Practical.

### Completion criteria
- Every step is done and every acceptance criterion is demonstrated
- Required evidence is attached to the issue
- SQL, configuration and documents are committed to the repository
- Actual time is logged against the issue
- Instructor Review is Approved and the status is Completed

**Estimated time:** 2 h

**Next task:** TSH-040","Performance","V15.0 Performance Engineering","MOD-42","TSH-038","2","L4 - Advanced","Troubleshooting","Single Server","Root cause report","pg_stat_activity; pg_stat_database; pg_stat_statements; pg_locks; pg_stat_user_tables; pg_stat_user_indexes; PostgreSQL","18","Level 2 - Senior PostgreSQL Engineering","DBA","High","Practical","0","Pending"
"TSH-040","TSH-040","Troubleshooting","Normal","[TSH-040] Scenario 40: storage bottleneck","**Objective:** Scenario 40: storage bottleneck

**Prerequisites:** TSH-039

**Concepts:** CPU; Memory; Disk I/O; Network; Locks; Connections; Query latency; WAL; Checkpoints; Vacuum; Cache hit ratio; Bloat; Slow queries

**Tools:** pg_stat_activity; pg_stat_database; pg_stat_statements; pg_locks; pg_stat_user_tables; pg_stat_user_indexes; PostgreSQL

**Environment:** Single Server

### Steps
- [ ] Reproduce the instructor fault on the lab server
- [ ] Collect evidence before changing anything
- [ ] Read iostat await and utilisation
- [ ] Find the heavy relations with pg_statio
- [ ] Separate WAL and data where justified
- [ ] Apply the fix
- [ ] Validate with the original failing action
- [ ] Write the seven-section report: problem, evidence, diagnosis, root cause, fix, validation, prevention

### Acceptance criteria
- Service or behaviour is restored
- Root cause is proven with evidence
- Report has all seven sections

**Evidence required:** Root cause report

**Performance:** Note the effect of this change on latency, WAL and locks where it applies.

**Security:** Use least-privilege roles, not the superuser, unless the task requires it. Keep secrets out of the repository.

**Automation:** Commit SQL and configuration to the repository. From phase 17 on, apply changes through migrations and the automation repository.

**Assessment:** Instructor grades the seven-section report. Type: Practical.

### Completion criteria
- Every step is done and every acceptance criterion is demonstrated
- Required evidence is attached to the issue
- SQL, configuration and documents are committed to the repository
- Actual time is logged against the issue
- Instructor Review is Approved and the status is Completed

**Estimated time:** 2 h

**Next task:** TSH-041","Performance","V15.0 Performance Engineering","MOD-42","TSH-039","2","L4 - Advanced","Troubleshooting","Single Server","Root cause report","pg_stat_activity; pg_stat_database; pg_stat_statements; pg_locks; pg_stat_user_tables; pg_stat_user_indexes; PostgreSQL","18","Level 2 - Senior PostgreSQL Engineering","DBA","High","Practical","0","Pending"
"TSH-041","TSH-041","Troubleshooting","Normal","[TSH-041] Scenario 41: temp files filling the disk","**Objective:** Scenario 41: temp files filling the disk

**Prerequisites:** TSH-040

**Concepts:** CPU; Memory; Disk I/O; Network; Locks; Connections; Query latency; WAL; Checkpoints; Vacuum; Cache hit ratio; Bloat; Slow queries

**Tools:** pg_stat_activity; pg_stat_database; pg_stat_statements; pg_locks; pg_stat_user_tables; pg_stat_user_indexes; PostgreSQL

**Environment:** Single Server

### Steps
- [ ] Reproduce the instructor fault on the lab server
- [ ] Collect evidence before changing anything
- [ ] Find the queries with log_temp_files
- [ ] Tune work_mem per role or fix the query
- [ ] Set temp_file_limit
- [ ] Apply the fix
- [ ] Validate with the original failing action
- [ ] Write the seven-section report: problem, evidence, diagnosis, root cause, fix, validation, prevention

### Acceptance criteria
- Service or behaviour is restored
- Root cause is proven with evidence
- Report has all seven sections

**Evidence required:** Root cause report

**Performance:** Note the effect of this change on latency, WAL and locks where it applies.

**Security:** Use least-privilege roles, not the superuser, unless the task requires it. Keep secrets out of the repository.

**Automation:** Commit SQL and configuration to the repository. From phase 17 on, apply changes through migrations and the automation repository.

**Assessment:** Instructor grades the seven-section report. Type: Practical.

### Completion criteria
- Every step is done and every acceptance criterion is demonstrated
- Required evidence is attached to the issue
- SQL, configuration and documents are committed to the repository
- Actual time is logged against the issue
- Instructor Review is Approved and the status is Completed

**Estimated time:** 2 h

**Next task:** Last task of this module","Performance","V15.0 Performance Engineering","MOD-42","TSH-040","2","L4 - Advanced","Troubleshooting","Single Server","Root cause report","pg_stat_activity; pg_stat_database; pg_stat_statements; pg_locks; pg_stat_user_tables; pg_stat_user_indexes; PostgreSQL","18","Level 2 - Senior PostgreSQL Engineering","DBA","High","Practical","0","Pending"
"MOD-43","MOD-43","Module","Normal","[MOD-43] Performance Testing","**Topics:** pgbench; sysbench concepts; EXPLAIN ANALYZE; fio; iostat; vmstat; perf concepts; Benchmarks for CPU, memory, storage, connections, queries, transactions, WAL and replication

**Tools:** pgbench; fio; iostat; vmstat; PostgreSQL

**Environment:** Single Server

**Tasks:** 6, 25 estimated hours.

- THY-040 Benchmark design
- LAB-058 Benchmarks: storage, CPU and memory
- LAB-059 Benchmarks: connections, transactions, WAL and replication
- PROJECT-018 Portfolio: PostgreSQL Performance Lab
- PROJECT-019 Performance project 7: design a high-performance PostgreSQL architecture
- ASM-015 Phase 15 assessment: performance engineering","Performance","V15.0 Performance Engineering","PHASE-15","","","","","Single Server","","pgbench; fio; iostat; vmstat; PostgreSQL","18","Level 2 - Senior PostgreSQL Engineering","Engineering","Medium","","",""
"THY-040","THY-040","Theory","Normal","[THY-040] Benchmark design","**Objective:** Benchmark design

**Prerequisites:** TSH-041

**Concepts:** pgbench; sysbench concepts; EXPLAIN ANALYZE; fio; iostat; vmstat; perf concepts; Benchmarks for CPU, memory, storage, connections, queries, transactions, WAL and replication

**Tools:** pgbench; fio; iostat; vmstat; PostgreSQL

**Environment:** Single Server

### Steps
- [ ] Study how to design a fair benchmark: warm-up, duration, repeat, one variable
- [ ] Study pgbench built-in and custom scripts
- [ ] Study sysbench and perf concepts

### Acceptance criteria
- Writes a test plan with controls and metrics

**Evidence required:** Notes

**Troubleshooting:** Read the server log first. Record each problem and its fix in the issue notes. If stuck for more than 30 minutes, set the status to Blocked and describe the blocker.

**Performance:** Note the effect of this change on latency, WAL and locks where it applies.

**Security:** Use least-privilege roles, not the superuser, unless the task requires it. Keep secrets out of the repository.

**Automation:** Commit SQL and configuration to the repository. From phase 17 on, apply changes through migrations and the automation repository.

**Assessment:** Instructor checks the notes and asks short oral questions. Type: Short answer.

### Completion criteria
- Every step is done and every acceptance criterion is demonstrated
- Required evidence is attached to the issue
- SQL, configuration and documents are committed to the repository
- Actual time is logged against the issue
- Instructor Review is Approved and the status is Completed

**Estimated time:** 2 h

**Next task:** LAB-058","Performance","V15.0 Performance Engineering","MOD-43","TSH-041","2","L4 - Advanced","Theory","Single Server","Notes","pgbench; fio; iostat; vmstat; PostgreSQL","18","Level 2 - Senior PostgreSQL Engineering","Engineering","Medium","Short answer","0","Pending"
"LAB-058","LAB-058","Lab","Normal","[LAB-058] Benchmarks: storage, CPU and memory","**Objective:** Benchmarks: storage, CPU and memory

**Prerequisites:** THY-040

**Concepts:** pgbench; sysbench concepts; EXPLAIN ANALYZE; fio; iostat; vmstat; perf concepts; Benchmarks for CPU, memory, storage, connections, queries, transactions, WAL and replication

**Tools:** pgbench; fio; iostat; vmstat; PostgreSQL

**Environment:** Single Server

### Steps
- [ ] Benchmark storage with fio at database-like patterns
- [ ] Run pgbench at scale that fits in memory and at scale that does not
- [ ] Run a CPU-bound select-only test
- [ ] Watch iostat and vmstat during each

### Acceptance criteria
- Results table shows the limiting resource for each test

**Evidence required:** Screenshot + command output

**Troubleshooting:** Read the server log first. Record each problem and its fix in the issue notes. If stuck for more than 30 minutes, set the status to Blocked and describe the blocker.

**Performance:** Note the effect of this change on latency, WAL and locks where it applies.

**Security:** Use least-privilege roles, not the superuser, unless the task requires it. Keep secrets out of the repository.

**Automation:** Commit SQL and configuration to the repository. From phase 17 on, apply changes through migrations and the automation repository.

**Assessment:** Instructor verifies the acceptance criteria from the evidence and may ask for a live demonstration. Type: Practical.

### Completion criteria
- Every step is done and every acceptance criterion is demonstrated
- Required evidence is attached to the issue
- SQL, configuration and documents are committed to the repository
- Actual time is logged against the issue
- Instructor Review is Approved and the status is Completed

**Estimated time:** 4 h

**Next task:** LAB-059","Performance","V15.0 Performance Engineering","MOD-43","THY-040","4","L4 - Advanced","Guided Lab","Single Server","Screenshot + command output","pgbench; fio; iostat; vmstat; PostgreSQL","18","Level 2 - Senior PostgreSQL Engineering","Engineering","Medium","Practical","0","Pending"
"LAB-059","LAB-059","Lab","Normal","[LAB-059] Benchmarks: connections, transactions, WAL and replication","**Objective:** Benchmarks: connections, transactions, WAL and replication

**Prerequisites:** LAB-058

**Concepts:** pgbench; sysbench concepts; EXPLAIN ANALYZE; fio; iostat; vmstat; perf concepts; Benchmarks for CPU, memory, storage, connections, queries, transactions, WAL and replication

**Tools:** pgbench; fio; iostat; vmstat; PostgreSQL

**Environment:** Single Server

### Steps
- [ ] Measure throughput against client count directly and through the pooler
- [ ] Measure commit latency against synchronous_commit levels
- [ ] Measure WAL volume per transaction
- [ ] Measure replica lag under load

### Acceptance criteria
- Charts show the knee point for connections
- WAL and lag numbers are recorded

**Evidence required:** Screenshot + command output

**Troubleshooting:** Read the server log first. Record each problem and its fix in the issue notes. If stuck for more than 30 minutes, set the status to Blocked and describe the blocker.

**Performance:** Note the effect of this change on latency, WAL and locks where it applies.

**Security:** Use least-privilege roles, not the superuser, unless the task requires it. Keep secrets out of the repository.

**Automation:** Commit SQL and configuration to the repository. From phase 17 on, apply changes through migrations and the automation repository.

**Assessment:** Instructor verifies the acceptance criteria from the evidence and may ask for a live demonstration. Type: Practical.

### Completion criteria
- Every step is done and every acceptance criterion is demonstrated
- Required evidence is attached to the issue
- SQL, configuration and documents are committed to the repository
- Actual time is logged against the issue
- Instructor Review is Approved and the status is Completed

**Estimated time:** 4 h

**Next task:** PROJECT-018","Performance","V15.0 Performance Engineering","MOD-43","LAB-058","4","L4 - Advanced","Guided Lab","Single Server","Screenshot + command output","pgbench; fio; iostat; vmstat; PostgreSQL","18","Level 2 - Senior PostgreSQL Engineering","Engineering","Medium","Practical","0","Pending"
"PROJECT-018","PROJECT-018","Project","Normal","[PROJECT-018] Portfolio: PostgreSQL Performance Lab","**Objective:** Portfolio: PostgreSQL Performance Lab

**Prerequisites:** LAB-059

**Concepts:** pgbench; sysbench concepts; EXPLAIN ANALYZE; fio; iostat; vmstat; perf concepts; Benchmarks for CPU, memory, storage, connections, queries, transactions, WAL and replication

**Tools:** pgbench; fio; iostat; vmstat; PostgreSQL

**Environment:** Single Server

### Steps
- [ ] Package the dataset, workload scripts, benchmark method and tuning results into a reusable repository
- [ ] Include the thirty optimization labs with before and after plans

### Acceptance criteria
- Another engineer can rerun the benchmarks from the README
- Results are reproducible within tolerance

**Evidence required:** Repository link + documentation

**Troubleshooting:** Read the server log first. Record each problem and its fix in the issue notes. If stuck for more than 30 minutes, set the status to Blocked and describe the blocker.

**Performance:** Note the effect of this change on latency, WAL and locks where it applies.

**Security:** Use least-privilege roles, not the superuser, unless the task requires it. Keep secrets out of the repository.

**Automation:** Commit SQL and configuration to the repository. From phase 17 on, apply changes through migrations and the automation repository.

**Assessment:** Scored 0-100 on working result, test evidence, documentation and repository quality. Type: Project.

### Completion criteria
- Every step is done and every acceptance criterion is demonstrated
- Required evidence is attached to the issue
- SQL, configuration and documents are committed to the repository
- Actual time is logged against the issue
- Instructor Review is Approved and the status is Completed

**Estimated time:** 6 h

**Next task:** PROJECT-019","Performance","V15.0 Performance Engineering","MOD-43","LAB-059","6","L4 - Advanced","Project","Single Server","Repository link + documentation","pgbench; fio; iostat; vmstat; PostgreSQL","18","Level 2 - Senior PostgreSQL Engineering","Engineering","Medium","Project","1","Pending"
"PROJECT-019","PROJECT-019","Project","Normal","[PROJECT-019] Performance project 7: design a high-performance PostgreSQL architecture","**Objective:** Performance project 7: design a high-performance PostgreSQL architecture

**Prerequisites:** PROJECT-018

**Concepts:** pgbench; sysbench concepts; EXPLAIN ANALYZE; fio; iostat; vmstat; perf concepts; Benchmarks for CPU, memory, storage, connections, queries, transactions, WAL and replication

**Tools:** pgbench; fio; iostat; vmstat; PostgreSQL

**Environment:** Single Server

### Steps
- [ ] Take a requirement of 5000 transactions per second with reporting
- [ ] Design hardware, storage layout, configuration, pooling, replicas, partitioning and caching
- [ ] Estimate capacity with benchmark data
- [ ] State risks

### Acceptance criteria
- Design covers every layer with numbers from measurements
- Risks and limits are stated

**Evidence required:** Repository link + documentation

**Troubleshooting:** Read the server log first. Record each problem and its fix in the issue notes. If stuck for more than 30 minutes, set the status to Blocked and describe the blocker.

**Performance:** Note the effect of this change on latency, WAL and locks where it applies.

**Security:** Use least-privilege roles, not the superuser, unless the task requires it. Keep secrets out of the repository.

**Automation:** Commit SQL and configuration to the repository. From phase 17 on, apply changes through migrations and the automation repository.

**Assessment:** Scored 0-100 on working result, test evidence, documentation and repository quality. Type: Project.

### Completion criteria
- Every step is done and every acceptance criterion is demonstrated
- Required evidence is attached to the issue
- SQL, configuration and documents are committed to the repository
- Actual time is logged against the issue
- Instructor Review is Approved and the status is Completed

**Estimated time:** 6 h

**Next task:** ASM-015","Performance","V15.0 Performance Engineering","MOD-43","PROJECT-018","6","L4 - Advanced","Project","Single Server","Repository link + documentation","pgbench; fio; iostat; vmstat; PostgreSQL","18","Level 2 - Senior PostgreSQL Engineering","Engineering","Medium","Project","1","Pending"
"ASM-015","ASM-015","Assessment","High","[ASM-015] Phase 15 assessment: performance engineering","**Objective:** Phase 15 assessment: performance engineering

**Prerequisites:** PROJECT-019

**Concepts:** pgbench; sysbench concepts; EXPLAIN ANALYZE; fio; iostat; vmstat; perf concepts; Benchmarks for CPU, memory, storage, connections, queries, transactions, WAL and replication

**Tools:** pgbench; fio; iostat; vmstat; PostgreSQL

**Environment:** Single Server

### Steps
- [ ] Diagnose and tune an unseen under-performing server and report the method

### Acceptance criteria
- Score of 70 or higher

**Evidence required:** Scored result

**Troubleshooting:** Read the server log first. Record each problem and its fix in the issue notes. If stuck for more than 30 minutes, set the status to Blocked and describe the blocker.

**Performance:** Note the effect of this change on latency, WAL and locks where it applies.

**Security:** Use least-privilege roles, not the superuser, unless the task requires it. Keep secrets out of the repository.

**Automation:** Commit SQL and configuration to the repository. From phase 17 on, apply changes through migrations and the automation repository.

**Assessment:** Scored 0-100. Pass mark 70. Type: Practical exam.

### Completion criteria
- Every step is done and every acceptance criterion is demonstrated
- Required evidence is attached to the issue
- SQL, configuration and documents are committed to the repository
- Actual time is logged against the issue
- Instructor Review is Approved and the status is Completed

**Estimated time:** 3 h

**Next task:** Last task of this module","Performance","V15.0 Performance Engineering","MOD-43","PROJECT-019","3","L4 - Advanced","Assessment","Single Server","Scored result","pgbench; fio; iostat; vmstat; PostgreSQL","18","Level 2 - Senior PostgreSQL Engineering","Engineering","Medium","Practical exam","0","Pending"
"REVIEW-15","REVIEW-15","Review","High","[REVIEW-15] Phase 15 gate review","**Objective:** Confirm that phase 15 (Performance Engineering) is complete.

### Checklist
- [ ] Every issue of the phase is Completed
- [ ] Evidence is attached to every issue
- [ ] Time is logged
- [ ] Assessment score is 70 or higher
- [ ] SQL, configuration and documents are in the repository

**Assessment:** Instructor confirms the checklist and records the gate decision.

**Estimated time:** 1 h","","V15.0 Performance Engineering","PHASE-15","TSH-041, ASM-015","1","","Review","","Instructor sign-off","","","","","","Review","0","Pending"
"PHASE-16","PHASE-16","Phase","Normal","[PHASE-16] Monitoring & Observability","Phase 16 of 20. Version: V16.0 Monitoring & Observability.

Modules: 4. Estimated hours: 58.

- MOD-44 PostgreSQL Logging
- MOD-45 PostgreSQL Monitoring
- MOD-46 Observability and Log Pipeline
- MOD-47 Database Reliability Engineering

The phase closes with the gate review REVIEW-16.","","V16.0 Monitoring & Observability","EPIC","","","","","","","","","","","","","",""
"MOD-44","MOD-44","Module","Normal","[MOD-44] PostgreSQL Logging","**Topics:** log_statement; log_min_duration_statement; log_connections; log_disconnections; log_checkpoints; log_lock_waits; CSV logs; JSON logging concepts; PostgreSQL log analysis

**Tools:** PostgreSQL; pgBadger

**Environment:** Single Server

**Tasks:** 2, 6 estimated hours.

- CFG-003 Logging configuration for production
- LAB-060 Log analysis with pgBadger","Monitoring","V16.0 Monitoring & Observability","PHASE-16","","","","","Single Server","","PostgreSQL; pgBadger","18","Level 2 - Senior PostgreSQL Engineering","DBA","High","","",""
"CFG-003","CFG-003","Configuration","Normal","[CFG-003] Logging configuration for production","**Objective:** Logging configuration for production

**Prerequisites:** ASM-002

**Concepts:** log_statement; log_min_duration_statement; log_connections; log_disconnections; log_checkpoints; log_lock_waits; CSV logs; JSON logging concepts; PostgreSQL log analysis

**Tools:** PostgreSQL; pgBadger

**Environment:** Single Server

### Steps
- [ ] Set the logging collector, rotation and log_line_prefix
- [ ] Set log_min_duration_statement, log_checkpoints, log_lock_waits, log_temp_files and log_autovacuum_min_duration
- [ ] Set log_connections and log_disconnections
- [ ] Compare stderr, csvlog and jsonlog formats
- [ ] Avoid logging sensitive statements

### Acceptance criteria
- Log lines carry time, user, database, application and session
- Each setting has a stated purpose

**Evidence required:** Configuration file in repository

**Troubleshooting:** Read the server log first. Record each problem and its fix in the issue notes. If stuck for more than 30 minutes, set the status to Blocked and describe the blocker.

**Performance:** Note the effect of this change on latency, WAL and locks where it applies.

**Security:** Use least-privilege roles, not the superuser, unless the task requires it. Keep secrets out of the repository.

**Automation:** Commit SQL and configuration to the repository. From phase 17 on, apply changes through migrations and the automation repository.

**Assessment:** Instructor verifies the configuration against the acceptance criteria. Type: Practical.

### Completion criteria
- Every step is done and every acceptance criterion is demonstrated
- Required evidence is attached to the issue
- SQL, configuration and documents are committed to the repository
- Actual time is logged against the issue
- Instructor Review is Approved and the status is Completed

**Estimated time:** 3 h

**Next task:** LAB-060","Monitoring","V16.0 Monitoring & Observability","MOD-44","ASM-002","3","L3 - Intermediate","Configuration","Single Server","Configuration file in repository","PostgreSQL; pgBadger","18","Level 2 - Senior PostgreSQL Engineering","DBA","High","Practical","0","Pending"
"LAB-060","LAB-060","Lab","Normal","[LAB-060] Log analysis with pgBadger","**Objective:** Log analysis with pgBadger

**Prerequisites:** CFG-003

**Concepts:** log_statement; log_min_duration_statement; log_connections; log_disconnections; log_checkpoints; log_lock_waits; CSV logs; JSON logging concepts; PostgreSQL log analysis

**Tools:** PostgreSQL; pgBadger

**Environment:** Single Server

### Steps
- [ ] Generate a day of workload
- [ ] Produce a pgBadger report
- [ ] Read slowest queries, most frequent queries, locks, checkpoints and connections
- [ ] Schedule a daily report

### Acceptance criteria
- Report is attached with three findings and actions

**Evidence required:** Screenshot + command output

**Troubleshooting:** Read the server log first. Record each problem and its fix in the issue notes. If stuck for more than 30 minutes, set the status to Blocked and describe the blocker.

**Performance:** Note the effect of this change on latency, WAL and locks where it applies.

**Security:** Use least-privilege roles, not the superuser, unless the task requires it. Keep secrets out of the repository.

**Automation:** Commit SQL and configuration to the repository. From phase 17 on, apply changes through migrations and the automation repository.

**Assessment:** Instructor verifies the acceptance criteria from the evidence and may ask for a live demonstration. Type: Practical.

### Completion criteria
- Every step is done and every acceptance criterion is demonstrated
- Required evidence is attached to the issue
- SQL, configuration and documents are committed to the repository
- Actual time is logged against the issue
- Instructor Review is Approved and the status is Completed

**Estimated time:** 3 h

**Next task:** Last task of this module","Monitoring","V16.0 Monitoring & Observability","MOD-44","CFG-003","3","L3 - Intermediate","Guided Lab","Single Server","Screenshot + command output","PostgreSQL; pgBadger","18","Level 2 - Senior PostgreSQL Engineering","DBA","High","Practical","0","Pending"
"MOD-45","MOD-45","Module","Normal","[MOD-45] PostgreSQL Monitoring","**Topics:** Database metrics; Query metrics; Replication metrics; WAL metrics; Lock metrics; Vacuum metrics; Connection metrics; Cache metrics; Disk metrics

**Tools:** Prometheus; postgres_exporter; Grafana; Alertmanager; Zabbix

**Environment:** Monitoring Stack

**Tasks:** 5, 17 estimated hours.

- THY-041 What to monitor and why
- LAB-061 PostgreSQL Monitoring
- LAB-062 Grafana Dashboard
- LAB-063 Alert rules
- LAB-064 Zabbix template for PostgreSQL","Monitoring","V16.0 Monitoring & Observability","PHASE-16","","","","","Monitoring Stack","","Prometheus; postgres_exporter; Grafana; Alertmanager; Zabbix","18","Level 2 - Senior PostgreSQL Engineering","Engineering","High","","",""
"THY-041","THY-041","Theory","Normal","[THY-041] What to monitor and why","**Objective:** What to monitor and why

**Prerequisites:** LAB-060, PROJECT-012

**Concepts:** Database metrics; Query metrics; Replication metrics; WAL metrics; Lock metrics; Vacuum metrics; Connection metrics; Cache metrics; Disk metrics

**Tools:** Prometheus; postgres_exporter; Grafana; Alertmanager; Zabbix

**Environment:** Monitoring Stack

### Steps
- [ ] Study the metric groups: availability, connections, queries, replication, WAL, locks, vacuum, cache, disk
- [ ] Study symptom versus cause alerts
- [ ] Compare Prometheus and Zabbix approaches

### Acceptance criteria
- Lists the key metric and alert for each group

**Evidence required:** Notes

**Troubleshooting:** Read the server log first. Record each problem and its fix in the issue notes. If stuck for more than 30 minutes, set the status to Blocked and describe the blocker.

**Performance:** Note the effect of this change on latency, WAL and locks where it applies.

**Security:** Use least-privilege roles, not the superuser, unless the task requires it. Keep secrets out of the repository.

**Automation:** Commit SQL and configuration to the repository. From phase 17 on, apply changes through migrations and the automation repository.

**Assessment:** Instructor checks the notes and asks short oral questions. Type: Short answer.

### Completion criteria
- Every step is done and every acceptance criterion is demonstrated
- Required evidence is attached to the issue
- SQL, configuration and documents are committed to the repository
- Actual time is logged against the issue
- Instructor Review is Approved and the status is Completed

**Estimated time:** 2 h

**Next task:** LAB-061","Monitoring","V16.0 Monitoring & Observability","MOD-45","LAB-060, PROJECT-012","2","L4 - Advanced","Theory","Monitoring Stack","Notes","Prometheus; postgres_exporter; Grafana; Alertmanager; Zabbix","18","Level 2 - Senior PostgreSQL Engineering","Engineering","High","Short answer","0","Pending"
"LAB-061","LAB-061","Lab","Normal","[LAB-061] PostgreSQL Monitoring","**Objective:** PostgreSQL Monitoring

**Prerequisites:** THY-041

**Concepts:** Database metrics; Query metrics; Replication metrics; WAL metrics; Lock metrics; Vacuum metrics; Connection metrics; Cache metrics; Disk metrics

**Tools:** Prometheus; postgres_exporter; Grafana; Alertmanager; Zabbix

**Environment:** Monitoring Stack

### Steps
- [ ] Install Prometheus, node_exporter and postgres_exporter with a least-privilege monitoring role
- [ ] Add custom queries for replication lag, oldest transaction and bloat estimate
- [ ] Verify targets and metrics
- [ ] Add Alertmanager with a test route

### Acceptance criteria
- All database servers are scraped
- Custom metrics return values
- Test alert is delivered

**Evidence required:** Screenshot + command output

**Troubleshooting:** Read the server log first. Record each problem and its fix in the issue notes. If stuck for more than 30 minutes, set the status to Blocked and describe the blocker.

**Performance:** Note the effect of this change on latency, WAL and locks where it applies.

**Security:** Use least-privilege roles, not the superuser, unless the task requires it. Keep secrets out of the repository.

**Automation:** Commit SQL and configuration to the repository. From phase 17 on, apply changes through migrations and the automation repository.

**Assessment:** Instructor verifies the acceptance criteria from the evidence and may ask for a live demonstration. Type: Practical.

### Completion criteria
- Every step is done and every acceptance criterion is demonstrated
- Required evidence is attached to the issue
- SQL, configuration and documents are committed to the repository
- Actual time is logged against the issue
- Instructor Review is Approved and the status is Completed

**Estimated time:** 5 h

**Next task:** LAB-062","Monitoring","V16.0 Monitoring & Observability","MOD-45","THY-041","5","L4 - Advanced","Setup","Monitoring Stack","Screenshot + command output","Prometheus; postgres_exporter; Grafana; Alertmanager; Zabbix","18","Level 2 - Senior PostgreSQL Engineering","Engineering","High","Practical","0","Pending"
"LAB-062","LAB-062","Lab","Normal","[LAB-062] Grafana Dashboard","**Objective:** Grafana Dashboard

**Prerequisites:** LAB-061

**Concepts:** Database metrics; Query metrics; Replication metrics; WAL metrics; Lock metrics; Vacuum metrics; Connection metrics; Cache metrics; Disk metrics

**Tools:** Prometheus; postgres_exporter; Grafana; Alertmanager; Zabbix

**Environment:** Monitoring Stack

### Steps
- [ ] Build dashboards for availability, connections, transactions, query latency, locks, WAL and checkpoints, replication, vacuum, cache hit ratio and disk
- [ ] Use variables for server and database
- [ ] Export dashboards to the repository

### Acceptance criteria
- Dashboards show live data for every server
- JSON is committed

**Evidence required:** Screenshot + command output

**Troubleshooting:** Read the server log first. Record each problem and its fix in the issue notes. If stuck for more than 30 minutes, set the status to Blocked and describe the blocker.

**Performance:** Note the effect of this change on latency, WAL and locks where it applies.

**Security:** Use least-privilege roles, not the superuser, unless the task requires it. Keep secrets out of the repository.

**Automation:** Commit SQL and configuration to the repository. From phase 17 on, apply changes through migrations and the automation repository.

**Assessment:** Instructor verifies the acceptance criteria from the evidence and may ask for a live demonstration. Type: Practical.

### Completion criteria
- Every step is done and every acceptance criterion is demonstrated
- Required evidence is attached to the issue
- SQL, configuration and documents are committed to the repository
- Actual time is logged against the issue
- Instructor Review is Approved and the status is Completed

**Estimated time:** 5 h

**Next task:** LAB-063","Monitoring","V16.0 Monitoring & Observability","MOD-45","LAB-061","5","L4 - Advanced","Guided Lab","Monitoring Stack","Screenshot + command output","Prometheus; postgres_exporter; Grafana; Alertmanager; Zabbix","18","Level 2 - Senior PostgreSQL Engineering","Engineering","High","Practical","0","Pending"
"LAB-063","LAB-063","Lab","Normal","[LAB-063] Alert rules","**Objective:** Alert rules

**Prerequisites:** LAB-062

**Concepts:** Database metrics; Query metrics; Replication metrics; WAL metrics; Lock metrics; Vacuum metrics; Connection metrics; Cache metrics; Disk metrics

**Tools:** Prometheus; postgres_exporter; Grafana; Alertmanager; Zabbix

**Environment:** Monitoring Stack

### Steps
- [ ] Write alerts for instance down, connections near limit, replication lag, long transactions, wraparound age, archive failures, disk space and deadlocks
- [ ] Link each to a runbook
- [ ] Test by inducing each condition

### Acceptance criteria
- Each alert fires in its test and links to a runbook

**Evidence required:** Screenshot + command output

**Troubleshooting:** Read the server log first. Record each problem and its fix in the issue notes. If stuck for more than 30 minutes, set the status to Blocked and describe the blocker.

**Performance:** Note the effect of this change on latency, WAL and locks where it applies.

**Security:** Use least-privilege roles, not the superuser, unless the task requires it. Keep secrets out of the repository.

**Automation:** Commit SQL and configuration to the repository. From phase 17 on, apply changes through migrations and the automation repository.

**Assessment:** Instructor verifies the acceptance criteria from the evidence and may ask for a live demonstration. Type: Practical.

### Completion criteria
- Every step is done and every acceptance criterion is demonstrated
- Required evidence is attached to the issue
- SQL, configuration and documents are committed to the repository
- Actual time is logged against the issue
- Instructor Review is Approved and the status is Completed

**Estimated time:** 3 h

**Next task:** LAB-064","Monitoring","V16.0 Monitoring & Observability","MOD-45","LAB-062","3","L4 - Advanced","Guided Lab","Monitoring Stack","Screenshot + command output","Prometheus; postgres_exporter; Grafana; Alertmanager; Zabbix","18","Level 2 - Senior PostgreSQL Engineering","Engineering","High","Practical","0","Pending"
"LAB-064","LAB-064","Lab","Normal","[LAB-064] Zabbix template for PostgreSQL","**Objective:** Zabbix template for PostgreSQL

**Prerequisites:** LAB-063

**Concepts:** Database metrics; Query metrics; Replication metrics; WAL metrics; Lock metrics; Vacuum metrics; Connection metrics; Cache metrics; Disk metrics

**Tools:** Prometheus; postgres_exporter; Grafana; Alertmanager; Zabbix

**Environment:** Monitoring Stack

### Steps
- [ ] Add a database server to Zabbix with the PostgreSQL template
- [ ] Compare what it collects with the Prometheus setup

### Acceptance criteria
- Server is monitored in Zabbix
- Comparison note is written

**Evidence required:** Screenshot + command output

**Troubleshooting:** Read the server log first. Record each problem and its fix in the issue notes. If stuck for more than 30 minutes, set the status to Blocked and describe the blocker.

**Performance:** Note the effect of this change on latency, WAL and locks where it applies.

**Security:** Use least-privilege roles, not the superuser, unless the task requires it. Keep secrets out of the repository.

**Automation:** Commit SQL and configuration to the repository. From phase 17 on, apply changes through migrations and the automation repository.

**Assessment:** Instructor verifies the acceptance criteria from the evidence and may ask for a live demonstration. Type: Practical.

### Completion criteria
- Every step is done and every acceptance criterion is demonstrated
- Required evidence is attached to the issue
- SQL, configuration and documents are committed to the repository
- Actual time is logged against the issue
- Instructor Review is Approved and the status is Completed

**Estimated time:** 2 h

**Next task:** Last task of this module","Monitoring","V16.0 Monitoring & Observability","MOD-45","LAB-063","2","L4 - Advanced","Guided Lab","Monitoring Stack","Screenshot + command output","Prometheus; postgres_exporter; Grafana; Alertmanager; Zabbix","18","Level 2 - Senior PostgreSQL Engineering","Engineering","High","Practical","0","Pending"
"MOD-46","MOD-46","Module","Normal","[MOD-46] Observability and Log Pipeline","**Topics:** PostgreSQL to postgres_exporter to Prometheus to Grafana; PostgreSQL logs to Alloy or Vector to Loki or OpenSearch to Grafana; Dashboards for availability, connections, query latency, locks, WAL, replication, vacuum, disk, CPU, memory and errors

**Tools:** Grafana Alloy; Vector; Loki; OpenSearch; Grafana

**Environment:** Monitoring Stack

**Tasks:** 3, 15 estimated hours.

- LAB-065 Ship PostgreSQL logs to Loki or OpenSearch
- LAB-066 Correlate metrics and logs
- PROJECT-020 Portfolio: PostgreSQL Monitoring Platform","Observability","V16.0 Monitoring & Observability","PHASE-16","","","","","Monitoring Stack","","Grafana Alloy; Vector; Loki; OpenSearch; Grafana","18","Level 3 - Enterprise PostgreSQL","Engineering","Medium","","",""
"LAB-065","LAB-065","Lab","Normal","[LAB-065] Ship PostgreSQL logs to Loki or OpenSearch","**Objective:** Ship PostgreSQL logs to Loki or OpenSearch

**Prerequisites:** LAB-064

**Concepts:** PostgreSQL to postgres_exporter to Prometheus to Grafana; PostgreSQL logs to Alloy or Vector to Loki or OpenSearch to Grafana; Dashboards for availability, connections, query latency, locks, WAL, replication, vacuum, disk, CPU, memory and errors

**Tools:** Grafana Alloy; Vector; Loki; OpenSearch; Grafana

**Environment:** Monitoring Stack

### Steps
- [ ] Collect the server log with Alloy or Vector
- [ ] Parse jsonlog or csvlog into fields
- [ ] Label by server, database and severity
- [ ] Query errors, slow statements and lock waits in Grafana

### Acceptance criteria
- Logs from every server are searchable by field
- Error rate panel works

**Evidence required:** Screenshot + command output

**Troubleshooting:** Read the server log first. Record each problem and its fix in the issue notes. If stuck for more than 30 minutes, set the status to Blocked and describe the blocker.

**Performance:** Note the effect of this change on latency, WAL and locks where it applies.

**Security:** Use least-privilege roles, not the superuser, unless the task requires it. Keep secrets out of the repository.

**Automation:** Commit SQL and configuration to the repository. From phase 17 on, apply changes through migrations and the automation repository.

**Assessment:** Instructor verifies the acceptance criteria from the evidence and may ask for a live demonstration. Type: Practical.

### Completion criteria
- Every step is done and every acceptance criterion is demonstrated
- Required evidence is attached to the issue
- SQL, configuration and documents are committed to the repository
- Actual time is logged against the issue
- Instructor Review is Approved and the status is Completed

**Estimated time:** 4 h

**Next task:** LAB-066","Observability","V16.0 Monitoring & Observability","MOD-46","LAB-064","4","L4 - Advanced","Setup","Monitoring Stack","Screenshot + command output","Grafana Alloy; Vector; Loki; OpenSearch; Grafana","18","Level 3 - Enterprise PostgreSQL","Engineering","Medium","Practical","0","Pending"
"LAB-066","LAB-066","Lab","Normal","[LAB-066] Correlate metrics and logs","**Objective:** Correlate metrics and logs

**Prerequisites:** LAB-065

**Concepts:** PostgreSQL to postgres_exporter to Prometheus to Grafana; PostgreSQL logs to Alloy or Vector to Loki or OpenSearch to Grafana; Dashboards for availability, connections, query latency, locks, WAL, replication, vacuum, disk, CPU, memory and errors

**Tools:** Grafana Alloy; Vector; Loki; OpenSearch; Grafana

**Environment:** Monitoring Stack

### Steps
- [ ] Add log panels beside metric panels on the same time axis
- [ ] Link from a latency spike to the slow statements at that time
- [ ] Build an errors dashboard

### Acceptance criteria
- A spike is explained from logs in the same dashboard

**Evidence required:** Screenshot + command output

**Troubleshooting:** Read the server log first. Record each problem and its fix in the issue notes. If stuck for more than 30 minutes, set the status to Blocked and describe the blocker.

**Performance:** Note the effect of this change on latency, WAL and locks where it applies.

**Security:** Use least-privilege roles, not the superuser, unless the task requires it. Keep secrets out of the repository.

**Automation:** Commit SQL and configuration to the repository. From phase 17 on, apply changes through migrations and the automation repository.

**Assessment:** Instructor verifies the acceptance criteria from the evidence and may ask for a live demonstration. Type: Practical.

### Completion criteria
- Every step is done and every acceptance criterion is demonstrated
- Required evidence is attached to the issue
- SQL, configuration and documents are committed to the repository
- Actual time is logged against the issue
- Instructor Review is Approved and the status is Completed

**Estimated time:** 3 h

**Next task:** PROJECT-020","Observability","V16.0 Monitoring & Observability","MOD-46","LAB-065","3","L4 - Advanced","Guided Lab","Monitoring Stack","Screenshot + command output","Grafana Alloy; Vector; Loki; OpenSearch; Grafana","18","Level 3 - Enterprise PostgreSQL","Engineering","Medium","Practical","0","Pending"
"PROJECT-020","PROJECT-020","Project","Normal","[PROJECT-020] Portfolio: PostgreSQL Monitoring Platform","**Objective:** Portfolio: PostgreSQL Monitoring Platform

**Prerequisites:** LAB-066

**Concepts:** PostgreSQL to postgres_exporter to Prometheus to Grafana; PostgreSQL logs to Alloy or Vector to Loki or OpenSearch to Grafana; Dashboards for availability, connections, query latency, locks, WAL, replication, vacuum, disk, CPU, memory and errors

**Tools:** Grafana Alloy; Vector; Loki; OpenSearch; Grafana

**Environment:** Monitoring Stack

### Steps
- [ ] Deliver metrics, logs, dashboards, alerts and runbooks as one documented platform
- [ ] Deploy it against the HA cluster
- [ ] Run a fault exercise and show detection

### Acceptance criteria
- Every injected fault is detected by an alert
- Platform is reproducible from the repository

**Evidence required:** Repository link + documentation

**Troubleshooting:** Read the server log first. Record each problem and its fix in the issue notes. If stuck for more than 30 minutes, set the status to Blocked and describe the blocker.

**Performance:** Note the effect of this change on latency, WAL and locks where it applies.

**Security:** Use least-privilege roles, not the superuser, unless the task requires it. Keep secrets out of the repository.

**Automation:** Commit SQL and configuration to the repository. From phase 17 on, apply changes through migrations and the automation repository.

**Assessment:** Scored 0-100 on working result, test evidence, documentation and repository quality. Type: Project.

### Completion criteria
- Every step is done and every acceptance criterion is demonstrated
- Required evidence is attached to the issue
- SQL, configuration and documents are committed to the repository
- Actual time is logged against the issue
- Instructor Review is Approved and the status is Completed

**Estimated time:** 8 h

**Next task:** Last task of this module","Observability","V16.0 Monitoring & Observability","MOD-46","LAB-066","8","L4 - Advanced","Project","Monitoring Stack","Repository link + documentation","Grafana Alloy; Vector; Loki; OpenSearch; Grafana","18","Level 3 - Enterprise PostgreSQL","Engineering","Medium","Project","1","Pending"
"MOD-47","MOD-47","Module","Normal","[MOD-47] Database Reliability Engineering","**Topics:** SLI; SLO; SLA; Error budgets; Availability; Reliability; Incident management; Capacity planning; Performance budgets; Database runbooks

**Tools:** Grafana; Prometheus

**Environment:** Monitoring Stack

**Tasks:** 6, 19 estimated hours.

- THY-042 SLI, SLO, SLA and error budgets for databases
- LAB-067 PostgreSQL SRE dashboards and burn-rate alerts
- ASG-008 Capacity planning
- DOC-002 Database runbooks
- ASG-009 Production incident response exercise
- ASM-016 Phase 16 assessment: monitoring","Reliability","V16.0 Monitoring & Observability","PHASE-16","","","","","Monitoring Stack","","Grafana; Prometheus","18","Level 3 - Enterprise PostgreSQL","Engineering","High","","",""
"THY-042","THY-042","Theory","Normal","[THY-042] SLI, SLO, SLA and error budgets for databases","**Objective:** SLI, SLO, SLA and error budgets for databases

**Prerequisites:** PROJECT-020

**Concepts:** SLI; SLO; SLA; Error budgets; Availability; Reliability; Incident management; Capacity planning; Performance budgets; Database runbooks

**Tools:** Grafana; Prometheus

**Environment:** Monitoring Stack

### Steps
- [ ] Study how to define availability and latency indicators for a database
- [ ] Study error budgets and burn rate
- [ ] Study incident roles and blameless review

### Acceptance criteria
- Defines two indicators and objectives for the course database

**Evidence required:** Notes

**Troubleshooting:** Read the server log first. Record each problem and its fix in the issue notes. If stuck for more than 30 minutes, set the status to Blocked and describe the blocker.

**Performance:** Note the effect of this change on latency, WAL and locks where it applies.

**Security:** Use least-privilege roles, not the superuser, unless the task requires it. Keep secrets out of the repository.

**Automation:** Commit SQL and configuration to the repository. From phase 17 on, apply changes through migrations and the automation repository.

**Assessment:** Instructor checks the notes and asks short oral questions. Type: Short answer.

### Completion criteria
- Every step is done and every acceptance criterion is demonstrated
- Required evidence is attached to the issue
- SQL, configuration and documents are committed to the repository
- Actual time is logged against the issue
- Instructor Review is Approved and the status is Completed

**Estimated time:** 3 h

**Next task:** LAB-067","Reliability","V16.0 Monitoring & Observability","MOD-47","PROJECT-020","3","L4 - Advanced","Theory","Monitoring Stack","Notes","Grafana; Prometheus","18","Level 3 - Enterprise PostgreSQL","Engineering","High","Short answer","0","Pending"
"LAB-067","LAB-067","Lab","Normal","[LAB-067] PostgreSQL SRE dashboards and burn-rate alerts","**Objective:** PostgreSQL SRE dashboards and burn-rate alerts

**Prerequisites:** THY-042

**Concepts:** SLI; SLO; SLA; Error budgets; Availability; Reliability; Incident management; Capacity planning; Performance budgets; Database runbooks

**Tools:** Grafana; Prometheus

**Environment:** Monitoring Stack

### Steps
- [ ] Implement the indicators as recording rules
- [ ] Build the objective and error budget dashboard
- [ ] Add burn-rate alerts

### Acceptance criteria
- Dashboard shows budget remaining
- Burn alert fires in a test

**Evidence required:** Screenshot + command output

**Troubleshooting:** Read the server log first. Record each problem and its fix in the issue notes. If stuck for more than 30 minutes, set the status to Blocked and describe the blocker.

**Performance:** Note the effect of this change on latency, WAL and locks where it applies.

**Security:** Use least-privilege roles, not the superuser, unless the task requires it. Keep secrets out of the repository.

**Automation:** Commit SQL and configuration to the repository. From phase 17 on, apply changes through migrations and the automation repository.

**Assessment:** Instructor verifies the acceptance criteria from the evidence and may ask for a live demonstration. Type: Practical.

### Completion criteria
- Every step is done and every acceptance criterion is demonstrated
- Required evidence is attached to the issue
- SQL, configuration and documents are committed to the repository
- Actual time is logged against the issue
- Instructor Review is Approved and the status is Completed

**Estimated time:** 4 h

**Next task:** ASG-008","Reliability","V16.0 Monitoring & Observability","MOD-47","THY-042","4","L4 - Advanced","Guided Lab","Monitoring Stack","Screenshot + command output","Grafana; Prometheus","18","Level 3 - Enterprise PostgreSQL","Engineering","High","Practical","0","Pending"
"ASG-008","ASG-008","Assignment","Normal","[ASG-008] Capacity planning","**Objective:** Capacity planning

**Prerequisites:** LAB-067

**Concepts:** SLI; SLO; SLA; Error budgets; Availability; Reliability; Incident management; Capacity planning; Performance budgets; Database runbooks

**Tools:** Grafana; Prometheus

**Environment:** Monitoring Stack

### Steps
- [ ] Trend data size, WAL volume, connections and CPU for the lab workload
- [ ] Forecast twelve months
- [ ] State when each resource runs out and the action

### Acceptance criteria
- Forecast with assumptions and action dates is delivered

**Evidence required:** Written deliverable

**Troubleshooting:** Read the server log first. Record each problem and its fix in the issue notes. If stuck for more than 30 minutes, set the status to Blocked and describe the blocker.

**Performance:** Note the effect of this change on latency, WAL and locks where it applies.

**Security:** Use least-privilege roles, not the superuser, unless the task requires it. Keep secrets out of the repository.

**Automation:** Commit SQL and configuration to the repository. From phase 17 on, apply changes through migrations and the automation repository.

**Assessment:** Instructor reviews the deliverable against the acceptance criteria. Type: Capacity planning.

### Completion criteria
- Every step is done and every acceptance criterion is demonstrated
- Required evidence is attached to the issue
- SQL, configuration and documents are committed to the repository
- Actual time is logged against the issue
- Instructor Review is Approved and the status is Completed

**Estimated time:** 3 h

**Next task:** DOC-002","Reliability","V16.0 Monitoring & Observability","MOD-47","LAB-067","3","L4 - Advanced","Assignment","Monitoring Stack","Written deliverable","Grafana; Prometheus","18","Level 3 - Enterprise PostgreSQL","Engineering","High","Capacity planning","0","Pending"
"DOC-002","DOC-002","Documentation","Normal","[DOC-002] Database runbooks","**Objective:** Database runbooks

**Prerequisites:** ASG-008

**Concepts:** SLI; SLO; SLA; Error budgets; Availability; Reliability; Incident management; Capacity planning; Performance budgets; Database runbooks

**Tools:** Grafana; Prometheus

**Environment:** Monitoring Stack

### Steps
- [ ] Write runbooks for failover, restore, disk full, replication lag, connection exhaustion, long transactions and wraparound
- [ ] Use a fixed template: symptom, checks, actions, validation, escalation

### Acceptance criteria
- Seven runbooks follow the template and are linked from alerts

**Evidence required:** Written deliverable

**Troubleshooting:** Read the server log first. Record each problem and its fix in the issue notes. If stuck for more than 30 minutes, set the status to Blocked and describe the blocker.

**Performance:** Note the effect of this change on latency, WAL and locks where it applies.

**Security:** Use least-privilege roles, not the superuser, unless the task requires it. Keep secrets out of the repository.

**Automation:** Commit SQL and configuration to the repository. From phase 17 on, apply changes through migrations and the automation repository.

**Assessment:** Instructor reviews the document for completeness and accuracy. Type: Review.

### Completion criteria
- Every step is done and every acceptance criterion is demonstrated
- Required evidence is attached to the issue
- SQL, configuration and documents are committed to the repository
- Actual time is logged against the issue
- Instructor Review is Approved and the status is Completed

**Estimated time:** 4 h

**Next task:** ASG-009","Reliability","V16.0 Monitoring & Observability","MOD-47","ASG-008","4","L4 - Advanced","Documentation","Monitoring Stack","Written deliverable","Grafana; Prometheus","18","Level 3 - Enterprise PostgreSQL","Engineering","High","Review","0","Pending"
"ASG-009","ASG-009","Assignment","Normal","[ASG-009] Production incident response exercise","**Objective:** Production incident response exercise

**Prerequisites:** DOC-002

**Concepts:** SLI; SLO; SLA; Error budgets; Availability; Reliability; Incident management; Capacity planning; Performance budgets; Database runbooks

**Tools:** Grafana; Prometheus

**Environment:** Monitoring Stack

### Steps
- [ ] Handle an instructor-led incident with timeline keeping
- [ ] Communicate status
- [ ] Write the post-incident review with actions

### Acceptance criteria
- Review contains timeline, impact, root cause and actions

**Evidence required:** Written deliverable

**Troubleshooting:** Read the server log first. Record each problem and its fix in the issue notes. If stuck for more than 30 minutes, set the status to Blocked and describe the blocker.

**Performance:** Note the effect of this change on latency, WAL and locks where it applies.

**Security:** Use least-privilege roles, not the superuser, unless the task requires it. Keep secrets out of the repository.

**Automation:** Commit SQL and configuration to the repository. From phase 17 on, apply changes through migrations and the automation repository.

**Assessment:** Instructor reviews the deliverable against the acceptance criteria. Type: Production incident response.

### Completion criteria
- Every step is done and every acceptance criterion is demonstrated
- Required evidence is attached to the issue
- SQL, configuration and documents are committed to the repository
- Actual time is logged against the issue
- Instructor Review is Approved and the status is Completed

**Estimated time:** 3 h

**Next task:** ASM-016","Reliability","V16.0 Monitoring & Observability","MOD-47","DOC-002","3","L4 - Advanced","Assignment","Monitoring Stack","Written deliverable","Grafana; Prometheus","18","Level 3 - Enterprise PostgreSQL","Engineering","High","Production incident response","0","Pending"
"ASM-016","ASM-016","Assessment","High","[ASM-016] Phase 16 assessment: monitoring","**Objective:** Phase 16 assessment: monitoring

**Prerequisites:** ASG-009

**Concepts:** SLI; SLO; SLA; Error budgets; Availability; Reliability; Incident management; Capacity planning; Performance budgets; Database runbooks

**Tools:** Grafana; Prometheus

**Environment:** Monitoring Stack

### Steps
- [ ] Add monitoring and alerts for an unseen requirement and prove detection

### Acceptance criteria
- Score of 70 or higher

**Evidence required:** Scored result

**Troubleshooting:** Read the server log first. Record each problem and its fix in the issue notes. If stuck for more than 30 minutes, set the status to Blocked and describe the blocker.

**Performance:** Note the effect of this change on latency, WAL and locks where it applies.

**Security:** Use least-privilege roles, not the superuser, unless the task requires it. Keep secrets out of the repository.

**Automation:** Commit SQL and configuration to the repository. From phase 17 on, apply changes through migrations and the automation repository.

**Assessment:** Scored 0-100. Pass mark 70. Type: Practical exam.

### Completion criteria
- Every step is done and every acceptance criterion is demonstrated
- Required evidence is attached to the issue
- SQL, configuration and documents are committed to the repository
- Actual time is logged against the issue
- Instructor Review is Approved and the status is Completed

**Estimated time:** 2 h

**Next task:** Last task of this module","Reliability","V16.0 Monitoring & Observability","MOD-47","ASG-009","2","L4 - Advanced","Assessment","Monitoring Stack","Scored result","Grafana; Prometheus","18","Level 3 - Enterprise PostgreSQL","Engineering","High","Practical exam","0","Pending"
"REVIEW-16","REVIEW-16","Review","High","[REVIEW-16] Phase 16 gate review","**Objective:** Confirm that phase 16 (Monitoring & Observability) is complete.

### Checklist
- [ ] Every issue of the phase is Completed
- [ ] Evidence is attached to every issue
- [ ] Time is logged
- [ ] Assessment score is 70 or higher
- [ ] SQL, configuration and documents are in the repository

**Assessment:** Instructor confirms the checklist and records the gate decision.

**Estimated time:** 1 h","","V16.0 Monitoring & Observability","PHASE-16","LAB-060, LAB-064, PROJECT-020, ASM-016","1","","Review","","Instructor sign-off","","","","","","Review","0","Pending"
"PHASE-17","PHASE-17","Phase","Normal","[PHASE-17] Automation & DevOps","Phase 17 of 20. Version: V17.0 Automation & DevOps.

Modules: 4. Estimated hours: 65.

- MOD-48 Database Automation with Bash, Python and SQL
- MOD-49 Ansible and PostgreSQL
- MOD-50 Infrastructure as Code
- MOD-51 Database DevOps and Testing

The phase closes with the gate review REVIEW-17.","","V17.0 Automation & DevOps","EPIC","","","","","","","","","","","","","",""
"MOD-48","MOD-48","Module","Normal","[MOD-48] Database Automation with Bash, Python and SQL","**Topics:** Bash; Python; SQL; PostgreSQL APIs; REST APIs; Git; Automating installation, configuration, user creation, database creation, backup, restore, monitoring, health checks, failover checks, security audits and performance reports

**Tools:** Bash; Python; psql; Git

**Environment:** Automation Host

**Tasks:** 3, 11 estimated hours.

- AUTO-001 Bash automation: backup, restore check and health check
- AUTO-002 Python with psycopg: users, databases and reports
- AUTO-003 Security audit and failover check automation","Automation","V17.0 Automation & DevOps","PHASE-17","","","","","Automation Host","","Bash; Python; psql; Git","18","Level 2 - Senior PostgreSQL Engineering","Engineering","High","","",""
"AUTO-001","AUTO-001","Automation","Normal","[AUTO-001] Bash automation: backup, restore check and health check","**Objective:** Bash automation: backup, restore check and health check

**Prerequisites:** TSH-022, LAB-064

**Concepts:** Bash; Python; SQL; PostgreSQL APIs; REST APIs; Git; Automating installation, configuration, user creation, database creation, backup, restore, monitoring, health checks, failover checks, security audits and performance reports

**Tools:** Bash; Python; psql; Git

**Environment:** Automation Host

### Steps
- [ ] Write a backup script with logging, locking, retention and exit codes
- [ ] Write a restore-check script
- [ ] Write a health check that reports connections, replication, archive status, oldest transaction and disk
- [ ] Schedule with systemd timers

### Acceptance criteria
- Scripts pass shellcheck and run on schedule
- Health check returns a non-zero code on a fault

**Evidence required:** Repository link

**Troubleshooting:** Read the server log first. Record each problem and its fix in the issue notes. If stuck for more than 30 minutes, set the status to Blocked and describe the blocker.

**Performance:** Note the effect of this change on latency, WAL and locks where it applies.

**Security:** Use least-privilege roles, not the superuser, unless the task requires it. Keep secrets out of the repository.

**Automation:** Commit SQL and configuration to the repository. From phase 17 on, apply changes through migrations and the automation repository.

**Assessment:** Instructor runs the automation twice and checks the result and idempotency. Type: Practical.

### Completion criteria
- Every step is done and every acceptance criterion is demonstrated
- Required evidence is attached to the issue
- SQL, configuration and documents are committed to the repository
- Actual time is logged against the issue
- Instructor Review is Approved and the status is Completed

**Estimated time:** 4 h

**Next task:** AUTO-002","Automation","V17.0 Automation & DevOps","MOD-48","TSH-022, LAB-064","4","L3 - Intermediate","Automation","Automation Host","Repository link","Bash; Python; psql; Git","18","Level 2 - Senior PostgreSQL Engineering","Engineering","High","Practical","0","Pending"
"AUTO-002","AUTO-002","Automation","Normal","[AUTO-002] Python with psycopg: users, databases and reports","**Objective:** Python with psycopg: users, databases and reports

**Prerequisites:** AUTO-001

**Concepts:** Bash; Python; SQL; PostgreSQL APIs; REST APIs; Git; Automating installation, configuration, user creation, database creation, backup, restore, monitoring, health checks, failover checks, security audits and performance reports

**Tools:** Bash; Python; psql; Git

**Environment:** Automation Host

### Steps
- [ ] Connect with psycopg using a service file or environment
- [ ] Create roles and databases idempotently from a YAML file
- [ ] Produce a performance report from pg_stat_statements
- [ ] Handle errors and transactions correctly

### Acceptance criteria
- Second run changes nothing
- Report is generated
- No password is in the code

**Evidence required:** Repository link

**Troubleshooting:** Read the server log first. Record each problem and its fix in the issue notes. If stuck for more than 30 minutes, set the status to Blocked and describe the blocker.

**Performance:** Note the effect of this change on latency, WAL and locks where it applies.

**Security:** Use least-privilege roles, not the superuser, unless the task requires it. Keep secrets out of the repository.

**Automation:** Commit SQL and configuration to the repository. From phase 17 on, apply changes through migrations and the automation repository.

**Assessment:** Instructor runs the automation twice and checks the result and idempotency. Type: Practical.

### Completion criteria
- Every step is done and every acceptance criterion is demonstrated
- Required evidence is attached to the issue
- SQL, configuration and documents are committed to the repository
- Actual time is logged against the issue
- Instructor Review is Approved and the status is Completed

**Estimated time:** 4 h

**Next task:** AUTO-003","Automation","V17.0 Automation & DevOps","MOD-48","AUTO-001","4","L3 - Intermediate","Automation","Automation Host","Repository link","Bash; Python; psql; Git","18","Level 2 - Senior PostgreSQL Engineering","Engineering","High","Practical","0","Pending"
"AUTO-003","AUTO-003","Automation","Normal","[AUTO-003] Security audit and failover check automation","**Objective:** Security audit and failover check automation

**Prerequisites:** AUTO-002

**Concepts:** Bash; Python; SQL; PostgreSQL APIs; REST APIs; Git; Automating installation, configuration, user creation, database creation, backup, restore, monitoring, health checks, failover checks, security audits and performance reports

**Tools:** Bash; Python; psql; Git

**Environment:** Automation Host

### Steps
- [ ] Write checks for superusers, weak authentication rules, public privileges and missing TLS
- [ ] Write a check that confirms one leader and replica health through the Patroni API
- [ ] Output pass and fail per item

### Acceptance criteria
- Audit and failover check run against every server and report per item

**Evidence required:** Repository link

**Troubleshooting:** Read the server log first. Record each problem and its fix in the issue notes. If stuck for more than 30 minutes, set the status to Blocked and describe the blocker.

**Performance:** Note the effect of this change on latency, WAL and locks where it applies.

**Security:** Use least-privilege roles, not the superuser, unless the task requires it. Keep secrets out of the repository.

**Automation:** Commit SQL and configuration to the repository. From phase 17 on, apply changes through migrations and the automation repository.

**Assessment:** Instructor runs the automation twice and checks the result and idempotency. Type: Practical.

### Completion criteria
- Every step is done and every acceptance criterion is demonstrated
- Required evidence is attached to the issue
- SQL, configuration and documents are committed to the repository
- Actual time is logged against the issue
- Instructor Review is Approved and the status is Completed

**Estimated time:** 3 h

**Next task:** Last task of this module","Automation","V17.0 Automation & DevOps","MOD-48","AUTO-002","3","L3 - Intermediate","Automation","Automation Host","Repository link","Bash; Python; psql; Git","18","Level 2 - Senior PostgreSQL Engineering","Engineering","High","Practical","0","Pending"
"MOD-49","MOD-49","Module","Normal","[MOD-49] Ansible and PostgreSQL","**Topics:** Inventory; Variables; Roles; Templates; Handlers; PostgreSQL modules; Secrets; Idempotency

**Tools:** Ansible; community.postgresql; Git

**Environment:** Automation Host

**Tasks:** 4, 20 estimated hours.

- THY-043 Ansible for database servers
- LAB-068 Ansible Automation
- AUTO-004 Roles for users, databases, backup and monitoring
- PROJECT-021 Portfolio: PostgreSQL Automation with Ansible","Ansible","V17.0 Automation & DevOps","PHASE-17","","","","","Automation Host","","Ansible; community.postgresql; Git","18","Level 2 - Senior PostgreSQL Engineering","Engineering","High","","",""
"THY-043","THY-043","Theory","Normal","[THY-043] Ansible for database servers","**Objective:** Ansible for database servers

**Prerequisites:** AUTO-003

**Concepts:** Inventory; Variables; Roles; Templates; Handlers; PostgreSQL modules; Secrets; Idempotency

**Tools:** Ansible; community.postgresql; Git

**Environment:** Automation Host

### Steps
- [ ] Study inventory, variables, roles, templates and handlers
- [ ] Study the community.postgresql modules
- [ ] Study Ansible Vault for secrets

### Acceptance criteria
- Lists the modules for users, databases, privileges, settings and pg_hba

**Evidence required:** Notes

**Troubleshooting:** Read the server log first. Record each problem and its fix in the issue notes. If stuck for more than 30 minutes, set the status to Blocked and describe the blocker.

**Performance:** Note the effect of this change on latency, WAL and locks where it applies.

**Security:** Use least-privilege roles, not the superuser, unless the task requires it. Keep secrets out of the repository.

**Automation:** Commit SQL and configuration to the repository. From phase 17 on, apply changes through migrations and the automation repository.

**Assessment:** Instructor checks the notes and asks short oral questions. Type: Short answer.

### Completion criteria
- Every step is done and every acceptance criterion is demonstrated
- Required evidence is attached to the issue
- SQL, configuration and documents are committed to the repository
- Actual time is logged against the issue
- Instructor Review is Approved and the status is Completed

**Estimated time:** 2 h

**Next task:** LAB-068","Ansible","V17.0 Automation & DevOps","MOD-49","AUTO-003","2","L4 - Advanced","Theory","Automation Host","Notes","Ansible; community.postgresql; Git","18","Level 2 - Senior PostgreSQL Engineering","Engineering","High","Short answer","0","Pending"
"LAB-068","LAB-068","Lab","Normal","[LAB-068] Ansible Automation","**Objective:** Ansible Automation

**Prerequisites:** THY-043

**Concepts:** Inventory; Variables; Roles; Templates; Handlers; PostgreSQL modules; Secrets; Idempotency

**Tools:** Ansible; community.postgresql; Git

**Environment:** Automation Host

### Steps
- [ ] Write a role that installs PostgreSQL on both distribution families
- [ ] Template postgresql.conf includes and pg_hba.conf
- [ ] Use handlers for reload and restart
- [ ] Store secrets in Vault
- [ ] Run twice and confirm idempotency

### Acceptance criteria
- A blank server becomes a configured PostgreSQL server in one run
- Second run reports no changes

**Evidence required:** Repository link

**Troubleshooting:** Read the server log first. Record each problem and its fix in the issue notes. If stuck for more than 30 minutes, set the status to Blocked and describe the blocker.

**Performance:** Note the effect of this change on latency, WAL and locks where it applies.

**Security:** Use least-privilege roles, not the superuser, unless the task requires it. Keep secrets out of the repository.

**Automation:** Commit SQL and configuration to the repository. From phase 17 on, apply changes through migrations and the automation repository.

**Assessment:** Instructor verifies the acceptance criteria from the evidence and may ask for a live demonstration. Type: Practical.

### Completion criteria
- Every step is done and every acceptance criterion is demonstrated
- Required evidence is attached to the issue
- SQL, configuration and documents are committed to the repository
- Actual time is logged against the issue
- Instructor Review is Approved and the status is Completed

**Estimated time:** 5 h

**Next task:** AUTO-004","Ansible","V17.0 Automation & DevOps","MOD-49","THY-043","5","L4 - Advanced","Automation","Automation Host","Repository link","Ansible; community.postgresql; Git","18","Level 2 - Senior PostgreSQL Engineering","Engineering","High","Practical","0","Pending"
"AUTO-004","AUTO-004","Automation","Normal","[AUTO-004] Roles for users, databases, backup and monitoring","**Objective:** Roles for users, databases, backup and monitoring

**Prerequisites:** LAB-068

**Concepts:** Inventory; Variables; Roles; Templates; Handlers; PostgreSQL modules; Secrets; Idempotency

**Tools:** Ansible; community.postgresql; Git

**Environment:** Automation Host

### Steps
- [ ] Add roles for roles and privileges, databases and extensions, pgBackRest backup and the exporter
- [ ] Drive them from group variables
- [ ] Add a site playbook

### Acceptance criteria
- All four areas are deployed from variables
- Run is idempotent

**Evidence required:** Repository link

**Troubleshooting:** Read the server log first. Record each problem and its fix in the issue notes. If stuck for more than 30 minutes, set the status to Blocked and describe the blocker.

**Performance:** Note the effect of this change on latency, WAL and locks where it applies.

**Security:** Use least-privilege roles, not the superuser, unless the task requires it. Keep secrets out of the repository.

**Automation:** Commit SQL and configuration to the repository. From phase 17 on, apply changes through migrations and the automation repository.

**Assessment:** Instructor runs the automation twice and checks the result and idempotency. Type: Practical.

### Completion criteria
- Every step is done and every acceptance criterion is demonstrated
- Required evidence is attached to the issue
- SQL, configuration and documents are committed to the repository
- Actual time is logged against the issue
- Instructor Review is Approved and the status is Completed

**Estimated time:** 5 h

**Next task:** PROJECT-021","Ansible","V17.0 Automation & DevOps","MOD-49","LAB-068","5","L4 - Advanced","Automation","Automation Host","Repository link","Ansible; community.postgresql; Git","18","Level 2 - Senior PostgreSQL Engineering","Engineering","High","Practical","0","Pending"
"PROJECT-021","PROJECT-021","Project","Normal","[PROJECT-021] Portfolio: PostgreSQL Automation with Ansible","**Objective:** Portfolio: PostgreSQL Automation with Ansible

**Prerequisites:** AUTO-004

**Concepts:** Inventory; Variables; Roles; Templates; Handlers; PostgreSQL modules; Secrets; Idempotency

**Tools:** Ansible; community.postgresql; Git

**Environment:** Automation Host

### Steps
- [ ] Deliver the automation repository covering install, configuration, users, databases, backup, monitoring, replication and Patroni
- [ ] Document variables
- [ ] Record a full build from blank servers

### Acceptance criteria
- Full environment is built from blank servers by one command
- README documents every variable

**Evidence required:** Repository link + documentation

**Troubleshooting:** Read the server log first. Record each problem and its fix in the issue notes. If stuck for more than 30 minutes, set the status to Blocked and describe the blocker.

**Performance:** Note the effect of this change on latency, WAL and locks where it applies.

**Security:** Use least-privilege roles, not the superuser, unless the task requires it. Keep secrets out of the repository.

**Automation:** Commit SQL and configuration to the repository. From phase 17 on, apply changes through migrations and the automation repository.

**Assessment:** Scored 0-100 on working result, test evidence, documentation and repository quality. Type: Project.

### Completion criteria
- Every step is done and every acceptance criterion is demonstrated
- Required evidence is attached to the issue
- SQL, configuration and documents are committed to the repository
- Actual time is logged against the issue
- Instructor Review is Approved and the status is Completed

**Estimated time:** 8 h

**Next task:** Last task of this module","Ansible","V17.0 Automation & DevOps","MOD-49","AUTO-004","8","L4 - Advanced","Project","Automation Host","Repository link + documentation","Ansible; community.postgresql; Git","18","Level 2 - Senior PostgreSQL Engineering","Engineering","High","Project","1","Pending"
"MOD-50","MOD-50","Module","Normal","[MOD-50] Infrastructure as Code","**Topics:** Terraform; Ansible; Git; CI/CD; Infrastructure lifecycle; Configuration management

**Tools:** Terraform; Ansible; Git

**Environment:** AWS

**Tasks:** 2, 7 estimated hours.

- THY-044 Infrastructure lifecycle with Terraform and Ansible
- LAB-069 PostgreSQL infrastructure with Terraform","IaC","V17.0 Automation & DevOps","PHASE-17","","","","","AWS","","Terraform; Ansible; Git","18","Level 3 - Enterprise PostgreSQL","Engineering","Medium","","",""
"THY-044","THY-044","Theory","Normal","[THY-044] Infrastructure lifecycle with Terraform and Ansible","**Objective:** Infrastructure lifecycle with Terraform and Ansible

**Prerequisites:** PROJECT-021

**Concepts:** Terraform; Ansible; Git; CI/CD; Infrastructure lifecycle; Configuration management

**Tools:** Terraform; Ansible; Git

**Environment:** AWS

### Steps
- [ ] Study provision versus configure
- [ ] Study Terraform state, plan and apply
- [ ] Study how Terraform outputs feed an Ansible inventory

### Acceptance criteria
- Explains what belongs in Terraform and what in Ansible

**Evidence required:** Notes

**Troubleshooting:** Read the server log first. Record each problem and its fix in the issue notes. If stuck for more than 30 minutes, set the status to Blocked and describe the blocker.

**Performance:** Note the effect of this change on latency, WAL and locks where it applies.

**Security:** Use least-privilege roles, not the superuser, unless the task requires it. Keep secrets out of the repository.

**Automation:** Commit SQL and configuration to the repository. From phase 17 on, apply changes through migrations and the automation repository.

**Assessment:** Instructor checks the notes and asks short oral questions. Type: Short answer.

### Completion criteria
- Every step is done and every acceptance criterion is demonstrated
- Required evidence is attached to the issue
- SQL, configuration and documents are committed to the repository
- Actual time is logged against the issue
- Instructor Review is Approved and the status is Completed

**Estimated time:** 2 h

**Next task:** LAB-069","IaC","V17.0 Automation & DevOps","MOD-50","PROJECT-021","2","L4 - Advanced","Theory","AWS","Notes","Terraform; Ansible; Git","18","Level 3 - Enterprise PostgreSQL","Engineering","Medium","Short answer","0","Pending"
"LAB-069","LAB-069","Lab","Normal","[LAB-069] PostgreSQL infrastructure with Terraform","**Objective:** PostgreSQL infrastructure with Terraform

**Prerequisites:** THY-044

**Concepts:** Terraform; Ansible; Git; CI/CD; Infrastructure lifecycle; Configuration management

**Tools:** Terraform; Ansible; Git

**Environment:** AWS

### Steps
- [ ] Write Terraform for network, security groups and three instances with data volumes
- [ ] Keep state remotely
- [ ] Generate the Ansible inventory from outputs
- [ ] Run the PostgreSQL roles
- [ ] Destroy everything after the lab

### Acceptance criteria
- Infrastructure and PostgreSQL build from code
- Destroy leaves nothing running

**Evidence required:** Screenshot + command output

**Troubleshooting:** Read the server log first. Record each problem and its fix in the issue notes. If stuck for more than 30 minutes, set the status to Blocked and describe the blocker.

**Performance:** Note the effect of this change on latency, WAL and locks where it applies.

**Security:** Use least-privilege roles, not the superuser, unless the task requires it. Keep secrets out of the repository.

**Automation:** Commit SQL and configuration to the repository. From phase 17 on, apply changes through migrations and the automation repository.

**Assessment:** Instructor verifies the acceptance criteria from the evidence and may ask for a live demonstration. Type: Practical.

### Completion criteria
- Every step is done and every acceptance criterion is demonstrated
- Required evidence is attached to the issue
- SQL, configuration and documents are committed to the repository
- Actual time is logged against the issue
- Instructor Review is Approved and the status is Completed

**Estimated time:** 5 h

**Next task:** Last task of this module","IaC","V17.0 Automation & DevOps","MOD-50","THY-044","5","L4 - Advanced","Cloud Lab","AWS","Screenshot + command output","Terraform; Ansible; Git","18","Level 3 - Enterprise PostgreSQL","Engineering","Medium","Practical","0","Pending"
"MOD-51","MOD-51","Module","Normal","[MOD-51] Database DevOps and Testing","**Topics:** Migration management; Schema versioning; CI/CD; Database testing; Deployment strategies; Rollbacks; Blue/green concepts; Zero-downtime migrations; Unit testing; SQL testing; Integration testing; Data validation; Performance testing; Regression testing; Migration testing; Backup testing; Recovery testing

**Tools:** Git; GitLab; GitHub; Jenkins; Flyway; Liquibase; pgTAP

**Environment:** Automation Host

**Tasks:** 7, 26 estimated hours.

- THY-045 Schema versioning and migration tools
- LAB-070 Versioned migrations in Git
- LAB-071 Zero-downtime migration patterns
- LAB-072 Database testing with pgTAP
- LAB-073 CI/CD pipeline for database changes
- ASG-010 Deployment strategies: blue/green, rollback and backup testing
- ASM-017 Phase 17 assessment: automation and DevOps","CI/CD","V17.0 Automation & DevOps","PHASE-17","","","","","Automation Host","","Git; GitLab; GitHub; Jenkins; Flyway; Liquibase; pgTAP","18","Level 3 - Enterprise PostgreSQL","Engineering","High","","",""
"THY-045","THY-045","Theory","Normal","[THY-045] Schema versioning and migration tools","**Objective:** Schema versioning and migration tools

**Prerequisites:** ASM-006, PROJECT-021

**Concepts:** Migration management; Schema versioning; CI/CD; Database testing; Deployment strategies; Rollbacks; Blue/green concepts; Zero-downtime migrations; Unit testing; SQL testing; Integration testing; Data validation; Performance testing; Regression testing; Migration testing; Backup testing; Recovery testing

**Tools:** Git; GitLab; GitHub; Jenkins; Flyway; Liquibase; pgTAP

**Environment:** Automation Host

### Steps
- [ ] Study versioned migrations and the schema history table
- [ ] Compare plain SQL migrations, Flyway and Liquibase concepts
- [ ] Study forward-only versus rollback scripts
- [ ] Study how GitHub, GitLab and Jenkins pipelines run migrations

### Acceptance criteria
- Explains how a migration tool knows what to apply
- Chooses forward-fix or rollback for three cases

**Evidence required:** Notes

**Troubleshooting:** Read the server log first. Record each problem and its fix in the issue notes. If stuck for more than 30 minutes, set the status to Blocked and describe the blocker.

**Performance:** Note the effect of this change on latency, WAL and locks where it applies.

**Security:** Use least-privilege roles, not the superuser, unless the task requires it. Keep secrets out of the repository.

**Automation:** Commit SQL and configuration to the repository. From phase 17 on, apply changes through migrations and the automation repository.

**Assessment:** Instructor checks the notes and asks short oral questions. Type: Short answer.

### Completion criteria
- Every step is done and every acceptance criterion is demonstrated
- Required evidence is attached to the issue
- SQL, configuration and documents are committed to the repository
- Actual time is logged against the issue
- Instructor Review is Approved and the status is Completed

**Estimated time:** 3 h

**Next task:** LAB-070","CI/CD","V17.0 Automation & DevOps","MOD-51","ASM-006, PROJECT-021","3","L4 - Advanced","Theory","Automation Host","Notes","Git; GitLab; GitHub; Jenkins; Flyway; Liquibase; pgTAP","18","Level 3 - Enterprise PostgreSQL","Engineering","High","Short answer","0","Pending"
"LAB-070","LAB-070","Lab","Normal","[LAB-070] Versioned migrations in Git","**Objective:** Versioned migrations in Git

**Prerequisites:** THY-045

**Concepts:** Migration management; Schema versioning; CI/CD; Database testing; Deployment strategies; Rollbacks; Blue/green concepts; Zero-downtime migrations; Unit testing; SQL testing; Integration testing; Data validation; Performance testing; Regression testing; Migration testing; Backup testing; Recovery testing

**Tools:** Git; GitLab; GitHub; Jenkins; Flyway; Liquibase; pgTAP

**Environment:** Automation Host

### Steps
- [ ] Put the dataset schema under versioned migrations
- [ ] Add three changes as migrations
- [ ] Apply to a clean and to an existing database
- [ ] Detect drift between database and repository

### Acceptance criteria
- Clean and existing databases end identical
- Drift is detected

**Evidence required:** Screenshot + command output

**Troubleshooting:** Read the server log first. Record each problem and its fix in the issue notes. If stuck for more than 30 minutes, set the status to Blocked and describe the blocker.

**Performance:** Note the effect of this change on latency, WAL and locks where it applies.

**Security:** Use least-privilege roles, not the superuser, unless the task requires it. Keep secrets out of the repository.

**Automation:** Commit SQL and configuration to the repository. From phase 17 on, apply changes through migrations and the automation repository.

**Assessment:** Instructor verifies the acceptance criteria from the evidence and may ask for a live demonstration. Type: Practical.

### Completion criteria
- Every step is done and every acceptance criterion is demonstrated
- Required evidence is attached to the issue
- SQL, configuration and documents are committed to the repository
- Actual time is logged against the issue
- Instructor Review is Approved and the status is Completed

**Estimated time:** 4 h

**Next task:** LAB-071","CI/CD","V17.0 Automation & DevOps","MOD-51","THY-045","4","L4 - Advanced","Guided Lab","Automation Host","Screenshot + command output","Git; GitLab; GitHub; Jenkins; Flyway; Liquibase; pgTAP","18","Level 3 - Enterprise PostgreSQL","Engineering","High","Practical","0","Pending"
"LAB-071","LAB-071","Lab","Normal","[LAB-071] Zero-downtime migration patterns","**Objective:** Zero-downtime migration patterns

**Prerequisites:** LAB-070

**Concepts:** Migration management; Schema versioning; CI/CD; Database testing; Deployment strategies; Rollbacks; Blue/green concepts; Zero-downtime migrations; Unit testing; SQL testing; Integration testing; Data validation; Performance testing; Regression testing; Migration testing; Backup testing; Recovery testing

**Tools:** Git; GitLab; GitHub; Jenkins; Flyway; Liquibase; pgTAP

**Environment:** Automation Host

### Steps
- [ ] Add a column with a default safely
- [ ] Add a NOT NULL constraint through NOT VALID and validate
- [ ] Create an index concurrently
- [ ] Rename a column through expand and contract
- [ ] Use lock_timeout with retry in every step

### Acceptance criteria
- Each change runs under load without blocking beyond the timeout
- Pattern notes are committed

**Evidence required:** Screenshot + command output

**Troubleshooting:** Read the server log first. Record each problem and its fix in the issue notes. If stuck for more than 30 minutes, set the status to Blocked and describe the blocker.

**Performance:** Note the effect of this change on latency, WAL and locks where it applies.

**Security:** Use least-privilege roles, not the superuser, unless the task requires it. Keep secrets out of the repository.

**Automation:** Commit SQL and configuration to the repository. From phase 17 on, apply changes through migrations and the automation repository.

**Assessment:** Instructor verifies the acceptance criteria from the evidence and may ask for a live demonstration. Type: Practical.

### Completion criteria
- Every step is done and every acceptance criterion is demonstrated
- Required evidence is attached to the issue
- SQL, configuration and documents are committed to the repository
- Actual time is logged against the issue
- Instructor Review is Approved and the status is Completed

**Estimated time:** 4 h

**Next task:** LAB-072","CI/CD","V17.0 Automation & DevOps","MOD-51","LAB-070","4","L4 - Advanced","Guided Lab","Automation Host","Screenshot + command output","Git; GitLab; GitHub; Jenkins; Flyway; Liquibase; pgTAP","18","Level 3 - Enterprise PostgreSQL","Engineering","High","Practical","0","Pending"
"LAB-072","LAB-072","Lab","Normal","[LAB-072] Database testing with pgTAP","**Objective:** Database testing with pgTAP

**Prerequisites:** LAB-071

**Concepts:** Migration management; Schema versioning; CI/CD; Database testing; Deployment strategies; Rollbacks; Blue/green concepts; Zero-downtime migrations; Unit testing; SQL testing; Integration testing; Data validation; Performance testing; Regression testing; Migration testing; Backup testing; Recovery testing

**Tools:** Git; GitLab; GitHub; Jenkins; Flyway; Liquibase; pgTAP

**Environment:** Automation Host

### Steps
- [ ] Write unit tests for functions and triggers
- [ ] Write schema tests for tables, columns and constraints
- [ ] Write data validation queries
- [ ] Run tests in a transaction that rolls back

### Acceptance criteria
- Test suite passes and fails correctly on a broken function

**Evidence required:** Screenshot + command output

**Troubleshooting:** Read the server log first. Record each problem and its fix in the issue notes. If stuck for more than 30 minutes, set the status to Blocked and describe the blocker.

**Performance:** Note the effect of this change on latency, WAL and locks where it applies.

**Security:** Use least-privilege roles, not the superuser, unless the task requires it. Keep secrets out of the repository.

**Automation:** Commit SQL and configuration to the repository. From phase 17 on, apply changes through migrations and the automation repository.

**Assessment:** Instructor verifies the acceptance criteria from the evidence and may ask for a live demonstration. Type: Practical.

### Completion criteria
- Every step is done and every acceptance criterion is demonstrated
- Required evidence is attached to the issue
- SQL, configuration and documents are committed to the repository
- Actual time is logged against the issue
- Instructor Review is Approved and the status is Completed

**Estimated time:** 4 h

**Next task:** LAB-073","CI/CD","V17.0 Automation & DevOps","MOD-51","LAB-071","4","L4 - Advanced","Guided Lab","Automation Host","Screenshot + command output","Git; GitLab; GitHub; Jenkins; Flyway; Liquibase; pgTAP","18","Level 3 - Enterprise PostgreSQL","Engineering","High","Practical","0","Pending"
"LAB-073","LAB-073","Lab","Normal","[LAB-073] CI/CD pipeline for database changes","**Objective:** CI/CD pipeline for database changes

**Prerequisites:** LAB-072

**Concepts:** Migration management; Schema versioning; CI/CD; Database testing; Deployment strategies; Rollbacks; Blue/green concepts; Zero-downtime migrations; Unit testing; SQL testing; Integration testing; Data validation; Performance testing; Regression testing; Migration testing; Backup testing; Recovery testing

**Tools:** Git; GitLab; GitHub; Jenkins; Flyway; Liquibase; pgTAP

**Environment:** Automation Host

### Steps
- [ ] Build a pipeline that starts a temporary PostgreSQL, applies migrations, runs tests and lints SQL
- [ ] Add a migration test against a copy of production-like data
- [ ] Add a gated deploy to staging and production
- [ ] Add a performance regression check for key queries

### Acceptance criteria
- A bad migration fails the pipeline
- Deploy is gated
- Regression check catches a slower query

**Evidence required:** Repository link

**Troubleshooting:** Read the server log first. Record each problem and its fix in the issue notes. If stuck for more than 30 minutes, set the status to Blocked and describe the blocker.

**Performance:** Note the effect of this change on latency, WAL and locks where it applies.

**Security:** Use least-privilege roles, not the superuser, unless the task requires it. Keep secrets out of the repository.

**Automation:** Commit SQL and configuration to the repository. From phase 17 on, apply changes through migrations and the automation repository.

**Assessment:** Instructor verifies the acceptance criteria from the evidence and may ask for a live demonstration. Type: Practical.

### Completion criteria
- Every step is done and every acceptance criterion is demonstrated
- Required evidence is attached to the issue
- SQL, configuration and documents are committed to the repository
- Actual time is logged against the issue
- Instructor Review is Approved and the status is Completed

**Estimated time:** 5 h

**Next task:** ASG-010","CI/CD","V17.0 Automation & DevOps","MOD-51","LAB-072","5","L4 - Advanced","Automation","Automation Host","Repository link","Git; GitLab; GitHub; Jenkins; Flyway; Liquibase; pgTAP","18","Level 3 - Enterprise PostgreSQL","Engineering","High","Practical","0","Pending"
"ASG-010","ASG-010","Assignment","Normal","[ASG-010] Deployment strategies: blue/green, rollback and backup testing","**Objective:** Deployment strategies: blue/green, rollback and backup testing

**Prerequisites:** LAB-073

**Concepts:** Migration management; Schema versioning; CI/CD; Database testing; Deployment strategies; Rollbacks; Blue/green concepts; Zero-downtime migrations; Unit testing; SQL testing; Integration testing; Data validation; Performance testing; Regression testing; Migration testing; Backup testing; Recovery testing

**Tools:** Git; GitLab; GitHub; Jenkins; Flyway; Liquibase; pgTAP

**Environment:** Automation Host

### Steps
- [ ] Describe blue/green for a database with logical replication
- [ ] Define rollback for schema and for data
- [ ] Define backup and recovery tests in the release process

### Acceptance criteria
- Strategy covers schema, data and verification for each release type

**Evidence required:** Written deliverable

**Troubleshooting:** Read the server log first. Record each problem and its fix in the issue notes. If stuck for more than 30 minutes, set the status to Blocked and describe the blocker.

**Performance:** Note the effect of this change on latency, WAL and locks where it applies.

**Security:** Use least-privilege roles, not the superuser, unless the task requires it. Keep secrets out of the repository.

**Automation:** Commit SQL and configuration to the repository. From phase 17 on, apply changes through migrations and the automation repository.

**Assessment:** Instructor reviews the deliverable against the acceptance criteria. Type: Design question.

### Completion criteria
- Every step is done and every acceptance criterion is demonstrated
- Required evidence is attached to the issue
- SQL, configuration and documents are committed to the repository
- Actual time is logged against the issue
- Instructor Review is Approved and the status is Completed

**Estimated time:** 3 h

**Next task:** ASM-017","CI/CD","V17.0 Automation & DevOps","MOD-51","LAB-073","3","L4 - Advanced","Assignment","Automation Host","Written deliverable","Git; GitLab; GitHub; Jenkins; Flyway; Liquibase; pgTAP","18","Level 3 - Enterprise PostgreSQL","Engineering","High","Design question","0","Pending"
"ASM-017","ASM-017","Assessment","High","[ASM-017] Phase 17 assessment: automation and DevOps","**Objective:** Phase 17 assessment: automation and DevOps

**Prerequisites:** ASG-010

**Concepts:** Migration management; Schema versioning; CI/CD; Database testing; Deployment strategies; Rollbacks; Blue/green concepts; Zero-downtime migrations; Unit testing; SQL testing; Integration testing; Data validation; Performance testing; Regression testing; Migration testing; Backup testing; Recovery testing

**Tools:** Git; GitLab; GitHub; Jenkins; Flyway; Liquibase; pgTAP

**Environment:** Automation Host

### Steps
- [ ] Automate an unseen database change through migration, test and pipeline

### Acceptance criteria
- Score of 70 or higher

**Evidence required:** Scored result

**Troubleshooting:** Read the server log first. Record each problem and its fix in the issue notes. If stuck for more than 30 minutes, set the status to Blocked and describe the blocker.

**Performance:** Note the effect of this change on latency, WAL and locks where it applies.

**Security:** Use least-privilege roles, not the superuser, unless the task requires it. Keep secrets out of the repository.

**Automation:** Commit SQL and configuration to the repository. From phase 17 on, apply changes through migrations and the automation repository.

**Assessment:** Scored 0-100. Pass mark 70. Type: Practical exam.

### Completion criteria
- Every step is done and every acceptance criterion is demonstrated
- Required evidence is attached to the issue
- SQL, configuration and documents are committed to the repository
- Actual time is logged against the issue
- Instructor Review is Approved and the status is Completed

**Estimated time:** 3 h

**Next task:** Last task of this module","CI/CD","V17.0 Automation & DevOps","MOD-51","ASG-010","3","L4 - Advanced","Assessment","Automation Host","Scored result","Git; GitLab; GitHub; Jenkins; Flyway; Liquibase; pgTAP","18","Level 3 - Enterprise PostgreSQL","Engineering","High","Practical exam","0","Pending"
"REVIEW-17","REVIEW-17","Review","High","[REVIEW-17] Phase 17 gate review","**Objective:** Confirm that phase 17 (Automation & DevOps) is complete.

### Checklist
- [ ] Every issue of the phase is Completed
- [ ] Evidence is attached to every issue
- [ ] Time is logged
- [ ] Assessment score is 70 or higher
- [ ] SQL, configuration and documents are in the repository

**Assessment:** Instructor confirms the checklist and records the gate decision.

**Estimated time:** 1 h","","V17.0 Automation & DevOps","PHASE-17","AUTO-003, PROJECT-021, LAB-069, ASM-017","1","","Review","","Instructor sign-off","","","","","","Review","0","Pending"
"PHASE-18","PHASE-18","Phase","Normal","[PHASE-18] Cloud & Kubernetes","Phase 18 of 20. Version: V18.0 Cloud & Kubernetes.

Modules: 2. Estimated hours: 35.

- MOD-52 Cloud PostgreSQL
- MOD-53 PostgreSQL on Kubernetes

The phase closes with the gate review REVIEW-18.","","V18.0 Cloud & Kubernetes","EPIC","","","","","","","","","","","","","",""
"MOD-52","MOD-52","Module","Normal","[MOD-52] Cloud PostgreSQL","**Topics:** AWS: RDS PostgreSQL, Aurora PostgreSQL, EC2 PostgreSQL, backup, monitoring, HA, security; Azure Database for PostgreSQL Flexible Server, networking, backup, HA; Google Cloud SQL for PostgreSQL, HA, backup, monitoring; Architecture over provider memorization

**Tools:** AWS; Azure; Google Cloud; PostgreSQL

**Environment:** AWS

**Tasks:** 6, 20 estimated hours.

- THY-046 Managed PostgreSQL architecture: what the provider does and what you still own
- LAB-074 AWS: RDS for PostgreSQL
- THY-047 Aurora PostgreSQL architecture
- LAB-075 Azure Database for PostgreSQL Flexible Server
- LAB-076 Google Cloud SQL for PostgreSQL
- ASG-011 Cloud database selection and cost","Cloud","V18.0 Cloud & Kubernetes","PHASE-18","","","","","AWS","","AWS; Azure; Google Cloud; PostgreSQL","18","Level 3 - Enterprise PostgreSQL","Engineering","High","","",""
"THY-046","THY-046","Theory","Normal","[THY-046] Managed PostgreSQL architecture: what the provider does and what you still own","**Objective:** Managed PostgreSQL architecture: what the provider does and what you still own

**Prerequisites:** ASM-014, ASM-012

**Concepts:** AWS: RDS PostgreSQL, Aurora PostgreSQL, EC2 PostgreSQL, backup, monitoring, HA, security; Azure Database for PostgreSQL Flexible Server, networking, backup, HA; Google Cloud SQL for PostgreSQL, HA, backup, monitoring; Architecture over provider memorization

**Tools:** AWS; Azure; Google Cloud; PostgreSQL

**Environment:** AWS

### Steps
- [ ] Study the shared responsibility split for managed databases
- [ ] Compare self-managed on instances with managed services
- [ ] Study common concepts: instance classes, storage, parameter groups, backups, replicas, maintenance windows
- [ ] Study what is restricted: superuser, extensions, file access

### Acceptance criteria
- Lists what remains the engineer's job on a managed service
- Compares the three providers on one page

**Evidence required:** Notes

**Troubleshooting:** Read the server log first. Record each problem and its fix in the issue notes. If stuck for more than 30 minutes, set the status to Blocked and describe the blocker.

**Performance:** Note the effect of this change on latency, WAL and locks where it applies.

**Security:** Use least-privilege roles, not the superuser, unless the task requires it. Keep secrets out of the repository.

**Automation:** Commit SQL and configuration to the repository. From phase 17 on, apply changes through migrations and the automation repository.

**Assessment:** Instructor checks the notes and asks short oral questions. Type: Short answer.

### Completion criteria
- Every step is done and every acceptance criterion is demonstrated
- Required evidence is attached to the issue
- SQL, configuration and documents are committed to the repository
- Actual time is logged against the issue
- Instructor Review is Approved and the status is Completed

**Estimated time:** 3 h

**Next task:** LAB-074","Cloud","V18.0 Cloud & Kubernetes","MOD-52","ASM-014, ASM-012","3","L4 - Advanced","Theory","AWS","Notes","AWS; Azure; Google Cloud; PostgreSQL","18","Level 3 - Enterprise PostgreSQL","Engineering","High","Short answer","0","Pending"
"LAB-074","LAB-074","Lab","Normal","[LAB-074] AWS: RDS for PostgreSQL","**Objective:** AWS: RDS for PostgreSQL

**Prerequisites:** THY-046

**Concepts:** AWS: RDS PostgreSQL, Aurora PostgreSQL, EC2 PostgreSQL, backup, monitoring, HA, security; Azure Database for PostgreSQL Flexible Server, networking, backup, HA; Google Cloud SQL for PostgreSQL, HA, backup, monitoring; Architecture over provider memorization

**Tools:** AWS; Azure; Google Cloud; PostgreSQL

**Environment:** AWS

### Steps
- [ ] Create an instance in private subnets with a parameter group
- [ ] Connect securely
- [ ] Enable Multi-AZ and test failover
- [ ] Create a read replica
- [ ] Restore to a point in time
- [ ] Review monitoring and Performance Insights
- [ ] Delete everything

### Acceptance criteria
- Failover and point-in-time restore are demonstrated
- Resources are deleted

**Evidence required:** Screenshot + command output

**Troubleshooting:** Read the server log first. Record each problem and its fix in the issue notes. If stuck for more than 30 minutes, set the status to Blocked and describe the blocker.

**Performance:** Note the effect of this change on latency, WAL and locks where it applies.

**Security:** Use least-privilege roles, not the superuser, unless the task requires it. Keep secrets out of the repository.

**Automation:** Commit SQL and configuration to the repository. From phase 17 on, apply changes through migrations and the automation repository.

**Assessment:** Instructor verifies the acceptance criteria from the evidence and may ask for a live demonstration. Type: Practical.

### Completion criteria
- Every step is done and every acceptance criterion is demonstrated
- Required evidence is attached to the issue
- SQL, configuration and documents are committed to the repository
- Actual time is logged against the issue
- Instructor Review is Approved and the status is Completed

**Estimated time:** 5 h

**Next task:** THY-047","Cloud","V18.0 Cloud & Kubernetes","MOD-52","THY-046","5","L4 - Advanced","Cloud Lab","AWS","Screenshot + command output","AWS; Azure; Google Cloud; PostgreSQL","18","Level 3 - Enterprise PostgreSQL","Engineering","High","Practical","0","Pending"
"THY-047","THY-047","Theory","Normal","[THY-047] Aurora PostgreSQL architecture","**Objective:** Aurora PostgreSQL architecture

**Prerequisites:** LAB-074

**Concepts:** AWS: RDS PostgreSQL, Aurora PostgreSQL, EC2 PostgreSQL, backup, monitoring, HA, security; Azure Database for PostgreSQL Flexible Server, networking, backup, HA; Google Cloud SQL for PostgreSQL, HA, backup, monitoring; Architecture over provider memorization

**Tools:** AWS; Azure; Google Cloud; PostgreSQL

**Environment:** AWS

### Steps
- [ ] Study the shared storage design, writer and readers, and failover
- [ ] Compare with RDS and with Patroni

### Acceptance criteria
- Explains how Aurora replication differs from streaming replication

**Evidence required:** Notes

**Troubleshooting:** Read the server log first. Record each problem and its fix in the issue notes. If stuck for more than 30 minutes, set the status to Blocked and describe the blocker.

**Performance:** Note the effect of this change on latency, WAL and locks where it applies.

**Security:** Use least-privilege roles, not the superuser, unless the task requires it. Keep secrets out of the repository.

**Automation:** Commit SQL and configuration to the repository. From phase 17 on, apply changes through migrations and the automation repository.

**Assessment:** Instructor checks the notes and asks short oral questions. Type: Short answer.

### Completion criteria
- Every step is done and every acceptance criterion is demonstrated
- Required evidence is attached to the issue
- SQL, configuration and documents are committed to the repository
- Actual time is logged against the issue
- Instructor Review is Approved and the status is Completed

**Estimated time:** 2 h

**Next task:** LAB-075","Cloud","V18.0 Cloud & Kubernetes","MOD-52","LAB-074","2","L4 - Advanced","Theory","AWS","Notes","AWS; Azure; Google Cloud; PostgreSQL","18","Level 3 - Enterprise PostgreSQL","Engineering","High","Short answer","0","Pending"
"LAB-075","LAB-075","Lab","Normal","[LAB-075] Azure Database for PostgreSQL Flexible Server","**Objective:** Azure Database for PostgreSQL Flexible Server

**Prerequisites:** THY-047

**Concepts:** AWS: RDS PostgreSQL, Aurora PostgreSQL, EC2 PostgreSQL, backup, monitoring, HA, security; Azure Database for PostgreSQL Flexible Server, networking, backup, HA; Google Cloud SQL for PostgreSQL, HA, backup, monitoring; Architecture over provider memorization

**Tools:** AWS; Azure; Google Cloud; PostgreSQL

**Environment:** AWS

### Steps
- [ ] Create a server with private networking
- [ ] Configure parameters and firewall
- [ ] Enable zone-redundant HA
- [ ] Test backup and restore
- [ ] Delete everything

### Acceptance criteria
- Server is reachable only privately
- Restore works
- Resources are deleted

**Evidence required:** Screenshot + command output

**Troubleshooting:** Read the server log first. Record each problem and its fix in the issue notes. If stuck for more than 30 minutes, set the status to Blocked and describe the blocker.

**Performance:** Note the effect of this change on latency, WAL and locks where it applies.

**Security:** Use least-privilege roles, not the superuser, unless the task requires it. Keep secrets out of the repository.

**Automation:** Commit SQL and configuration to the repository. From phase 17 on, apply changes through migrations and the automation repository.

**Assessment:** Instructor verifies the acceptance criteria from the evidence and may ask for a live demonstration. Type: Practical.

### Completion criteria
- Every step is done and every acceptance criterion is demonstrated
- Required evidence is attached to the issue
- SQL, configuration and documents are committed to the repository
- Actual time is logged against the issue
- Instructor Review is Approved and the status is Completed

**Estimated time:** 4 h

**Next task:** LAB-076","Cloud","V18.0 Cloud & Kubernetes","MOD-52","THY-047","4","L4 - Advanced","Cloud Lab","AWS","Screenshot + command output","AWS; Azure; Google Cloud; PostgreSQL","18","Level 3 - Enterprise PostgreSQL","Engineering","High","Practical","0","Pending"
"LAB-076","LAB-076","Lab","Normal","[LAB-076] Google Cloud SQL for PostgreSQL","**Objective:** Google Cloud SQL for PostgreSQL

**Prerequisites:** LAB-075

**Concepts:** AWS: RDS PostgreSQL, Aurora PostgreSQL, EC2 PostgreSQL, backup, monitoring, HA, security; Azure Database for PostgreSQL Flexible Server, networking, backup, HA; Google Cloud SQL for PostgreSQL, HA, backup, monitoring; Architecture over provider memorization

**Tools:** AWS; Azure; Google Cloud; PostgreSQL

**Environment:** AWS

### Steps
- [ ] Create an instance with private IP
- [ ] Enable HA and backups
- [ ] Connect and review monitoring
- [ ] Delete everything

### Acceptance criteria
- Instance works with HA and backups
- Resources are deleted

**Evidence required:** Screenshot + command output

**Troubleshooting:** Read the server log first. Record each problem and its fix in the issue notes. If stuck for more than 30 minutes, set the status to Blocked and describe the blocker.

**Performance:** Note the effect of this change on latency, WAL and locks where it applies.

**Security:** Use least-privilege roles, not the superuser, unless the task requires it. Keep secrets out of the repository.

**Automation:** Commit SQL and configuration to the repository. From phase 17 on, apply changes through migrations and the automation repository.

**Assessment:** Instructor verifies the acceptance criteria from the evidence and may ask for a live demonstration. Type: Practical.

### Completion criteria
- Every step is done and every acceptance criterion is demonstrated
- Required evidence is attached to the issue
- SQL, configuration and documents are committed to the repository
- Actual time is logged against the issue
- Instructor Review is Approved and the status is Completed

**Estimated time:** 3 h

**Next task:** ASG-011","Cloud","V18.0 Cloud & Kubernetes","MOD-52","LAB-075","3","L4 - Advanced","Cloud Lab","AWS","Screenshot + command output","AWS; Azure; Google Cloud; PostgreSQL","18","Level 3 - Enterprise PostgreSQL","Engineering","High","Practical","0","Pending"
"ASG-011","ASG-011","Assignment","Normal","[ASG-011] Cloud database selection and cost","**Objective:** Cloud database selection and cost

**Prerequisites:** LAB-076

**Concepts:** AWS: RDS PostgreSQL, Aurora PostgreSQL, EC2 PostgreSQL, backup, monitoring, HA, security; Azure Database for PostgreSQL Flexible Server, networking, backup, HA; Google Cloud SQL for PostgreSQL, HA, backup, monitoring; Architecture over provider memorization

**Tools:** AWS; Azure; Google Cloud; PostgreSQL

**Environment:** AWS

### Steps
- [ ] Take a workload requirement
- [ ] Choose between self-managed, managed and Aurora-style
- [ ] Estimate monthly cost
- [ ] State lock-in and migration path

### Acceptance criteria
- Decision is justified with cost and operational trade-offs

**Evidence required:** Written deliverable

**Troubleshooting:** Read the server log first. Record each problem and its fix in the issue notes. If stuck for more than 30 minutes, set the status to Blocked and describe the blocker.

**Performance:** Note the effect of this change on latency, WAL and locks where it applies.

**Security:** Use least-privilege roles, not the superuser, unless the task requires it. Keep secrets out of the repository.

**Automation:** Commit SQL and configuration to the repository. From phase 17 on, apply changes through migrations and the automation repository.

**Assessment:** Instructor reviews the deliverable against the acceptance criteria. Type: Architecture design.

### Completion criteria
- Every step is done and every acceptance criterion is demonstrated
- Required evidence is attached to the issue
- SQL, configuration and documents are committed to the repository
- Actual time is logged against the issue
- Instructor Review is Approved and the status is Completed

**Estimated time:** 3 h

**Next task:** Last task of this module","Cloud","V18.0 Cloud & Kubernetes","MOD-52","LAB-076","3","L4 - Advanced","Assignment","AWS","Written deliverable","AWS; Azure; Google Cloud; PostgreSQL","18","Level 3 - Enterprise PostgreSQL","Engineering","High","Architecture design","0","Pending"
"MOD-53","MOD-53","Module","Normal","[MOD-53] PostgreSQL on Kubernetes","**Topics:** PostgreSQL on Kubernetes; StatefulSets; Persistent volumes; Storage classes; Secrets; ConfigMaps; Operators; HA; Backup; Restore; CloudNativePG; Zalando PostgreSQL Operator concepts

**Tools:** CloudNativePG; kubectl; PostgreSQL

**Environment:** Kubernetes Lab Cluster

**Tasks:** 4, 14 estimated hours.

- THY-048 Stateful workloads on Kubernetes and the operator pattern
- LAB-077 PostgreSQL with a StatefulSet (to see the limits)
- LAB-078 CloudNativePG cluster: HA, backup and restore
- ASM-018 Phase 18 assessment: cloud and Kubernetes","Kubernetes","V18.0 Cloud & Kubernetes","PHASE-18","","","","","Kubernetes Lab Cluster","","CloudNativePG; kubectl; PostgreSQL","18","Level 3 - Enterprise PostgreSQL","Engineering","Medium","","",""
"THY-048","THY-048","Theory","Normal","[THY-048] Stateful workloads on Kubernetes and the operator pattern","**Objective:** Stateful workloads on Kubernetes and the operator pattern

**Prerequisites:** ASM-014

**Concepts:** PostgreSQL on Kubernetes; StatefulSets; Persistent volumes; Storage classes; Secrets; ConfigMaps; Operators; HA; Backup; Restore; CloudNativePG; Zalando PostgreSQL Operator concepts

**Tools:** CloudNativePG; kubectl; PostgreSQL

**Environment:** Kubernetes Lab Cluster

### Steps
- [ ] Study StatefulSets, persistent volumes and storage classes
- [ ] Study why an operator is needed for failover, backup and upgrades
- [ ] Compare CloudNativePG and Zalando operator concepts

### Acceptance criteria
- Explains what an operator automates that a StatefulSet cannot

**Evidence required:** Notes

**Troubleshooting:** Read the server log first. Record each problem and its fix in the issue notes. If stuck for more than 30 minutes, set the status to Blocked and describe the blocker.

**Performance:** Note the effect of this change on latency, WAL and locks where it applies.

**Security:** Use least-privilege roles, not the superuser, unless the task requires it. Keep secrets out of the repository.

**Automation:** Commit SQL and configuration to the repository. From phase 17 on, apply changes through migrations and the automation repository.

**Assessment:** Instructor checks the notes and asks short oral questions. Type: Short answer.

### Completion criteria
- Every step is done and every acceptance criterion is demonstrated
- Required evidence is attached to the issue
- SQL, configuration and documents are committed to the repository
- Actual time is logged against the issue
- Instructor Review is Approved and the status is Completed

**Estimated time:** 3 h

**Next task:** LAB-077","Kubernetes","V18.0 Cloud & Kubernetes","MOD-53","ASM-014","3","L5 - Expert","Theory","Kubernetes Lab Cluster","Notes","CloudNativePG; kubectl; PostgreSQL","18","Level 3 - Enterprise PostgreSQL","Engineering","Medium","Short answer","0","Pending"
"LAB-077","LAB-077","Lab","Normal","[LAB-077] PostgreSQL with a StatefulSet (to see the limits)","**Objective:** PostgreSQL with a StatefulSet (to see the limits)

**Prerequisites:** THY-048

**Concepts:** PostgreSQL on Kubernetes; StatefulSets; Persistent volumes; Storage classes; Secrets; ConfigMaps; Operators; HA; Backup; Restore; CloudNativePG; Zalando PostgreSQL Operator concepts

**Tools:** CloudNativePG; kubectl; PostgreSQL

**Environment:** Kubernetes Lab Cluster

### Steps
- [ ] Deploy one PostgreSQL pod with a volume claim, Secret and ConfigMap
- [ ] Delete the pod and verify data persists
- [ ] List what is missing for production

### Acceptance criteria
- Data survives pod deletion
- Gap list is written

**Evidence required:** Screenshot + command output

**Troubleshooting:** Read the server log first. Record each problem and its fix in the issue notes. If stuck for more than 30 minutes, set the status to Blocked and describe the blocker.

**Performance:** Note the effect of this change on latency, WAL and locks where it applies.

**Security:** Use least-privilege roles, not the superuser, unless the task requires it. Keep secrets out of the repository.

**Automation:** Commit SQL and configuration to the repository. From phase 17 on, apply changes through migrations and the automation repository.

**Assessment:** Instructor verifies the acceptance criteria from the evidence and may ask for a live demonstration. Type: Practical.

### Completion criteria
- Every step is done and every acceptance criterion is demonstrated
- Required evidence is attached to the issue
- SQL, configuration and documents are committed to the repository
- Actual time is logged against the issue
- Instructor Review is Approved and the status is Completed

**Estimated time:** 3 h

**Next task:** LAB-078","Kubernetes","V18.0 Cloud & Kubernetes","MOD-53","THY-048","3","L5 - Expert","Guided Lab","Kubernetes Lab Cluster","Screenshot + command output","CloudNativePG; kubectl; PostgreSQL","18","Level 3 - Enterprise PostgreSQL","Engineering","Medium","Practical","0","Pending"
"LAB-078","LAB-078","Lab","Normal","[LAB-078] CloudNativePG cluster: HA, backup and restore","**Objective:** CloudNativePG cluster: HA, backup and restore

**Prerequisites:** LAB-077

**Concepts:** PostgreSQL on Kubernetes; StatefulSets; Persistent volumes; Storage classes; Secrets; ConfigMaps; Operators; HA; Backup; Restore; CloudNativePG; Zalando PostgreSQL Operator concepts

**Tools:** CloudNativePG; kubectl; PostgreSQL

**Environment:** Kubernetes Lab Cluster

### Steps
- [ ] Install the operator
- [ ] Create a three-instance cluster
- [ ] Connect through the read-write and read-only services
- [ ] Delete the primary pod and watch failover
- [ ] Configure backup to object storage
- [ ] Restore into a new cluster

### Acceptance criteria
- Failover completes automatically
- Restore produces a working cluster

**Evidence required:** Screenshot + command output

**Troubleshooting:** Read the server log first. Record each problem and its fix in the issue notes. If stuck for more than 30 minutes, set the status to Blocked and describe the blocker.

**Performance:** Note the effect of this change on latency, WAL and locks where it applies.

**Security:** Use least-privilege roles, not the superuser, unless the task requires it. Keep secrets out of the repository.

**Automation:** Commit SQL and configuration to the repository. From phase 17 on, apply changes through migrations and the automation repository.

**Assessment:** Instructor verifies the acceptance criteria from the evidence and may ask for a live demonstration. Type: Practical.

### Completion criteria
- Every step is done and every acceptance criterion is demonstrated
- Required evidence is attached to the issue
- SQL, configuration and documents are committed to the repository
- Actual time is logged against the issue
- Instructor Review is Approved and the status is Completed

**Estimated time:** 6 h

**Next task:** ASM-018","Kubernetes","V18.0 Cloud & Kubernetes","MOD-53","LAB-077","6","L5 - Expert","Guided Lab","Kubernetes Lab Cluster","Screenshot + command output","CloudNativePG; kubectl; PostgreSQL","18","Level 3 - Enterprise PostgreSQL","Engineering","Medium","Practical","0","Pending"
"ASM-018","ASM-018","Assessment","High","[ASM-018] Phase 18 assessment: cloud and Kubernetes","**Objective:** Phase 18 assessment: cloud and Kubernetes

**Prerequisites:** LAB-078

**Concepts:** PostgreSQL on Kubernetes; StatefulSets; Persistent volumes; Storage classes; Secrets; ConfigMaps; Operators; HA; Backup; Restore; CloudNativePG; Zalando PostgreSQL Operator concepts

**Tools:** CloudNativePG; kubectl; PostgreSQL

**Environment:** Kubernetes Lab Cluster

### Steps
- [ ] Answer the design questions
- [ ] Defend a platform choice for a given case

### Acceptance criteria
- Score of 70 or higher

**Evidence required:** Scored result

**Troubleshooting:** Read the server log first. Record each problem and its fix in the issue notes. If stuck for more than 30 minutes, set the status to Blocked and describe the blocker.

**Performance:** Note the effect of this change on latency, WAL and locks where it applies.

**Security:** Use least-privilege roles, not the superuser, unless the task requires it. Keep secrets out of the repository.

**Automation:** Commit SQL and configuration to the repository. From phase 17 on, apply changes through migrations and the automation repository.

**Assessment:** Scored 0-100. Pass mark 70. Type: Architecture questions.

### Completion criteria
- Every step is done and every acceptance criterion is demonstrated
- Required evidence is attached to the issue
- SQL, configuration and documents are committed to the repository
- Actual time is logged against the issue
- Instructor Review is Approved and the status is Completed

**Estimated time:** 2 h

**Next task:** Last task of this module","Kubernetes","V18.0 Cloud & Kubernetes","MOD-53","LAB-078","2","L5 - Expert","Assessment","Kubernetes Lab Cluster","Scored result","CloudNativePG; kubectl; PostgreSQL","18","Level 3 - Enterprise PostgreSQL","Engineering","Medium","Architecture questions","0","Pending"
"REVIEW-18","REVIEW-18","Review","High","[REVIEW-18] Phase 18 gate review","**Objective:** Confirm that phase 18 (Cloud & Kubernetes) is complete.

### Checklist
- [ ] Every issue of the phase is Completed
- [ ] Evidence is attached to every issue
- [ ] Time is logged
- [ ] Assessment score is 70 or higher
- [ ] SQL, configuration and documents are in the repository

**Assessment:** Instructor confirms the checklist and records the gate decision.

**Estimated time:** 1 h","","V18.0 Cloud & Kubernetes","PHASE-18","ASG-011, ASM-018","1","","Review","","Instructor sign-off","","","","","","Review","0","Pending"
"PHASE-19","PHASE-19","Phase","Normal","[PHASE-19] Advanced PostgreSQL Engineering","Phase 19 of 20. Version: V19.0 Advanced PostgreSQL Engineering.

Modules: 9. Estimated hours: 145.

- MOD-54 pgvector and AI Database Engineering
- MOD-55 PostGIS Fundamentals
- MOD-56 PostgreSQL API Engineering
- MOD-57 Connection and Application Engineering
- MOD-58 Data Engineering Integration
- MOD-59 Migration Engineering
- MOD-60 PostgreSQL Scaling and Architecture
- MOD-61 Security Integration
- MOD-62 PostgreSQL Troubleshooting

The phase closes with the gate review REVIEW-19.","","V19.0 Advanced PostgreSQL Engineering","EPIC","","","","","","","","","","","","","",""
"MOD-54","MOD-54","Module","Normal","[MOD-54] pgvector and AI Database Engineering","**Topics:** Embeddings; Vector data; pgvector; Vector similarity; Cosine distance; L2 distance; HNSW; IVFFlat; Hybrid search; RAG architecture; PostgreSQL and AI applications

**Tools:** pgvector; Python; PostgreSQL

**Environment:** Single Server

**Tasks:** 4, 20 estimated hours.

- THY-049 Embeddings, similarity and vector indexes
- LAB-079 PostgreSQL + pgvector
- LAB-080 Hybrid search: full-text plus vector
- PROJECT-022 Portfolio: PostgreSQL + pgvector + RAG application","pgvector","V19.0 Advanced PostgreSQL Engineering","PHASE-19","","","","","Single Server","","pgvector; Python; PostgreSQL","18","Level 3 - Enterprise PostgreSQL","Developer","High","","",""
"THY-049","THY-049","Theory","Normal","[THY-049] Embeddings, similarity and vector indexes","**Objective:** Embeddings, similarity and vector indexes

**Prerequisites:** LAB-022, SQL-011

**Concepts:** Embeddings; Vector data; pgvector; Vector similarity; Cosine distance; L2 distance; HNSW; IVFFlat; Hybrid search; RAG architecture; PostgreSQL and AI applications

**Tools:** pgvector; Python; PostgreSQL

**Environment:** Single Server

### Steps
- [ ] Study what an embedding is
- [ ] Study cosine, L2 and inner product distance
- [ ] Study exact versus approximate search
- [ ] Study HNSW and IVFFlat parameters and recall

### Acceptance criteria
- Chooses a distance and index for a given case
- Explains recall versus speed

**Evidence required:** Notes

**Troubleshooting:** Read the server log first. Record each problem and its fix in the issue notes. If stuck for more than 30 minutes, set the status to Blocked and describe the blocker.

**Performance:** Note the effect of this change on latency, WAL and locks where it applies.

**Security:** Use least-privilege roles, not the superuser, unless the task requires it. Keep secrets out of the repository.

**Automation:** Commit SQL and configuration to the repository. From phase 17 on, apply changes through migrations and the automation repository.

**Assessment:** Instructor checks the notes and asks short oral questions. Type: Short answer.

### Completion criteria
- Every step is done and every acceptance criterion is demonstrated
- Required evidence is attached to the issue
- SQL, configuration and documents are committed to the repository
- Actual time is logged against the issue
- Instructor Review is Approved and the status is Completed

**Estimated time:** 3 h

**Next task:** LAB-079","pgvector","V19.0 Advanced PostgreSQL Engineering","MOD-54","LAB-022, SQL-011","3","L4 - Advanced","Theory","Single Server","Notes","pgvector; Python; PostgreSQL","18","Level 3 - Enterprise PostgreSQL","Developer","High","Short answer","0","Pending"
"LAB-079","LAB-079","Lab","Normal","[LAB-079] PostgreSQL + pgvector","**Objective:** PostgreSQL + pgvector

**Prerequisites:** THY-049

**Concepts:** Embeddings; Vector data; pgvector; Vector similarity; Cosine distance; L2 distance; HNSW; IVFFlat; Hybrid search; RAG architecture; PostgreSQL and AI applications

**Tools:** pgvector; Python; PostgreSQL

**Environment:** Single Server

### Steps
- [ ] Install pgvector
- [ ] Create a table with a vector column
- [ ] Load embeddings for a document set
- [ ] Run exact nearest-neighbour queries with each distance operator
- [ ] Build HNSW and IVFFlat indexes and measure recall and latency

### Acceptance criteria
- Recall and latency table for exact, HNSW and IVFFlat is attached

**Evidence required:** Screenshot + command output

**Troubleshooting:** Read the server log first. Record each problem and its fix in the issue notes. If stuck for more than 30 minutes, set the status to Blocked and describe the blocker.

**Performance:** Note the effect of this change on latency, WAL and locks where it applies.

**Security:** Use least-privilege roles, not the superuser, unless the task requires it. Keep secrets out of the repository.

**Automation:** Commit SQL and configuration to the repository. From phase 17 on, apply changes through migrations and the automation repository.

**Assessment:** Instructor verifies the acceptance criteria from the evidence and may ask for a live demonstration. Type: Practical.

### Completion criteria
- Every step is done and every acceptance criterion is demonstrated
- Required evidence is attached to the issue
- SQL, configuration and documents are committed to the repository
- Actual time is logged against the issue
- Instructor Review is Approved and the status is Completed

**Estimated time:** 4 h

**Next task:** LAB-080","pgvector","V19.0 Advanced PostgreSQL Engineering","MOD-54","THY-049","4","L4 - Advanced","Guided Lab","Single Server","Screenshot + command output","pgvector; Python; PostgreSQL","18","Level 3 - Enterprise PostgreSQL","Developer","High","Practical","0","Pending"
"LAB-080","LAB-080","Lab","Normal","[LAB-080] Hybrid search: full-text plus vector","**Objective:** Hybrid search: full-text plus vector

**Prerequisites:** LAB-079

**Concepts:** Embeddings; Vector data; pgvector; Vector similarity; Cosine distance; L2 distance; HNSW; IVFFlat; Hybrid search; RAG architecture; PostgreSQL and AI applications

**Tools:** pgvector; Python; PostgreSQL

**Environment:** Single Server

### Steps
- [ ] Add a tsvector column and GIN index
- [ ] Run keyword search
- [ ] Combine keyword and vector ranks
- [ ] Filter by metadata with a partial or composite approach

### Acceptance criteria
- Hybrid query returns better results than either alone on the test set

**Evidence required:** Screenshot + command output

**Troubleshooting:** Read the server log first. Record each problem and its fix in the issue notes. If stuck for more than 30 minutes, set the status to Blocked and describe the blocker.

**Performance:** Note the effect of this change on latency, WAL and locks where it applies.

**Security:** Use least-privilege roles, not the superuser, unless the task requires it. Keep secrets out of the repository.

**Automation:** Commit SQL and configuration to the repository. From phase 17 on, apply changes through migrations and the automation repository.

**Assessment:** Instructor verifies the acceptance criteria from the evidence and may ask for a live demonstration. Type: Practical.

### Completion criteria
- Every step is done and every acceptance criterion is demonstrated
- Required evidence is attached to the issue
- SQL, configuration and documents are committed to the repository
- Actual time is logged against the issue
- Instructor Review is Approved and the status is Completed

**Estimated time:** 3 h

**Next task:** PROJECT-022","pgvector","V19.0 Advanced PostgreSQL Engineering","MOD-54","LAB-079","3","L4 - Advanced","Guided Lab","Single Server","Screenshot + command output","pgvector; Python; PostgreSQL","18","Level 3 - Enterprise PostgreSQL","Developer","High","Practical","0","Pending"
"PROJECT-022","PROJECT-022","Project","Normal","[PROJECT-022] Portfolio: PostgreSQL + pgvector + RAG application","**Objective:** Portfolio: PostgreSQL + pgvector + RAG application

**Prerequisites:** LAB-080

**Concepts:** Embeddings; Vector data; pgvector; Vector similarity; Cosine distance; L2 distance; HNSW; IVFFlat; Hybrid search; RAG architecture; PostgreSQL and AI applications

**Tools:** pgvector; Python; PostgreSQL

**Environment:** Single Server

### Steps
- [ ] Design the schema for documents, chunks and embeddings
- [ ] Build ingestion in Python
- [ ] Build retrieval with hybrid search and tenant filtering
- [ ] Call a language model with the retrieved context
- [ ] Evaluate answers on a question set
- [ ] Document architecture and limits

### Acceptance criteria
- Application answers questions from the documents with sources
- Retrieval quality is measured
- Repository is complete

**Evidence required:** Repository link + documentation

**Troubleshooting:** Read the server log first. Record each problem and its fix in the issue notes. If stuck for more than 30 minutes, set the status to Blocked and describe the blocker.

**Performance:** Note the effect of this change on latency, WAL and locks where it applies.

**Security:** Use least-privilege roles, not the superuser, unless the task requires it. Keep secrets out of the repository.

**Automation:** Commit SQL and configuration to the repository. From phase 17 on, apply changes through migrations and the automation repository.

**Assessment:** Scored 0-100 on working result, test evidence, documentation and repository quality. Type: Project.

### Completion criteria
- Every step is done and every acceptance criterion is demonstrated
- Required evidence is attached to the issue
- SQL, configuration and documents are committed to the repository
- Actual time is logged against the issue
- Instructor Review is Approved and the status is Completed

**Estimated time:** 10 h

**Next task:** Last task of this module","pgvector","V19.0 Advanced PostgreSQL Engineering","MOD-54","LAB-080","10","L4 - Advanced","Project","Single Server","Repository link + documentation","pgvector; Python; PostgreSQL","18","Level 3 - Enterprise PostgreSQL","Developer","High","Project","1","Pending"
"MOD-55","MOD-55","Module","Normal","[MOD-55] PostGIS Fundamentals","**Topics:** Geometry; Geography; Spatial indexes; Spatial queries; GIS data

**Tools:** PostGIS; PostgreSQL

**Environment:** Single Server

**Tasks:** 1, 4 estimated hours.

- LAB-081 PostGIS: geometry, geography, indexes and queries","Extensions","V19.0 Advanced PostgreSQL Engineering","PHASE-19","","","","","Single Server","","PostGIS; PostgreSQL","18","Level 3 - Enterprise PostgreSQL","Developer","Low","","",""
"LAB-081","LAB-081","Lab","Normal","[LAB-081] PostGIS: geometry, geography, indexes and queries","**Objective:** PostGIS: geometry, geography, indexes and queries

**Prerequisites:** LAB-022

**Concepts:** Geometry; Geography; Spatial indexes; Spatial queries; GIS data

**Tools:** PostGIS; PostgreSQL

**Environment:** Single Server

### Steps
- [ ] Install PostGIS
- [ ] Load point and polygon data
- [ ] Compare geometry and geography
- [ ] Create a GiST spatial index
- [ ] Run distance, within and nearest-neighbour queries

### Acceptance criteria
- Nearest ten locations query uses the spatial index
- Geometry versus geography difference is explained

**Evidence required:** Screenshot + command output

**Troubleshooting:** Read the server log first. Record each problem and its fix in the issue notes. If stuck for more than 30 minutes, set the status to Blocked and describe the blocker.

**Performance:** Note the effect of this change on latency, WAL and locks where it applies.

**Security:** Use least-privilege roles, not the superuser, unless the task requires it. Keep secrets out of the repository.

**Automation:** Commit SQL and configuration to the repository. From phase 17 on, apply changes through migrations and the automation repository.

**Assessment:** Instructor verifies the acceptance criteria from the evidence and may ask for a live demonstration. Type: Practical.

### Completion criteria
- Every step is done and every acceptance criterion is demonstrated
- Required evidence is attached to the issue
- SQL, configuration and documents are committed to the repository
- Actual time is logged against the issue
- Instructor Review is Approved and the status is Completed

**Estimated time:** 4 h

**Next task:** Last task of this module","Extensions","V19.0 Advanced PostgreSQL Engineering","MOD-55","LAB-022","4","L3 - Intermediate","Guided Lab","Single Server","Screenshot + command output","PostGIS; PostgreSQL","18","Level 3 - Enterprise PostgreSQL","Developer","Low","Practical","0","Pending"
"MOD-56","MOD-56","Module","Normal","[MOD-56] PostgreSQL API Engineering","**Topics:** REST; PostgREST; API security; Database roles; RLS; JWT; CRUD; API authorization

**Tools:** PostgREST; PostgreSQL; curl

**Environment:** Single Server

**Tasks:** 3, 16 estimated hours.

- THY-050 PostgREST: the database as the API
- LAB-082 PostgREST CRUD API with roles and JWT
- PROJECT-023 Portfolio: PostgreSQL + PostgREST + RLS multi-tenant application","APIs","V19.0 Advanced PostgreSQL Engineering","PHASE-19","","","","","Single Server","","PostgREST; PostgreSQL; curl","18","Level 3 - Enterprise PostgreSQL","Developer","High","","",""
"THY-050","THY-050","Theory","Normal","[THY-050] PostgREST: the database as the API","**Objective:** PostgREST: the database as the API

**Prerequisites:** PROJECT-008

**Concepts:** REST; PostgREST; API security; Database roles; RLS; JWT; CRUD; API authorization

**Tools:** PostgREST; PostgreSQL; curl

**Environment:** Single Server

### Steps
- [ ] Study how PostgREST maps schemas, tables, views and functions to endpoints
- [ ] Study the authenticator, anonymous and user roles
- [ ] Study JWT claims and role switching

### Acceptance criteria
- Explains the request path from token to role to RLS policy

**Evidence required:** Notes

**Troubleshooting:** Read the server log first. Record each problem and its fix in the issue notes. If stuck for more than 30 minutes, set the status to Blocked and describe the blocker.

**Performance:** Note the effect of this change on latency, WAL and locks where it applies.

**Security:** Use least-privilege roles, not the superuser, unless the task requires it. Keep secrets out of the repository.

**Automation:** Commit SQL and configuration to the repository. From phase 17 on, apply changes through migrations and the automation repository.

**Assessment:** Instructor checks the notes and asks short oral questions. Type: Short answer.

### Completion criteria
- Every step is done and every acceptance criterion is demonstrated
- Required evidence is attached to the issue
- SQL, configuration and documents are committed to the repository
- Actual time is logged against the issue
- Instructor Review is Approved and the status is Completed

**Estimated time:** 2 h

**Next task:** LAB-082","APIs","V19.0 Advanced PostgreSQL Engineering","MOD-56","PROJECT-008","2","L4 - Advanced","Theory","Single Server","Notes","PostgREST; PostgreSQL; curl","18","Level 3 - Enterprise PostgreSQL","Developer","High","Short answer","0","Pending"
"LAB-082","LAB-082","Lab","Normal","[LAB-082] PostgREST CRUD API with roles and JWT","**Objective:** PostgREST CRUD API with roles and JWT

**Prerequisites:** THY-050

**Concepts:** REST; PostgREST; API security; Database roles; RLS; JWT; CRUD; API authorization

**Tools:** PostgREST; PostgreSQL; curl

**Environment:** Single Server

### Steps
- [ ] Install PostgREST as a service
- [ ] Expose an api schema of views and functions
- [ ] Configure anonymous and authenticated roles
- [ ] Issue a test JWT
- [ ] Run CRUD with curl

### Acceptance criteria
- Anonymous and authenticated users see different data
- CRUD works through the API

**Evidence required:** Screenshot + command output

**Troubleshooting:** Read the server log first. Record each problem and its fix in the issue notes. If stuck for more than 30 minutes, set the status to Blocked and describe the blocker.

**Performance:** Note the effect of this change on latency, WAL and locks where it applies.

**Security:** Use least-privilege roles, not the superuser, unless the task requires it. Keep secrets out of the repository.

**Automation:** Commit SQL and configuration to the repository. From phase 17 on, apply changes through migrations and the automation repository.

**Assessment:** Instructor verifies the acceptance criteria from the evidence and may ask for a live demonstration. Type: Practical.

### Completion criteria
- Every step is done and every acceptance criterion is demonstrated
- Required evidence is attached to the issue
- SQL, configuration and documents are committed to the repository
- Actual time is logged against the issue
- Instructor Review is Approved and the status is Completed

**Estimated time:** 4 h

**Next task:** PROJECT-023","APIs","V19.0 Advanced PostgreSQL Engineering","MOD-56","THY-050","4","L4 - Advanced","Guided Lab","Single Server","Screenshot + command output","PostgREST; PostgreSQL; curl","18","Level 3 - Enterprise PostgreSQL","Developer","High","Practical","0","Pending"
"PROJECT-023","PROJECT-023","Project","Normal","[PROJECT-023] Portfolio: PostgreSQL + PostgREST + RLS multi-tenant application","**Objective:** Portfolio: PostgreSQL + PostgREST + RLS multi-tenant application

**Prerequisites:** LAB-082

**Concepts:** REST; PostgREST; API security; Database roles; RLS; JWT; CRUD; API authorization

**Tools:** PostgREST; PostgreSQL; curl

**Environment:** Single Server

### Steps
- [ ] Build on the multi-tenant RLS schema
- [ ] Expose it through PostgREST
- [ ] Carry tenant and role in JWT claims
- [ ] Add signup and login functions
- [ ] Write API tests for isolation
- [ ] Document the security model

### Acceptance criteria
- Tenant isolation holds through the API
- Tests pass
- Security model is documented

**Evidence required:** Repository link + documentation

**Troubleshooting:** Read the server log first. Record each problem and its fix in the issue notes. If stuck for more than 30 minutes, set the status to Blocked and describe the blocker.

**Performance:** Note the effect of this change on latency, WAL and locks where it applies.

**Security:** Use least-privilege roles, not the superuser, unless the task requires it. Keep secrets out of the repository.

**Automation:** Commit SQL and configuration to the repository. From phase 17 on, apply changes through migrations and the automation repository.

**Assessment:** Scored 0-100 on working result, test evidence, documentation and repository quality. Type: Project.

### Completion criteria
- Every step is done and every acceptance criterion is demonstrated
- Required evidence is attached to the issue
- SQL, configuration and documents are committed to the repository
- Actual time is logged against the issue
- Instructor Review is Approved and the status is Completed

**Estimated time:** 10 h

**Next task:** Last task of this module","APIs","V19.0 Advanced PostgreSQL Engineering","MOD-56","LAB-082","10","L4 - Advanced","Project","Single Server","Repository link + documentation","PostgREST; PostgreSQL; curl","18","Level 3 - Enterprise PostgreSQL","Developer","High","Project","1","Pending"
"MOD-57","MOD-57","Module","Normal","[MOD-57] Connection and Application Engineering","**Topics:** Connection pooling; Application connections; Prepared statements; Transactions; Connection limits; Timeouts; Retry strategies; Idempotency; Database API design

**Tools:** Python; PgBouncer; PostgreSQL

**Environment:** Single Server

**Tasks:** 2, 7 estimated hours.

- THY-051 How applications should talk to PostgreSQL
- LAB-083 Timeouts, retries and idempotency in Python","APIs","V19.0 Advanced PostgreSQL Engineering","PHASE-19","","","","","Single Server","","Python; PgBouncer; PostgreSQL","18","Level 3 - Enterprise PostgreSQL","Developer","High","","",""
"THY-051","THY-051","Theory","Normal","[THY-051] How applications should talk to PostgreSQL","**Objective:** How applications should talk to PostgreSQL

**Prerequisites:** PROJECT-014

**Concepts:** Connection pooling; Application connections; Prepared statements; Transactions; Connection limits; Timeouts; Retry strategies; Idempotency; Database API design

**Tools:** Python; PgBouncer; PostgreSQL

**Environment:** Single Server

### Steps
- [ ] Study application pools versus PgBouncer
- [ ] Study prepared statements and transaction pooling
- [ ] Study statement, lock and idle timeouts
- [ ] Study retries, backoff and idempotency keys

### Acceptance criteria
- Lists the timeouts an application should set
- Explains safe retry

**Evidence required:** Notes

**Troubleshooting:** Read the server log first. Record each problem and its fix in the issue notes. If stuck for more than 30 minutes, set the status to Blocked and describe the blocker.

**Performance:** Note the effect of this change on latency, WAL and locks where it applies.

**Security:** Use least-privilege roles, not the superuser, unless the task requires it. Keep secrets out of the repository.

**Automation:** Commit SQL and configuration to the repository. From phase 17 on, apply changes through migrations and the automation repository.

**Assessment:** Instructor checks the notes and asks short oral questions. Type: Short answer.

### Completion criteria
- Every step is done and every acceptance criterion is demonstrated
- Required evidence is attached to the issue
- SQL, configuration and documents are committed to the repository
- Actual time is logged against the issue
- Instructor Review is Approved and the status is Completed

**Estimated time:** 3 h

**Next task:** LAB-083","APIs","V19.0 Advanced PostgreSQL Engineering","MOD-57","PROJECT-014","3","L3 - Intermediate","Theory","Single Server","Notes","Python; PgBouncer; PostgreSQL","18","Level 3 - Enterprise PostgreSQL","Developer","High","Short answer","0","Pending"
"LAB-083","LAB-083","Lab","Normal","[LAB-083] Timeouts, retries and idempotency in Python","**Objective:** Timeouts, retries and idempotency in Python

**Prerequisites:** THY-051

**Concepts:** Connection pooling; Application connections; Prepared statements; Transactions; Connection limits; Timeouts; Retry strategies; Idempotency; Database API design

**Tools:** Python; PgBouncer; PostgreSQL

**Environment:** Single Server

### Steps
- [ ] Write a client with a pool, timeouts and retry on serialization and connection errors
- [ ] Make a payment operation idempotent with a key
- [ ] Test during a failover of the HA cluster

### Acceptance criteria
- Client survives a failover without duplicate payments
- Timeouts end stuck calls

**Evidence required:** Screenshot + command output

**Troubleshooting:** Read the server log first. Record each problem and its fix in the issue notes. If stuck for more than 30 minutes, set the status to Blocked and describe the blocker.

**Performance:** Note the effect of this change on latency, WAL and locks where it applies.

**Security:** Use least-privilege roles, not the superuser, unless the task requires it. Keep secrets out of the repository.

**Automation:** Commit SQL and configuration to the repository. From phase 17 on, apply changes through migrations and the automation repository.

**Assessment:** Instructor verifies the acceptance criteria from the evidence and may ask for a live demonstration. Type: Practical.

### Completion criteria
- Every step is done and every acceptance criterion is demonstrated
- Required evidence is attached to the issue
- SQL, configuration and documents are committed to the repository
- Actual time is logged against the issue
- Instructor Review is Approved and the status is Completed

**Estimated time:** 4 h

**Next task:** Last task of this module","APIs","V19.0 Advanced PostgreSQL Engineering","MOD-57","THY-051","4","L3 - Intermediate","Guided Lab","Single Server","Screenshot + command output","Python; PgBouncer; PostgreSQL","18","Level 3 - Enterprise PostgreSQL","Developer","High","Practical","0","Pending"
"MOD-58","MOD-58","Module","Normal","[MOD-58] Data Engineering Integration","**Topics:** Python; REST APIs; PostgREST; ETL; CDC; Kafka concepts; Data warehouses; BI tools

**Tools:** Python; PostgREST; PostgreSQL

**Environment:** Single Server

**Tasks:** 3, 14 estimated hours.

- THY-052 ETL, CDC and analytics architecture
- LAB-084 ETL with Python and CDC with logical decoding
- PROJECT-024 PostgreSQL API + Analytics Project","APIs","V19.0 Advanced PostgreSQL Engineering","PHASE-19","","","","","Single Server","","Python; PostgREST; PostgreSQL","18","Level 3 - Enterprise PostgreSQL","Developer","Medium","","",""
"THY-052","THY-052","Theory","Normal","[THY-052] ETL, CDC and analytics architecture","**Objective:** ETL, CDC and analytics architecture

**Prerequisites:** PROJECT-023, ASM-013

**Concepts:** Python; REST APIs; PostgREST; ETL; CDC; Kafka concepts; Data warehouses; BI tools

**Tools:** Python; PostgREST; PostgreSQL

**Environment:** Single Server

### Steps
- [ ] Study batch ETL versus change data capture
- [ ] Study logical decoding as the CDC source and Kafka concepts
- [ ] Study warehouses and BI tools on PostgreSQL

### Acceptance criteria
- Chooses ETL or CDC for three cases

**Evidence required:** Notes

**Troubleshooting:** Read the server log first. Record each problem and its fix in the issue notes. If stuck for more than 30 minutes, set the status to Blocked and describe the blocker.

**Performance:** Note the effect of this change on latency, WAL and locks where it applies.

**Security:** Use least-privilege roles, not the superuser, unless the task requires it. Keep secrets out of the repository.

**Automation:** Commit SQL and configuration to the repository. From phase 17 on, apply changes through migrations and the automation repository.

**Assessment:** Instructor checks the notes and asks short oral questions. Type: Short answer.

### Completion criteria
- Every step is done and every acceptance criterion is demonstrated
- Required evidence is attached to the issue
- SQL, configuration and documents are committed to the repository
- Actual time is logged against the issue
- Instructor Review is Approved and the status is Completed

**Estimated time:** 2 h

**Next task:** LAB-084","APIs","V19.0 Advanced PostgreSQL Engineering","MOD-58","PROJECT-023, ASM-013","2","L4 - Advanced","Theory","Single Server","Notes","Python; PostgREST; PostgreSQL","18","Level 3 - Enterprise PostgreSQL","Developer","Medium","Short answer","0","Pending"
"LAB-084","LAB-084","Lab","Normal","[LAB-084] ETL with Python and CDC with logical decoding","**Objective:** ETL with Python and CDC with logical decoding

**Prerequisites:** THY-052

**Concepts:** Python; REST APIs; PostgREST; ETL; CDC; Kafka concepts; Data warehouses; BI tools

**Tools:** Python; PostgREST; PostgreSQL

**Environment:** Single Server

### Steps
- [ ] Load an external CSV and API source with Python into staging and merge
- [ ] Build a star schema from the dataset
- [ ] Read changes with logical decoding and apply them to the reporting schema

### Acceptance criteria
- Reporting schema stays current through CDC
- ETL is rerunnable

**Evidence required:** Screenshot + command output

**Troubleshooting:** Read the server log first. Record each problem and its fix in the issue notes. If stuck for more than 30 minutes, set the status to Blocked and describe the blocker.

**Performance:** Note the effect of this change on latency, WAL and locks where it applies.

**Security:** Use least-privilege roles, not the superuser, unless the task requires it. Keep secrets out of the repository.

**Automation:** Commit SQL and configuration to the repository. From phase 17 on, apply changes through migrations and the automation repository.

**Assessment:** Instructor verifies the acceptance criteria from the evidence and may ask for a live demonstration. Type: Practical.

### Completion criteria
- Every step is done and every acceptance criterion is demonstrated
- Required evidence is attached to the issue
- SQL, configuration and documents are committed to the repository
- Actual time is logged against the issue
- Instructor Review is Approved and the status is Completed

**Estimated time:** 4 h

**Next task:** PROJECT-024","APIs","V19.0 Advanced PostgreSQL Engineering","MOD-58","THY-052","4","L4 - Advanced","Guided Lab","Single Server","Screenshot + command output","Python; PostgREST; PostgreSQL","18","Level 3 - Enterprise PostgreSQL","Developer","Medium","Practical","0","Pending"
"PROJECT-024","PROJECT-024","Project","Normal","[PROJECT-024] PostgreSQL API + Analytics Project","**Objective:** PostgreSQL API + Analytics Project

**Prerequisites:** LAB-084

**Concepts:** Python; REST APIs; PostgREST; ETL; CDC; Kafka concepts; Data warehouses; BI tools

**Tools:** Python; PostgREST; PostgreSQL

**Environment:** Single Server

### Steps
- [ ] Expose the operational data through PostgREST
- [ ] Maintain a reporting schema with ETL or CDC
- [ ] Build five analytics queries and a dashboard in a BI tool or Grafana
- [ ] Document the data flow

### Acceptance criteria
- API and analytics both work from one platform
- Data flow is documented

**Evidence required:** Repository link + documentation

**Troubleshooting:** Read the server log first. Record each problem and its fix in the issue notes. If stuck for more than 30 minutes, set the status to Blocked and describe the blocker.

**Performance:** Note the effect of this change on latency, WAL and locks where it applies.

**Security:** Use least-privilege roles, not the superuser, unless the task requires it. Keep secrets out of the repository.

**Automation:** Commit SQL and configuration to the repository. From phase 17 on, apply changes through migrations and the automation repository.

**Assessment:** Scored 0-100 on working result, test evidence, documentation and repository quality. Type: Project.

### Completion criteria
- Every step is done and every acceptance criterion is demonstrated
- Required evidence is attached to the issue
- SQL, configuration and documents are committed to the repository
- Actual time is logged against the issue
- Instructor Review is Approved and the status is Completed

**Estimated time:** 8 h

**Next task:** Last task of this module","APIs","V19.0 Advanced PostgreSQL Engineering","MOD-58","LAB-084","8","L4 - Advanced","Project","Single Server","Repository link + documentation","Python; PostgREST; PostgreSQL","18","Level 3 - Enterprise PostgreSQL","Developer","Medium","Project","1","Pending"
"MOD-59","MOD-59","Module","Normal","[MOD-59] Migration Engineering","**Topics:** MySQL to PostgreSQL; SQL Server to PostgreSQL; Oracle to PostgreSQL; Older PostgreSQL to newer PostgreSQL; pg_dump; Logical replication; ETL; CDC concepts; Dual-write concepts; Cutover; Rollback

**Tools:** pg_dump; pgloader; PostgreSQL

**Environment:** Two-Node Replication

**Tasks:** 3, 17 estimated hours.

- THY-053 Migration methods and risks
- LAB-085 pg_upgrade major version upgrade
- PROJECT-025 Portfolio: PostgreSQL Migration Project","Migration","V19.0 Advanced PostgreSQL Engineering","PHASE-19","","","","","Two-Node Replication","","pg_dump; pgloader; PostgreSQL","18","Level 3 - Enterprise PostgreSQL","DBA","High","","",""
"THY-053","THY-053","Theory","Normal","[THY-053] Migration methods and risks","**Objective:** Migration methods and risks

**Prerequisites:** ASM-013

**Concepts:** MySQL to PostgreSQL; SQL Server to PostgreSQL; Oracle to PostgreSQL; Older PostgreSQL to newer PostgreSQL; pg_dump; Logical replication; ETL; CDC concepts; Dual-write concepts; Cutover; Rollback

**Tools:** pg_dump; pgloader; PostgreSQL

**Environment:** Two-Node Replication

### Steps
- [ ] Compare dump and restore, pg_upgrade, logical replication, ETL, CDC and dual-write
- [ ] Study type, function and behaviour differences from MySQL, SQL Server and Oracle
- [ ] Study cutover and rollback planning

### Acceptance criteria
- Chooses a method for four scenarios
- Lists five incompatibilities per source database

**Evidence required:** Notes

**Troubleshooting:** Read the server log first. Record each problem and its fix in the issue notes. If stuck for more than 30 minutes, set the status to Blocked and describe the blocker.

**Performance:** Note the effect of this change on latency, WAL and locks where it applies.

**Security:** Use least-privilege roles, not the superuser, unless the task requires it. Keep secrets out of the repository.

**Automation:** Commit SQL and configuration to the repository. From phase 17 on, apply changes through migrations and the automation repository.

**Assessment:** Instructor checks the notes and asks short oral questions. Type: Short answer.

### Completion criteria
- Every step is done and every acceptance criterion is demonstrated
- Required evidence is attached to the issue
- SQL, configuration and documents are committed to the repository
- Actual time is logged against the issue
- Instructor Review is Approved and the status is Completed

**Estimated time:** 3 h

**Next task:** LAB-085","Migration","V19.0 Advanced PostgreSQL Engineering","MOD-59","ASM-013","3","L4 - Advanced","Theory","Two-Node Replication","Notes","pg_dump; pgloader; PostgreSQL","18","Level 3 - Enterprise PostgreSQL","DBA","High","Short answer","0","Pending"
"LAB-085","LAB-085","Lab","Normal","[LAB-085] pg_upgrade major version upgrade","**Objective:** pg_upgrade major version upgrade

**Prerequisites:** THY-053

**Concepts:** MySQL to PostgreSQL; SQL Server to PostgreSQL; Oracle to PostgreSQL; Older PostgreSQL to newer PostgreSQL; pg_dump; Logical replication; ETL; CDC concepts; Dual-write concepts; Cutover; Rollback

**Tools:** pg_dump; pgloader; PostgreSQL

**Environment:** Two-Node Replication

### Steps
- [ ] Install the new version beside the old
- [ ] Run pg_upgrade in check mode then for real with link mode
- [ ] Handle extensions
- [ ] Refresh statistics as required by the version
- [ ] Record downtime

### Acceptance criteria
- Upgrade succeeds with measured downtime
- Post-upgrade checks pass

**Evidence required:** Screenshot + command output

**Troubleshooting:** Read the server log first. Record each problem and its fix in the issue notes. If stuck for more than 30 minutes, set the status to Blocked and describe the blocker.

**Performance:** Note the effect of this change on latency, WAL and locks where it applies.

**Security:** Use least-privilege roles, not the superuser, unless the task requires it. Keep secrets out of the repository.

**Automation:** Commit SQL and configuration to the repository. From phase 17 on, apply changes through migrations and the automation repository.

**Assessment:** Instructor verifies the acceptance criteria from the evidence and may ask for a live demonstration. Type: Practical.

### Completion criteria
- Every step is done and every acceptance criterion is demonstrated
- Required evidence is attached to the issue
- SQL, configuration and documents are committed to the repository
- Actual time is logged against the issue
- Instructor Review is Approved and the status is Completed

**Estimated time:** 4 h

**Next task:** PROJECT-025","Migration","V19.0 Advanced PostgreSQL Engineering","MOD-59","THY-053","4","L4 - Advanced","Guided Lab","Two-Node Replication","Screenshot + command output","pg_dump; pgloader; PostgreSQL","18","Level 3 - Enterprise PostgreSQL","DBA","High","Practical","0","Pending"
"PROJECT-025","PROJECT-025","Project","Normal","[PROJECT-025] Portfolio: PostgreSQL Migration Project","**Objective:** Portfolio: PostgreSQL Migration Project

**Prerequisites:** LAB-085

**Concepts:** MySQL to PostgreSQL; SQL Server to PostgreSQL; Oracle to PostgreSQL; Older PostgreSQL to newer PostgreSQL; pg_dump; Logical replication; ETL; CDC concepts; Dual-write concepts; Cutover; Rollback

**Tools:** pg_dump; pgloader; PostgreSQL

**Environment:** Two-Node Replication

### Steps
- [ ] Migrate the instructor MySQL application database to PostgreSQL
- [ ] Convert schema and types
- [ ] Move data with a repeatable tool
- [ ] Convert queries and procedures
- [ ] Validate counts and checksums
- [ ] Plan and rehearse cutover and rollback
- [ ] Write the migration report

### Acceptance criteria
- Validation passes
- Application runs on PostgreSQL
- Cutover and rollback are rehearsed and documented

**Evidence required:** Repository link + documentation

**Troubleshooting:** Read the server log first. Record each problem and its fix in the issue notes. If stuck for more than 30 minutes, set the status to Blocked and describe the blocker.

**Performance:** Note the effect of this change on latency, WAL and locks where it applies.

**Security:** Use least-privilege roles, not the superuser, unless the task requires it. Keep secrets out of the repository.

**Automation:** Commit SQL and configuration to the repository. From phase 17 on, apply changes through migrations and the automation repository.

**Assessment:** Scored 0-100 on working result, test evidence, documentation and repository quality. Type: Project.

### Completion criteria
- Every step is done and every acceptance criterion is demonstrated
- Required evidence is attached to the issue
- SQL, configuration and documents are committed to the repository
- Actual time is logged against the issue
- Instructor Review is Approved and the status is Completed

**Estimated time:** 10 h

**Next task:** Last task of this module","Migration","V19.0 Advanced PostgreSQL Engineering","MOD-59","LAB-085","10","L4 - Advanced","Project","Two-Node Replication","Repository link + documentation","pg_dump; pgloader; PostgreSQL","18","Level 3 - Enterprise PostgreSQL","DBA","High","Project","1","Pending"
"MOD-60","MOD-60","Module","Normal","[MOD-60] PostgreSQL Scaling and Architecture","**Topics:** Vertical scaling; Read replicas; Connection pooling; Partitioning; Caching; Query optimization; Horizontal scaling concepts; Sharding concepts; Distributed PostgreSQL concepts; Citus concepts; pgpool-II; Multi-region architecture; Design for small applications, SaaS, enterprise, multi-tenant, high-traffic websites, financial systems, ERP, CRM, analytics and AI applications

**Tools:** PgBouncer; HAProxy; draw.io

**Environment:** Workstation

**Tasks:** 3, 13 estimated hours.

- THY-054 Scaling ladder: from one server to distributed
- ASG-012 Reference architectures for ten application types
- ASG-013 Multi-region architecture and disaster recovery design","Scaling","V19.0 Advanced PostgreSQL Engineering","PHASE-19","","","","","Workstation","","PgBouncer; HAProxy; draw.io","18","Level 3 - Enterprise PostgreSQL","Engineering","High","","",""
"THY-054","THY-054","Theory","Normal","[THY-054] Scaling ladder: from one server to distributed","**Objective:** Scaling ladder: from one server to distributed

**Prerequisites:** ASM-015, ASG-011

**Concepts:** Vertical scaling; Read replicas; Connection pooling; Partitioning; Caching; Query optimization; Horizontal scaling concepts; Sharding concepts; Distributed PostgreSQL concepts; Citus concepts; pgpool-II; Multi-region architecture; Design for small applications, SaaS, enterprise, multi-tenant, high-traffic websites, financial systems, ERP, CRM, analytics and AI applications

**Tools:** PgBouncer; HAProxy; draw.io

**Environment:** Workstation

### Steps
- [ ] Study the order: optimize queries, scale up, pool, add replicas, partition, cache, shard
- [ ] Study Citus and pgpool-II concepts
- [ ] Study multi-region designs and their consistency trade-offs

### Acceptance criteria
- Places ten problems on the ladder
- Explains what sharding costs

**Evidence required:** Notes

**Troubleshooting:** Read the server log first. Record each problem and its fix in the issue notes. If stuck for more than 30 minutes, set the status to Blocked and describe the blocker.

**Performance:** Note the effect of this change on latency, WAL and locks where it applies.

**Security:** Use least-privilege roles, not the superuser, unless the task requires it. Keep secrets out of the repository.

**Automation:** Commit SQL and configuration to the repository. From phase 17 on, apply changes through migrations and the automation repository.

**Assessment:** Instructor checks the notes and asks short oral questions. Type: Short answer.

### Completion criteria
- Every step is done and every acceptance criterion is demonstrated
- Required evidence is attached to the issue
- SQL, configuration and documents are committed to the repository
- Actual time is logged against the issue
- Instructor Review is Approved and the status is Completed

**Estimated time:** 3 h

**Next task:** ASG-012","Scaling","V19.0 Advanced PostgreSQL Engineering","MOD-60","ASM-015, ASG-011","3","L5 - Expert","Theory","Workstation","Notes","PgBouncer; HAProxy; draw.io","18","Level 3 - Enterprise PostgreSQL","Engineering","High","Short answer","0","Pending"
"ASG-012","ASG-012","Assignment","Normal","[ASG-012] Reference architectures for ten application types","**Objective:** Reference architectures for ten application types

**Prerequisites:** THY-054

**Concepts:** Vertical scaling; Read replicas; Connection pooling; Partitioning; Caching; Query optimization; Horizontal scaling concepts; Sharding concepts; Distributed PostgreSQL concepts; Citus concepts; pgpool-II; Multi-region architecture; Design for small applications, SaaS, enterprise, multi-tenant, high-traffic websites, financial systems, ERP, CRM, analytics and AI applications

**Tools:** PgBouncer; HAProxy; draw.io

**Environment:** Workstation

### Steps
- [ ] Write a one-page architecture for each: small application, SaaS, enterprise, multi-tenant, high-traffic website, financial system, ERP, CRM, analytics, AI application
- [ ] State topology, HA, backup, security and scaling path

### Acceptance criteria
- Ten architectures with justified differences are delivered

**Evidence required:** Written deliverable

**Troubleshooting:** Read the server log first. Record each problem and its fix in the issue notes. If stuck for more than 30 minutes, set the status to Blocked and describe the blocker.

**Performance:** Note the effect of this change on latency, WAL and locks where it applies.

**Security:** Use least-privilege roles, not the superuser, unless the task requires it. Keep secrets out of the repository.

**Automation:** Commit SQL and configuration to the repository. From phase 17 on, apply changes through migrations and the automation repository.

**Assessment:** Instructor reviews the deliverable against the acceptance criteria. Type: Architecture design.

### Completion criteria
- Every step is done and every acceptance criterion is demonstrated
- Required evidence is attached to the issue
- SQL, configuration and documents are committed to the repository
- Actual time is logged against the issue
- Instructor Review is Approved and the status is Completed

**Estimated time:** 6 h

**Next task:** ASG-013","Scaling","V19.0 Advanced PostgreSQL Engineering","MOD-60","THY-054","6","L5 - Expert","Assignment","Workstation","Written deliverable","PgBouncer; HAProxy; draw.io","18","Level 3 - Enterprise PostgreSQL","Engineering","High","Architecture design","0","Pending"
"ASG-013","ASG-013","Assignment","Normal","[ASG-013] Multi-region architecture and disaster recovery design","**Objective:** Multi-region architecture and disaster recovery design

**Prerequisites:** ASG-012

**Concepts:** Vertical scaling; Read replicas; Connection pooling; Partitioning; Caching; Query optimization; Horizontal scaling concepts; Sharding concepts; Distributed PostgreSQL concepts; Citus concepts; pgpool-II; Multi-region architecture; Design for small applications, SaaS, enterprise, multi-tenant, high-traffic websites, financial systems, ERP, CRM, analytics and AI applications

**Tools:** PgBouncer; HAProxy; draw.io

**Environment:** Workstation

### Steps
- [ ] Design a two-region deployment
- [ ] Choose replication type and failover procedure
- [ ] State RPO, RTO and consistency behaviour
- [ ] Define the DR test

### Acceptance criteria
- Design states RPO, RTO and failover steps
- Trade-offs are explicit

**Evidence required:** Written deliverable

**Troubleshooting:** Read the server log first. Record each problem and its fix in the issue notes. If stuck for more than 30 minutes, set the status to Blocked and describe the blocker.

**Performance:** Note the effect of this change on latency, WAL and locks where it applies.

**Security:** Use least-privilege roles, not the superuser, unless the task requires it. Keep secrets out of the repository.

**Automation:** Commit SQL and configuration to the repository. From phase 17 on, apply changes through migrations and the automation repository.

**Assessment:** Instructor reviews the deliverable against the acceptance criteria. Type: Disaster recovery.

### Completion criteria
- Every step is done and every acceptance criterion is demonstrated
- Required evidence is attached to the issue
- SQL, configuration and documents are committed to the repository
- Actual time is logged against the issue
- Instructor Review is Approved and the status is Completed

**Estimated time:** 4 h

**Next task:** Last task of this module","Scaling","V19.0 Advanced PostgreSQL Engineering","MOD-60","ASG-012","4","L5 - Expert","Assignment","Workstation","Written deliverable","PgBouncer; HAProxy; draw.io","18","Level 3 - Enterprise PostgreSQL","Engineering","High","Disaster recovery","0","Pending"
"MOD-61","MOD-61","Module","Normal","[MOD-61] Security Integration","**Topics:** Integration of PostgreSQL with Wazuh, Grafana, Prometheus, Loki, OpenSearch and OpenBao

**Tools:** Wazuh; Grafana; Prometheus; Loki; OpenSearch; OpenBao

**Environment:** Monitoring Stack

**Tasks:** 4, 23 estimated hours.

- LAB-086 PostgreSQL Security Monitoring
- PROJECT-026 Security project 5: PostgreSQL + OpenBao secrets management
- PROJECT-027 Security project 6: PostgreSQL security monitoring with Wazuh
- PROJECT-028 Portfolio: PostgreSQL Security Platform","Security","V19.0 Advanced PostgreSQL Engineering","PHASE-19","","","","","Monitoring Stack","","Wazuh; Grafana; Prometheus; Loki; OpenSearch; OpenBao","18","Level 3 - Enterprise PostgreSQL","Engineering","High","","",""
"LAB-086","LAB-086","Lab","Normal","[LAB-086] PostgreSQL Security Monitoring","**Objective:** PostgreSQL Security Monitoring

**Prerequisites:** ASM-011, PROJECT-020

**Concepts:** Integration of PostgreSQL with Wazuh, Grafana, Prometheus, Loki, OpenSearch and OpenBao

**Tools:** Wazuh; Grafana; Prometheus; Loki; OpenSearch; OpenBao

**Environment:** Monitoring Stack

### Steps
- [ ] Ship PostgreSQL and pgaudit logs to Wazuh
- [ ] Add rules for failed logins, role changes, privilege grants and DDL on sensitive tables
- [ ] Build a security dashboard in Grafana
- [ ] Generate each event in the lab and confirm the alert

### Acceptance criteria
- Each test event raises an alert
- Dashboard shows the events

**Evidence required:** Screenshot + command output

**Troubleshooting:** Read the server log first. Record each problem and its fix in the issue notes. If stuck for more than 30 minutes, set the status to Blocked and describe the blocker.

**Performance:** Note the effect of this change on latency, WAL and locks where it applies.

**Security:** Use least-privilege roles, not the superuser, unless the task requires it. Keep secrets out of the repository.

**Automation:** Commit SQL and configuration to the repository. From phase 17 on, apply changes through migrations and the automation repository.

**Assessment:** Instructor verifies the acceptance criteria from the evidence and may ask for a live demonstration. Type: Practical.

### Completion criteria
- Every step is done and every acceptance criterion is demonstrated
- Required evidence is attached to the issue
- SQL, configuration and documents are committed to the repository
- Actual time is logged against the issue
- Instructor Review is Approved and the status is Completed

**Estimated time:** 5 h

**Next task:** PROJECT-026","Security","V19.0 Advanced PostgreSQL Engineering","MOD-61","ASM-011, PROJECT-020","5","L4 - Advanced","Guided Lab","Monitoring Stack","Screenshot + command output","Wazuh; Grafana; Prometheus; Loki; OpenSearch; OpenBao","18","Level 3 - Enterprise PostgreSQL","Engineering","High","Practical","0","Pending"
"PROJECT-026","PROJECT-026","Project","Normal","[PROJECT-026] Security project 5: PostgreSQL + OpenBao secrets management","**Objective:** Security project 5: PostgreSQL + OpenBao secrets management

**Prerequisites:** LAB-086

**Concepts:** Integration of PostgreSQL with Wazuh, Grafana, Prometheus, Loki, OpenSearch and OpenBao

**Tools:** Wazuh; Grafana; Prometheus; Loki; OpenSearch; OpenBao

**Environment:** Monitoring Stack

### Steps
- [ ] Install OpenBao
- [ ] Configure the database secrets engine for PostgreSQL
- [ ] Issue short-lived dynamic roles to an application
- [ ] Rotate the root credential
- [ ] Remove static passwords from configuration

### Acceptance criteria
- Application connects with dynamic credentials that expire
- No static database password remains

**Evidence required:** Repository link + documentation

**Troubleshooting:** Read the server log first. Record each problem and its fix in the issue notes. If stuck for more than 30 minutes, set the status to Blocked and describe the blocker.

**Performance:** Note the effect of this change on latency, WAL and locks where it applies.

**Security:** Use least-privilege roles, not the superuser, unless the task requires it. Keep secrets out of the repository.

**Automation:** Commit SQL and configuration to the repository. From phase 17 on, apply changes through migrations and the automation repository.

**Assessment:** Scored 0-100 on working result, test evidence, documentation and repository quality. Type: Project.

### Completion criteria
- Every step is done and every acceptance criterion is demonstrated
- Required evidence is attached to the issue
- SQL, configuration and documents are committed to the repository
- Actual time is logged against the issue
- Instructor Review is Approved and the status is Completed

**Estimated time:** 6 h

**Next task:** PROJECT-027","Security","V19.0 Advanced PostgreSQL Engineering","MOD-61","LAB-086","6","L4 - Advanced","Project","Monitoring Stack","Repository link + documentation","Wazuh; Grafana; Prometheus; Loki; OpenSearch; OpenBao","18","Level 3 - Enterprise PostgreSQL","Engineering","High","Project","1","Pending"
"PROJECT-027","PROJECT-027","Project","Normal","[PROJECT-027] Security project 6: PostgreSQL security monitoring with Wazuh","**Objective:** Security project 6: PostgreSQL security monitoring with Wazuh

**Prerequisites:** PROJECT-026

**Concepts:** Integration of PostgreSQL with Wazuh, Grafana, Prometheus, Loki, OpenSearch and OpenBao

**Tools:** Wazuh; Grafana; Prometheus; Loki; OpenSearch; OpenBao

**Environment:** Monitoring Stack

### Steps
- [ ] Deliver the monitoring rules, dashboards and response procedures as one package
- [ ] Run a detection exercise covering all rules

### Acceptance criteria
- Every rule fires in the exercise
- Procedures are documented

**Evidence required:** Repository link + documentation

**Troubleshooting:** Read the server log first. Record each problem and its fix in the issue notes. If stuck for more than 30 minutes, set the status to Blocked and describe the blocker.

**Performance:** Note the effect of this change on latency, WAL and locks where it applies.

**Security:** Use least-privilege roles, not the superuser, unless the task requires it. Keep secrets out of the repository.

**Automation:** Commit SQL and configuration to the repository. From phase 17 on, apply changes through migrations and the automation repository.

**Assessment:** Scored 0-100 on working result, test evidence, documentation and repository quality. Type: Project.

### Completion criteria
- Every step is done and every acceptance criterion is demonstrated
- Required evidence is attached to the issue
- SQL, configuration and documents are committed to the repository
- Actual time is logged against the issue
- Instructor Review is Approved and the status is Completed

**Estimated time:** 6 h

**Next task:** PROJECT-028","Security","V19.0 Advanced PostgreSQL Engineering","MOD-61","PROJECT-026","6","L4 - Advanced","Project","Monitoring Stack","Repository link + documentation","Wazuh; Grafana; Prometheus; Loki; OpenSearch; OpenBao","18","Level 3 - Enterprise PostgreSQL","Engineering","High","Project","1","Pending"
"PROJECT-028","PROJECT-028","Project","Normal","[PROJECT-028] Portfolio: PostgreSQL Security Platform","**Objective:** Portfolio: PostgreSQL Security Platform

**Prerequisites:** PROJECT-027

**Concepts:** Integration of PostgreSQL with Wazuh, Grafana, Prometheus, Loki, OpenSearch and OpenBao

**Tools:** Wazuh; Grafana; Prometheus; Loki; OpenSearch; OpenBao

**Environment:** Monitoring Stack

### Steps
- [ ] Combine hardening baseline, role architecture, TLS, RLS, auditing, secrets management and security monitoring into one documented platform

### Acceptance criteria
- Platform is reproducible from the repository
- Security audit checklist passes

**Evidence required:** Repository link + documentation

**Troubleshooting:** Read the server log first. Record each problem and its fix in the issue notes. If stuck for more than 30 minutes, set the status to Blocked and describe the blocker.

**Performance:** Note the effect of this change on latency, WAL and locks where it applies.

**Security:** Use least-privilege roles, not the superuser, unless the task requires it. Keep secrets out of the repository.

**Automation:** Commit SQL and configuration to the repository. From phase 17 on, apply changes through migrations and the automation repository.

**Assessment:** Scored 0-100 on working result, test evidence, documentation and repository quality. Type: Project.

### Completion criteria
- Every step is done and every acceptance criterion is demonstrated
- Required evidence is attached to the issue
- SQL, configuration and documents are committed to the repository
- Actual time is logged against the issue
- Instructor Review is Approved and the status is Completed

**Estimated time:** 6 h

**Next task:** Last task of this module","Security","V19.0 Advanced PostgreSQL Engineering","MOD-61","PROJECT-027","6","L4 - Advanced","Project","Monitoring Stack","Repository link + documentation","Wazuh; Grafana; Prometheus; Loki; OpenSearch; OpenBao","18","Level 3 - Enterprise PostgreSQL","Engineering","High","Project","1","Pending"
"MOD-62","MOD-62","Module","Normal","[MOD-62] PostgreSQL Troubleshooting","**Topics:** Database unavailable; Connection refused; Authentication failure; Too many connections; Slow query; Lock wait; Deadlock; High CPU; High memory; Disk full; WAL growth; Replication lag; Broken replication; Autovacuum problems; Bloat; Checkpoint problems; Corruption concepts; Failover problems; Backup failure; PITR failure

**Tools:** PostgreSQL; psql; pg_stat_activity; journalctl

**Environment:** HA Cluster (3 nodes)

**Tasks:** 12, 30 estimated hours.

- THY-055 Troubleshooting method and the seven-section report
- TSH-042 Scenario 42: database unavailable after a reboot
- TSH-043 Scenario 43: crash recovery takes very long
- TSH-044 Scenario 44: pg_wal fills the disk
- TSH-045 Scenario 45: checksum failure reported
- TSH-046 Scenario 46: application errors after failover
- TSH-047 Scenario 47: sequence or statistics problem after an upgrade or restore
- TSH-048 Scenario 48: long-running transaction blocks vacuum and replication cleanup
- TSH-049 Scenario 49: extension or library fails to load after a package update
- TSH-050 Scenario 50: time zone or encoding problem in application data
- TSH-051 Scenario 51: multi-fault production incident
- ASM-019 Troubleshooting assessment","Troubleshooting","V19.0 Advanced PostgreSQL Engineering","PHASE-19","","","","","HA Cluster (3 nodes)","","PostgreSQL; psql; pg_stat_activity; journalctl","18","Level 3 - Enterprise PostgreSQL","DBA","High","","",""
"THY-055","THY-055","Theory","Normal","[THY-055] Troubleshooting method and the seven-section report","**Objective:** Troubleshooting method and the seven-section report

**Prerequisites:** ASM-014, TSH-041, ASM-012

**Concepts:** Database unavailable; Connection refused; Authentication failure; Too many connections; Slow query; Lock wait; Deadlock; High CPU; High memory; Disk full; WAL growth; Replication lag; Broken replication; Autovacuum problems; Bloat; Checkpoint problems; Corruption concepts; Failover problems; Backup failure; PITR failure

**Tools:** PostgreSQL; psql; pg_stat_activity; journalctl

**Environment:** HA Cluster (3 nodes)

### Steps
- [ ] Study the method: problem, evidence, diagnosis, root cause, fix, validation, prevention
- [ ] Study where evidence lives: server log, statistics views, operating system
- [ ] Study corruption concepts: checksums, amcheck and what not to do

### Acceptance criteria
- Applies the method to a written case
- Explains first actions on suspected corruption

**Evidence required:** Notes

**Troubleshooting:** Read the server log first. Record each problem and its fix in the issue notes. If stuck for more than 30 minutes, set the status to Blocked and describe the blocker.

**Performance:** Note the effect of this change on latency, WAL and locks where it applies.

**Security:** Use least-privilege roles, not the superuser, unless the task requires it. Keep secrets out of the repository.

**Automation:** Commit SQL and configuration to the repository. From phase 17 on, apply changes through migrations and the automation repository.

**Assessment:** Instructor checks the notes and asks short oral questions. Type: Short answer.

### Completion criteria
- Every step is done and every acceptance criterion is demonstrated
- Required evidence is attached to the issue
- SQL, configuration and documents are committed to the repository
- Actual time is logged against the issue
- Instructor Review is Approved and the status is Completed

**Estimated time:** 2 h

**Next task:** TSH-042","Troubleshooting","V19.0 Advanced PostgreSQL Engineering","MOD-62","ASM-014, TSH-041, ASM-012","2","L4 - Advanced","Theory","HA Cluster (3 nodes)","Notes","PostgreSQL; psql; pg_stat_activity; journalctl","18","Level 3 - Enterprise PostgreSQL","DBA","High","Short answer","0","Pending"
"TSH-042","TSH-042","Troubleshooting","Normal","[TSH-042] Scenario 42: database unavailable after a reboot","**Objective:** Scenario 42: database unavailable after a reboot

**Prerequisites:** THY-055

**Concepts:** Database unavailable; Connection refused; Authentication failure; Too many connections; Slow query; Lock wait; Deadlock; High CPU; High memory; Disk full; WAL growth; Replication lag; Broken replication; Autovacuum problems; Bloat; Checkpoint problems; Corruption concepts; Failover problems; Backup failure; PITR failure

**Tools:** PostgreSQL; psql; pg_stat_activity; journalctl

**Environment:** HA Cluster (3 nodes)

### Steps
- [ ] Reproduce the instructor fault on the lab server
- [ ] Collect evidence before changing anything
- [ ] Check service, mounts and data directory
- [ ] Read the log for recovery progress
- [ ] Apply the fix
- [ ] Validate with the original failing action
- [ ] Write the seven-section report: problem, evidence, diagnosis, root cause, fix, validation, prevention

### Acceptance criteria
- Service or behaviour is restored
- Root cause is proven with evidence
- Report has all seven sections

**Evidence required:** Root cause report

**Performance:** Note the effect of this change on latency, WAL and locks where it applies.

**Security:** Use least-privilege roles, not the superuser, unless the task requires it. Keep secrets out of the repository.

**Automation:** Commit SQL and configuration to the repository. From phase 17 on, apply changes through migrations and the automation repository.

**Assessment:** Instructor grades the seven-section report. Type: Practical.

### Completion criteria
- Every step is done and every acceptance criterion is demonstrated
- Required evidence is attached to the issue
- SQL, configuration and documents are committed to the repository
- Actual time is logged against the issue
- Instructor Review is Approved and the status is Completed

**Estimated time:** 2 h

**Next task:** TSH-043","Troubleshooting","V19.0 Advanced PostgreSQL Engineering","MOD-62","THY-055","2","L4 - Advanced","Troubleshooting","HA Cluster (3 nodes)","Root cause report","PostgreSQL; psql; pg_stat_activity; journalctl","18","Level 3 - Enterprise PostgreSQL","DBA","High","Practical","0","Pending"
"TSH-043","TSH-043","Troubleshooting","Normal","[TSH-043] Scenario 43: crash recovery takes very long","**Objective:** Scenario 43: crash recovery takes very long

**Prerequisites:** TSH-042

**Concepts:** Database unavailable; Connection refused; Authentication failure; Too many connections; Slow query; Lock wait; Deadlock; High CPU; High memory; Disk full; WAL growth; Replication lag; Broken replication; Autovacuum problems; Bloat; Checkpoint problems; Corruption concepts; Failover problems; Backup failure; PITR failure

**Tools:** PostgreSQL; psql; pg_stat_activity; journalctl

**Environment:** HA Cluster (3 nodes)

### Steps
- [ ] Reproduce the instructor fault on the lab server
- [ ] Collect evidence before changing anything
- [ ] Read recovery progress in the log
- [ ] Relate it to checkpoint settings
- [ ] Decide what to change
- [ ] Apply the fix
- [ ] Validate with the original failing action
- [ ] Write the seven-section report: problem, evidence, diagnosis, root cause, fix, validation, prevention

### Acceptance criteria
- Service or behaviour is restored
- Root cause is proven with evidence
- Report has all seven sections

**Evidence required:** Root cause report

**Performance:** Note the effect of this change on latency, WAL and locks where it applies.

**Security:** Use least-privilege roles, not the superuser, unless the task requires it. Keep secrets out of the repository.

**Automation:** Commit SQL and configuration to the repository. From phase 17 on, apply changes through migrations and the automation repository.

**Assessment:** Instructor grades the seven-section report. Type: Practical.

### Completion criteria
- Every step is done and every acceptance criterion is demonstrated
- Required evidence is attached to the issue
- SQL, configuration and documents are committed to the repository
- Actual time is logged against the issue
- Instructor Review is Approved and the status is Completed

**Estimated time:** 2 h

**Next task:** TSH-044","Troubleshooting","V19.0 Advanced PostgreSQL Engineering","MOD-62","TSH-042","2","L4 - Advanced","Troubleshooting","HA Cluster (3 nodes)","Root cause report","PostgreSQL; psql; pg_stat_activity; journalctl","18","Level 3 - Enterprise PostgreSQL","DBA","High","Practical","0","Pending"
"TSH-044","TSH-044","Troubleshooting","Normal","[TSH-044] Scenario 44: pg_wal fills the disk","**Objective:** Scenario 44: pg_wal fills the disk

**Prerequisites:** TSH-043

**Concepts:** Database unavailable; Connection refused; Authentication failure; Too many connections; Slow query; Lock wait; Deadlock; High CPU; High memory; Disk full; WAL growth; Replication lag; Broken replication; Autovacuum problems; Bloat; Checkpoint problems; Corruption concepts; Failover problems; Backup failure; PITR failure

**Tools:** PostgreSQL; psql; pg_stat_activity; journalctl

**Environment:** HA Cluster (3 nodes)

### Steps
- [ ] Reproduce the instructor fault on the lab server
- [ ] Collect evidence before changing anything
- [ ] Find the cause: archiving, slot or long checkpoint interval
- [ ] Free space safely without deleting WAL by hand
- [ ] Apply the fix
- [ ] Validate with the original failing action
- [ ] Write the seven-section report: problem, evidence, diagnosis, root cause, fix, validation, prevention

### Acceptance criteria
- Service or behaviour is restored
- Root cause is proven with evidence
- Report has all seven sections

**Evidence required:** Root cause report

**Performance:** Note the effect of this change on latency, WAL and locks where it applies.

**Security:** Use least-privilege roles, not the superuser, unless the task requires it. Keep secrets out of the repository.

**Automation:** Commit SQL and configuration to the repository. From phase 17 on, apply changes through migrations and the automation repository.

**Assessment:** Instructor grades the seven-section report. Type: Practical.

### Completion criteria
- Every step is done and every acceptance criterion is demonstrated
- Required evidence is attached to the issue
- SQL, configuration and documents are committed to the repository
- Actual time is logged against the issue
- Instructor Review is Approved and the status is Completed

**Estimated time:** 3 h

**Next task:** TSH-045","Troubleshooting","V19.0 Advanced PostgreSQL Engineering","MOD-62","TSH-043","3","L4 - Advanced","Troubleshooting","HA Cluster (3 nodes)","Root cause report","PostgreSQL; psql; pg_stat_activity; journalctl","18","Level 3 - Enterprise PostgreSQL","DBA","High","Practical","0","Pending"
"TSH-045","TSH-045","Troubleshooting","Normal","[TSH-045] Scenario 45: checksum failure reported","**Objective:** Scenario 45: checksum failure reported

**Prerequisites:** TSH-044

**Concepts:** Database unavailable; Connection refused; Authentication failure; Too many connections; Slow query; Lock wait; Deadlock; High CPU; High memory; Disk full; WAL growth; Replication lag; Broken replication; Autovacuum problems; Bloat; Checkpoint problems; Corruption concepts; Failover problems; Backup failure; PITR failure

**Tools:** PostgreSQL; psql; pg_stat_activity; journalctl

**Environment:** HA Cluster (3 nodes)

### Steps
- [ ] Reproduce the instructor fault on the lab server
- [ ] Collect evidence before changing anything
- [ ] Read the error
- [ ] Verify with amcheck and checksum tools
- [ ] Restore the affected data from backup or replica
- [ ] Apply the fix
- [ ] Validate with the original failing action
- [ ] Write the seven-section report: problem, evidence, diagnosis, root cause, fix, validation, prevention

### Acceptance criteria
- Service or behaviour is restored
- Root cause is proven with evidence
- Report has all seven sections

**Evidence required:** Root cause report

**Performance:** Note the effect of this change on latency, WAL and locks where it applies.

**Security:** Use least-privilege roles, not the superuser, unless the task requires it. Keep secrets out of the repository.

**Automation:** Commit SQL and configuration to the repository. From phase 17 on, apply changes through migrations and the automation repository.

**Assessment:** Instructor grades the seven-section report. Type: Practical.

### Completion criteria
- Every step is done and every acceptance criterion is demonstrated
- Required evidence is attached to the issue
- SQL, configuration and documents are committed to the repository
- Actual time is logged against the issue
- Instructor Review is Approved and the status is Completed

**Estimated time:** 3 h

**Next task:** TSH-046","Troubleshooting","V19.0 Advanced PostgreSQL Engineering","MOD-62","TSH-044","3","L4 - Advanced","Troubleshooting","HA Cluster (3 nodes)","Root cause report","PostgreSQL; psql; pg_stat_activity; journalctl","18","Level 3 - Enterprise PostgreSQL","DBA","High","Practical","0","Pending"
"TSH-046","TSH-046","Troubleshooting","Normal","[TSH-046] Scenario 46: application errors after failover","**Objective:** Scenario 46: application errors after failover

**Prerequisites:** TSH-045

**Concepts:** Database unavailable; Connection refused; Authentication failure; Too many connections; Slow query; Lock wait; Deadlock; High CPU; High memory; Disk full; WAL growth; Replication lag; Broken replication; Autovacuum problems; Bloat; Checkpoint problems; Corruption concepts; Failover problems; Backup failure; PITR failure

**Tools:** PostgreSQL; psql; pg_stat_activity; journalctl

**Environment:** HA Cluster (3 nodes)

### Steps
- [ ] Reproduce the instructor fault on the lab server
- [ ] Collect evidence before changing anything
- [ ] Check client connection strings, DNS or proxy state and pooler
- [ ] Check for read-only errors
- [ ] Apply the fix
- [ ] Validate with the original failing action
- [ ] Write the seven-section report: problem, evidence, diagnosis, root cause, fix, validation, prevention

### Acceptance criteria
- Service or behaviour is restored
- Root cause is proven with evidence
- Report has all seven sections

**Evidence required:** Root cause report

**Performance:** Note the effect of this change on latency, WAL and locks where it applies.

**Security:** Use least-privilege roles, not the superuser, unless the task requires it. Keep secrets out of the repository.

**Automation:** Commit SQL and configuration to the repository. From phase 17 on, apply changes through migrations and the automation repository.

**Assessment:** Instructor grades the seven-section report. Type: Practical.

### Completion criteria
- Every step is done and every acceptance criterion is demonstrated
- Required evidence is attached to the issue
- SQL, configuration and documents are committed to the repository
- Actual time is logged against the issue
- Instructor Review is Approved and the status is Completed

**Estimated time:** 2 h

**Next task:** TSH-047","Troubleshooting","V19.0 Advanced PostgreSQL Engineering","MOD-62","TSH-045","2","L4 - Advanced","Troubleshooting","HA Cluster (3 nodes)","Root cause report","PostgreSQL; psql; pg_stat_activity; journalctl","18","Level 3 - Enterprise PostgreSQL","DBA","High","Practical","0","Pending"
"TSH-047","TSH-047","Troubleshooting","Normal","[TSH-047] Scenario 47: sequence or statistics problem after an upgrade or restore","**Objective:** Scenario 47: sequence or statistics problem after an upgrade or restore

**Prerequisites:** TSH-046

**Concepts:** Database unavailable; Connection refused; Authentication failure; Too many connections; Slow query; Lock wait; Deadlock; High CPU; High memory; Disk full; WAL growth; Replication lag; Broken replication; Autovacuum problems; Bloat; Checkpoint problems; Corruption concepts; Failover problems; Backup failure; PITR failure

**Tools:** PostgreSQL; psql; pg_stat_activity; journalctl

**Environment:** HA Cluster (3 nodes)

### Steps
- [ ] Reproduce the instructor fault on the lab server
- [ ] Collect evidence before changing anything
- [ ] Check sequence values against tables
- [ ] Run ANALYZE
- [ ] Validate with test queries
- [ ] Apply the fix
- [ ] Validate with the original failing action
- [ ] Write the seven-section report: problem, evidence, diagnosis, root cause, fix, validation, prevention

### Acceptance criteria
- Service or behaviour is restored
- Root cause is proven with evidence
- Report has all seven sections

**Evidence required:** Root cause report

**Performance:** Note the effect of this change on latency, WAL and locks where it applies.

**Security:** Use least-privilege roles, not the superuser, unless the task requires it. Keep secrets out of the repository.

**Automation:** Commit SQL and configuration to the repository. From phase 17 on, apply changes through migrations and the automation repository.

**Assessment:** Instructor grades the seven-section report. Type: Practical.

### Completion criteria
- Every step is done and every acceptance criterion is demonstrated
- Required evidence is attached to the issue
- SQL, configuration and documents are committed to the repository
- Actual time is logged against the issue
- Instructor Review is Approved and the status is Completed

**Estimated time:** 2 h

**Next task:** TSH-048","Troubleshooting","V19.0 Advanced PostgreSQL Engineering","MOD-62","TSH-046","2","L4 - Advanced","Troubleshooting","HA Cluster (3 nodes)","Root cause report","PostgreSQL; psql; pg_stat_activity; journalctl","18","Level 3 - Enterprise PostgreSQL","DBA","High","Practical","0","Pending"
"TSH-048","TSH-048","Troubleshooting","Normal","[TSH-048] Scenario 48: long-running transaction blocks vacuum and replication cleanup","**Objective:** Scenario 48: long-running transaction blocks vacuum and replication cleanup

**Prerequisites:** TSH-047

**Concepts:** Database unavailable; Connection refused; Authentication failure; Too many connections; Slow query; Lock wait; Deadlock; High CPU; High memory; Disk full; WAL growth; Replication lag; Broken replication; Autovacuum problems; Bloat; Checkpoint problems; Corruption concepts; Failover problems; Backup failure; PITR failure

**Tools:** PostgreSQL; psql; pg_stat_activity; journalctl

**Environment:** HA Cluster (3 nodes)

### Steps
- [ ] Reproduce the instructor fault on the lab server
- [ ] Collect evidence before changing anything
- [ ] Find the oldest transaction
- [ ] Trace its origin
- [ ] Apply timeouts
- [ ] Apply the fix
- [ ] Validate with the original failing action
- [ ] Write the seven-section report: problem, evidence, diagnosis, root cause, fix, validation, prevention

### Acceptance criteria
- Service or behaviour is restored
- Root cause is proven with evidence
- Report has all seven sections

**Evidence required:** Root cause report

**Performance:** Note the effect of this change on latency, WAL and locks where it applies.

**Security:** Use least-privilege roles, not the superuser, unless the task requires it. Keep secrets out of the repository.

**Automation:** Commit SQL and configuration to the repository. From phase 17 on, apply changes through migrations and the automation repository.

**Assessment:** Instructor grades the seven-section report. Type: Practical.

### Completion criteria
- Every step is done and every acceptance criterion is demonstrated
- Required evidence is attached to the issue
- SQL, configuration and documents are committed to the repository
- Actual time is logged against the issue
- Instructor Review is Approved and the status is Completed

**Estimated time:** 2 h

**Next task:** TSH-049","Troubleshooting","V19.0 Advanced PostgreSQL Engineering","MOD-62","TSH-047","2","L4 - Advanced","Troubleshooting","HA Cluster (3 nodes)","Root cause report","PostgreSQL; psql; pg_stat_activity; journalctl","18","Level 3 - Enterprise PostgreSQL","DBA","High","Practical","0","Pending"
"TSH-049","TSH-049","Troubleshooting","Normal","[TSH-049] Scenario 49: extension or library fails to load after a package update","**Objective:** Scenario 49: extension or library fails to load after a package update

**Prerequisites:** TSH-048

**Concepts:** Database unavailable; Connection refused; Authentication failure; Too many connections; Slow query; Lock wait; Deadlock; High CPU; High memory; Disk full; WAL growth; Replication lag; Broken replication; Autovacuum problems; Bloat; Checkpoint problems; Corruption concepts; Failover problems; Backup failure; PITR failure

**Tools:** PostgreSQL; psql; pg_stat_activity; journalctl

**Environment:** HA Cluster (3 nodes)

### Steps
- [ ] Reproduce the instructor fault on the lab server
- [ ] Collect evidence before changing anything
- [ ] Read the startup error
- [ ] Match extension and server versions
- [ ] Fix preload settings
- [ ] Apply the fix
- [ ] Validate with the original failing action
- [ ] Write the seven-section report: problem, evidence, diagnosis, root cause, fix, validation, prevention

### Acceptance criteria
- Service or behaviour is restored
- Root cause is proven with evidence
- Report has all seven sections

**Evidence required:** Root cause report

**Performance:** Note the effect of this change on latency, WAL and locks where it applies.

**Security:** Use least-privilege roles, not the superuser, unless the task requires it. Keep secrets out of the repository.

**Automation:** Commit SQL and configuration to the repository. From phase 17 on, apply changes through migrations and the automation repository.

**Assessment:** Instructor grades the seven-section report. Type: Practical.

### Completion criteria
- Every step is done and every acceptance criterion is demonstrated
- Required evidence is attached to the issue
- SQL, configuration and documents are committed to the repository
- Actual time is logged against the issue
- Instructor Review is Approved and the status is Completed

**Estimated time:** 2 h

**Next task:** TSH-050","Troubleshooting","V19.0 Advanced PostgreSQL Engineering","MOD-62","TSH-048","2","L4 - Advanced","Troubleshooting","HA Cluster (3 nodes)","Root cause report","PostgreSQL; psql; pg_stat_activity; journalctl","18","Level 3 - Enterprise PostgreSQL","DBA","High","Practical","0","Pending"
"TSH-050","TSH-050","Troubleshooting","Normal","[TSH-050] Scenario 50: time zone or encoding problem in application data","**Objective:** Scenario 50: time zone or encoding problem in application data

**Prerequisites:** TSH-049

**Concepts:** Database unavailable; Connection refused; Authentication failure; Too many connections; Slow query; Lock wait; Deadlock; High CPU; High memory; Disk full; WAL growth; Replication lag; Broken replication; Autovacuum problems; Bloat; Checkpoint problems; Corruption concepts; Failover problems; Backup failure; PITR failure

**Tools:** PostgreSQL; psql; pg_stat_activity; journalctl

**Environment:** HA Cluster (3 nodes)

### Steps
- [ ] Reproduce the instructor fault on the lab server
- [ ] Collect evidence before changing anything
- [ ] Reproduce with sample rows
- [ ] Check client encoding and time zone settings
- [ ] Fix data and settings
- [ ] Apply the fix
- [ ] Validate with the original failing action
- [ ] Write the seven-section report: problem, evidence, diagnosis, root cause, fix, validation, prevention

### Acceptance criteria
- Service or behaviour is restored
- Root cause is proven with evidence
- Report has all seven sections

**Evidence required:** Root cause report

**Performance:** Note the effect of this change on latency, WAL and locks where it applies.

**Security:** Use least-privilege roles, not the superuser, unless the task requires it. Keep secrets out of the repository.

**Automation:** Commit SQL and configuration to the repository. From phase 17 on, apply changes through migrations and the automation repository.

**Assessment:** Instructor grades the seven-section report. Type: Practical.

### Completion criteria
- Every step is done and every acceptance criterion is demonstrated
- Required evidence is attached to the issue
- SQL, configuration and documents are committed to the repository
- Actual time is logged against the issue
- Instructor Review is Approved and the status is Completed

**Estimated time:** 2 h

**Next task:** TSH-051","Troubleshooting","V19.0 Advanced PostgreSQL Engineering","MOD-62","TSH-049","2","L4 - Advanced","Troubleshooting","HA Cluster (3 nodes)","Root cause report","PostgreSQL; psql; pg_stat_activity; journalctl","18","Level 3 - Enterprise PostgreSQL","DBA","High","Practical","0","Pending"
"TSH-051","TSH-051","Troubleshooting","Normal","[TSH-051] Scenario 51: multi-fault production incident","**Objective:** Scenario 51: multi-fault production incident

**Prerequisites:** TSH-050

**Concepts:** Database unavailable; Connection refused; Authentication failure; Too many connections; Slow query; Lock wait; Deadlock; High CPU; High memory; Disk full; WAL growth; Replication lag; Broken replication; Autovacuum problems; Bloat; Checkpoint problems; Corruption concepts; Failover problems; Backup failure; PITR failure

**Tools:** PostgreSQL; psql; pg_stat_activity; journalctl

**Environment:** HA Cluster (3 nodes)

### Steps
- [ ] Reproduce the instructor fault on the lab server
- [ ] Collect evidence before changing anything
- [ ] Take the instructor environment with three faults across database, replication and operating system
- [ ] Fix each in order of impact
- [ ] Write one report per fault
- [ ] Apply the fix
- [ ] Validate with the original failing action
- [ ] Write the seven-section report: problem, evidence, diagnosis, root cause, fix, validation, prevention

### Acceptance criteria
- Service or behaviour is restored
- Root cause is proven with evidence
- Report has all seven sections

**Evidence required:** Root cause report

**Performance:** Note the effect of this change on latency, WAL and locks where it applies.

**Security:** Use least-privilege roles, not the superuser, unless the task requires it. Keep secrets out of the repository.

**Automation:** Commit SQL and configuration to the repository. From phase 17 on, apply changes through migrations and the automation repository.

**Assessment:** Instructor grades the seven-section report. Type: Practical.

### Completion criteria
- Every step is done and every acceptance criterion is demonstrated
- Required evidence is attached to the issue
- SQL, configuration and documents are committed to the repository
- Actual time is logged against the issue
- Instructor Review is Approved and the status is Completed

**Estimated time:** 4 h

**Next task:** ASM-019","Troubleshooting","V19.0 Advanced PostgreSQL Engineering","MOD-62","TSH-050","4","L4 - Advanced","Troubleshooting","HA Cluster (3 nodes)","Root cause report","PostgreSQL; psql; pg_stat_activity; journalctl","18","Level 3 - Enterprise PostgreSQL","DBA","High","Practical","0","Pending"
"ASM-019","ASM-019","Assessment","High","[ASM-019] Troubleshooting assessment","**Objective:** Troubleshooting assessment

**Prerequisites:** TSH-051

**Concepts:** Database unavailable; Connection refused; Authentication failure; Too many connections; Slow query; Lock wait; Deadlock; High CPU; High memory; Disk full; WAL growth; Replication lag; Broken replication; Autovacuum problems; Bloat; Checkpoint problems; Corruption concepts; Failover problems; Backup failure; PITR failure

**Tools:** PostgreSQL; psql; pg_stat_activity; journalctl

**Environment:** HA Cluster (3 nodes)

### Steps
- [ ] Diagnose five unseen faults and deliver a seven-section report for each

### Acceptance criteria
- Score of 70 or higher

**Evidence required:** Scored result

**Troubleshooting:** Read the server log first. Record each problem and its fix in the issue notes. If stuck for more than 30 minutes, set the status to Blocked and describe the blocker.

**Performance:** Note the effect of this change on latency, WAL and locks where it applies.

**Security:** Use least-privilege roles, not the superuser, unless the task requires it. Keep secrets out of the repository.

**Automation:** Commit SQL and configuration to the repository. From phase 17 on, apply changes through migrations and the automation repository.

**Assessment:** Scored 0-100. Pass mark 70. Type: Practical exam.

### Completion criteria
- Every step is done and every acceptance criterion is demonstrated
- Required evidence is attached to the issue
- SQL, configuration and documents are committed to the repository
- Actual time is logged against the issue
- Instructor Review is Approved and the status is Completed

**Estimated time:** 4 h

**Next task:** Last task of this module","Troubleshooting","V19.0 Advanced PostgreSQL Engineering","MOD-62","TSH-051","4","L4 - Advanced","Assessment","HA Cluster (3 nodes)","Scored result","PostgreSQL; psql; pg_stat_activity; journalctl","18","Level 3 - Enterprise PostgreSQL","DBA","High","Practical exam","0","Pending"
"REVIEW-19","REVIEW-19","Review","High","[REVIEW-19] Phase 19 gate review","**Objective:** Confirm that phase 19 (Advanced PostgreSQL Engineering) is complete.

### Checklist
- [ ] Every issue of the phase is Completed
- [ ] Evidence is attached to every issue
- [ ] Time is logged
- [ ] Assessment score is 70 or higher
- [ ] SQL, configuration and documents are in the repository

**Assessment:** Instructor confirms the checklist and records the gate decision.

**Estimated time:** 1 h","","V19.0 Advanced PostgreSQL Engineering","PHASE-19","PROJECT-022, LAB-081, PROJECT-023, LAB-083, PROJECT-024, PROJECT-025, ASG-013, PROJECT-028, ASM-019","1","","Review","","Instructor sign-off","","","","","","Review","0","Pending"
"PHASE-20","PHASE-20","Phase","Normal","[PHASE-20] Enterprise Capstone","Phase 20 of 20. Version: V20.0 Enterprise Capstone.

Modules: 3. Estimated hours: 112.

- MOD-63 Final Enterprise Lab
- MOD-64 Capstone: Enterprise PostgreSQL Database Platform
- MOD-65 Career Preparation

The phase closes with the gate review REVIEW-20.","","V20.0 Enterprise Capstone","EPIC","","","","","","","","","","","","","",""
"MOD-63","MOD-63","Module","Normal","[MOD-63] Final Enterprise Lab","**Topics:** Applications to HAProxy to PgBouncer to primary and read replica; WAL; Backups; PITR; Monitoring stack with Prometheus, Grafana and Loki; Security with Wazuh and OpenBao; Ansible

**Tools:** PostgreSQL; Patroni; etcd; HAProxy; PgBouncer; Prometheus; Grafana; Loki; Wazuh; OpenBao; Ansible

**Environment:** HA Cluster (3 nodes)

**Tasks:** 2, 16 estimated hours.

- LAB-087 Enterprise PostgreSQL Cluster
- LAB-088 Operations drill on the enterprise cluster","High Availability","V20.0 Enterprise Capstone","PHASE-20","","","","","HA Cluster (3 nodes)","","PostgreSQL; Patroni; etcd; HAProxy; PgBouncer; Prometheus; Grafana; Loki; Wazuh; OpenBao; Ansible","18","Level 3 - Enterprise PostgreSQL","Engineering","High","","",""
"LAB-087","LAB-087","Lab","Normal","[LAB-087] Enterprise PostgreSQL Cluster","**Objective:** Enterprise PostgreSQL Cluster

**Prerequisites:** ASM-019, PROJECT-028, ASM-017, PROJECT-020

**Concepts:** Applications to HAProxy to PgBouncer to primary and read replica; WAL; Backups; PITR; Monitoring stack with Prometheus, Grafana and Loki; Security with Wazuh and OpenBao; Ansible

**Tools:** PostgreSQL; Patroni; etcd; HAProxy; PgBouncer; Prometheus; Grafana; Loki; Wazuh; OpenBao; Ansible

**Environment:** HA Cluster (3 nodes)

### Steps
- [ ] Build the full environment from the automation repository: Patroni cluster with etcd, HAProxy, PgBouncer, backups with WAL archiving, monitoring, logging, Wazuh and OpenBao
- [ ] Connect the course application
- [ ] Verify every component

### Acceptance criteria
- Every component is deployed by automation and healthy
- Application works through the write and read endpoints

**Evidence required:** Screenshot + command output

**Troubleshooting:** Read the server log first. Record each problem and its fix in the issue notes. If stuck for more than 30 minutes, set the status to Blocked and describe the blocker.

**Performance:** Note the effect of this change on latency, WAL and locks where it applies.

**Security:** Use least-privilege roles, not the superuser, unless the task requires it. Keep secrets out of the repository.

**Automation:** Commit SQL and configuration to the repository. From phase 17 on, apply changes through migrations and the automation repository.

**Assessment:** Instructor verifies the acceptance criteria from the evidence and may ask for a live demonstration. Type: Practical.

### Completion criteria
- Every step is done and every acceptance criterion is demonstrated
- Required evidence is attached to the issue
- SQL, configuration and documents are committed to the repository
- Actual time is logged against the issue
- Instructor Review is Approved and the status is Completed

**Estimated time:** 10 h

**Next task:** LAB-088","High Availability","V20.0 Enterprise Capstone","MOD-63","ASM-019, PROJECT-028, ASM-017, PROJECT-020","10","L5 - Expert","Setup","HA Cluster (3 nodes)","Screenshot + command output","PostgreSQL; Patroni; etcd; HAProxy; PgBouncer; Prometheus; Grafana; Loki; Wazuh; OpenBao; Ansible","18","Level 3 - Enterprise PostgreSQL","Engineering","High","Practical","0","Pending"
"LAB-088","LAB-088","Lab","Normal","[LAB-088] Operations drill on the enterprise cluster","**Objective:** Operations drill on the enterprise cluster

**Prerequisites:** LAB-087

**Concepts:** Applications to HAProxy to PgBouncer to primary and read replica; WAL; Backups; PITR; Monitoring stack with Prometheus, Grafana and Loki; Security with Wazuh and OpenBao; Ansible

**Tools:** PostgreSQL; Patroni; etcd; HAProxy; PgBouncer; Prometheus; Grafana; Loki; Wazuh; OpenBao; Ansible

**Environment:** HA Cluster (3 nodes)

### Steps
- [ ] Perform switchover, failover, point-in-time restore, node replacement and a minor version update
- [ ] Record time and result for each

### Acceptance criteria
- All five operations succeed and are timed
- Runbooks are updated from the drill

**Evidence required:** Screenshot + command output

**Troubleshooting:** Read the server log first. Record each problem and its fix in the issue notes. If stuck for more than 30 minutes, set the status to Blocked and describe the blocker.

**Performance:** Note the effect of this change on latency, WAL and locks where it applies.

**Security:** Use least-privilege roles, not the superuser, unless the task requires it. Keep secrets out of the repository.

**Automation:** Commit SQL and configuration to the repository. From phase 17 on, apply changes through migrations and the automation repository.

**Assessment:** Instructor verifies the acceptance criteria from the evidence and may ask for a live demonstration. Type: Practical.

### Completion criteria
- Every step is done and every acceptance criterion is demonstrated
- Required evidence is attached to the issue
- SQL, configuration and documents are committed to the repository
- Actual time is logged against the issue
- Instructor Review is Approved and the status is Completed

**Estimated time:** 6 h

**Next task:** Last task of this module","High Availability","V20.0 Enterprise Capstone","MOD-63","LAB-087","6","L5 - Expert","Guided Lab","HA Cluster (3 nodes)","Screenshot + command output","PostgreSQL; Patroni; etcd; HAProxy; PgBouncer; Prometheus; Grafana; Loki; Wazuh; OpenBao; Ansible","18","Level 3 - Enterprise PostgreSQL","Engineering","High","Practical","0","Pending"
"MOD-64","MOD-64","Module","Normal","[MOD-64] Capstone: Enterprise PostgreSQL Database Platform","**Topics:** Primary and read replica; Patroni; etcd; HAProxy; PgBouncer; Backup; PITR; WAL archiving; Monitoring; Logging; Security; OpenBao; Ansible; Automated health checks; Disaster recovery; Application workload; Multiple users; Role-based access; RLS; Auditing; Performance monitoring; Replication; Automated backup; Failover

**Tools:** PostgreSQL; Patroni; etcd; HAProxy; PgBouncer; pgBackRest; Prometheus; Grafana; Loki; OpenBao; Ansible

**Environment:** HA Cluster (3 nodes)

**Tasks:** 13, 76 estimated hours.

- CAP-001 Business and database requirements
- CAP-002 Logical and physical architecture
- CAP-003 ER diagram, schema design, SQL scripts and indexing strategy
- CAP-004 Security design: roles, RLS, TLS, auditing and secrets
- CAP-005 Backup strategy, DR strategy and WAL archiving
- CAP-006 Replication and HA design and build
- CAP-007 Monitoring architecture, logging and dashboards
- CAP-008 Automation scripts, Ansible playbooks and health checks
- CAP-009 Performance report
- CAP-010 Runbooks and troubleshooting guide
- CAP-011 Disaster recovery test, failover test and security audit
- CAP-012 Final technical report, executive architecture document and presentation
- ASM-020 Final assessment","High Availability","V20.0 Enterprise Capstone","PHASE-20","","","","","HA Cluster (3 nodes)","","PostgreSQL; Patroni; etcd; HAProxy; PgBouncer; pgBackRest; Prometheus; Grafana; Loki; OpenBao; Ansible","18","Level 3 - Enterprise PostgreSQL","Engineering","High","","",""
"CAP-001","CAP-001","Capstone","High","[CAP-001] Business and database requirements","**Objective:** Business and database requirements

**Prerequisites:** LAB-088, ASG-013, PROJECT-025

**Concepts:** Primary and read replica; Patroni; etcd; HAProxy; PgBouncer; Backup; PITR; WAL archiving; Monitoring; Logging; Security; OpenBao; Ansible; Automated health checks; Disaster recovery; Application workload; Multiple users; Role-based access; RLS; Auditing; Performance monitoring; Replication; Automated backup; Failover

**Tools:** PostgreSQL; Patroni; etcd; HAProxy; PgBouncer; pgBackRest; Prometheus; Grafana; Loki; OpenBao; Ansible

**Environment:** HA Cluster (3 nodes)

### Steps
- [ ] Write business requirements and translate them into database requirements with RPO, RTO, performance and security targets
- [ ] Get instructor approval

### Acceptance criteria
- Requirements are measurable
- Approval is recorded

**Evidence required:** Repository link + documentation

**Troubleshooting:** Read the server log first. Record each problem and its fix in the issue notes. If stuck for more than 30 minutes, set the status to Blocked and describe the blocker.

**Performance:** Note the effect of this change on latency, WAL and locks where it applies.

**Security:** Use least-privilege roles, not the superuser, unless the task requires it. Keep secrets out of the repository.

**Automation:** Commit SQL and configuration to the repository. From phase 17 on, apply changes through migrations and the automation repository.

**Assessment:** Scored 0-100 against the capstone rubric. Type: Project.

### Completion criteria
- Every step is done and every acceptance criterion is demonstrated
- Required evidence is attached to the issue
- SQL, configuration and documents are committed to the repository
- Actual time is logged against the issue
- Instructor Review is Approved and the status is Completed

**Estimated time:** 4 h

**Next task:** CAP-002","High Availability","V20.0 Enterprise Capstone","MOD-64","LAB-088, ASG-013, PROJECT-025","4","L5 - Expert","Capstone","HA Cluster (3 nodes)","Repository link + documentation","PostgreSQL; Patroni; etcd; HAProxy; PgBouncer; pgBackRest; Prometheus; Grafana; Loki; OpenBao; Ansible","18","Level 3 - Enterprise PostgreSQL","Engineering","High","Project","1","Pending"
"CAP-002","CAP-002","Capstone","High","[CAP-002] Logical and physical architecture","**Objective:** Logical and physical architecture

**Prerequisites:** CAP-001

**Concepts:** Primary and read replica; Patroni; etcd; HAProxy; PgBouncer; Backup; PITR; WAL archiving; Monitoring; Logging; Security; OpenBao; Ansible; Automated health checks; Disaster recovery; Application workload; Multiple users; Role-based access; RLS; Auditing; Performance monitoring; Replication; Automated backup; Failover

**Tools:** PostgreSQL; Patroni; etcd; HAProxy; PgBouncer; pgBackRest; Prometheus; Grafana; Loki; OpenBao; Ansible

**Environment:** HA Cluster (3 nodes)

### Steps
- [ ] Draw the logical architecture and the physical architecture with servers, networks and storage

### Acceptance criteria
- Both diagrams are attached and consistent

**Evidence required:** Repository link + documentation

**Troubleshooting:** Read the server log first. Record each problem and its fix in the issue notes. If stuck for more than 30 minutes, set the status to Blocked and describe the blocker.

**Performance:** Note the effect of this change on latency, WAL and locks where it applies.

**Security:** Use least-privilege roles, not the superuser, unless the task requires it. Keep secrets out of the repository.

**Automation:** Commit SQL and configuration to the repository. From phase 17 on, apply changes through migrations and the automation repository.

**Assessment:** Scored 0-100 against the capstone rubric. Type: Project.

### Completion criteria
- Every step is done and every acceptance criterion is demonstrated
- Required evidence is attached to the issue
- SQL, configuration and documents are committed to the repository
- Actual time is logged against the issue
- Instructor Review is Approved and the status is Completed

**Estimated time:** 5 h

**Next task:** CAP-003","High Availability","V20.0 Enterprise Capstone","MOD-64","CAP-001","5","L5 - Expert","Capstone","HA Cluster (3 nodes)","Repository link + documentation","PostgreSQL; Patroni; etcd; HAProxy; PgBouncer; pgBackRest; Prometheus; Grafana; Loki; OpenBao; Ansible","18","Level 3 - Enterprise PostgreSQL","Engineering","High","Project","1","Pending"
"CAP-003","CAP-003","Capstone","High","[CAP-003] ER diagram, schema design, SQL scripts and indexing strategy","**Objective:** ER diagram, schema design, SQL scripts and indexing strategy

**Prerequisites:** CAP-002

**Concepts:** Primary and read replica; Patroni; etcd; HAProxy; PgBouncer; Backup; PITR; WAL archiving; Monitoring; Logging; Security; OpenBao; Ansible; Automated health checks; Disaster recovery; Application workload; Multiple users; Role-based access; RLS; Auditing; Performance monitoring; Replication; Automated backup; Failover

**Tools:** PostgreSQL; Patroni; etcd; HAProxy; PgBouncer; pgBackRest; Prometheus; Grafana; Loki; OpenBao; Ansible

**Environment:** HA Cluster (3 nodes)

### Steps
- [ ] Produce the ER diagram and schema design
- [ ] Write the SQL scripts as versioned migrations
- [ ] Write the indexing strategy with a query for each index

### Acceptance criteria
- Schema installs from migrations
- Every index is justified

**Evidence required:** Repository link + documentation

**Troubleshooting:** Read the server log first. Record each problem and its fix in the issue notes. If stuck for more than 30 minutes, set the status to Blocked and describe the blocker.

**Performance:** Note the effect of this change on latency, WAL and locks where it applies.

**Security:** Use least-privilege roles, not the superuser, unless the task requires it. Keep secrets out of the repository.

**Automation:** Commit SQL and configuration to the repository. From phase 17 on, apply changes through migrations and the automation repository.

**Assessment:** Scored 0-100 against the capstone rubric. Type: Project.

### Completion criteria
- Every step is done and every acceptance criterion is demonstrated
- Required evidence is attached to the issue
- SQL, configuration and documents are committed to the repository
- Actual time is logged against the issue
- Instructor Review is Approved and the status is Completed

**Estimated time:** 8 h

**Next task:** CAP-004","High Availability","V20.0 Enterprise Capstone","MOD-64","CAP-002","8","L5 - Expert","Capstone","HA Cluster (3 nodes)","Repository link + documentation","PostgreSQL; Patroni; etcd; HAProxy; PgBouncer; pgBackRest; Prometheus; Grafana; Loki; OpenBao; Ansible","18","Level 3 - Enterprise PostgreSQL","Engineering","High","Project","1","Pending"
"CAP-004","CAP-004","Capstone","High","[CAP-004] Security design: roles, RLS, TLS, auditing and secrets","**Objective:** Security design: roles, RLS, TLS, auditing and secrets

**Prerequisites:** CAP-003

**Concepts:** Primary and read replica; Patroni; etcd; HAProxy; PgBouncer; Backup; PITR; WAL archiving; Monitoring; Logging; Security; OpenBao; Ansible; Automated health checks; Disaster recovery; Application workload; Multiple users; Role-based access; RLS; Auditing; Performance monitoring; Replication; Automated backup; Failover

**Tools:** PostgreSQL; Patroni; etcd; HAProxy; PgBouncer; pgBackRest; Prometheus; Grafana; Loki; OpenBao; Ansible

**Environment:** HA Cluster (3 nodes)

### Steps
- [ ] Write and implement the security design with role-based access, RLS, TLS, auditing and OpenBao

### Acceptance criteria
- Security tests pass
- No static password remains

**Evidence required:** Repository link + documentation

**Troubleshooting:** Read the server log first. Record each problem and its fix in the issue notes. If stuck for more than 30 minutes, set the status to Blocked and describe the blocker.

**Performance:** Note the effect of this change on latency, WAL and locks where it applies.

**Security:** Use least-privilege roles, not the superuser, unless the task requires it. Keep secrets out of the repository.

**Automation:** Commit SQL and configuration to the repository. From phase 17 on, apply changes through migrations and the automation repository.

**Assessment:** Scored 0-100 against the capstone rubric. Type: Project.

### Completion criteria
- Every step is done and every acceptance criterion is demonstrated
- Required evidence is attached to the issue
- SQL, configuration and documents are committed to the repository
- Actual time is logged against the issue
- Instructor Review is Approved and the status is Completed

**Estimated time:** 6 h

**Next task:** CAP-005","High Availability","V20.0 Enterprise Capstone","MOD-64","CAP-003","6","L5 - Expert","Capstone","HA Cluster (3 nodes)","Repository link + documentation","PostgreSQL; Patroni; etcd; HAProxy; PgBouncer; pgBackRest; Prometheus; Grafana; Loki; OpenBao; Ansible","18","Level 3 - Enterprise PostgreSQL","Engineering","High","Project","1","Pending"
"CAP-005","CAP-005","Capstone","High","[CAP-005] Backup strategy, DR strategy and WAL archiving","**Objective:** Backup strategy, DR strategy and WAL archiving

**Prerequisites:** CAP-004

**Concepts:** Primary and read replica; Patroni; etcd; HAProxy; PgBouncer; Backup; PITR; WAL archiving; Monitoring; Logging; Security; OpenBao; Ansible; Automated health checks; Disaster recovery; Application workload; Multiple users; Role-based access; RLS; Auditing; Performance monitoring; Replication; Automated backup; Failover

**Tools:** PostgreSQL; Patroni; etcd; HAProxy; PgBouncer; pgBackRest; Prometheus; Grafana; Loki; OpenBao; Ansible

**Environment:** HA Cluster (3 nodes)

### Steps
- [ ] Write and implement the backup strategy with WAL archiving and the DR strategy

### Acceptance criteria
- Backups and archive run automatically
- Strategy states RPO and RTO

**Evidence required:** Repository link + documentation

**Troubleshooting:** Read the server log first. Record each problem and its fix in the issue notes. If stuck for more than 30 minutes, set the status to Blocked and describe the blocker.

**Performance:** Note the effect of this change on latency, WAL and locks where it applies.

**Security:** Use least-privilege roles, not the superuser, unless the task requires it. Keep secrets out of the repository.

**Automation:** Commit SQL and configuration to the repository. From phase 17 on, apply changes through migrations and the automation repository.

**Assessment:** Scored 0-100 against the capstone rubric. Type: Project.

### Completion criteria
- Every step is done and every acceptance criterion is demonstrated
- Required evidence is attached to the issue
- SQL, configuration and documents are committed to the repository
- Actual time is logged against the issue
- Instructor Review is Approved and the status is Completed

**Estimated time:** 6 h

**Next task:** CAP-006","High Availability","V20.0 Enterprise Capstone","MOD-64","CAP-004","6","L5 - Expert","Capstone","HA Cluster (3 nodes)","Repository link + documentation","PostgreSQL; Patroni; etcd; HAProxy; PgBouncer; pgBackRest; Prometheus; Grafana; Loki; OpenBao; Ansible","18","Level 3 - Enterprise PostgreSQL","Engineering","High","Project","1","Pending"
"CAP-006","CAP-006","Capstone","High","[CAP-006] Replication and HA design and build","**Objective:** Replication and HA design and build

**Prerequisites:** CAP-005

**Concepts:** Primary and read replica; Patroni; etcd; HAProxy; PgBouncer; Backup; PITR; WAL archiving; Monitoring; Logging; Security; OpenBao; Ansible; Automated health checks; Disaster recovery; Application workload; Multiple users; Role-based access; RLS; Auditing; Performance monitoring; Replication; Automated backup; Failover

**Tools:** PostgreSQL; Patroni; etcd; HAProxy; PgBouncer; pgBackRest; Prometheus; Grafana; Loki; OpenBao; Ansible

**Environment:** HA Cluster (3 nodes)

### Steps
- [ ] Write the replication and HA designs
- [ ] Build the Patroni cluster with HAProxy and PgBouncer

### Acceptance criteria
- Cluster is healthy with a read replica endpoint

**Evidence required:** Repository link + documentation

**Troubleshooting:** Read the server log first. Record each problem and its fix in the issue notes. If stuck for more than 30 minutes, set the status to Blocked and describe the blocker.

**Performance:** Note the effect of this change on latency, WAL and locks where it applies.

**Security:** Use least-privilege roles, not the superuser, unless the task requires it. Keep secrets out of the repository.

**Automation:** Commit SQL and configuration to the repository. From phase 17 on, apply changes through migrations and the automation repository.

**Assessment:** Scored 0-100 against the capstone rubric. Type: Project.

### Completion criteria
- Every step is done and every acceptance criterion is demonstrated
- Required evidence is attached to the issue
- SQL, configuration and documents are committed to the repository
- Actual time is logged against the issue
- Instructor Review is Approved and the status is Completed

**Estimated time:** 8 h

**Next task:** CAP-007","High Availability","V20.0 Enterprise Capstone","MOD-64","CAP-005","8","L5 - Expert","Capstone","HA Cluster (3 nodes)","Repository link + documentation","PostgreSQL; Patroni; etcd; HAProxy; PgBouncer; pgBackRest; Prometheus; Grafana; Loki; OpenBao; Ansible","18","Level 3 - Enterprise PostgreSQL","Engineering","High","Project","1","Pending"
"CAP-007","CAP-007","Capstone","High","[CAP-007] Monitoring architecture, logging and dashboards","**Objective:** Monitoring architecture, logging and dashboards

**Prerequisites:** CAP-006

**Concepts:** Primary and read replica; Patroni; etcd; HAProxy; PgBouncer; Backup; PITR; WAL archiving; Monitoring; Logging; Security; OpenBao; Ansible; Automated health checks; Disaster recovery; Application workload; Multiple users; Role-based access; RLS; Auditing; Performance monitoring; Replication; Automated backup; Failover

**Tools:** PostgreSQL; Patroni; etcd; HAProxy; PgBouncer; pgBackRest; Prometheus; Grafana; Loki; OpenBao; Ansible

**Environment:** HA Cluster (3 nodes)

### Steps
- [ ] Write the monitoring architecture
- [ ] Implement metrics, logs, dashboards and alerts

### Acceptance criteria
- Dashboards and alerts cover every requirement

**Evidence required:** Repository link + documentation

**Troubleshooting:** Read the server log first. Record each problem and its fix in the issue notes. If stuck for more than 30 minutes, set the status to Blocked and describe the blocker.

**Performance:** Note the effect of this change on latency, WAL and locks where it applies.

**Security:** Use least-privilege roles, not the superuser, unless the task requires it. Keep secrets out of the repository.

**Automation:** Commit SQL and configuration to the repository. From phase 17 on, apply changes through migrations and the automation repository.

**Assessment:** Scored 0-100 against the capstone rubric. Type: Project.

### Completion criteria
- Every step is done and every acceptance criterion is demonstrated
- Required evidence is attached to the issue
- SQL, configuration and documents are committed to the repository
- Actual time is logged against the issue
- Instructor Review is Approved and the status is Completed

**Estimated time:** 6 h

**Next task:** CAP-008","High Availability","V20.0 Enterprise Capstone","MOD-64","CAP-006","6","L5 - Expert","Capstone","HA Cluster (3 nodes)","Repository link + documentation","PostgreSQL; Patroni; etcd; HAProxy; PgBouncer; pgBackRest; Prometheus; Grafana; Loki; OpenBao; Ansible","18","Level 3 - Enterprise PostgreSQL","Engineering","High","Project","1","Pending"
"CAP-008","CAP-008","Capstone","High","[CAP-008] Automation scripts, Ansible playbooks and health checks","**Objective:** Automation scripts, Ansible playbooks and health checks

**Prerequisites:** CAP-007

**Concepts:** Primary and read replica; Patroni; etcd; HAProxy; PgBouncer; Backup; PITR; WAL archiving; Monitoring; Logging; Security; OpenBao; Ansible; Automated health checks; Disaster recovery; Application workload; Multiple users; Role-based access; RLS; Auditing; Performance monitoring; Replication; Automated backup; Failover

**Tools:** PostgreSQL; Patroni; etcd; HAProxy; PgBouncer; pgBackRest; Prometheus; Grafana; Loki; OpenBao; Ansible

**Environment:** HA Cluster (3 nodes)

### Steps
- [ ] Deliver automation scripts, Ansible playbooks and automated health checks

### Acceptance criteria
- Platform rebuilds from the repository
- Health checks run on schedule

**Evidence required:** Repository link + documentation

**Troubleshooting:** Read the server log first. Record each problem and its fix in the issue notes. If stuck for more than 30 minutes, set the status to Blocked and describe the blocker.

**Performance:** Note the effect of this change on latency, WAL and locks where it applies.

**Security:** Use least-privilege roles, not the superuser, unless the task requires it. Keep secrets out of the repository.

**Automation:** Commit SQL and configuration to the repository. From phase 17 on, apply changes through migrations and the automation repository.

**Assessment:** Scored 0-100 against the capstone rubric. Type: Project.

### Completion criteria
- Every step is done and every acceptance criterion is demonstrated
- Required evidence is attached to the issue
- SQL, configuration and documents are committed to the repository
- Actual time is logged against the issue
- Instructor Review is Approved and the status is Completed

**Estimated time:** 8 h

**Next task:** CAP-009","High Availability","V20.0 Enterprise Capstone","MOD-64","CAP-007","8","L5 - Expert","Capstone","HA Cluster (3 nodes)","Repository link + documentation","PostgreSQL; Patroni; etcd; HAProxy; PgBouncer; pgBackRest; Prometheus; Grafana; Loki; OpenBao; Ansible","18","Level 3 - Enterprise PostgreSQL","Engineering","High","Project","1","Pending"
"CAP-009","CAP-009","Capstone","High","[CAP-009] Performance report","**Objective:** Performance report

**Prerequisites:** CAP-008

**Concepts:** Primary and read replica; Patroni; etcd; HAProxy; PgBouncer; Backup; PITR; WAL archiving; Monitoring; Logging; Security; OpenBao; Ansible; Automated health checks; Disaster recovery; Application workload; Multiple users; Role-based access; RLS; Auditing; Performance monitoring; Replication; Automated backup; Failover

**Tools:** PostgreSQL; Patroni; etcd; HAProxy; PgBouncer; pgBackRest; Prometheus; Grafana; Loki; OpenBao; Ansible

**Environment:** HA Cluster (3 nodes)

### Steps
- [ ] Run the application workload
- [ ] Report throughput, latency, bottlenecks and tuning done

### Acceptance criteria
- Report shows targets met with evidence

**Evidence required:** Repository link + documentation

**Troubleshooting:** Read the server log first. Record each problem and its fix in the issue notes. If stuck for more than 30 minutes, set the status to Blocked and describe the blocker.

**Performance:** Note the effect of this change on latency, WAL and locks where it applies.

**Security:** Use least-privilege roles, not the superuser, unless the task requires it. Keep secrets out of the repository.

**Automation:** Commit SQL and configuration to the repository. From phase 17 on, apply changes through migrations and the automation repository.

**Assessment:** Scored 0-100 against the capstone rubric. Type: Project.

### Completion criteria
- Every step is done and every acceptance criterion is demonstrated
- Required evidence is attached to the issue
- SQL, configuration and documents are committed to the repository
- Actual time is logged against the issue
- Instructor Review is Approved and the status is Completed

**Estimated time:** 5 h

**Next task:** CAP-010","High Availability","V20.0 Enterprise Capstone","MOD-64","CAP-008","5","L5 - Expert","Capstone","HA Cluster (3 nodes)","Repository link + documentation","PostgreSQL; Patroni; etcd; HAProxy; PgBouncer; pgBackRest; Prometheus; Grafana; Loki; OpenBao; Ansible","18","Level 3 - Enterprise PostgreSQL","Engineering","High","Project","1","Pending"
"CAP-010","CAP-010","Capstone","High","[CAP-010] Runbooks and troubleshooting guide","**Objective:** Runbooks and troubleshooting guide

**Prerequisites:** CAP-009

**Concepts:** Primary and read replica; Patroni; etcd; HAProxy; PgBouncer; Backup; PITR; WAL archiving; Monitoring; Logging; Security; OpenBao; Ansible; Automated health checks; Disaster recovery; Application workload; Multiple users; Role-based access; RLS; Auditing; Performance monitoring; Replication; Automated backup; Failover

**Tools:** PostgreSQL; Patroni; etcd; HAProxy; PgBouncer; pgBackRest; Prometheus; Grafana; Loki; OpenBao; Ansible

**Environment:** HA Cluster (3 nodes)

### Steps
- [ ] Write the runbooks and the troubleshooting guide for the platform

### Acceptance criteria
- Another engineer can operate the platform from them

**Evidence required:** Repository link + documentation

**Troubleshooting:** Read the server log first. Record each problem and its fix in the issue notes. If stuck for more than 30 minutes, set the status to Blocked and describe the blocker.

**Performance:** Note the effect of this change on latency, WAL and locks where it applies.

**Security:** Use least-privilege roles, not the superuser, unless the task requires it. Keep secrets out of the repository.

**Automation:** Commit SQL and configuration to the repository. From phase 17 on, apply changes through migrations and the automation repository.

**Assessment:** Scored 0-100 against the capstone rubric. Type: Project.

### Completion criteria
- Every step is done and every acceptance criterion is demonstrated
- Required evidence is attached to the issue
- SQL, configuration and documents are committed to the repository
- Actual time is logged against the issue
- Instructor Review is Approved and the status is Completed

**Estimated time:** 5 h

**Next task:** CAP-011","High Availability","V20.0 Enterprise Capstone","MOD-64","CAP-009","5","L5 - Expert","Capstone","HA Cluster (3 nodes)","Repository link + documentation","PostgreSQL; Patroni; etcd; HAProxy; PgBouncer; pgBackRest; Prometheus; Grafana; Loki; OpenBao; Ansible","18","Level 3 - Enterprise PostgreSQL","Engineering","High","Project","1","Pending"
"CAP-011","CAP-011","Capstone","High","[CAP-011] Disaster recovery test, failover test and security audit","**Objective:** Disaster recovery test, failover test and security audit

**Prerequisites:** CAP-010

**Concepts:** Primary and read replica; Patroni; etcd; HAProxy; PgBouncer; Backup; PITR; WAL archiving; Monitoring; Logging; Security; OpenBao; Ansible; Automated health checks; Disaster recovery; Application workload; Multiple users; Role-based access; RLS; Auditing; Performance monitoring; Replication; Automated backup; Failover

**Tools:** PostgreSQL; Patroni; etcd; HAProxy; PgBouncer; pgBackRest; Prometheus; Grafana; Loki; OpenBao; Ansible

**Environment:** HA Cluster (3 nodes)

### Steps
- [ ] Execute and report the disaster recovery test, the failover test and the security audit

### Acceptance criteria
- All three reports are attached with measured results

**Evidence required:** Repository link + documentation

**Troubleshooting:** Read the server log first. Record each problem and its fix in the issue notes. If stuck for more than 30 minutes, set the status to Blocked and describe the blocker.

**Performance:** Note the effect of this change on latency, WAL and locks where it applies.

**Security:** Use least-privilege roles, not the superuser, unless the task requires it. Keep secrets out of the repository.

**Automation:** Commit SQL and configuration to the repository. From phase 17 on, apply changes through migrations and the automation repository.

**Assessment:** Scored 0-100 against the capstone rubric. Type: Project.

### Completion criteria
- Every step is done and every acceptance criterion is demonstrated
- Required evidence is attached to the issue
- SQL, configuration and documents are committed to the repository
- Actual time is logged against the issue
- Instructor Review is Approved and the status is Completed

**Estimated time:** 6 h

**Next task:** CAP-012","High Availability","V20.0 Enterprise Capstone","MOD-64","CAP-010","6","L5 - Expert","Capstone","HA Cluster (3 nodes)","Repository link + documentation","PostgreSQL; Patroni; etcd; HAProxy; PgBouncer; pgBackRest; Prometheus; Grafana; Loki; OpenBao; Ansible","18","Level 3 - Enterprise PostgreSQL","Engineering","High","Project","1","Pending"
"CAP-012","CAP-012","Capstone","High","[CAP-012] Final technical report, executive architecture document and presentation","**Objective:** Final technical report, executive architecture document and presentation

**Prerequisites:** CAP-011

**Concepts:** Primary and read replica; Patroni; etcd; HAProxy; PgBouncer; Backup; PITR; WAL archiving; Monitoring; Logging; Security; OpenBao; Ansible; Automated health checks; Disaster recovery; Application workload; Multiple users; Role-based access; RLS; Auditing; Performance monitoring; Replication; Automated backup; Failover

**Tools:** PostgreSQL; Patroni; etcd; HAProxy; PgBouncer; pgBackRest; Prometheus; Grafana; Loki; OpenBao; Ansible

**Environment:** HA Cluster (3 nodes)

### Steps
- [ ] Write the final technical report and the executive architecture document
- [ ] Present and demonstrate the platform

### Acceptance criteria
- Both documents are attached
- Demonstration covers failover and recovery

**Evidence required:** Repository link + documentation

**Troubleshooting:** Read the server log first. Record each problem and its fix in the issue notes. If stuck for more than 30 minutes, set the status to Blocked and describe the blocker.

**Performance:** Note the effect of this change on latency, WAL and locks where it applies.

**Security:** Use least-privilege roles, not the superuser, unless the task requires it. Keep secrets out of the repository.

**Automation:** Commit SQL and configuration to the repository. From phase 17 on, apply changes through migrations and the automation repository.

**Assessment:** Scored 0-100 against the capstone rubric. Type: Project.

### Completion criteria
- Every step is done and every acceptance criterion is demonstrated
- Required evidence is attached to the issue
- SQL, configuration and documents are committed to the repository
- Actual time is logged against the issue
- Instructor Review is Approved and the status is Completed

**Estimated time:** 6 h

**Next task:** ASM-020","High Availability","V20.0 Enterprise Capstone","MOD-64","CAP-011","6","L5 - Expert","Capstone","HA Cluster (3 nodes)","Repository link + documentation","PostgreSQL; Patroni; etcd; HAProxy; PgBouncer; pgBackRest; Prometheus; Grafana; Loki; OpenBao; Ansible","18","Level 3 - Enterprise PostgreSQL","Engineering","High","Project","1","Pending"
"ASM-020","ASM-020","Assessment","High","[ASM-020] Final assessment","**Objective:** Final assessment

**Prerequisites:** CAP-012

**Concepts:** Primary and read replica; Patroni; etcd; HAProxy; PgBouncer; Backup; PITR; WAL archiving; Monitoring; Logging; Security; OpenBao; Ansible; Automated health checks; Disaster recovery; Application workload; Multiple users; Role-based access; RLS; Auditing; Performance monitoring; Replication; Automated backup; Failover

**Tools:** PostgreSQL; Patroni; etcd; HAProxy; PgBouncer; pgBackRest; Prometheus; Grafana; Loki; OpenBao; Ansible

**Environment:** HA Cluster (3 nodes)

### Steps
- [ ] Instructor evaluation against the capstone rubric with an oral examination

### Acceptance criteria
- Score of 70 or higher

**Evidence required:** Scored result

**Troubleshooting:** Read the server log first. Record each problem and its fix in the issue notes. If stuck for more than 30 minutes, set the status to Blocked and describe the blocker.

**Performance:** Note the effect of this change on latency, WAL and locks where it applies.

**Security:** Use least-privilege roles, not the superuser, unless the task requires it. Keep secrets out of the repository.

**Automation:** Commit SQL and configuration to the repository. From phase 17 on, apply changes through migrations and the automation repository.

**Assessment:** Scored 0-100. Pass mark 70. Type: Practical exam.

### Completion criteria
- Every step is done and every acceptance criterion is demonstrated
- Required evidence is attached to the issue
- SQL, configuration and documents are committed to the repository
- Actual time is logged against the issue
- Instructor Review is Approved and the status is Completed

**Estimated time:** 3 h

**Next task:** Last task of this module","High Availability","V20.0 Enterprise Capstone","MOD-64","CAP-012","3","L5 - Expert","Assessment","HA Cluster (3 nodes)","Scored result","PostgreSQL; Patroni; etcd; HAProxy; PgBouncer; pgBackRest; Prometheus; Grafana; Loki; OpenBao; Ansible","18","Level 3 - Enterprise PostgreSQL","Engineering","High","Practical exam","0","Pending"
"MOD-65","MOD-65","Module","Normal","[MOD-65] Career Preparation","**Topics:** PostgreSQL DBA, Senior PostgreSQL DBA, PostgreSQL Developer, Database Engineer, Database Reliability Engineer, Database Performance Engineer, Database Architect and Cloud Database Engineer interviews

**Tools:** Git

**Environment:** Workstation

**Tasks:** 5, 19 estimated hours.

- ASG-014 Portfolio: publish the ten projects
- ASG-015 Interview bank: SQL and PostgreSQL internals
- ASG-016 Interview bank: performance, replication, HA and backup scenarios
- ASG-017 Interview bank: security, troubleshooting and architecture
- ASM-021 Mock interview and live troubleshooting","Career","V20.0 Enterprise Capstone","PHASE-20","","","","","Workstation","","Git","18","Level 3 - Enterprise PostgreSQL","Developer","Medium","","",""
"ASG-014","ASG-014","Assignment","Normal","[ASG-014] Portfolio: publish the ten projects","**Objective:** Portfolio: publish the ten projects

**Prerequisites:** ASM-020

**Concepts:** PostgreSQL DBA, Senior PostgreSQL DBA, PostgreSQL Developer, Database Engineer, Database Reliability Engineer, Database Performance Engineer, Database Architect and Cloud Database Engineer interviews

**Tools:** Git

**Environment:** Workstation

### Steps
- [ ] Organise the ten portfolio repositories with READMEs, diagrams and results
- [ ] Write resume and profile descriptions

### Acceptance criteria
- Ten repositories are presentable
- Descriptions are attached

**Evidence required:** Written deliverable

**Troubleshooting:** Read the server log first. Record each problem and its fix in the issue notes. If stuck for more than 30 minutes, set the status to Blocked and describe the blocker.

**Performance:** Note the effect of this change on latency, WAL and locks where it applies.

**Security:** Use least-privilege roles, not the superuser, unless the task requires it. Keep secrets out of the repository.

**Automation:** Commit SQL and configuration to the repository. From phase 17 on, apply changes through migrations and the automation repository.

**Assessment:** Instructor reviews the deliverable against the acceptance criteria. Type: Design question.

### Completion criteria
- Every step is done and every acceptance criterion is demonstrated
- Required evidence is attached to the issue
- SQL, configuration and documents are committed to the repository
- Actual time is logged against the issue
- Instructor Review is Approved and the status is Completed

**Estimated time:** 4 h

**Next task:** ASG-015","Career","V20.0 Enterprise Capstone","MOD-65","ASM-020","4","L3 - Intermediate","Assignment","Workstation","Written deliverable","Git","18","Level 3 - Enterprise PostgreSQL","Developer","Medium","Design question","0","Pending"
"ASG-015","ASG-015","Assignment","Normal","[ASG-015] Interview bank: SQL and PostgreSQL internals","**Objective:** Interview bank: SQL and PostgreSQL internals

**Prerequisites:** ASG-014

**Concepts:** PostgreSQL DBA, Senior PostgreSQL DBA, PostgreSQL Developer, Database Engineer, Database Reliability Engineer, Database Performance Engineer, Database Architect and Cloud Database Engineer interviews

**Tools:** Git

**Environment:** Workstation

### Steps
- [ ] Write and answer SQL questions and internals questions on MVCC, WAL, vacuum and the planner

### Acceptance criteria
- At least 60 questions with answers

**Evidence required:** Written deliverable

**Troubleshooting:** Read the server log first. Record each problem and its fix in the issue notes. If stuck for more than 30 minutes, set the status to Blocked and describe the blocker.

**Performance:** Note the effect of this change on latency, WAL and locks where it applies.

**Security:** Use least-privilege roles, not the superuser, unless the task requires it. Keep secrets out of the repository.

**Automation:** Commit SQL and configuration to the repository. From phase 17 on, apply changes through migrations and the automation repository.

**Assessment:** Instructor reviews the deliverable against the acceptance criteria. Type: Design question.

### Completion criteria
- Every step is done and every acceptance criterion is demonstrated
- Required evidence is attached to the issue
- SQL, configuration and documents are committed to the repository
- Actual time is logged against the issue
- Instructor Review is Approved and the status is Completed

**Estimated time:** 4 h

**Next task:** ASG-016","Career","V20.0 Enterprise Capstone","MOD-65","ASG-014","4","L3 - Intermediate","Assignment","Workstation","Written deliverable","Git","18","Level 3 - Enterprise PostgreSQL","Developer","Medium","Design question","0","Pending"
"ASG-016","ASG-016","Assignment","Normal","[ASG-016] Interview bank: performance, replication, HA and backup scenarios","**Objective:** Interview bank: performance, replication, HA and backup scenarios

**Prerequisites:** ASG-015

**Concepts:** PostgreSQL DBA, Senior PostgreSQL DBA, PostgreSQL Developer, Database Engineer, Database Reliability Engineer, Database Performance Engineer, Database Architect and Cloud Database Engineer interviews

**Tools:** Git

**Environment:** Workstation

### Steps
- [ ] Write and solve scenario questions on performance, replication, HA and backup and DR

### Acceptance criteria
- At least 30 scenarios with worked answers

**Evidence required:** Written deliverable

**Troubleshooting:** Read the server log first. Record each problem and its fix in the issue notes. If stuck for more than 30 minutes, set the status to Blocked and describe the blocker.

**Performance:** Note the effect of this change on latency, WAL and locks where it applies.

**Security:** Use least-privilege roles, not the superuser, unless the task requires it. Keep secrets out of the repository.

**Automation:** Commit SQL and configuration to the repository. From phase 17 on, apply changes through migrations and the automation repository.

**Assessment:** Instructor reviews the deliverable against the acceptance criteria. Type: Design question.

### Completion criteria
- Every step is done and every acceptance criterion is demonstrated
- Required evidence is attached to the issue
- SQL, configuration and documents are committed to the repository
- Actual time is logged against the issue
- Instructor Review is Approved and the status is Completed

**Estimated time:** 4 h

**Next task:** ASG-017","Career","V20.0 Enterprise Capstone","MOD-65","ASG-015","4","L3 - Intermediate","Assignment","Workstation","Written deliverable","Git","18","Level 3 - Enterprise PostgreSQL","Developer","Medium","Design question","0","Pending"
"ASG-017","ASG-017","Assignment","Normal","[ASG-017] Interview bank: security, troubleshooting and architecture","**Objective:** Interview bank: security, troubleshooting and architecture

**Prerequisites:** ASG-016

**Concepts:** PostgreSQL DBA, Senior PostgreSQL DBA, PostgreSQL Developer, Database Engineer, Database Reliability Engineer, Database Performance Engineer, Database Architect and Cloud Database Engineer interviews

**Tools:** Git

**Environment:** Workstation

### Steps
- [ ] Write and solve security, troubleshooting and architecture interview questions

### Acceptance criteria
- At least 30 scenarios with worked answers

**Evidence required:** Written deliverable

**Troubleshooting:** Read the server log first. Record each problem and its fix in the issue notes. If stuck for more than 30 minutes, set the status to Blocked and describe the blocker.

**Performance:** Note the effect of this change on latency, WAL and locks where it applies.

**Security:** Use least-privilege roles, not the superuser, unless the task requires it. Keep secrets out of the repository.

**Automation:** Commit SQL and configuration to the repository. From phase 17 on, apply changes through migrations and the automation repository.

**Assessment:** Instructor reviews the deliverable against the acceptance criteria. Type: Design question.

### Completion criteria
- Every step is done and every acceptance criterion is demonstrated
- Required evidence is attached to the issue
- SQL, configuration and documents are committed to the repository
- Actual time is logged against the issue
- Instructor Review is Approved and the status is Completed

**Estimated time:** 4 h

**Next task:** ASM-021","Career","V20.0 Enterprise Capstone","MOD-65","ASG-016","4","L3 - Intermediate","Assignment","Workstation","Written deliverable","Git","18","Level 3 - Enterprise PostgreSQL","Developer","Medium","Design question","0","Pending"
"ASM-021","ASM-021","Assessment","High","[ASM-021] Mock interview and live troubleshooting","**Objective:** Mock interview and live troubleshooting

**Prerequisites:** ASG-017

**Concepts:** PostgreSQL DBA, Senior PostgreSQL DBA, PostgreSQL Developer, Database Engineer, Database Reliability Engineer, Database Performance Engineer, Database Architect and Cloud Database Engineer interviews

**Tools:** Git

**Environment:** Workstation

### Steps
- [ ] Take a mock interview
- [ ] Solve one live fault and one whiteboard architecture

### Acceptance criteria
- Score of 70 or higher

**Evidence required:** Scored result

**Troubleshooting:** Read the server log first. Record each problem and its fix in the issue notes. If stuck for more than 30 minutes, set the status to Blocked and describe the blocker.

**Performance:** Note the effect of this change on latency, WAL and locks where it applies.

**Security:** Use least-privilege roles, not the superuser, unless the task requires it. Keep secrets out of the repository.

**Automation:** Commit SQL and configuration to the repository. From phase 17 on, apply changes through migrations and the automation repository.

**Assessment:** Scored 0-100. Pass mark 70. Type: Practical exam.

### Completion criteria
- Every step is done and every acceptance criterion is demonstrated
- Required evidence is attached to the issue
- SQL, configuration and documents are committed to the repository
- Actual time is logged against the issue
- Instructor Review is Approved and the status is Completed

**Estimated time:** 3 h

**Next task:** Last task of this module","Career","V20.0 Enterprise Capstone","MOD-65","ASG-017","3","L3 - Intermediate","Assessment","Workstation","Scored result","Git","18","Level 3 - Enterprise PostgreSQL","Developer","Medium","Practical exam","0","Pending"
"REVIEW-20","REVIEW-20","Review","High","[REVIEW-20] Phase 20 gate review","**Objective:** Confirm that phase 20 (Enterprise Capstone) is complete.

### Checklist
- [ ] Every issue of the phase is Completed
- [ ] Evidence is attached to every issue
- [ ] Time is logged
- [ ] Assessment score is 70 or higher
- [ ] SQL, configuration and documents are in the repository

**Assessment:** Instructor confirms the checklist and records the gate decision.

**Estimated time:** 1 h","","V20.0 Enterprise Capstone","PHASE-20","LAB-088, ASM-020, ASM-021","1","","Review","","Instructor sign-off","","","","","","Review","0","Pending"
