"Unique ID","Curriculum ID","Tracker","Priority","Subject","Description","Category","Target version","Parent","Blocked by","Estimated hours","Difficulty","Lab Type","Environment","Evidence Required","Transaction Code","SAP Version","S/4HANA Relevance","Business Process","Integration Module","Skill Level","Skill Track","Assessment Type","Portfolio Project","Instructor Review"
"EPIC","EPIC","Epic","Normal","[EPIC] SAP FICO Complete Training Programme","Top-level issue for the whole programme: 30 phases, 50 modules, 314 tasks, 957 estimated hours.

Progress and time roll up from all phases.","","V30.0 Final Capstone","","","","","","","","","","","","","","","","",""
"PHASE-01","PHASE-01","Phase","Normal","[PHASE-01] Accounting Fundamentals","Phase 01 of 30. Version: V01.0 Accounting Fundamentals.

Modules: 6. Estimated hours: 79.

- MOD-01 What Accounting Is
- MOD-02 Debit and Credit
- MOD-03 The Accounting Cycle
- MOD-04 Ledgers and Subledgers
- MOD-05 Financial Statements
- MOD-06 Payables, Receivables, Assets, Inventory and Cost Concepts

The phase closes with the gate review REVIEW-01.","","V01.0 Accounting Fundamentals","EPIC","","","","","","","","","","","","","","","",""
"MOD-01","MOD-01","Module","Normal","[MOD-01] What Accounting Is","**Topics:** What is accounting; Purpose of accounting; Accounting cycle; Assets; Liabilities; Equity; Revenue; Expenses; Income; Profit; Loss

**Transaction codes:** None

**Environment:** Workbook

**Tasks:** 2, 6 estimated hours.

- THY-001 What accounting is and why businesses need it
- ACC-001 Classify business transactions","Accounting Basics","V01.0 Accounting Fundamentals","PHASE-01","","","","","Workbook","","","","Not system specific","None","None","Level 1 - Accounting & SAP Foundation","Accounting","","",""
"THY-001","THY-001","Theory","Normal","[THY-001] What accounting is and why businesses need it","**Objective:** What accounting is and why businesses need it

**Prerequisites:** None (entry point)

**Concepts:** What is accounting; Purpose of accounting; Accounting cycle; Assets; Liabilities; Equity; Revenue; Expenses; Income; Profit; Loss

**Environment:** Workbook

### Steps
- [ ] Study what accounting records and who uses it
- [ ] Study assets, liabilities and equity with everyday examples
- [ ] Study revenue, expenses, income, profit and loss
- [ ] Study the accounting equation: assets = liabilities + equity

### Acceptance criteria
- Explains the accounting equation with a shop example
- Classifies thirty items as asset, liability, equity, revenue or expense

**Evidence required:** Notes

**Assessment:** Instructor checks the notes and asks short oral questions. Type: Short answer.

### Completion criteria
- Every step is done and every acceptance criterion is demonstrated
- Required evidence is attached to the issue
- The accounting impact is written down where a posting was made
- Actual time is logged against the issue
- Instructor Review is Approved and the status is Completed

**Estimated time:** 3 h

**Next task:** ACC-001","Accounting Basics","V01.0 Accounting Fundamentals","MOD-01","","3","L1 - Beginner","Theory","Workbook","Notes","","","Not system specific","None","None","Level 1 - Accounting & SAP Foundation","Accounting","Short answer","0","Pending"
"ACC-001","ACC-001","Accounting","Normal","[ACC-001] Classify business transactions","**Objective:** Classify business transactions

**Prerequisites:** THY-001

**Concepts:** What is accounting; Purpose of accounting; Accounting cycle; Assets; Liabilities; Equity; Revenue; Expenses; Income; Profit; Loss

**Environment:** Workbook

### Steps
- [ ] Take the workbook list of sixty transactions of a small trader
- [ ] State which elements each one changes and by how much
- [ ] Show that the accounting equation still balances after each

### Acceptance criteria
- At least 54 of 60 classified correctly
- Equation is shown balanced after every transaction

**Evidence required:** Worked solution

**Assessment:** Instructor checks the worked solution against the workbook answer. Type: Journal entries.

### Completion criteria
- Every step is done and every acceptance criterion is demonstrated
- Required evidence is attached to the issue
- The accounting impact is written down where a posting was made
- Actual time is logged against the issue
- Instructor Review is Approved and the status is Completed

**Estimated time:** 3 h

**Next task:** Last task of this module","Accounting Basics","V01.0 Accounting Fundamentals","MOD-01","THY-001","3","L1 - Beginner","Accounting Exercise","Workbook","Worked solution","","","Not system specific","None","None","Level 1 - Accounting & SAP Foundation","Accounting","Journal entries","0","Pending"
"MOD-02","MOD-02","Module","Normal","[MOD-02] Debit and Credit","**Topics:** Debit; Credit; Golden rules; Modern accounting rules; Account classification; Journal entries

**Transaction codes:** None

**Environment:** Workbook

**Tasks:** 11, 24 estimated hours.

- THY-002 Debit, credit, the golden rules and the modern rules
- ACC-002 Journal entry set 01: capital, cash and bank (10 entries)
- ACC-003 Journal entry set 02: purchases and suppliers (10 entries)
- ACC-004 Journal entry set 03: sales and customers (10 entries)
- ACC-005 Journal entry set 04: expenses and income (10 entries)
- ACC-006 Journal entry set 05: discounts, bad debts and adjustments (10 entries)
- ACC-007 Journal entry set 06: fixed assets and depreciation (10 entries)
- ACC-008 Journal entry set 07: advances, accruals and prepayments (10 entries)
- ACC-009 Journal entry set 08: taxes on purchases and sales (10 entries)
- ACC-010 Journal entry set 09: inventory and cost of goods sold (10 entries)
- ACC-011 Journal entry set 10: foreign currency, loans and mixed month (10 entries)","Accounting Basics","V01.0 Accounting Fundamentals","PHASE-01","","","","","Workbook","","","","Not system specific","None","None","Level 1 - Accounting & SAP Foundation","Accounting","","",""
"THY-002","THY-002","Theory","Normal","[THY-002] Debit, credit, the golden rules and the modern rules","**Objective:** Debit, credit, the golden rules and the modern rules

**Prerequisites:** ACC-001

**Concepts:** Debit; Credit; Golden rules; Modern accounting rules; Account classification; Journal entries

**Environment:** Workbook

### Steps
- [ ] Study the T-account and what debit and credit mean
- [ ] Study personal, real and nominal accounts and the three golden rules
- [ ] Study the modern rules by account type: asset, expense, liability, equity, revenue
- [ ] Convert examples between the two approaches

### Acceptance criteria
- States the rule for each account type without notes
- Solves ten entries by both approaches with the same result

**Evidence required:** Notes

**Assessment:** Instructor checks the notes and asks short oral questions. Type: Short answer.

### Completion criteria
- Every step is done and every acceptance criterion is demonstrated
- Required evidence is attached to the issue
- The accounting impact is written down where a posting was made
- Actual time is logged against the issue
- Instructor Review is Approved and the status is Completed

**Estimated time:** 4 h

**Next task:** ACC-002","Accounting Basics","V01.0 Accounting Fundamentals","MOD-02","ACC-001","4","L1 - Beginner","Theory","Workbook","Notes","","","Not system specific","None","None","Level 1 - Accounting & SAP Foundation","Accounting","Short answer","0","Pending"
"ACC-002","ACC-002","Accounting","Normal","[ACC-002] Journal entry set 01: capital, cash and bank (10 entries)","**Objective:** Journal entry set 01: capital, cash and bank (10 entries)

**Prerequisites:** THY-002

**Concepts:** Debit; Credit; Golden rules; Modern accounting rules; Account classification; Journal entries

**Environment:** Workbook

### Steps
- [ ] Write ten entries for owner capital, cash deposits, withdrawals and bank transfers
- [ ] Give date, accounts, debit, credit and narration for each

### Acceptance criteria
- All ten entries balance and use the correct accounts

**Evidence required:** Worked solution

**Assessment:** Instructor checks the worked solution against the workbook answer. Type: Journal entries.

### Completion criteria
- Every step is done and every acceptance criterion is demonstrated
- Required evidence is attached to the issue
- The accounting impact is written down where a posting was made
- Actual time is logged against the issue
- Instructor Review is Approved and the status is Completed

**Estimated time:** 2 h

**Next task:** ACC-003","Accounting Basics","V01.0 Accounting Fundamentals","MOD-02","THY-002","2","L1 - Beginner","Accounting Exercise","Workbook","Worked solution","","","Not system specific","None","None","Level 1 - Accounting & SAP Foundation","Accounting","Journal entries","0","Pending"
"ACC-003","ACC-003","Accounting","Normal","[ACC-003] Journal entry set 02: purchases and suppliers (10 entries)","**Objective:** Journal entry set 02: purchases and suppliers (10 entries)

**Prerequisites:** ACC-002

**Concepts:** Debit; Credit; Golden rules; Modern accounting rules; Account classification; Journal entries

**Environment:** Workbook

### Steps
- [ ] Write ten entries for cash and credit purchases, purchase returns and supplier payments

### Acceptance criteria
- All ten entries balance and use the correct accounts

**Evidence required:** Worked solution

**Assessment:** Instructor checks the worked solution against the workbook answer. Type: Journal entries.

### Completion criteria
- Every step is done and every acceptance criterion is demonstrated
- Required evidence is attached to the issue
- The accounting impact is written down where a posting was made
- Actual time is logged against the issue
- Instructor Review is Approved and the status is Completed

**Estimated time:** 2 h

**Next task:** ACC-004","Accounting Basics","V01.0 Accounting Fundamentals","MOD-02","ACC-002","2","L1 - Beginner","Accounting Exercise","Workbook","Worked solution","","","Not system specific","None","None","Level 1 - Accounting & SAP Foundation","Accounting","Journal entries","0","Pending"
"ACC-004","ACC-004","Accounting","Normal","[ACC-004] Journal entry set 03: sales and customers (10 entries)","**Objective:** Journal entry set 03: sales and customers (10 entries)

**Prerequisites:** ACC-003

**Concepts:** Debit; Credit; Golden rules; Modern accounting rules; Account classification; Journal entries

**Environment:** Workbook

### Steps
- [ ] Write ten entries for cash and credit sales, sales returns and customer receipts

### Acceptance criteria
- All ten entries balance and use the correct accounts

**Evidence required:** Worked solution

**Assessment:** Instructor checks the worked solution against the workbook answer. Type: Journal entries.

### Completion criteria
- Every step is done and every acceptance criterion is demonstrated
- Required evidence is attached to the issue
- The accounting impact is written down where a posting was made
- Actual time is logged against the issue
- Instructor Review is Approved and the status is Completed

**Estimated time:** 2 h

**Next task:** ACC-005","Accounting Basics","V01.0 Accounting Fundamentals","MOD-02","ACC-003","2","L1 - Beginner","Accounting Exercise","Workbook","Worked solution","","","Not system specific","None","None","Level 1 - Accounting & SAP Foundation","Accounting","Journal entries","0","Pending"
"ACC-005","ACC-005","Accounting","Normal","[ACC-005] Journal entry set 04: expenses and income (10 entries)","**Objective:** Journal entry set 04: expenses and income (10 entries)

**Prerequisites:** ACC-004

**Concepts:** Debit; Credit; Golden rules; Modern accounting rules; Account classification; Journal entries

**Environment:** Workbook

### Steps
- [ ] Write ten entries for rent, salary, utilities, interest, commission and other income

### Acceptance criteria
- All ten entries balance and use the correct accounts

**Evidence required:** Worked solution

**Assessment:** Instructor checks the worked solution against the workbook answer. Type: Journal entries.

### Completion criteria
- Every step is done and every acceptance criterion is demonstrated
- Required evidence is attached to the issue
- The accounting impact is written down where a posting was made
- Actual time is logged against the issue
- Instructor Review is Approved and the status is Completed

**Estimated time:** 2 h

**Next task:** ACC-006","Accounting Basics","V01.0 Accounting Fundamentals","MOD-02","ACC-004","2","L1 - Beginner","Accounting Exercise","Workbook","Worked solution","","","Not system specific","None","None","Level 1 - Accounting & SAP Foundation","Accounting","Journal entries","0","Pending"
"ACC-006","ACC-006","Accounting","Normal","[ACC-006] Journal entry set 05: discounts, bad debts and adjustments (10 entries)","**Objective:** Journal entry set 05: discounts, bad debts and adjustments (10 entries)

**Prerequisites:** ACC-005

**Concepts:** Debit; Credit; Golden rules; Modern accounting rules; Account classification; Journal entries

**Environment:** Workbook

### Steps
- [ ] Write ten entries for cash discount allowed and received, bad debts, provisions and corrections of errors

### Acceptance criteria
- All ten entries balance and use the correct accounts

**Evidence required:** Worked solution

**Assessment:** Instructor checks the worked solution against the workbook answer. Type: Journal entries.

### Completion criteria
- Every step is done and every acceptance criterion is demonstrated
- Required evidence is attached to the issue
- The accounting impact is written down where a posting was made
- Actual time is logged against the issue
- Instructor Review is Approved and the status is Completed

**Estimated time:** 2 h

**Next task:** ACC-007","Accounting Basics","V01.0 Accounting Fundamentals","MOD-02","ACC-005","2","L1 - Beginner","Accounting Exercise","Workbook","Worked solution","","","Not system specific","None","None","Level 1 - Accounting & SAP Foundation","Accounting","Journal entries","0","Pending"
"ACC-007","ACC-007","Accounting","Normal","[ACC-007] Journal entry set 06: fixed assets and depreciation (10 entries)","**Objective:** Journal entry set 06: fixed assets and depreciation (10 entries)

**Prerequisites:** ACC-006

**Concepts:** Debit; Credit; Golden rules; Modern accounting rules; Account classification; Journal entries

**Environment:** Workbook

### Steps
- [ ] Write ten entries for asset purchase, installation cost, depreciation, sale with profit and with loss, and scrapping

### Acceptance criteria
- All ten entries balance and use the correct accounts

**Evidence required:** Worked solution

**Assessment:** Instructor checks the worked solution against the workbook answer. Type: Journal entries.

### Completion criteria
- Every step is done and every acceptance criterion is demonstrated
- Required evidence is attached to the issue
- The accounting impact is written down where a posting was made
- Actual time is logged against the issue
- Instructor Review is Approved and the status is Completed

**Estimated time:** 2 h

**Next task:** ACC-008","Accounting Basics","V01.0 Accounting Fundamentals","MOD-02","ACC-006","2","L1 - Beginner","Accounting Exercise","Workbook","Worked solution","","","Not system specific","None","None","Level 1 - Accounting & SAP Foundation","Accounting","Journal entries","0","Pending"
"ACC-008","ACC-008","Accounting","Normal","[ACC-008] Journal entry set 07: advances, accruals and prepayments (10 entries)","**Objective:** Journal entry set 07: advances, accruals and prepayments (10 entries)

**Prerequisites:** ACC-007

**Concepts:** Debit; Credit; Golden rules; Modern accounting rules; Account classification; Journal entries

**Environment:** Workbook

### Steps
- [ ] Write ten entries for advances paid and received, outstanding expenses, prepaid expenses, accrued income and income received in advance

### Acceptance criteria
- All ten entries balance and use the correct accounts

**Evidence required:** Worked solution

**Assessment:** Instructor checks the worked solution against the workbook answer. Type: Journal entries.

### Completion criteria
- Every step is done and every acceptance criterion is demonstrated
- Required evidence is attached to the issue
- The accounting impact is written down where a posting was made
- Actual time is logged against the issue
- Instructor Review is Approved and the status is Completed

**Estimated time:** 2 h

**Next task:** ACC-009","Accounting Basics","V01.0 Accounting Fundamentals","MOD-02","ACC-007","2","L1 - Beginner","Accounting Exercise","Workbook","Worked solution","","","Not system specific","None","None","Level 1 - Accounting & SAP Foundation","Accounting","Journal entries","0","Pending"
"ACC-009","ACC-009","Accounting","Normal","[ACC-009] Journal entry set 08: taxes on purchases and sales (10 entries)","**Objective:** Journal entry set 08: taxes on purchases and sales (10 entries)

**Prerequisites:** ACC-008

**Concepts:** Debit; Credit; Golden rules; Modern accounting rules; Account classification; Journal entries

**Environment:** Workbook

### Steps
- [ ] Write ten entries with input tax, output tax, tax payment and tax deducted at source using GST and VAT style examples

### Acceptance criteria
- All ten entries balance and tax accounts are used correctly

**Evidence required:** Worked solution

**Assessment:** Instructor checks the worked solution against the workbook answer. Type: Journal entries.

### Completion criteria
- Every step is done and every acceptance criterion is demonstrated
- Required evidence is attached to the issue
- The accounting impact is written down where a posting was made
- Actual time is logged against the issue
- Instructor Review is Approved and the status is Completed

**Estimated time:** 2 h

**Next task:** ACC-010","Accounting Basics","V01.0 Accounting Fundamentals","MOD-02","ACC-008","2","L1 - Beginner","Accounting Exercise","Workbook","Worked solution","","","Not system specific","None","None","Level 1 - Accounting & SAP Foundation","Accounting","Journal entries","0","Pending"
"ACC-010","ACC-010","Accounting","Normal","[ACC-010] Journal entry set 09: inventory and cost of goods sold (10 entries)","**Objective:** Journal entry set 09: inventory and cost of goods sold (10 entries)

**Prerequisites:** ACC-009

**Concepts:** Debit; Credit; Golden rules; Modern accounting rules; Account classification; Journal entries

**Environment:** Workbook

### Steps
- [ ] Write ten entries for goods receipt, goods issue to production, finished goods, cost of goods sold and stock adjustments

### Acceptance criteria
- All ten entries balance and use the correct accounts

**Evidence required:** Worked solution

**Assessment:** Instructor checks the worked solution against the workbook answer. Type: Journal entries.

### Completion criteria
- Every step is done and every acceptance criterion is demonstrated
- Required evidence is attached to the issue
- The accounting impact is written down where a posting was made
- Actual time is logged against the issue
- Instructor Review is Approved and the status is Completed

**Estimated time:** 2 h

**Next task:** ACC-011","Accounting Basics","V01.0 Accounting Fundamentals","MOD-02","ACC-009","2","L1 - Beginner","Accounting Exercise","Workbook","Worked solution","","","Not system specific","None","None","Level 1 - Accounting & SAP Foundation","Accounting","Journal entries","0","Pending"
"ACC-011","ACC-011","Accounting","Normal","[ACC-011] Journal entry set 10: foreign currency, loans and mixed month (10 entries)","**Objective:** Journal entry set 10: foreign currency, loans and mixed month (10 entries)

**Prerequisites:** ACC-010

**Concepts:** Debit; Credit; Golden rules; Modern accounting rules; Account classification; Journal entries

**Environment:** Workbook

### Steps
- [ ] Write ten entries for foreign currency invoices and payments with exchange differences, loans, interest and a mixed month of transactions

### Acceptance criteria
- All ten entries balance and exchange differences are posted correctly

**Evidence required:** Worked solution

**Assessment:** Instructor checks the worked solution against the workbook answer. Type: Journal entries.

### Completion criteria
- Every step is done and every acceptance criterion is demonstrated
- Required evidence is attached to the issue
- The accounting impact is written down where a posting was made
- Actual time is logged against the issue
- Instructor Review is Approved and the status is Completed

**Estimated time:** 2 h

**Next task:** Last task of this module","Accounting Basics","V01.0 Accounting Fundamentals","MOD-02","ACC-010","2","L1 - Beginner","Accounting Exercise","Workbook","Worked solution","","","Not system specific","None","None","Level 1 - Accounting & SAP Foundation","Accounting","Journal entries","0","Pending"
"MOD-03","MOD-03","Module","Normal","[MOD-03] The Accounting Cycle","**Topics:** Transaction; Journal entry; Ledger; Trial balance; Adjustments; Profit and Loss; Balance Sheet; Financial closing

**Transaction codes:** None

**Environment:** Workbook

**Tasks:** 5, 16 estimated hours.

- THY-003 The accounting cycle from transaction to closing
- ACC-012 Post journal entries to ledger accounts
- ACC-013 Prepare a trial balance and find errors
- ACC-014 Adjustment entries and the adjusted trial balance
- ACC-015 Prepare the Profit and Loss account and the Balance Sheet","Accounting Basics","V01.0 Accounting Fundamentals","PHASE-01","","","","","Workbook","","","","Not system specific","Record to Report","None","Level 1 - Accounting & SAP Foundation","Accounting","","",""
"THY-003","THY-003","Theory","Normal","[THY-003] The accounting cycle from transaction to closing","**Objective:** The accounting cycle from transaction to closing

**Prerequisites:** ACC-011

**Concepts:** Transaction; Journal entry; Ledger; Trial balance; Adjustments; Profit and Loss; Balance Sheet; Financial closing

**Business process:** Record to Report

**Environment:** Workbook

### Steps
- [ ] Study each step: transaction, journal, ledger, trial balance, adjustments, profit and loss, balance sheet, closing
- [ ] Study why each step exists and what can go wrong at each

### Acceptance criteria
- Draws the cycle and explains each step in one sentence

**Evidence required:** Notes

**Assessment:** Instructor checks the notes and asks short oral questions. Type: Short answer.

### Completion criteria
- Every step is done and every acceptance criterion is demonstrated
- Required evidence is attached to the issue
- The accounting impact is written down where a posting was made
- Actual time is logged against the issue
- Instructor Review is Approved and the status is Completed

**Estimated time:** 3 h

**Next task:** ACC-012","Accounting Basics","V01.0 Accounting Fundamentals","MOD-03","ACC-011","3","L2 - Basic","Theory","Workbook","Notes","","","Not system specific","Record to Report","None","Level 1 - Accounting & SAP Foundation","Accounting","Short answer","0","Pending"
"ACC-012","ACC-012","Accounting","Normal","[ACC-012] Post journal entries to ledger accounts","**Objective:** Post journal entries to ledger accounts

**Prerequisites:** THY-003

**Concepts:** Transaction; Journal entry; Ledger; Trial balance; Adjustments; Profit and Loss; Balance Sheet; Financial closing

**Business process:** Record to Report

**Environment:** Workbook

### Steps
- [ ] Take the forty entries of one month from the workbook
- [ ] Post each to its T-account
- [ ] Balance every account

### Acceptance criteria
- Every ledger account is balanced and totals agree with the journal

**Evidence required:** Worked solution

**Assessment:** Instructor checks the worked solution against the workbook answer. Type: Journal entries.

### Completion criteria
- Every step is done and every acceptance criterion is demonstrated
- Required evidence is attached to the issue
- The accounting impact is written down where a posting was made
- Actual time is logged against the issue
- Instructor Review is Approved and the status is Completed

**Estimated time:** 3 h

**Next task:** ACC-013","Accounting Basics","V01.0 Accounting Fundamentals","MOD-03","THY-003","3","L2 - Basic","Accounting Exercise","Workbook","Worked solution","","","Not system specific","Record to Report","None","Level 1 - Accounting & SAP Foundation","Accounting","Journal entries","0","Pending"
"ACC-013","ACC-013","Accounting","Normal","[ACC-013] Prepare a trial balance and find errors","**Objective:** Prepare a trial balance and find errors

**Prerequisites:** ACC-012

**Concepts:** Transaction; Journal entry; Ledger; Trial balance; Adjustments; Profit and Loss; Balance Sheet; Financial closing

**Business process:** Record to Report

**Environment:** Workbook

### Steps
- [ ] List all ledger balances in a trial balance
- [ ] Find and correct the five planted errors
- [ ] Explain which errors a trial balance cannot reveal

### Acceptance criteria
- Trial balance agrees after corrections
- Each error type is named

**Evidence required:** Worked solution

**Assessment:** Instructor checks the worked solution against the workbook answer. Type: Journal entries.

### Completion criteria
- Every step is done and every acceptance criterion is demonstrated
- Required evidence is attached to the issue
- The accounting impact is written down where a posting was made
- Actual time is logged against the issue
- Instructor Review is Approved and the status is Completed

**Estimated time:** 3 h

**Next task:** ACC-014","Accounting Basics","V01.0 Accounting Fundamentals","MOD-03","ACC-012","3","L2 - Basic","Accounting Exercise","Workbook","Worked solution","","","Not system specific","Record to Report","None","Level 1 - Accounting & SAP Foundation","Accounting","Journal entries","0","Pending"
"ACC-014","ACC-014","Accounting","Normal","[ACC-014] Adjustment entries and the adjusted trial balance","**Objective:** Adjustment entries and the adjusted trial balance

**Prerequisites:** ACC-013

**Concepts:** Transaction; Journal entry; Ledger; Trial balance; Adjustments; Profit and Loss; Balance Sheet; Financial closing

**Business process:** Record to Report

**Environment:** Workbook

### Steps
- [ ] Post accruals, prepayments, depreciation, closing stock and provisions
- [ ] Prepare the adjusted trial balance

### Acceptance criteria
- Adjusted trial balance agrees
- Each adjustment is explained

**Evidence required:** Worked solution

**Assessment:** Instructor checks the worked solution against the workbook answer. Type: Journal entries.

### Completion criteria
- Every step is done and every acceptance criterion is demonstrated
- Required evidence is attached to the issue
- The accounting impact is written down where a posting was made
- Actual time is logged against the issue
- Instructor Review is Approved and the status is Completed

**Estimated time:** 3 h

**Next task:** ACC-015","Accounting Basics","V01.0 Accounting Fundamentals","MOD-03","ACC-013","3","L2 - Basic","Accounting Exercise","Workbook","Worked solution","","","Not system specific","Record to Report","None","Level 1 - Accounting & SAP Foundation","Accounting","Journal entries","0","Pending"
"ACC-015","ACC-015","Accounting","Normal","[ACC-015] Prepare the Profit and Loss account and the Balance Sheet","**Objective:** Prepare the Profit and Loss account and the Balance Sheet

**Prerequisites:** ACC-014

**Concepts:** Transaction; Journal entry; Ledger; Trial balance; Adjustments; Profit and Loss; Balance Sheet; Financial closing

**Business process:** Record to Report

**Environment:** Workbook

### Steps
- [ ] Prepare the Profit and Loss account from the adjusted trial balance
- [ ] Prepare the Balance Sheet
- [ ] Post closing entries and carry balances forward

### Acceptance criteria
- Net profit agrees with the workbook answer
- Balance Sheet balances
- Opening balances of the next period are correct

**Evidence required:** Worked solution

**Assessment:** Instructor checks the worked solution against the workbook answer. Type: Journal entries.

### Completion criteria
- Every step is done and every acceptance criterion is demonstrated
- Required evidence is attached to the issue
- The accounting impact is written down where a posting was made
- Actual time is logged against the issue
- Instructor Review is Approved and the status is Completed

**Estimated time:** 4 h

**Next task:** Last task of this module","Accounting Basics","V01.0 Accounting Fundamentals","MOD-03","ACC-014","4","L2 - Basic","Accounting Exercise","Workbook","Worked solution","","","Not system specific","Record to Report","None","Level 1 - Accounting & SAP Foundation","Accounting","Journal entries","0","Pending"
"MOD-04","MOD-04","Module","Normal","[MOD-04] Ledgers and Subledgers","**Topics:** General Ledger; Subledger; Customer ledger; Vendor ledger; Asset ledger; Bank ledger; Control accounts; Entry View versus General Ledger View

**Transaction codes:** None

**Environment:** Workbook

**Tasks:** 2, 6 estimated hours.

- THY-004 General ledger, subledgers and control accounts
- ACC-016 Reconcile subledgers to control accounts","Accounting Basics","V01.0 Accounting Fundamentals","PHASE-01","","","","","Workbook","","","","Not system specific","Record to Report","None","Level 1 - Accounting & SAP Foundation","Accounting","","",""
"THY-004","THY-004","Theory","Normal","[THY-004] General ledger, subledgers and control accounts","**Objective:** General ledger, subledgers and control accounts

**Prerequisites:** ACC-015

**Concepts:** General Ledger; Subledger; Customer ledger; Vendor ledger; Asset ledger; Bank ledger; Control accounts; Entry View versus General Ledger View

**Business process:** Record to Report

**Environment:** Workbook

### Steps
- [ ] Study why detail is kept in subledgers and totals in the general ledger
- [ ] Study customer, vendor, asset and bank ledgers
- [ ] Study control accounts and reconciliation
- [ ] Preview how SAP shows the same document in entry view and general ledger view

### Acceptance criteria
- Explains the link between a customer account and its control account
- Explains what entry view and general ledger view will show

**Evidence required:** Notes

**Assessment:** Instructor checks the notes and asks short oral questions. Type: Short answer.

### Completion criteria
- Every step is done and every acceptance criterion is demonstrated
- Required evidence is attached to the issue
- The accounting impact is written down where a posting was made
- Actual time is logged against the issue
- Instructor Review is Approved and the status is Completed

**Estimated time:** 3 h

**Next task:** ACC-016","Accounting Basics","V01.0 Accounting Fundamentals","MOD-04","ACC-015","3","L2 - Basic","Theory","Workbook","Notes","","","Not system specific","Record to Report","None","Level 1 - Accounting & SAP Foundation","Accounting","Short answer","0","Pending"
"ACC-016","ACC-016","Accounting","Normal","[ACC-016] Reconcile subledgers to control accounts","**Objective:** Reconcile subledgers to control accounts

**Prerequisites:** THY-004

**Concepts:** General Ledger; Subledger; Customer ledger; Vendor ledger; Asset ledger; Bank ledger; Control accounts; Entry View versus General Ledger View

**Business process:** Record to Report

**Environment:** Workbook

### Steps
- [ ] Prepare customer and vendor ledgers from the workbook transactions
- [ ] Total them
- [ ] Reconcile to the control accounts and explain a planted difference

### Acceptance criteria
- Subledger totals agree with control accounts after correction

**Evidence required:** Worked solution

**Assessment:** Instructor checks the worked solution against the workbook answer. Type: Journal entries.

### Completion criteria
- Every step is done and every acceptance criterion is demonstrated
- Required evidence is attached to the issue
- The accounting impact is written down where a posting was made
- Actual time is logged against the issue
- Instructor Review is Approved and the status is Completed

**Estimated time:** 3 h

**Next task:** Last task of this module","Accounting Basics","V01.0 Accounting Fundamentals","MOD-04","THY-004","3","L2 - Basic","Accounting Exercise","Workbook","Worked solution","","","Not system specific","Record to Report","None","Level 1 - Accounting & SAP Foundation","Accounting","Journal entries","0","Pending"
"MOD-05","MOD-05","Module","Normal","[MOD-05] Financial Statements","**Topics:** Trial Balance; Profit and Loss Account; Balance Sheet; Cash Flow concepts; How transactions flow into financial statements

**Transaction codes:** None

**Environment:** Workbook

**Tasks:** 2, 7 estimated hours.

- THY-005 Reading financial statements and cash flow concepts
- ACC-017 Build statements for a trading company","Accounting Basics","V01.0 Accounting Fundamentals","PHASE-01","","","","","Workbook","","","","Not system specific","Record to Report","None","Level 1 - Accounting & SAP Foundation","Accounting","","",""
"THY-005","THY-005","Theory","Normal","[THY-005] Reading financial statements and cash flow concepts","**Objective:** Reading financial statements and cash flow concepts

**Prerequisites:** ACC-016

**Concepts:** Trial Balance; Profit and Loss Account; Balance Sheet; Cash Flow concepts; How transactions flow into financial statements

**Business process:** Record to Report

**Environment:** Workbook

### Steps
- [ ] Study the structure of a Profit and Loss account and a Balance Sheet
- [ ] Study operating, investing and financing cash flows
- [ ] Trace ten transactions to the statement lines they change

### Acceptance criteria
- Traces each transaction to the correct statement line
- Explains profit versus cash

**Evidence required:** Notes

**Assessment:** Instructor checks the notes and asks short oral questions. Type: Short answer.

### Completion criteria
- Every step is done and every acceptance criterion is demonstrated
- Required evidence is attached to the issue
- The accounting impact is written down where a posting was made
- Actual time is logged against the issue
- Instructor Review is Approved and the status is Completed

**Estimated time:** 3 h

**Next task:** ACC-017","Accounting Basics","V01.0 Accounting Fundamentals","MOD-05","ACC-016","3","L2 - Basic","Theory","Workbook","Notes","","","Not system specific","Record to Report","None","Level 1 - Accounting & SAP Foundation","Accounting","Short answer","0","Pending"
"ACC-017","ACC-017","Accounting","Normal","[ACC-017] Build statements for a trading company","**Objective:** Build statements for a trading company

**Prerequisites:** THY-005

**Concepts:** Trial Balance; Profit and Loss Account; Balance Sheet; Cash Flow concepts; How transactions flow into financial statements

**Business process:** Record to Report

**Environment:** Workbook

### Steps
- [ ] Take the full-year workbook case
- [ ] Produce trial balance, Profit and Loss account, Balance Sheet and a simple cash flow statement

### Acceptance criteria
- Statements agree with the workbook answers

**Evidence required:** Worked solution

**Assessment:** Instructor checks the worked solution against the workbook answer. Type: Journal entries.

### Completion criteria
- Every step is done and every acceptance criterion is demonstrated
- Required evidence is attached to the issue
- The accounting impact is written down where a posting was made
- Actual time is logged against the issue
- Instructor Review is Approved and the status is Completed

**Estimated time:** 4 h

**Next task:** Last task of this module","Accounting Basics","V01.0 Accounting Fundamentals","MOD-05","THY-005","4","L2 - Basic","Accounting Exercise","Workbook","Worked solution","","","Not system specific","Record to Report","None","Level 1 - Accounting & SAP Foundation","Accounting","Journal entries","0","Pending"
"MOD-06","MOD-06","Module","Normal","[MOD-06] Payables, Receivables, Assets, Inventory and Cost Concepts","**Topics:** Vendor; Supplier; Sundry creditors; Purchase invoice; Credit memo; Debit memo; Payment; Advance; Clearing; Outstanding; Aging; Customer; Sundry debtor; Sales invoice; Incoming payment; Dunning; Asset; Asset class; Acquisition; Capitalization; Depreciation; Transfer; Retirement; Sale; Scrapping; Asset under construction; Settlement; Inventory accounting; Cost concepts

**Transaction codes:** None

**Environment:** Workbook

**Tasks:** 7, 19 estimated hours.

- THY-006 Accounts payable lifecycle
- THY-007 Accounts receivable lifecycle
- ACC-018 Payables and receivables exercise: invoices, payments, clearing and aging
- THY-008 Fixed asset lifecycle and depreciation methods
- ACC-019 Asset lifecycle exercise
- THY-009 Inventory accounting and cost concepts
- ASM-001 Phase 01 assessment: accounting","Accounting Basics","V01.0 Accounting Fundamentals","PHASE-01","","","","","Workbook","","","","Not system specific","None","None","Level 1 - Accounting & SAP Foundation","Accounting","","",""
"THY-006","THY-006","Theory","Normal","[THY-006] Accounts payable lifecycle","**Objective:** Accounts payable lifecycle

**Prerequisites:** ACC-017

**Concepts:** Vendor; Supplier; Sundry creditors; Purchase invoice; Credit memo; Debit memo; Payment; Advance; Clearing; Outstanding; Aging; Customer; Sundry debtor; Sales invoice; Incoming payment; Dunning; Asset; Asset class; Acquisition; Capitalization; Depreciation; Transfer; Retirement; Sale; Scrapping; Asset under construction; Settlement; Inventory accounting; Cost concepts

**Environment:** Workbook

### Steps
- [ ] Study vendor, purchase invoice, credit memo, debit memo, advance, payment, clearing, outstanding items and aging

### Acceptance criteria
- Explains each term with an example
- Reads a vendor aging report

**Evidence required:** Notes

**Assessment:** Instructor checks the notes and asks short oral questions. Type: Short answer.

### Completion criteria
- Every step is done and every acceptance criterion is demonstrated
- Required evidence is attached to the issue
- The accounting impact is written down where a posting was made
- Actual time is logged against the issue
- Instructor Review is Approved and the status is Completed

**Estimated time:** 2 h

**Next task:** THY-007","Accounting Basics","V01.0 Accounting Fundamentals","MOD-06","ACC-017","2","L2 - Basic","Theory","Workbook","Notes","","","Not system specific","None","None","Level 1 - Accounting & SAP Foundation","Accounting","Short answer","0","Pending"
"THY-007","THY-007","Theory","Normal","[THY-007] Accounts receivable lifecycle","**Objective:** Accounts receivable lifecycle

**Prerequisites:** THY-006

**Concepts:** Vendor; Supplier; Sundry creditors; Purchase invoice; Credit memo; Debit memo; Payment; Advance; Clearing; Outstanding; Aging; Customer; Sundry debtor; Sales invoice; Incoming payment; Dunning; Asset; Asset class; Acquisition; Capitalization; Depreciation; Transfer; Retirement; Sale; Scrapping; Asset under construction; Settlement; Inventory accounting; Cost concepts

**Environment:** Workbook

### Steps
- [ ] Study customer, sales invoice, credit memo, debit memo, advance, incoming payment, clearing, aging and dunning

### Acceptance criteria
- Explains each term with an example
- Explains what dunning is for

**Evidence required:** Notes

**Assessment:** Instructor checks the notes and asks short oral questions. Type: Short answer.

### Completion criteria
- Every step is done and every acceptance criterion is demonstrated
- Required evidence is attached to the issue
- The accounting impact is written down where a posting was made
- Actual time is logged against the issue
- Instructor Review is Approved and the status is Completed

**Estimated time:** 2 h

**Next task:** ACC-018","Accounting Basics","V01.0 Accounting Fundamentals","MOD-06","THY-006","2","L2 - Basic","Theory","Workbook","Notes","","","Not system specific","None","None","Level 1 - Accounting & SAP Foundation","Accounting","Short answer","0","Pending"
"ACC-018","ACC-018","Accounting","Normal","[ACC-018] Payables and receivables exercise: invoices, payments, clearing and aging","**Objective:** Payables and receivables exercise: invoices, payments, clearing and aging

**Prerequisites:** THY-007

**Concepts:** Vendor; Supplier; Sundry creditors; Purchase invoice; Credit memo; Debit memo; Payment; Advance; Clearing; Outstanding; Aging; Customer; Sundry debtor; Sales invoice; Incoming payment; Dunning; Asset; Asset class; Acquisition; Capitalization; Depreciation; Transfer; Retirement; Sale; Scrapping; Asset under construction; Settlement; Inventory accounting; Cost concepts

**Environment:** Workbook

### Steps
- [ ] Record a month of supplier and customer transactions including advances and part payments
- [ ] Clear paid items
- [ ] Prepare aging lists

### Acceptance criteria
- Open items and aging agree with the workbook answers

**Evidence required:** Worked solution

**Assessment:** Instructor checks the worked solution against the workbook answer. Type: Journal entries.

### Completion criteria
- Every step is done and every acceptance criterion is demonstrated
- Required evidence is attached to the issue
- The accounting impact is written down where a posting was made
- Actual time is logged against the issue
- Instructor Review is Approved and the status is Completed

**Estimated time:** 3 h

**Next task:** THY-008","Accounting Basics","V01.0 Accounting Fundamentals","MOD-06","THY-007","3","L2 - Basic","Accounting Exercise","Workbook","Worked solution","","","Not system specific","None","None","Level 1 - Accounting & SAP Foundation","Accounting","Journal entries","0","Pending"
"THY-008","THY-008","Theory","Normal","[THY-008] Fixed asset lifecycle and depreciation methods","**Objective:** Fixed asset lifecycle and depreciation methods

**Prerequisites:** ACC-018

**Concepts:** Vendor; Supplier; Sundry creditors; Purchase invoice; Credit memo; Debit memo; Payment; Advance; Clearing; Outstanding; Aging; Customer; Sundry debtor; Sales invoice; Incoming payment; Dunning; Asset; Asset class; Acquisition; Capitalization; Depreciation; Transfer; Retirement; Sale; Scrapping; Asset under construction; Settlement; Inventory accounting; Cost concepts

**Environment:** Workbook

### Steps
- [ ] Study the lifecycle: request, purchase, capitalization, depreciation, transfer, retirement
- [ ] Study asset under construction and settlement
- [ ] Study straight-line and declining-balance depreciation

### Acceptance criteria
- Calculates depreciation by both methods for three assets
- Explains capitalization

**Evidence required:** Notes

**Assessment:** Instructor checks the notes and asks short oral questions. Type: Short answer.

### Completion criteria
- Every step is done and every acceptance criterion is demonstrated
- Required evidence is attached to the issue
- The accounting impact is written down where a posting was made
- Actual time is logged against the issue
- Instructor Review is Approved and the status is Completed

**Estimated time:** 3 h

**Next task:** ACC-019","Accounting Basics","V01.0 Accounting Fundamentals","MOD-06","ACC-018","3","L2 - Basic","Theory","Workbook","Notes","","","Not system specific","None","None","Level 1 - Accounting & SAP Foundation","Accounting","Short answer","0","Pending"
"ACC-019","ACC-019","Accounting","Normal","[ACC-019] Asset lifecycle exercise","**Objective:** Asset lifecycle exercise

**Prerequisites:** THY-008

**Concepts:** Vendor; Supplier; Sundry creditors; Purchase invoice; Credit memo; Debit memo; Payment; Advance; Clearing; Outstanding; Aging; Customer; Sundry debtor; Sales invoice; Incoming payment; Dunning; Asset; Asset class; Acquisition; Capitalization; Depreciation; Transfer; Retirement; Sale; Scrapping; Asset under construction; Settlement; Inventory accounting; Cost concepts

**Environment:** Workbook

### Steps
- [ ] Record purchase, capitalization, two years of depreciation, a transfer, a sale and a scrapping
- [ ] Calculate gain or loss

### Acceptance criteria
- Net book values and gain or loss agree with the workbook answers

**Evidence required:** Worked solution

**Assessment:** Instructor checks the worked solution against the workbook answer. Type: Journal entries.

### Completion criteria
- Every step is done and every acceptance criterion is demonstrated
- Required evidence is attached to the issue
- The accounting impact is written down where a posting was made
- Actual time is logged against the issue
- Instructor Review is Approved and the status is Completed

**Estimated time:** 3 h

**Next task:** THY-009","Accounting Basics","V01.0 Accounting Fundamentals","MOD-06","THY-008","3","L2 - Basic","Accounting Exercise","Workbook","Worked solution","","","Not system specific","None","None","Level 1 - Accounting & SAP Foundation","Accounting","Journal entries","0","Pending"
"THY-009","THY-009","Theory","Normal","[THY-009] Inventory accounting and cost concepts","**Objective:** Inventory accounting and cost concepts

**Prerequisites:** ACC-019

**Concepts:** Vendor; Supplier; Sundry creditors; Purchase invoice; Credit memo; Debit memo; Payment; Advance; Clearing; Outstanding; Aging; Customer; Sundry debtor; Sales invoice; Incoming payment; Dunning; Asset; Asset class; Acquisition; Capitalization; Depreciation; Transfer; Retirement; Sale; Scrapping; Asset under construction; Settlement; Inventory accounting; Cost concepts

**Environment:** Workbook

### Steps
- [ ] Study inventory valuation at moving average and standard price
- [ ] Study direct and indirect cost, fixed and variable cost, cost centre and cost object

### Acceptance criteria
- Values a stock movement list by both methods
- Classifies twenty costs

**Evidence required:** Notes

**Assessment:** Instructor checks the notes and asks short oral questions. Type: Short answer.

### Completion criteria
- Every step is done and every acceptance criterion is demonstrated
- Required evidence is attached to the issue
- The accounting impact is written down where a posting was made
- Actual time is logged against the issue
- Instructor Review is Approved and the status is Completed

**Estimated time:** 3 h

**Next task:** ASM-001","Accounting Basics","V01.0 Accounting Fundamentals","MOD-06","ACC-019","3","L2 - Basic","Theory","Workbook","Notes","","","Not system specific","None","None","Level 1 - Accounting & SAP Foundation","Accounting","Short answer","0","Pending"
"ASM-001","ASM-001","Assessment","High","[ASM-001] Phase 01 assessment: accounting","**Objective:** Phase 01 assessment: accounting

**Prerequisites:** THY-009

**Concepts:** Vendor; Supplier; Sundry creditors; Purchase invoice; Credit memo; Debit memo; Payment; Advance; Clearing; Outstanding; Aging; Customer; Sundry debtor; Sales invoice; Incoming payment; Dunning; Asset; Asset class; Acquisition; Capitalization; Depreciation; Transfer; Retirement; Sale; Scrapping; Asset under construction; Settlement; Inventory accounting; Cost concepts

**Environment:** Workbook

### Steps
- [ ] Solve the timed set: twenty journal entries, a ledger, a trial balance and financial statements

### Acceptance criteria
- Score of 70 or higher

**Evidence required:** Scored result

**Troubleshooting:** Read the full message with its number. Record each error and its cause in the issue notes. If stuck for more than 30 minutes, set the status to Blocked and describe the blocker.

**Assessment:** Scored 0-100. Pass mark 70. Type: Journal entries + financial statements.

### Completion criteria
- Every step is done and every acceptance criterion is demonstrated
- Required evidence is attached to the issue
- The accounting impact is written down where a posting was made
- Actual time is logged against the issue
- Instructor Review is Approved and the status is Completed

**Estimated time:** 3 h

**Next task:** Last task of this module","Accounting Basics","V01.0 Accounting Fundamentals","MOD-06","THY-009","3","L2 - Basic","Assessment","Workbook","Scored result","","","Not system specific","None","None","Level 1 - Accounting & SAP Foundation","Accounting","Journal entries + financial statements","0","Pending"
"REVIEW-01","REVIEW-01","Review","High","[REVIEW-01] Phase 01 gate review","**Objective:** Confirm that phase 01 (Accounting Fundamentals) is complete.

### Checklist
- [ ] Every issue of the phase is Completed
- [ ] Evidence is attached to every issue
- [ ] Time is logged
- [ ] Assessment score is 70 or higher
- [ ] Configuration document is up to date

**Assessment:** Instructor confirms the checklist and records the gate decision.

**Estimated time:** 1 h","","V01.0 Accounting Fundamentals","PHASE-01","ACC-001, ACC-011, ACC-015, ACC-016, ACC-017, ASM-001","1","","Review","","Instructor sign-off","","","","","","","","Review","0","Pending"
"PHASE-02","PHASE-02","Phase","Normal","[PHASE-02] SAP Fundamentals","Phase 02 of 30. Version: V02.0 SAP Fundamentals.

Modules: 1. Estimated hours: 12.

- MOD-07 SAP Fundamentals

The phase closes with the gate review REVIEW-02.","","V02.0 SAP Fundamentals","EPIC","","","","","","","","","","","","","","","",""
"MOD-07","MOD-07","Module","Normal","[MOD-07] SAP Fundamentals","**Topics:** SAP overview; ERP; SAP ECC; SAP S/4HANA; SAP GUI; SAP Fiori; Client; System; Mandant; User; Roles; Authorization; Transport system

**Transaction codes:** SU01; PFCG; STMS; SE16N

**Environment:** SAP S/4HANA Training System

**Tasks:** 5, 11 estimated hours.

- THY-010 ERP, SAP ECC and SAP S/4HANA
- THY-011 Systems, clients and the transport landscape
- THY-012 Users, roles and authorizations
- LAB-001 Access the training system
- ASM-002 Phase 02 assessment: SAP fundamentals","SAP Basics","V02.0 SAP Fundamentals","PHASE-02","","","","","SAP S/4HANA Training System","","SU01; PFCG; STMS; SE16N","S/4HANA (ECC differences noted)","Not version specific","None","None","Level 1 - Accounting & SAP Foundation","Consultant","","",""
"THY-010","THY-010","Theory","Normal","[THY-010] ERP, SAP ECC and SAP S/4HANA","**Objective:** ERP, SAP ECC and SAP S/4HANA

**Prerequisites:** ASM-001

**Concepts:** SAP overview; ERP; SAP ECC; SAP S/4HANA; SAP GUI; SAP Fiori; Client; System; Mandant; User; Roles; Authorization; Transport system

**Environment:** SAP S/4HANA Training System

### Steps
- [ ] Study what an ERP system integrates
- [ ] Study the main SAP modules and how finance connects to them
- [ ] Compare ECC and S/4HANA at a high level
- [ ] Study deployment options

### Acceptance criteria
- Explains why one posting in logistics creates a finance document
- Lists five differences between ECC and S/4HANA

**Evidence required:** Notes

**Accounting impact:** For every posting, write the debit and credit lines and the effect on the financial statements.

**Assessment:** Instructor checks the notes and asks short oral questions. Type: Short answer.

### Completion criteria
- Every step is done and every acceptance criterion is demonstrated
- Required evidence is attached to the issue
- The accounting impact is written down where a posting was made
- Actual time is logged against the issue
- Instructor Review is Approved and the status is Completed

**Estimated time:** 3 h

**Next task:** THY-011","SAP Basics","V02.0 SAP Fundamentals","MOD-07","ASM-001","3","L1 - Beginner","Theory","SAP S/4HANA Training System","Notes","","S/4HANA (ECC differences noted)","Not version specific","None","None","Level 1 - Accounting & SAP Foundation","Consultant","Short answer","0","Pending"
"THY-011","THY-011","Theory","Normal","[THY-011] Systems, clients and the transport landscape","**Objective:** Systems, clients and the transport landscape

**Prerequisites:** THY-010

**Concepts:** SAP overview; ERP; SAP ECC; SAP S/4HANA; SAP GUI; SAP Fiori; Client; System; Mandant; User; Roles; Authorization; Transport system

**Environment:** SAP S/4HANA Training System

### Steps
- [ ] Study development, quality and production systems
- [ ] Study the client or mandant concept
- [ ] Study customizing versus workbench requests and how transports move
- [ ] Study client-dependent and cross-client settings

### Acceptance criteria
- Draws a three-system landscape with transport flow
- Explains what a client is

**Evidence required:** Notes

**Accounting impact:** For every posting, write the debit and credit lines and the effect on the financial statements.

**Assessment:** Instructor checks the notes and asks short oral questions. Type: Short answer.

### Completion criteria
- Every step is done and every acceptance criterion is demonstrated
- Required evidence is attached to the issue
- The accounting impact is written down where a posting was made
- Actual time is logged against the issue
- Instructor Review is Approved and the status is Completed

**Estimated time:** 3 h

**Next task:** THY-012","SAP Basics","V02.0 SAP Fundamentals","MOD-07","THY-010","3","L1 - Beginner","Theory","SAP S/4HANA Training System","Notes","","S/4HANA (ECC differences noted)","Not version specific","None","None","Level 1 - Accounting & SAP Foundation","Consultant","Short answer","0","Pending"
"THY-012","THY-012","Theory","Normal","[THY-012] Users, roles and authorizations","**Objective:** Users, roles and authorizations

**Prerequisites:** THY-011

**Concepts:** SAP overview; ERP; SAP ECC; SAP S/4HANA; SAP GUI; SAP Fiori; Client; System; Mandant; User; Roles; Authorization; Transport system

**Environment:** SAP S/4HANA Training System

### Steps
- [ ] Study user master, roles and authorization objects
- [ ] Study how a missing authorization shows up and how it is analysed
- [ ] Study the consultant's part versus the security team's part

### Acceptance criteria
- Explains role versus authorization object
- Describes how to report an authorization failure

**Evidence required:** Notes

**Accounting impact:** For every posting, write the debit and credit lines and the effect on the financial statements.

**Assessment:** Instructor checks the notes and asks short oral questions. Type: Short answer.

### Completion criteria
- Every step is done and every acceptance criterion is demonstrated
- Required evidence is attached to the issue
- The accounting impact is written down where a posting was made
- Actual time is logged against the issue
- Instructor Review is Approved and the status is Completed

**Estimated time:** 2 h

**Next task:** LAB-001","SAP Basics","V02.0 SAP Fundamentals","MOD-07","THY-011","2","L1 - Beginner","Theory","SAP S/4HANA Training System","Notes","","S/4HANA (ECC differences noted)","Not version specific","None","None","Level 1 - Accounting & SAP Foundation","Consultant","Short answer","0","Pending"
"LAB-001","LAB-001","Lab","Normal","[LAB-001] Access the training system","**Objective:** Access the training system

**Prerequisites:** THY-012

**Concepts:** SAP overview; ERP; SAP ECC; SAP S/4HANA; SAP GUI; SAP Fiori; Client; System; Mandant; User; Roles; Authorization; Transport system

**Transaction codes:** SU01; PFCG; STMS; SE16N (find the Fiori app for each in the apps reference library)

**Environment:** SAP S/4HANA Training System

### Steps
- [ ] Obtain access to an S/4HANA training or practice system from the instructor
- [ ] Log on with SAP GUI and with the Fiori launchpad
- [ ] Record system, client, release and your user
- [ ] Change your initial password

### Acceptance criteria
- Logon works by both interfaces
- System details are recorded

**Evidence required:** Document numbers + screenshots

**Accounting impact:** For every posting, write the debit and credit lines and the effect on the financial statements.

**Troubleshooting:** Read the full message with its number. Record each error and its cause in the issue notes. If stuck for more than 30 minutes, set the status to Blocked and describe the blocker.

**Assessment:** Instructor verifies the acceptance criteria from the evidence and may ask for a live demonstration. Type: Transaction execution.

### Completion criteria
- Every step is done and every acceptance criterion is demonstrated
- Required evidence is attached to the issue
- The accounting impact is written down where a posting was made
- Actual time is logged against the issue
- Instructor Review is Approved and the status is Completed

**Estimated time:** 2 h

**Next task:** ASM-002","SAP Basics","V02.0 SAP Fundamentals","MOD-07","THY-012","2","L1 - Beginner","Guided Lab","SAP S/4HANA Training System","Document numbers + screenshots","SU01; PFCG; STMS; SE16N","S/4HANA (ECC differences noted)","Not version specific","None","None","Level 1 - Accounting & SAP Foundation","Consultant","Transaction execution","0","Pending"
"ASM-002","ASM-002","Assessment","High","[ASM-002] Phase 02 assessment: SAP fundamentals","**Objective:** Phase 02 assessment: SAP fundamentals

**Prerequisites:** LAB-001

**Concepts:** SAP overview; ERP; SAP ECC; SAP S/4HANA; SAP GUI; SAP Fiori; Client; System; Mandant; User; Roles; Authorization; Transport system

**Environment:** SAP S/4HANA Training System

### Steps
- [ ] Complete the question set

### Acceptance criteria
- Score of 70 or higher

**Evidence required:** Scored result

**Accounting impact:** For every posting, write the debit and credit lines and the effect on the financial statements.

**Troubleshooting:** Read the full message with its number. Record each error and its cause in the issue notes. If stuck for more than 30 minutes, set the status to Blocked and describe the blocker.

**Assessment:** Scored 0-100. Pass mark 70. Type: MCQ.

### Completion criteria
- Every step is done and every acceptance criterion is demonstrated
- Required evidence is attached to the issue
- The accounting impact is written down where a posting was made
- Actual time is logged against the issue
- Instructor Review is Approved and the status is Completed

**Estimated time:** 1 h

**Next task:** Last task of this module","SAP Basics","V02.0 SAP Fundamentals","MOD-07","LAB-001","1","L1 - Beginner","Assessment","SAP S/4HANA Training System","Scored result","","S/4HANA (ECC differences noted)","Not version specific","None","None","Level 1 - Accounting & SAP Foundation","Consultant","MCQ","0","Pending"
"REVIEW-02","REVIEW-02","Review","High","[REVIEW-02] Phase 02 gate review","**Objective:** Confirm that phase 02 (SAP Fundamentals) is complete.

### Checklist
- [ ] Every issue of the phase is Completed
- [ ] Evidence is attached to every issue
- [ ] Time is logged
- [ ] Assessment score is 70 or higher
- [ ] Configuration document is up to date

**Assessment:** Instructor confirms the checklist and records the gate decision.

**Estimated time:** 1 h","","V02.0 SAP Fundamentals","PHASE-02","ASM-002","1","","Review","","Instructor sign-off","","","","","","","","Review","0","Pending"
"PHASE-03","PHASE-03","Phase","Normal","[PHASE-03] SAP Navigation","Phase 03 of 30. Version: V03.0 SAP Navigation.

Modules: 1. Estimated hours: 14.

- MOD-08 SAP Navigation

The phase closes with the gate review REVIEW-03.","","V03.0 SAP Navigation","EPIC","","","","","","","","","","","","","","","",""
"MOD-08","MOD-08","Module","Normal","[MOD-08] SAP Navigation","**Topics:** SAP GUI; SAP Easy Access; Transaction codes; Fiori Launchpad; Favorites; Sessions; Search; Help; System information; User settings; Working without memorizing transaction codes

**Transaction codes:** SE16N; SU3; SM37

**Environment:** SAP S/4HANA Training System

**Tasks:** 6, 13 estimated hours.

- LAB-002 SAP GUI: Easy Access menu, command field, sessions and favourites
- LAB-003 Help, search and system information
- LAB-004 Fiori launchpad: tiles, search and personalization
- THY-013 How to work without memorizing hundreds of codes
- LAB-005 Display data with SE16N and read a line-item list
- ASM-003 Phase 03 assessment: navigation practical","SAP Basics","V03.0 SAP Navigation","PHASE-03","","","","","SAP S/4HANA Training System","","SE16N; SU3; SM37","S/4HANA (ECC differences noted)","Not version specific","None","None","Level 1 - Accounting & SAP Foundation","Consultant","","",""
"LAB-002","LAB-002","Lab","Normal","[LAB-002] SAP GUI: Easy Access menu, command field, sessions and favourites","**Objective:** SAP GUI: Easy Access menu, command field, sessions and favourites

**Prerequisites:** ASM-002

**Concepts:** SAP GUI; SAP Easy Access; Transaction codes; Fiori Launchpad; Favorites; Sessions; Search; Help; System information; User settings; Working without memorizing transaction codes

**Transaction codes:** SE16N; SU3; SM37 (find the Fiori app for each in the apps reference library)

**Environment:** SAP S/4HANA Training System

### Steps
- [ ] Navigate the Easy Access menu to finance transactions
- [ ] Use the command field with /n and /o
- [ ] Work with several sessions
- [ ] Add transactions and folders to favourites
- [ ] Display technical names in the menu

### Acceptance criteria
- Opens a transaction by menu, by code and from favourites
- Works in two sessions at once

**Evidence required:** Document numbers + screenshots

**Accounting impact:** For every posting, write the debit and credit lines and the effect on the financial statements.

**Troubleshooting:** Read the full message with its number. Record each error and its cause in the issue notes. If stuck for more than 30 minutes, set the status to Blocked and describe the blocker.

**Assessment:** Instructor verifies the acceptance criteria from the evidence and may ask for a live demonstration. Type: Transaction execution.

### Completion criteria
- Every step is done and every acceptance criterion is demonstrated
- Required evidence is attached to the issue
- The accounting impact is written down where a posting was made
- Actual time is logged against the issue
- Instructor Review is Approved and the status is Completed

**Estimated time:** 3 h

**Next task:** LAB-003","SAP Basics","V03.0 SAP Navigation","MOD-08","ASM-002","3","L1 - Beginner","Guided Lab","SAP S/4HANA Training System","Document numbers + screenshots","SE16N; SU3; SM37","S/4HANA (ECC differences noted)","Not version specific","None","None","Level 1 - Accounting & SAP Foundation","Consultant","Transaction execution","0","Pending"
"LAB-003","LAB-003","Lab","Normal","[LAB-003] Help, search and system information","**Objective:** Help, search and system information

**Prerequisites:** LAB-002

**Concepts:** SAP GUI; SAP Easy Access; Transaction codes; Fiori Launchpad; Favorites; Sessions; Search; Help; System information; User settings; Working without memorizing transaction codes

**Transaction codes:** SE16N; SU3; SM37 (find the Fiori app for each in the apps reference library)

**Environment:** SAP S/4HANA Training System

### Steps
- [ ] Use F1 field help and technical information
- [ ] Use F4 value help and personal value lists
- [ ] Use menu search
- [ ] Read System > Status
- [ ] Set user defaults for date, decimal format and parameters

### Acceptance criteria
- Finds the meaning and table field of a screen field
- User defaults are set

**Evidence required:** Document numbers + screenshots

**Accounting impact:** For every posting, write the debit and credit lines and the effect on the financial statements.

**Troubleshooting:** Read the full message with its number. Record each error and its cause in the issue notes. If stuck for more than 30 minutes, set the status to Blocked and describe the blocker.

**Assessment:** Instructor verifies the acceptance criteria from the evidence and may ask for a live demonstration. Type: Transaction execution.

### Completion criteria
- Every step is done and every acceptance criterion is demonstrated
- Required evidence is attached to the issue
- The accounting impact is written down where a posting was made
- Actual time is logged against the issue
- Instructor Review is Approved and the status is Completed

**Estimated time:** 2 h

**Next task:** LAB-004","SAP Basics","V03.0 SAP Navigation","MOD-08","LAB-002","2","L1 - Beginner","Guided Lab","SAP S/4HANA Training System","Document numbers + screenshots","SE16N; SU3; SM37","S/4HANA (ECC differences noted)","Not version specific","None","None","Level 1 - Accounting & SAP Foundation","Consultant","Transaction execution","0","Pending"
"LAB-004","LAB-004","Lab","Normal","[LAB-004] Fiori launchpad: tiles, search and personalization","**Objective:** Fiori launchpad: tiles, search and personalization

**Prerequisites:** LAB-003

**Concepts:** SAP GUI; SAP Easy Access; Transaction codes; Fiori Launchpad; Favorites; Sessions; Search; Help; System information; User settings; Working without memorizing transaction codes

**Transaction codes:** SE16N; SU3; SM37 (find the Fiori app for each in the apps reference library)

**Environment:** SAP S/4HANA Training System

### Steps
- [ ] Open the launchpad
- [ ] Find apps by search and by app finder
- [ ] Personalize the home page
- [ ] Compare a GUI transaction with its Fiori app
- [ ] Use enterprise search for a document

### Acceptance criteria
- Home page holds the finance apps needed for the course
- One process is run in both GUI and Fiori

**Evidence required:** Document numbers + screenshots

**Accounting impact:** For every posting, write the debit and credit lines and the effect on the financial statements.

**Troubleshooting:** Read the full message with its number. Record each error and its cause in the issue notes. If stuck for more than 30 minutes, set the status to Blocked and describe the blocker.

**Assessment:** Instructor verifies the acceptance criteria from the evidence and may ask for a live demonstration. Type: Transaction execution.

### Completion criteria
- Every step is done and every acceptance criterion is demonstrated
- Required evidence is attached to the issue
- The accounting impact is written down where a posting was made
- Actual time is logged against the issue
- Instructor Review is Approved and the status is Completed

**Estimated time:** 3 h

**Next task:** THY-013","SAP Basics","V03.0 SAP Navigation","MOD-08","LAB-003","3","L1 - Beginner","Guided Lab","SAP S/4HANA Training System","Document numbers + screenshots","SE16N; SU3; SM37","S/4HANA (ECC differences noted)","Not version specific","None","None","Level 1 - Accounting & SAP Foundation","Consultant","Transaction execution","0","Pending"
"THY-013","THY-013","Theory","Normal","[THY-013] How to work without memorizing hundreds of codes","**Objective:** How to work without memorizing hundreds of codes

**Prerequisites:** LAB-004

**Concepts:** SAP GUI; SAP Easy Access; Transaction codes; Fiori Launchpad; Favorites; Sessions; Search; Help; System information; User settings; Working without memorizing transaction codes

**Environment:** SAP S/4HANA Training System

### Steps
- [ ] Study the naming patterns of finance transactions
- [ ] Study how to find a transaction from the menu path, from the IMG and from search
- [ ] Build a personal reference grouped by function

### Acceptance criteria
- Finds five unknown transactions by method, not memory
- Personal reference is started

**Evidence required:** Notes

**Accounting impact:** For every posting, write the debit and credit lines and the effect on the financial statements.

**Assessment:** Instructor checks the notes and asks short oral questions. Type: Short answer.

### Completion criteria
- Every step is done and every acceptance criterion is demonstrated
- Required evidence is attached to the issue
- The accounting impact is written down where a posting was made
- Actual time is logged against the issue
- Instructor Review is Approved and the status is Completed

**Estimated time:** 2 h

**Next task:** LAB-005","SAP Basics","V03.0 SAP Navigation","MOD-08","LAB-004","2","L1 - Beginner","Theory","SAP S/4HANA Training System","Notes","","S/4HANA (ECC differences noted)","Not version specific","None","None","Level 1 - Accounting & SAP Foundation","Consultant","Short answer","0","Pending"
"LAB-005","LAB-005","Lab","Normal","[LAB-005] Display data with SE16N and read a line-item list","**Objective:** Display data with SE16N and read a line-item list

**Prerequisites:** THY-013

**Concepts:** SAP GUI; SAP Easy Access; Transaction codes; Fiori Launchpad; Favorites; Sessions; Search; Help; System information; User settings; Working without memorizing transaction codes

**Transaction codes:** SE16N (find the Fiori app for each in the apps reference library)

**Environment:** SAP S/4HANA Training System

### Steps
- [ ] Display entries of a small configuration table with SE16N
- [ ] Use selection criteria and layouts
- [ ] Export a list
- [ ] Explain why table display is read-only work

### Acceptance criteria
- A filtered table list is produced and exported

**Evidence required:** Document numbers + screenshots

**Accounting impact:** For every posting, write the debit and credit lines and the effect on the financial statements.

**Troubleshooting:** Read the full message with its number. Record each error and its cause in the issue notes. If stuck for more than 30 minutes, set the status to Blocked and describe the blocker.

**Assessment:** Instructor verifies the acceptance criteria from the evidence and may ask for a live demonstration. Type: Transaction execution.

### Completion criteria
- Every step is done and every acceptance criterion is demonstrated
- Required evidence is attached to the issue
- The accounting impact is written down where a posting was made
- Actual time is logged against the issue
- Instructor Review is Approved and the status is Completed

**Estimated time:** 2 h

**Next task:** ASM-003","SAP Basics","V03.0 SAP Navigation","MOD-08","THY-013","2","L1 - Beginner","Guided Lab","SAP S/4HANA Training System","Document numbers + screenshots","SE16N","S/4HANA (ECC differences noted)","Not version specific","None","None","Level 1 - Accounting & SAP Foundation","Consultant","Transaction execution","0","Pending"
"ASM-003","ASM-003","Assessment","High","[ASM-003] Phase 03 assessment: navigation practical","**Objective:** Phase 03 assessment: navigation practical

**Prerequisites:** LAB-005

**Concepts:** SAP GUI; SAP Easy Access; Transaction codes; Fiori Launchpad; Favorites; Sessions; Search; Help; System information; User settings; Working without memorizing transaction codes

**Environment:** SAP S/4HANA Training System

### Steps
- [ ] Complete the timed navigation tasks

### Acceptance criteria
- Score of 70 or higher

**Evidence required:** Scored result

**Accounting impact:** For every posting, write the debit and credit lines and the effect on the financial statements.

**Troubleshooting:** Read the full message with its number. Record each error and its cause in the issue notes. If stuck for more than 30 minutes, set the status to Blocked and describe the blocker.

**Assessment:** Scored 0-100. Pass mark 70. Type: Transaction execution.

### Completion criteria
- Every step is done and every acceptance criterion is demonstrated
- Required evidence is attached to the issue
- The accounting impact is written down where a posting was made
- Actual time is logged against the issue
- Instructor Review is Approved and the status is Completed

**Estimated time:** 1 h

**Next task:** Last task of this module","SAP Basics","V03.0 SAP Navigation","MOD-08","LAB-005","1","L1 - Beginner","Assessment","SAP S/4HANA Training System","Scored result","","S/4HANA (ECC differences noted)","Not version specific","None","None","Level 1 - Accounting & SAP Foundation","Consultant","Transaction execution","0","Pending"
"REVIEW-03","REVIEW-03","Review","High","[REVIEW-03] Phase 03 gate review","**Objective:** Confirm that phase 03 (SAP Navigation) is complete.

### Checklist
- [ ] Every issue of the phase is Completed
- [ ] Evidence is attached to every issue
- [ ] Time is logged
- [ ] Assessment score is 70 or higher
- [ ] Configuration document is up to date

**Assessment:** Instructor confirms the checklist and records the gate decision.

**Estimated time:** 1 h","","V03.0 SAP Navigation","PHASE-03","ASM-003","1","","Review","","Instructor sign-off","","","","","","","","Review","0","Pending"
"PHASE-04","PHASE-04","Phase","Normal","[PHASE-04] Enterprise Structure","Phase 04 of 30. Version: V04.0 Enterprise Structure.

Modules: 1. Estimated hours: 25.

- MOD-09 SAP Organizational Structure

The phase closes with the gate review REVIEW-04.","","V04.0 Enterprise Structure","EPIC","","","","","","","","","","","","","","","",""
"MOD-09","MOD-09","Module","Normal","[MOD-09] SAP Organizational Structure","**Topics:** Client; Company; Company Code; Controlling Area; Chart of Accounts; Fiscal Year Variant; Posting Period Variant; Business Area; Profit Center; Segment; Functional Area; Credit Control Area; Relationships between organizational objects

**Transaction codes:** OX15; OX02; OB13; OB29; OB37; OBBP; OX16; OB62; OBY6; SPRO

**Environment:** SAP S/4HANA Training System

**Tasks:** 10, 24 estimated hours.

- THY-014 Organizational units and how they relate
- THY-015 The course company: Global Manufacturing Pvt Ltd
- LAB-006 Create Company Code
- LAB-007 Configure Chart of Accounts
- LAB-008 Configure Fiscal Year
- LAB-009 Configure Posting Period
- CFG-001 Controlling area, profit centre and segment structure
- CFG-002 Business area, functional area and credit control area
- TSH-001 Scenario 01: company code not assigned to a chart of accounts or fiscal year variant
- ASM-004 Phase 04 assessment: enterprise structure","Enterprise Structure","V04.0 Enterprise Structure","PHASE-04","","","","","SAP S/4HANA Training System","","OX15; OX02; OB13; OB29; OB37; OBBP; OX16; OB62; OBY6; SPRO","S/4HANA (ECC differences noted)","Same concept as ECC","None","None","Level 1 - Accounting & SAP Foundation","FI","","",""
"THY-014","THY-014","Theory","Normal","[THY-014] Organizational units and how they relate","**Objective:** Organizational units and how they relate

**Prerequisites:** ASM-003

**Concepts:** Client; Company; Company Code; Controlling Area; Chart of Accounts; Fiscal Year Variant; Posting Period Variant; Business Area; Profit Center; Segment; Functional Area; Credit Control Area; Relationships between organizational objects

**Environment:** SAP S/4HANA Training System

### Steps
- [ ] Study client, company, company code, controlling area, operating concern, plant, sales organization and purchasing organization
- [ ] Study chart of accounts, fiscal year variant and posting period variant
- [ ] Study business area, profit centre, segment, functional area and credit control area
- [ ] Draw the assignment relationships

### Acceptance criteria
- Draws the full relationship diagram from memory
- Explains company versus company code
- Explains which objects produce balance sheets

**Evidence required:** Notes

**Accounting impact:** For every posting, write the debit and credit lines and the effect on the financial statements.

**Assessment:** Instructor checks the notes and asks short oral questions. Type: Short answer.

### Completion criteria
- Every step is done and every acceptance criterion is demonstrated
- Required evidence is attached to the issue
- The accounting impact is written down where a posting was made
- Actual time is logged against the issue
- Instructor Review is Approved and the status is Completed

**Estimated time:** 4 h

**Next task:** THY-015","Enterprise Structure","V04.0 Enterprise Structure","MOD-09","ASM-003","4","L2 - Basic","Theory","SAP S/4HANA Training System","Notes","","S/4HANA (ECC differences noted)","Same concept as ECC","None","None","Level 1 - Accounting & SAP Foundation","FI","Short answer","0","Pending"
"THY-015","THY-015","Theory","Normal","[THY-015] The course company: Global Manufacturing Pvt Ltd","**Objective:** The course company: Global Manufacturing Pvt Ltd

**Prerequisites:** THY-014

**Concepts:** Client; Company; Company Code; Controlling Area; Chart of Accounts; Fiscal Year Variant; Posting Period Variant; Business Area; Profit Center; Segment; Functional Area; Credit Control Area; Relationships between organizational objects

**Environment:** SAP S/4HANA Training System

### Steps
- [ ] Read the wiki page Course_Company
- [ ] Note its legal entities, plants, currencies, fiscal year and reporting needs
- [ ] Map the company to SAP organizational units

### Acceptance criteria
- Mapping table from business structure to SAP units is delivered

**Evidence required:** Notes

**Accounting impact:** For every posting, write the debit and credit lines and the effect on the financial statements.

**Assessment:** Instructor checks the notes and asks short oral questions. Type: Short answer.

### Completion criteria
- Every step is done and every acceptance criterion is demonstrated
- Required evidence is attached to the issue
- The accounting impact is written down where a posting was made
- Actual time is logged against the issue
- Instructor Review is Approved and the status is Completed

**Estimated time:** 2 h

**Next task:** LAB-006","Enterprise Structure","V04.0 Enterprise Structure","MOD-09","THY-014","2","L2 - Basic","Theory","SAP S/4HANA Training System","Notes","","S/4HANA (ECC differences noted)","Same concept as ECC","None","None","Level 1 - Accounting & SAP Foundation","FI","Short answer","0","Pending"
"LAB-006","LAB-006","Lab","Normal","[LAB-006] Create Company Code","**Objective:** Create Company Code

**Prerequisites:** THY-015

**Concepts:** Client; Company; Company Code; Controlling Area; Chart of Accounts; Fiscal Year Variant; Posting Period Variant; Business Area; Profit Center; Segment; Functional Area; Credit Control Area; Relationships between organizational objects

**Transaction codes:** OX15; OX02; OBY6 (find the Fiori app for each in the apps reference library)

**Environment:** SAP S/4HANA Training System

### Steps
- [ ] Define the company
- [ ] Create the company code with country, currency and language by copying a template where the instructor directs
- [ ] Maintain the address
- [ ] Review global parameters
- [ ] Record every entry in the configuration document

### Acceptance criteria
- Company code exists with correct country and currency
- Configuration document is started

**Evidence required:** Document numbers + screenshots

**Accounting impact:** For every posting, write the debit and credit lines and the effect on the financial statements.

**Troubleshooting:** Read the full message with its number. Record each error and its cause in the issue notes. If stuck for more than 30 minutes, set the status to Blocked and describe the blocker.

**Assessment:** Instructor verifies the acceptance criteria from the evidence and may ask for a live demonstration. Type: Transaction execution.

### Completion criteria
- Every step is done and every acceptance criterion is demonstrated
- Required evidence is attached to the issue
- The accounting impact is written down where a posting was made
- Actual time is logged against the issue
- Instructor Review is Approved and the status is Completed

**Estimated time:** 3 h

**Next task:** LAB-007","Enterprise Structure","V04.0 Enterprise Structure","MOD-09","THY-015","3","L2 - Basic","Guided Lab","SAP S/4HANA Training System","Document numbers + screenshots","OX15; OX02; OBY6","S/4HANA (ECC differences noted)","Same concept as ECC","None","None","Level 1 - Accounting & SAP Foundation","FI","Transaction execution","0","Pending"
"LAB-007","LAB-007","Lab","Normal","[LAB-007] Configure Chart of Accounts","**Objective:** Configure Chart of Accounts

**Prerequisites:** LAB-006

**Concepts:** Client; Company; Company Code; Controlling Area; Chart of Accounts; Fiscal Year Variant; Posting Period Variant; Business Area; Profit Center; Segment; Functional Area; Credit Control Area; Relationships between organizational objects

**Transaction codes:** OB13; OB62; OBD4 (find the Fiori app for each in the apps reference library)

**Environment:** SAP S/4HANA Training System

### Steps
- [ ] Define the operating chart of accounts with length and language
- [ ] Define account groups with number ranges
- [ ] Assign the chart to the company code
- [ ] Explain operating, group and country charts

### Acceptance criteria
- Chart is assigned to the company code
- Account groups have number intervals

**Evidence required:** Document numbers + screenshots

**Accounting impact:** For every posting, write the debit and credit lines and the effect on the financial statements.

**Troubleshooting:** Read the full message with its number. Record each error and its cause in the issue notes. If stuck for more than 30 minutes, set the status to Blocked and describe the blocker.

**Assessment:** Instructor verifies the acceptance criteria from the evidence and may ask for a live demonstration. Type: Transaction execution.

### Completion criteria
- Every step is done and every acceptance criterion is demonstrated
- Required evidence is attached to the issue
- The accounting impact is written down where a posting was made
- Actual time is logged against the issue
- Instructor Review is Approved and the status is Completed

**Estimated time:** 3 h

**Next task:** LAB-008","Enterprise Structure","V04.0 Enterprise Structure","MOD-09","LAB-006","3","L2 - Basic","Guided Lab","SAP S/4HANA Training System","Document numbers + screenshots","OB13; OB62; OBD4","S/4HANA (ECC differences noted)","Same concept as ECC","None","None","Level 1 - Accounting & SAP Foundation","FI","Transaction execution","0","Pending"
"LAB-008","LAB-008","Lab","Normal","[LAB-008] Configure Fiscal Year","**Objective:** Configure Fiscal Year

**Prerequisites:** LAB-007

**Concepts:** Client; Company; Company Code; Controlling Area; Chart of Accounts; Fiscal Year Variant; Posting Period Variant; Business Area; Profit Center; Segment; Functional Area; Credit Control Area; Relationships between organizational objects

**Transaction codes:** OB29; OB37 (find the Fiori app for each in the apps reference library)

**Environment:** SAP S/4HANA Training System

### Steps
- [ ] Create an April to March fiscal year variant with twelve periods and four special periods
- [ ] Compare with a calendar-year variant
- [ ] Assign the variant to the company code

### Acceptance criteria
- Variant is assigned
- Period for a given posting date is predicted correctly

**Evidence required:** Document numbers + screenshots

**Accounting impact:** For every posting, write the debit and credit lines and the effect on the financial statements.

**Troubleshooting:** Read the full message with its number. Record each error and its cause in the issue notes. If stuck for more than 30 minutes, set the status to Blocked and describe the blocker.

**Assessment:** Instructor verifies the acceptance criteria from the evidence and may ask for a live demonstration. Type: Transaction execution.

### Completion criteria
- Every step is done and every acceptance criterion is demonstrated
- Required evidence is attached to the issue
- The accounting impact is written down where a posting was made
- Actual time is logged against the issue
- Instructor Review is Approved and the status is Completed

**Estimated time:** 2 h

**Next task:** LAB-009","Enterprise Structure","V04.0 Enterprise Structure","MOD-09","LAB-007","2","L2 - Basic","Guided Lab","SAP S/4HANA Training System","Document numbers + screenshots","OB29; OB37","S/4HANA (ECC differences noted)","Same concept as ECC","None","None","Level 1 - Accounting & SAP Foundation","FI","Transaction execution","0","Pending"
"LAB-009","LAB-009","Lab","Normal","[LAB-009] Configure Posting Period","**Objective:** Configure Posting Period

**Prerequisites:** LAB-008

**Concepts:** Client; Company; Company Code; Controlling Area; Chart of Accounts; Fiscal Year Variant; Posting Period Variant; Business Area; Profit Center; Segment; Functional Area; Credit Control Area; Relationships between organizational objects

**Transaction codes:** OBBO; OBBP; OB52 (find the Fiori app for each in the apps reference library)

**Environment:** SAP S/4HANA Training System

### Steps
- [ ] Define a posting period variant
- [ ] Assign it to the company code
- [ ] Open periods by account type
- [ ] Explain authorization groups for special periods

### Acceptance criteria
- Posting is possible only in open periods
- Account-type control is demonstrated

**Evidence required:** Document numbers + screenshots

**Accounting impact:** For every posting, write the debit and credit lines and the effect on the financial statements.

**Troubleshooting:** Read the full message with its number. Record each error and its cause in the issue notes. If stuck for more than 30 minutes, set the status to Blocked and describe the blocker.

**Assessment:** Instructor verifies the acceptance criteria from the evidence and may ask for a live demonstration. Type: Transaction execution.

### Completion criteria
- Every step is done and every acceptance criterion is demonstrated
- Required evidence is attached to the issue
- The accounting impact is written down where a posting was made
- Actual time is logged against the issue
- Instructor Review is Approved and the status is Completed

**Estimated time:** 2 h

**Next task:** CFG-001","Enterprise Structure","V04.0 Enterprise Structure","MOD-09","LAB-008","2","L2 - Basic","Guided Lab","SAP S/4HANA Training System","Document numbers + screenshots","OBBO; OBBP; OB52","S/4HANA (ECC differences noted)","Same concept as ECC","None","None","Level 1 - Accounting & SAP Foundation","FI","Transaction execution","0","Pending"
"CFG-001","CFG-001","Configuration","Normal","[CFG-001] Controlling area, profit centre and segment structure","**Objective:** Controlling area, profit centre and segment structure

**Prerequisites:** LAB-009

**Concepts:** Client; Company; Company Code; Controlling Area; Chart of Accounts; Fiscal Year Variant; Posting Period Variant; Business Area; Profit Center; Segment; Functional Area; Credit Control Area; Relationships between organizational objects

**Transaction codes:** OKKP; OX19; KE51 (find the Fiori app for each in the apps reference library)

**Environment:** SAP S/4HANA Training System

### Steps
- [ ] Maintain the controlling area and assign the company code
- [ ] Review the standard hierarchy
- [ ] Define segments
- [ ] Explain how profit centre derives segment

### Acceptance criteria
- Company code is assigned to the controlling area
- Segments exist

**Evidence required:** Configuration document entry

**Accounting impact:** For every posting, write the debit and credit lines and the effect on the financial statements.

**Troubleshooting:** Read the full message with its number. Record each error and its cause in the issue notes. If stuck for more than 30 minutes, set the status to Blocked and describe the blocker.

**Documentation:** Add the setting, its values and the business reason to your configuration document.

**Assessment:** Instructor checks the setting, its test posting and the documented business reason. Type: Configuration.

### Completion criteria
- Every step is done and every acceptance criterion is demonstrated
- Required evidence is attached to the issue
- The accounting impact is written down where a posting was made
- Actual time is logged against the issue
- Instructor Review is Approved and the status is Completed

**Estimated time:** 3 h

**Next task:** CFG-002","Enterprise Structure","V04.0 Enterprise Structure","MOD-09","LAB-009","3","L2 - Basic","Configuration","SAP S/4HANA Training System","Configuration document entry","OKKP; OX19; KE51","S/4HANA (ECC differences noted)","Same concept as ECC","None","None","Level 1 - Accounting & SAP Foundation","FI","Configuration","0","Pending"
"CFG-002","CFG-002","Configuration","Normal","[CFG-002] Business area, functional area and credit control area","**Objective:** Business area, functional area and credit control area

**Prerequisites:** CFG-001

**Concepts:** Client; Company; Company Code; Controlling Area; Chart of Accounts; Fiscal Year Variant; Posting Period Variant; Business Area; Profit Center; Segment; Functional Area; Credit Control Area; Relationships between organizational objects

**Transaction codes:** OX03; OB45 (find the Fiori app for each in the apps reference library)

**Environment:** SAP S/4HANA Training System

### Steps
- [ ] Define business areas and a functional area
- [ ] Define and assign a credit control area
- [ ] State when each object is used today

### Acceptance criteria
- Objects exist and their purpose is documented

**Evidence required:** Configuration document entry

**Accounting impact:** For every posting, write the debit and credit lines and the effect on the financial statements.

**Troubleshooting:** Read the full message with its number. Record each error and its cause in the issue notes. If stuck for more than 30 minutes, set the status to Blocked and describe the blocker.

**Documentation:** Add the setting, its values and the business reason to your configuration document.

**Assessment:** Instructor checks the setting, its test posting and the documented business reason. Type: Configuration.

### Completion criteria
- Every step is done and every acceptance criterion is demonstrated
- Required evidence is attached to the issue
- The accounting impact is written down where a posting was made
- Actual time is logged against the issue
- Instructor Review is Approved and the status is Completed

**Estimated time:** 2 h

**Next task:** TSH-001","Enterprise Structure","V04.0 Enterprise Structure","MOD-09","CFG-001","2","L2 - Basic","Configuration","SAP S/4HANA Training System","Configuration document entry","OX03; OB45","S/4HANA (ECC differences noted)","Same concept as ECC","None","None","Level 1 - Accounting & SAP Foundation","FI","Configuration","0","Pending"
"TSH-001","TSH-001","Troubleshooting","Normal","[TSH-001] Scenario 01: company code not assigned to a chart of accounts or fiscal year variant","**Objective:** Scenario 01: company code not assigned to a chart of accounts or fiscal year variant

**Prerequisites:** CFG-002

**Concepts:** Client; Company; Company Code; Controlling Area; Chart of Accounts; Fiscal Year Variant; Posting Period Variant; Business Area; Profit Center; Segment; Functional Area; Credit Control Area; Relationships between organizational objects

**Transaction codes:** OX15; OX02; OB13; OB29; OB37; OBBP; OX16; OB62; OBY6; SPRO (find the Fiori app for each in the apps reference library)

**Environment:** SAP S/4HANA Training System

### Steps
- [ ] Reproduce the error in the training client (instructor-prepared)
- [ ] Record the exact message number and text, and the business impact
- [ ] Read the error
- [ ] Check global parameters of the company code
- [ ] Maintain the missing assignment
- [ ] Apply the fix
- [ ] Re-run the original transaction to validate
- [ ] Write the eight-section report: problem, business impact, evidence, root cause, configuration, fix, validation, prevention

### Acceptance criteria
- The original transaction now works
- Root cause is shown in configuration or master data
- Report has all eight sections

**Evidence required:** Root cause report

**Accounting impact:** For every posting, write the debit and credit lines and the effect on the financial statements.

**Assessment:** Instructor grades the eight-section report. Type: Troubleshooting.

### Completion criteria
- Every step is done and every acceptance criterion is demonstrated
- Required evidence is attached to the issue
- The accounting impact is written down where a posting was made
- Actual time is logged against the issue
- Instructor Review is Approved and the status is Completed

**Estimated time:** 1 h

**Next task:** ASM-004","Enterprise Structure","V04.0 Enterprise Structure","MOD-09","CFG-002","1","L2 - Basic","Troubleshooting","SAP S/4HANA Training System","Root cause report","OX15; OX02; OB13; OB29; OB37; OBBP; OX16; OB62; OBY6; SPRO","S/4HANA (ECC differences noted)","Same concept as ECC","None","None","Level 1 - Accounting & SAP Foundation","FI","Troubleshooting","0","Pending"
"ASM-004","ASM-004","Assessment","High","[ASM-004] Phase 04 assessment: enterprise structure","**Objective:** Phase 04 assessment: enterprise structure

**Prerequisites:** TSH-001

**Concepts:** Client; Company; Company Code; Controlling Area; Chart of Accounts; Fiscal Year Variant; Posting Period Variant; Business Area; Profit Center; Segment; Functional Area; Credit Control Area; Relationships between organizational objects

**Environment:** SAP S/4HANA Training System

### Steps
- [ ] Configure the structure for a second small company from a written requirement
- [ ] Explain each assignment

### Acceptance criteria
- Score of 70 or higher

**Evidence required:** Scored result

**Accounting impact:** For every posting, write the debit and credit lines and the effect on the financial statements.

**Troubleshooting:** Read the full message with its number. Record each error and its cause in the issue notes. If stuck for more than 30 minutes, set the status to Blocked and describe the blocker.

**Assessment:** Scored 0-100. Pass mark 70. Type: Configuration.

### Completion criteria
- Every step is done and every acceptance criterion is demonstrated
- Required evidence is attached to the issue
- The accounting impact is written down where a posting was made
- Actual time is logged against the issue
- Instructor Review is Approved and the status is Completed

**Estimated time:** 2 h

**Next task:** Last task of this module","Enterprise Structure","V04.0 Enterprise Structure","MOD-09","TSH-001","2","L2 - Basic","Assessment","SAP S/4HANA Training System","Scored result","","S/4HANA (ECC differences noted)","Same concept as ECC","None","None","Level 1 - Accounting & SAP Foundation","FI","Configuration","0","Pending"
"REVIEW-04","REVIEW-04","Review","High","[REVIEW-04] Phase 04 gate review","**Objective:** Confirm that phase 04 (Enterprise Structure) is complete.

### Checklist
- [ ] Every issue of the phase is Completed
- [ ] Evidence is attached to every issue
- [ ] Time is logged
- [ ] Assessment score is 70 or higher
- [ ] Configuration document is up to date

**Assessment:** Instructor confirms the checklist and records the gate decision.

**Estimated time:** 1 h","","V04.0 Enterprise Structure","PHASE-04","ASM-004","1","","Review","","Instructor sign-off","","","","","","","","Review","0","Pending"
"PHASE-05","PHASE-05","Phase","Normal","[PHASE-05] FI General Ledger","Phase 05 of 30. Version: V05.0 FI General Ledger.

Modules: 2. Estimated hours: 36.

- MOD-10 General Ledger Configuration and Master Data
- MOD-11 Document Posting

The phase closes with the gate review REVIEW-05.","","V05.0 FI General Ledger","EPIC","","","","","","","","","","","","","","","",""
"MOD-10","MOD-10","Module","Normal","[MOD-10] General Ledger Configuration and Master Data","**Topics:** Chart of Accounts; Account groups; G/L master; Account types; Document types; Number ranges; Posting keys; Field status; Fiscal year; Posting periods; Document header; Line items; Currency; Exchange rates

**Transaction codes:** FS00; OBD4; OBA7; FBN1; OB41; OBC4; OBBH; OB08

**Environment:** SAP S/4HANA Training System

**Tasks:** 7, 19 estimated hours.

- THY-016 G/L master data: chart of accounts segment and company code segment
- LAB-010 Create G/L Account
- THY-017 The SAP document: header, line items, document types, posting keys
- CFG-003 Document types, number ranges and posting keys
- CFG-004 Field status groups and field status variant
- CFG-005 Tolerance groups for G/L accounts and employees
- CFG-006 Currencies and exchange rates","General Ledger","V05.0 FI General Ledger","PHASE-05","","","","","SAP S/4HANA Training System","","FS00; OBD4; OBA7; FBN1; OB41; OBC4; OBBH; OB08","S/4HANA (ECC differences noted)","Same concept as ECC","Record to Report","None","Level 2 - SAP FI & CO Core","FI","","",""
"THY-016","THY-016","Theory","Normal","[THY-016] G/L master data: chart of accounts segment and company code segment","**Objective:** G/L master data: chart of accounts segment and company code segment

**Prerequisites:** ASM-004

**Concepts:** Chart of Accounts; Account groups; G/L master; Account types; Document types; Number ranges; Posting keys; Field status; Fiscal year; Posting periods; Document header; Line items; Currency; Exchange rates

**Business process:** Record to Report

**Environment:** SAP S/4HANA Training System

### Steps
- [ ] Study the two segments of a G/L account and their fields
- [ ] Study balance sheet versus profit and loss accounts and account types in S/4HANA including primary and secondary cost
- [ ] Study reconciliation accounts, open item management and line item display
- [ ] Study retained earnings account

### Acceptance criteria
- Explains which field sits in which segment and why
- Explains what a reconciliation account prevents

**Evidence required:** Notes

**Accounting impact:** For every posting, write the debit and credit lines and the effect on the financial statements.

**Assessment:** Instructor checks the notes and asks short oral questions. Type: Short answer.

### Completion criteria
- Every step is done and every acceptance criterion is demonstrated
- Required evidence is attached to the issue
- The accounting impact is written down where a posting was made
- Actual time is logged against the issue
- Instructor Review is Approved and the status is Completed

**Estimated time:** 3 h

**Next task:** LAB-010","General Ledger","V05.0 FI General Ledger","MOD-10","ASM-004","3","L2 - Basic","Theory","SAP S/4HANA Training System","Notes","","S/4HANA (ECC differences noted)","Same concept as ECC","Record to Report","None","Level 2 - SAP FI & CO Core","FI","Short answer","0","Pending"
"LAB-010","LAB-010","Lab","Normal","[LAB-010] Create G/L Account","**Objective:** Create G/L Account

**Prerequisites:** THY-016

**Concepts:** Chart of Accounts; Account groups; G/L master; Account types; Document types; Number ranges; Posting keys; Field status; Fiscal year; Posting periods; Document header; Line items; Currency; Exchange rates

**Transaction codes:** FS00 (find the Fiori app for each in the apps reference library)

**Business process:** Record to Report

**Environment:** SAP S/4HANA Training System

### Steps
- [ ] Create balance sheet, expense, revenue, bank and reconciliation accounts with FS00
- [ ] Create an account with reference
- [ ] Change, block and display an account
- [ ] Review the change log

### Acceptance criteria
- Accounts exist in chart and company code
- A reconciliation account rejects direct posting

**Evidence required:** Document numbers + screenshots

**Accounting impact:** For every posting, write the debit and credit lines and the effect on the financial statements.

**Troubleshooting:** Read the full message with its number. Record each error and its cause in the issue notes. If stuck for more than 30 minutes, set the status to Blocked and describe the blocker.

**Assessment:** Instructor verifies the acceptance criteria from the evidence and may ask for a live demonstration. Type: Transaction execution.

### Completion criteria
- Every step is done and every acceptance criterion is demonstrated
- Required evidence is attached to the issue
- The accounting impact is written down where a posting was made
- Actual time is logged against the issue
- Instructor Review is Approved and the status is Completed

**Estimated time:** 3 h

**Next task:** THY-017","General Ledger","V05.0 FI General Ledger","MOD-10","THY-016","3","L2 - Basic","Guided Lab","SAP S/4HANA Training System","Document numbers + screenshots","FS00","S/4HANA (ECC differences noted)","Same concept as ECC","Record to Report","None","Level 2 - SAP FI & CO Core","FI","Transaction execution","0","Pending"
"THY-017","THY-017","Theory","Normal","[THY-017] The SAP document: header, line items, document types, posting keys","**Objective:** The SAP document: header, line items, document types, posting keys

**Prerequisites:** LAB-010

**Concepts:** Chart of Accounts; Account groups; G/L master; Account types; Document types; Number ranges; Posting keys; Field status; Fiscal year; Posting periods; Document header; Line items; Currency; Exchange rates

**Business process:** Record to Report

**Environment:** SAP S/4HANA Training System

### Steps
- [ ] Study document header fields: document date, posting date, type, company code, currency, reference, text
- [ ] Study line item fields: posting key, account, amount, assignment, text
- [ ] Study document types and number ranges
- [ ] Study posting keys and field status

### Acceptance criteria
- Reads a displayed document and names every field
- Explains what the posting key controls

**Evidence required:** Notes

**Accounting impact:** For every posting, write the debit and credit lines and the effect on the financial statements.

**Assessment:** Instructor checks the notes and asks short oral questions. Type: Short answer.

### Completion criteria
- Every step is done and every acceptance criterion is demonstrated
- Required evidence is attached to the issue
- The accounting impact is written down where a posting was made
- Actual time is logged against the issue
- Instructor Review is Approved and the status is Completed

**Estimated time:** 3 h

**Next task:** CFG-003","General Ledger","V05.0 FI General Ledger","MOD-10","LAB-010","3","L2 - Basic","Theory","SAP S/4HANA Training System","Notes","","S/4HANA (ECC differences noted)","Same concept as ECC","Record to Report","None","Level 2 - SAP FI & CO Core","FI","Short answer","0","Pending"
"CFG-003","CFG-003","Configuration","Normal","[CFG-003] Document types, number ranges and posting keys","**Objective:** Document types, number ranges and posting keys

**Prerequisites:** THY-017

**Concepts:** Chart of Accounts; Account groups; G/L master; Account types; Document types; Number ranges; Posting keys; Field status; Fiscal year; Posting periods; Document header; Line items; Currency; Exchange rates

**Transaction codes:** OBA7; FBN1; OB41 (find the Fiori app for each in the apps reference library)

**Business process:** Record to Report

**Environment:** SAP S/4HANA Training System

### Steps
- [ ] Review standard document types and their account types
- [ ] Define number range intervals per year
- [ ] Create a custom document type for a business reason
- [ ] Review posting keys 40, 50, 01, 11, 21, 31, 70, 75

### Acceptance criteria
- A custom document type posts with its own number range
- Reason is documented

**Evidence required:** Configuration document entry

**Accounting impact:** For every posting, write the debit and credit lines and the effect on the financial statements.

**Troubleshooting:** Read the full message with its number. Record each error and its cause in the issue notes. If stuck for more than 30 minutes, set the status to Blocked and describe the blocker.

**Documentation:** Add the setting, its values and the business reason to your configuration document.

**Assessment:** Instructor checks the setting, its test posting and the documented business reason. Type: Configuration.

### Completion criteria
- Every step is done and every acceptance criterion is demonstrated
- Required evidence is attached to the issue
- The accounting impact is written down where a posting was made
- Actual time is logged against the issue
- Instructor Review is Approved and the status is Completed

**Estimated time:** 3 h

**Next task:** CFG-004","General Ledger","V05.0 FI General Ledger","MOD-10","THY-017","3","L2 - Basic","Configuration","SAP S/4HANA Training System","Configuration document entry","OBA7; FBN1; OB41","S/4HANA (ECC differences noted)","Same concept as ECC","Record to Report","None","Level 2 - SAP FI & CO Core","FI","Configuration","0","Pending"
"CFG-004","CFG-004","Configuration","Normal","[CFG-004] Field status groups and field status variant","**Objective:** Field status groups and field status variant

**Prerequisites:** CFG-003

**Concepts:** Chart of Accounts; Account groups; G/L master; Account types; Document types; Number ranges; Posting keys; Field status; Fiscal year; Posting periods; Document header; Line items; Currency; Exchange rates

**Transaction codes:** OBC4; OBC5 (find the Fiori app for each in the apps reference library)

**Business process:** Record to Report

**Environment:** SAP S/4HANA Training System

### Steps
- [ ] Review the field status variant
- [ ] Make cost centre required on expense accounts
- [ ] Explain how posting key and account field status combine

### Acceptance criteria
- Posting an expense without cost centre is rejected with the expected message

**Evidence required:** Configuration document entry

**Accounting impact:** For every posting, write the debit and credit lines and the effect on the financial statements.

**Troubleshooting:** Read the full message with its number. Record each error and its cause in the issue notes. If stuck for more than 30 minutes, set the status to Blocked and describe the blocker.

**Documentation:** Add the setting, its values and the business reason to your configuration document.

**Assessment:** Instructor checks the setting, its test posting and the documented business reason. Type: Configuration.

### Completion criteria
- Every step is done and every acceptance criterion is demonstrated
- Required evidence is attached to the issue
- The accounting impact is written down where a posting was made
- Actual time is logged against the issue
- Instructor Review is Approved and the status is Completed

**Estimated time:** 2 h

**Next task:** CFG-005","General Ledger","V05.0 FI General Ledger","MOD-10","CFG-003","2","L2 - Basic","Configuration","SAP S/4HANA Training System","Configuration document entry","OBC4; OBC5","S/4HANA (ECC differences noted)","Same concept as ECC","Record to Report","None","Level 2 - SAP FI & CO Core","FI","Configuration","0","Pending"
"CFG-005","CFG-005","Configuration","Normal","[CFG-005] Tolerance groups for G/L accounts and employees","**Objective:** Tolerance groups for G/L accounts and employees

**Prerequisites:** CFG-004

**Concepts:** Chart of Accounts; Account groups; G/L master; Account types; Document types; Number ranges; Posting keys; Field status; Fiscal year; Posting periods; Document header; Line items; Currency; Exchange rates

**Transaction codes:** OBA0; OBA4; OB57 (find the Fiori app for each in the apps reference library)

**Business process:** Record to Report

**Environment:** SAP S/4HANA Training System

### Steps
- [ ] Define employee tolerance groups with posting limits
- [ ] Define G/L tolerance groups for clearing differences
- [ ] Assign users

### Acceptance criteria
- A posting above the limit is rejected
- Tolerance is documented

**Evidence required:** Configuration document entry

**Accounting impact:** For every posting, write the debit and credit lines and the effect on the financial statements.

**Troubleshooting:** Read the full message with its number. Record each error and its cause in the issue notes. If stuck for more than 30 minutes, set the status to Blocked and describe the blocker.

**Documentation:** Add the setting, its values and the business reason to your configuration document.

**Assessment:** Instructor checks the setting, its test posting and the documented business reason. Type: Configuration.

### Completion criteria
- Every step is done and every acceptance criterion is demonstrated
- Required evidence is attached to the issue
- The accounting impact is written down where a posting was made
- Actual time is logged against the issue
- Instructor Review is Approved and the status is Completed

**Estimated time:** 2 h

**Next task:** CFG-006","General Ledger","V05.0 FI General Ledger","MOD-10","CFG-004","2","L2 - Basic","Configuration","SAP S/4HANA Training System","Configuration document entry","OBA0; OBA4; OB57","S/4HANA (ECC differences noted)","Same concept as ECC","Record to Report","None","Level 2 - SAP FI & CO Core","FI","Configuration","0","Pending"
"CFG-006","CFG-006","Configuration","Normal","[CFG-006] Currencies and exchange rates","**Objective:** Currencies and exchange rates

**Prerequisites:** CFG-005

**Concepts:** Chart of Accounts; Account groups; G/L master; Account types; Document types; Number ranges; Posting keys; Field status; Fiscal year; Posting periods; Document header; Line items; Currency; Exchange rates

**Transaction codes:** OB08; OB07; OBBS (find the Fiori app for each in the apps reference library)

**Business process:** Record to Report

**Environment:** SAP S/4HANA Training System

### Steps
- [ ] Study company code, local, group and transaction currency
- [ ] Maintain exchange rate types and rates
- [ ] Study direct and indirect quotation
- [ ] Configure a second local currency concept in the ledger settings

### Acceptance criteria
- A foreign currency amount converts at the maintained rate
- Rate types are explained

**Evidence required:** Configuration document entry

**Accounting impact:** For every posting, write the debit and credit lines and the effect on the financial statements.

**Troubleshooting:** Read the full message with its number. Record each error and its cause in the issue notes. If stuck for more than 30 minutes, set the status to Blocked and describe the blocker.

**Documentation:** Add the setting, its values and the business reason to your configuration document.

**Assessment:** Instructor checks the setting, its test posting and the documented business reason. Type: Configuration.

### Completion criteria
- Every step is done and every acceptance criterion is demonstrated
- Required evidence is attached to the issue
- The accounting impact is written down where a posting was made
- Actual time is logged against the issue
- Instructor Review is Approved and the status is Completed

**Estimated time:** 3 h

**Next task:** Last task of this module","General Ledger","V05.0 FI General Ledger","MOD-10","CFG-005","3","L2 - Basic","Configuration","SAP S/4HANA Training System","Configuration document entry","OB08; OB07; OBBS","S/4HANA (ECC differences noted)","Same concept as ECC","Record to Report","None","Level 2 - SAP FI & CO Core","FI","Configuration","0","Pending"
"MOD-11","MOD-11","Module","Normal","[MOD-11] Document Posting","**Topics:** Journal entry; G/L posting; Customer posting; Vendor posting; Asset posting; Reversal; Adjustment; Parking; Hold; Recurring entries

**Transaction codes:** FB50; F-02; FB03; FB08; FBV0; FBD1; F.14; FBL3N; FAGLB03

**Environment:** SAP S/4HANA Training System

**Tasks:** 9, 16 estimated hours.

- LAB-011 Post Journal Entry
- FI-001 Parking, hold, reversal and adjustment postings
- FI-002 Recurring entries, sample documents and account assignment models
- FI-003 Line items, balances and document changes
- TSH-002 Scenario 02: posting period closed
- TSH-003 Scenario 03: account cannot be posted to directly
- TSH-004 Scenario 04: field is required or suppressed unexpectedly
- TSH-005 Scenario 05: number range missing for the document type and year
- ASM-005 Phase 05 assessment: general ledger","General Ledger","V05.0 FI General Ledger","PHASE-05","","","","","SAP S/4HANA Training System","","FB50; F-02; FB03; FB08; FBV0; FBD1; F.14; FBL3N; FAGLB03","S/4HANA (ECC differences noted)","Same concept as ECC","Record to Report","None","Level 2 - SAP FI & CO Core","FI","","",""
"LAB-011","LAB-011","Lab","Normal","[LAB-011] Post Journal Entry","**Objective:** Post Journal Entry

**Prerequisites:** CFG-006

**Concepts:** Journal entry; G/L posting; Customer posting; Vendor posting; Asset posting; Reversal; Adjustment; Parking; Hold; Recurring entries

**Transaction codes:** FB50; F-02; FB03 (find the Fiori app for each in the apps reference library)

**Business process:** Record to Report

**Environment:** SAP S/4HANA Training System

### Steps
- [ ] Post G/L documents with FB50 and with F-02
- [ ] Post in foreign currency
- [ ] Display the document in entry view and general ledger view
- [ ] Compare with the Fiori Post General Journal Entries app
- [ ] Write the debit and credit effect of each

### Acceptance criteria
- Documents post and display in both views
- Accounting impact is written for each

**Evidence required:** Document numbers + screenshots

**Accounting impact:** For every posting, write the debit and credit lines and the effect on the financial statements.

**Troubleshooting:** Read the full message with its number. Record each error and its cause in the issue notes. If stuck for more than 30 minutes, set the status to Blocked and describe the blocker.

**Assessment:** Instructor verifies the acceptance criteria from the evidence and may ask for a live demonstration. Type: Transaction execution.

### Completion criteria
- Every step is done and every acceptance criterion is demonstrated
- Required evidence is attached to the issue
- The accounting impact is written down where a posting was made
- Actual time is logged against the issue
- Instructor Review is Approved and the status is Completed

**Estimated time:** 3 h

**Next task:** FI-001","General Ledger","V05.0 FI General Ledger","MOD-11","CFG-006","3","L2 - Basic","Guided Lab","SAP S/4HANA Training System","Document numbers + screenshots","FB50; F-02; FB03","S/4HANA (ECC differences noted)","Same concept as ECC","Record to Report","None","Level 2 - SAP FI & CO Core","FI","Transaction execution","0","Pending"
"FI-001","FI-001","FI","Normal","[FI-001] Parking, hold, reversal and adjustment postings","**Objective:** Parking, hold, reversal and adjustment postings

**Prerequisites:** LAB-011

**Concepts:** Journal entry; G/L posting; Customer posting; Vendor posting; Asset posting; Reversal; Adjustment; Parking; Hold; Recurring entries

**Transaction codes:** FBV0; FB08; F.80 (find the Fiori app for each in the apps reference library)

**Business process:** Record to Report

**Environment:** SAP S/4HANA Training System

### Steps
- [ ] Hold a document
- [ ] Park and then post a document
- [ ] Reverse a document with each reversal reason
- [ ] Explain negative posting
- [ ] Post a correcting entry

### Acceptance criteria
- Each function is demonstrated
- Reversal document links to the original

**Evidence required:** Document numbers + screenshots

**Accounting impact:** For every posting, write the debit and credit lines and the effect on the financial statements.

**Troubleshooting:** Read the full message with its number. Record each error and its cause in the issue notes. If stuck for more than 30 minutes, set the status to Blocked and describe the blocker.

**Assessment:** Instructor checks the posted documents and the stated accounting impact. Type: Transaction execution.

### Completion criteria
- Every step is done and every acceptance criterion is demonstrated
- Required evidence is attached to the issue
- The accounting impact is written down where a posting was made
- Actual time is logged against the issue
- Instructor Review is Approved and the status is Completed

**Estimated time:** 3 h

**Next task:** FI-002","General Ledger","V05.0 FI General Ledger","MOD-11","LAB-011","3","L2 - Basic","Transaction","SAP S/4HANA Training System","Document numbers + screenshots","FBV0; FB08; F.80","S/4HANA (ECC differences noted)","Same concept as ECC","Record to Report","None","Level 2 - SAP FI & CO Core","FI","Transaction execution","0","Pending"
"FI-002","FI-002","FI","Normal","[FI-002] Recurring entries, sample documents and account assignment models","**Objective:** Recurring entries, sample documents and account assignment models

**Prerequisites:** FI-001

**Concepts:** Journal entry; G/L posting; Customer posting; Vendor posting; Asset posting; Reversal; Adjustment; Parking; Hold; Recurring entries

**Transaction codes:** FBD1; F.14; FKMT (find the Fiori app for each in the apps reference library)

**Business process:** Record to Report

**Environment:** SAP S/4HANA Training System

### Steps
- [ ] Create a recurring entry for rent
- [ ] Run the recurring program
- [ ] Create an account assignment model and use it

### Acceptance criteria
- Recurring postings are generated for the period
- Model fills line items

**Evidence required:** Document numbers + screenshots

**Accounting impact:** For every posting, write the debit and credit lines and the effect on the financial statements.

**Troubleshooting:** Read the full message with its number. Record each error and its cause in the issue notes. If stuck for more than 30 minutes, set the status to Blocked and describe the blocker.

**Assessment:** Instructor checks the posted documents and the stated accounting impact. Type: Transaction execution.

### Completion criteria
- Every step is done and every acceptance criterion is demonstrated
- Required evidence is attached to the issue
- The accounting impact is written down where a posting was made
- Actual time is logged against the issue
- Instructor Review is Approved and the status is Completed

**Estimated time:** 2 h

**Next task:** FI-003","General Ledger","V05.0 FI General Ledger","MOD-11","FI-001","2","L2 - Basic","Transaction","SAP S/4HANA Training System","Document numbers + screenshots","FBD1; F.14; FKMT","S/4HANA (ECC differences noted)","Same concept as ECC","Record to Report","None","Level 2 - SAP FI & CO Core","FI","Transaction execution","0","Pending"
"FI-003","FI-003","FI","Normal","[FI-003] Line items, balances and document changes","**Objective:** Line items, balances and document changes

**Prerequisites:** FI-002

**Concepts:** Journal entry; G/L posting; Customer posting; Vendor posting; Asset posting; Reversal; Adjustment; Parking; Hold; Recurring entries

**Transaction codes:** FBL3N; FAGLB03; FB02 (find the Fiori app for each in the apps reference library)

**Business process:** Record to Report

**Environment:** SAP S/4HANA Training System

### Steps
- [ ] Display G/L line items with layouts and totals
- [ ] Display balances and drill down
- [ ] Change a document and state which fields are changeable
- [ ] Use the Fiori line item apps

### Acceptance criteria
- A saved layout with subtotals is produced
- Changeable fields are listed

**Evidence required:** Document numbers + screenshots

**Accounting impact:** For every posting, write the debit and credit lines and the effect on the financial statements.

**Troubleshooting:** Read the full message with its number. Record each error and its cause in the issue notes. If stuck for more than 30 minutes, set the status to Blocked and describe the blocker.

**Assessment:** Instructor checks the posted documents and the stated accounting impact. Type: Transaction execution.

### Completion criteria
- Every step is done and every acceptance criterion is demonstrated
- Required evidence is attached to the issue
- The accounting impact is written down where a posting was made
- Actual time is logged against the issue
- Instructor Review is Approved and the status is Completed

**Estimated time:** 2 h

**Next task:** TSH-002","General Ledger","V05.0 FI General Ledger","MOD-11","FI-002","2","L2 - Basic","Transaction","SAP S/4HANA Training System","Document numbers + screenshots","FBL3N; FAGLB03; FB02","S/4HANA (ECC differences noted)","Same concept as ECC","Record to Report","None","Level 2 - SAP FI & CO Core","FI","Transaction execution","0","Pending"
"TSH-002","TSH-002","Troubleshooting","Normal","[TSH-002] Scenario 02: posting period closed","**Objective:** Scenario 02: posting period closed

**Prerequisites:** FI-003

**Concepts:** Journal entry; G/L posting; Customer posting; Vendor posting; Asset posting; Reversal; Adjustment; Parking; Hold; Recurring entries

**Transaction codes:** FB50; F-02; FB03; FB08; FBV0; FBD1; F.14; FBL3N; FAGLB03 (find the Fiori app for each in the apps reference library)

**Business process:** Record to Report

**Environment:** SAP S/4HANA Training System

### Steps
- [ ] Reproduce the error in the training client (instructor-prepared)
- [ ] Record the exact message number and text, and the business impact
- [ ] Read the message with period and variant
- [ ] Check the posting period variant for the account type
- [ ] Open the period or correct the date as the business decides
- [ ] Apply the fix
- [ ] Re-run the original transaction to validate
- [ ] Write the eight-section report: problem, business impact, evidence, root cause, configuration, fix, validation, prevention

### Acceptance criteria
- The original transaction now works
- Root cause is shown in configuration or master data
- Report has all eight sections

**Evidence required:** Root cause report

**Accounting impact:** For every posting, write the debit and credit lines and the effect on the financial statements.

**Assessment:** Instructor grades the eight-section report. Type: Troubleshooting.

### Completion criteria
- Every step is done and every acceptance criterion is demonstrated
- Required evidence is attached to the issue
- The accounting impact is written down where a posting was made
- Actual time is logged against the issue
- Instructor Review is Approved and the status is Completed

**Estimated time:** 1 h

**Next task:** TSH-003","General Ledger","V05.0 FI General Ledger","MOD-11","FI-003","1","L2 - Basic","Troubleshooting","SAP S/4HANA Training System","Root cause report","FB50; F-02; FB03; FB08; FBV0; FBD1; F.14; FBL3N; FAGLB03","S/4HANA (ECC differences noted)","Same concept as ECC","Record to Report","None","Level 2 - SAP FI & CO Core","FI","Troubleshooting","0","Pending"
"TSH-003","TSH-003","Troubleshooting","Normal","[TSH-003] Scenario 03: account cannot be posted to directly","**Objective:** Scenario 03: account cannot be posted to directly

**Prerequisites:** TSH-002

**Concepts:** Journal entry; G/L posting; Customer posting; Vendor posting; Asset posting; Reversal; Adjustment; Parking; Hold; Recurring entries

**Transaction codes:** FB50; F-02; FB03; FB08; FBV0; FBD1; F.14; FBL3N; FAGLB03 (find the Fiori app for each in the apps reference library)

**Business process:** Record to Report

**Environment:** SAP S/4HANA Training System

### Steps
- [ ] Reproduce the error in the training client (instructor-prepared)
- [ ] Record the exact message number and text, and the business impact
- [ ] Check whether it is a reconciliation account or blocked or set to automatic postings only
- [ ] Use the correct subledger posting
- [ ] Apply the fix
- [ ] Re-run the original transaction to validate
- [ ] Write the eight-section report: problem, business impact, evidence, root cause, configuration, fix, validation, prevention

### Acceptance criteria
- The original transaction now works
- Root cause is shown in configuration or master data
- Report has all eight sections

**Evidence required:** Root cause report

**Accounting impact:** For every posting, write the debit and credit lines and the effect on the financial statements.

**Assessment:** Instructor grades the eight-section report. Type: Troubleshooting.

### Completion criteria
- Every step is done and every acceptance criterion is demonstrated
- Required evidence is attached to the issue
- The accounting impact is written down where a posting was made
- Actual time is logged against the issue
- Instructor Review is Approved and the status is Completed

**Estimated time:** 1 h

**Next task:** TSH-004","General Ledger","V05.0 FI General Ledger","MOD-11","TSH-002","1","L2 - Basic","Troubleshooting","SAP S/4HANA Training System","Root cause report","FB50; F-02; FB03; FB08; FBV0; FBD1; F.14; FBL3N; FAGLB03","S/4HANA (ECC differences noted)","Same concept as ECC","Record to Report","None","Level 2 - SAP FI & CO Core","FI","Troubleshooting","0","Pending"
"TSH-004","TSH-004","Troubleshooting","Normal","[TSH-004] Scenario 04: field is required or suppressed unexpectedly","**Objective:** Scenario 04: field is required or suppressed unexpectedly

**Prerequisites:** TSH-003

**Concepts:** Journal entry; G/L posting; Customer posting; Vendor posting; Asset posting; Reversal; Adjustment; Parking; Hold; Recurring entries

**Transaction codes:** FB50; F-02; FB03; FB08; FBV0; FBD1; F.14; FBL3N; FAGLB03 (find the Fiori app for each in the apps reference library)

**Business process:** Record to Report

**Environment:** SAP S/4HANA Training System

### Steps
- [ ] Reproduce the error in the training client (instructor-prepared)
- [ ] Record the exact message number and text, and the business impact
- [ ] Compare field status of the account group and the posting key
- [ ] Correct the field status group
- [ ] Apply the fix
- [ ] Re-run the original transaction to validate
- [ ] Write the eight-section report: problem, business impact, evidence, root cause, configuration, fix, validation, prevention

### Acceptance criteria
- The original transaction now works
- Root cause is shown in configuration or master data
- Report has all eight sections

**Evidence required:** Root cause report

**Accounting impact:** For every posting, write the debit and credit lines and the effect on the financial statements.

**Assessment:** Instructor grades the eight-section report. Type: Troubleshooting.

### Completion criteria
- Every step is done and every acceptance criterion is demonstrated
- Required evidence is attached to the issue
- The accounting impact is written down where a posting was made
- Actual time is logged against the issue
- Instructor Review is Approved and the status is Completed

**Estimated time:** 1 h

**Next task:** TSH-005","General Ledger","V05.0 FI General Ledger","MOD-11","TSH-003","1","L2 - Basic","Troubleshooting","SAP S/4HANA Training System","Root cause report","FB50; F-02; FB03; FB08; FBV0; FBD1; F.14; FBL3N; FAGLB03","S/4HANA (ECC differences noted)","Same concept as ECC","Record to Report","None","Level 2 - SAP FI & CO Core","FI","Troubleshooting","0","Pending"
"TSH-005","TSH-005","Troubleshooting","Normal","[TSH-005] Scenario 05: number range missing for the document type and year","**Objective:** Scenario 05: number range missing for the document type and year

**Prerequisites:** TSH-004

**Concepts:** Journal entry; G/L posting; Customer posting; Vendor posting; Asset posting; Reversal; Adjustment; Parking; Hold; Recurring entries

**Transaction codes:** FB50; F-02; FB03; FB08; FBV0; FBD1; F.14; FBL3N; FAGLB03 (find the Fiori app for each in the apps reference library)

**Business process:** Record to Report

**Environment:** SAP S/4HANA Training System

### Steps
- [ ] Reproduce the error in the training client (instructor-prepared)
- [ ] Record the exact message number and text, and the business impact
- [ ] Check the document type number range and the interval for the fiscal year
- [ ] Create the interval
- [ ] Apply the fix
- [ ] Re-run the original transaction to validate
- [ ] Write the eight-section report: problem, business impact, evidence, root cause, configuration, fix, validation, prevention

### Acceptance criteria
- The original transaction now works
- Root cause is shown in configuration or master data
- Report has all eight sections

**Evidence required:** Root cause report

**Accounting impact:** For every posting, write the debit and credit lines and the effect on the financial statements.

**Assessment:** Instructor grades the eight-section report. Type: Troubleshooting.

### Completion criteria
- Every step is done and every acceptance criterion is demonstrated
- Required evidence is attached to the issue
- The accounting impact is written down where a posting was made
- Actual time is logged against the issue
- Instructor Review is Approved and the status is Completed

**Estimated time:** 1 h

**Next task:** ASM-005","General Ledger","V05.0 FI General Ledger","MOD-11","TSH-004","1","L2 - Basic","Troubleshooting","SAP S/4HANA Training System","Root cause report","FB50; F-02; FB03; FB08; FBV0; FBD1; F.14; FBL3N; FAGLB03","S/4HANA (ECC differences noted)","Same concept as ECC","Record to Report","None","Level 2 - SAP FI & CO Core","FI","Troubleshooting","0","Pending"
"ASM-005","ASM-005","Assessment","High","[ASM-005] Phase 05 assessment: general ledger","**Objective:** Phase 05 assessment: general ledger

**Prerequisites:** TSH-005

**Concepts:** Journal entry; G/L posting; Customer posting; Vendor posting; Asset posting; Reversal; Adjustment; Parking; Hold; Recurring entries

**Business process:** Record to Report

**Environment:** SAP S/4HANA Training System

### Steps
- [ ] Configure one requirement and post, park, reverse and report documents from a task sheet

### Acceptance criteria
- Score of 70 or higher

**Evidence required:** Scored result

**Accounting impact:** For every posting, write the debit and credit lines and the effect on the financial statements.

**Troubleshooting:** Read the full message with its number. Record each error and its cause in the issue notes. If stuck for more than 30 minutes, set the status to Blocked and describe the blocker.

**Assessment:** Scored 0-100. Pass mark 70. Type: Configuration + transaction execution.

### Completion criteria
- Every step is done and every acceptance criterion is demonstrated
- Required evidence is attached to the issue
- The accounting impact is written down where a posting was made
- Actual time is logged against the issue
- Instructor Review is Approved and the status is Completed

**Estimated time:** 2 h

**Next task:** Last task of this module","General Ledger","V05.0 FI General Ledger","MOD-11","TSH-005","2","L2 - Basic","Assessment","SAP S/4HANA Training System","Scored result","","S/4HANA (ECC differences noted)","Same concept as ECC","Record to Report","None","Level 2 - SAP FI & CO Core","FI","Configuration + transaction execution","0","Pending"
"REVIEW-05","REVIEW-05","Review","High","[REVIEW-05] Phase 05 gate review","**Objective:** Confirm that phase 05 (FI General Ledger) is complete.

### Checklist
- [ ] Every issue of the phase is Completed
- [ ] Evidence is attached to every issue
- [ ] Time is logged
- [ ] Assessment score is 70 or higher
- [ ] Configuration document is up to date

**Assessment:** Instructor confirms the checklist and records the gate decision.

**Estimated time:** 1 h","","V05.0 FI General Ledger","PHASE-05","CFG-006, ASM-005","1","","Review","","Instructor sign-off","","","","","","","","Review","0","Pending"
"PHASE-06","PHASE-06","Phase","Normal","[PHASE-06] Accounts Payable","Phase 06 of 30. Version: V06.0 Accounts Payable.

Modules: 1. Estimated hours: 23.

- MOD-12 Accounts Payable

The phase closes with the gate review REVIEW-06.","","V06.0 Accounts Payable","EPIC","","","","","","","","","","","","","","","",""
"MOD-12","MOD-12","Module","Normal","[MOD-12] Accounts Payable","**Topics:** Vendor master / Business Partner; Vendor account groups; Invoice posting; Credit memo; Down payments; Outgoing payments; Clearing; Residual items; Partial payments; Special G/L; Withholding tax; Vendor aging

**Transaction codes:** BP; FB60; FB65; F-53; F-48; F-54; F-44; FBL1N; FK10N; OBB8; FBZP

**Environment:** SAP S/4HANA Training System

**Tasks:** 10, 22 estimated hours.

- THY-018 Supplier master data and reconciliation accounts
- CFG-007 Vendor groups, number ranges and payment terms
- LAB-012 Vendor Invoice
- LAB-013 Outgoing Payment
- FI-004 Vendor down payments
- BP-001 Accounts payable lifecycle
- TSH-006 Scenario 06: incorrect reconciliation account on a supplier
- TSH-007 Scenario 07: vendor invoice error, balancing or tax
- TSH-008 Scenario 08: payment terms give the wrong due date
- ASM-006 Phase 06 assessment: accounts payable","Accounts Payable","V06.0 Accounts Payable","PHASE-06","","","","","SAP S/4HANA Training System","","BP; FB60; FB65; F-53; F-48; F-54; F-44; FBL1N; FK10N; OBB8; FBZP","S/4HANA (ECC differences noted)","Same concept as ECC","Procure to Pay","MM","Level 2 - SAP FI & CO Core","FI","","",""
"THY-018","THY-018","Theory","Normal","[THY-018] Supplier master data and reconciliation accounts","**Objective:** Supplier master data and reconciliation accounts

**Prerequisites:** ASM-005

**Concepts:** Vendor master / Business Partner; Vendor account groups; Invoice posting; Credit memo; Down payments; Outgoing payments; Clearing; Residual items; Partial payments; Special G/L; Withholding tax; Vendor aging

**Business process:** Procure to Pay

**Environment:** SAP S/4HANA Training System

### Steps
- [ ] Study general, company code and purchasing data of a supplier
- [ ] Study account groups or business partner groupings
- [ ] Study reconciliation account, payment terms and payment methods in the master

### Acceptance criteria
- Explains which data sits at which level
- Explains the role of the reconciliation account

**Evidence required:** Notes

**Accounting impact:** For every posting, write the debit and credit lines and the effect on the financial statements.

**Assessment:** Instructor checks the notes and asks short oral questions. Type: Short answer.

### Completion criteria
- Every step is done and every acceptance criterion is demonstrated
- Required evidence is attached to the issue
- The accounting impact is written down where a posting was made
- Actual time is logged against the issue
- Instructor Review is Approved and the status is Completed

**Estimated time:** 2 h

**Next task:** CFG-007","Accounts Payable","V06.0 Accounts Payable","MOD-12","ASM-005","2","L3 - Intermediate","Theory","SAP S/4HANA Training System","Notes","","S/4HANA (ECC differences noted)","Same concept as ECC","Procure to Pay","MM","Level 2 - SAP FI & CO Core","FI","Short answer","0","Pending"
"CFG-007","CFG-007","Configuration","Normal","[CFG-007] Vendor groups, number ranges and payment terms","**Objective:** Vendor groups, number ranges and payment terms

**Prerequisites:** THY-018

**Concepts:** Vendor master / Business Partner; Vendor account groups; Invoice posting; Credit memo; Down payments; Outgoing payments; Clearing; Residual items; Partial payments; Special G/L; Withholding tax; Vendor aging

**Transaction codes:** OBD3; XKN1; OBB8 (find the Fiori app for each in the apps reference library)

**Business process:** Procure to Pay

**Environment:** SAP S/4HANA Training System

### Steps
- [ ] Define an account group or grouping with number range
- [ ] Define payment terms with cash discount
- [ ] Review the link to business partner in S/4HANA

### Acceptance criteria
- A supplier is created in the new group with the new terms

**Evidence required:** Configuration document entry

**Accounting impact:** For every posting, write the debit and credit lines and the effect on the financial statements.

**Troubleshooting:** Read the full message with its number. Record each error and its cause in the issue notes. If stuck for more than 30 minutes, set the status to Blocked and describe the blocker.

**Documentation:** Add the setting, its values and the business reason to your configuration document.

**Assessment:** Instructor checks the setting, its test posting and the documented business reason. Type: Configuration.

### Completion criteria
- Every step is done and every acceptance criterion is demonstrated
- Required evidence is attached to the issue
- The accounting impact is written down where a posting was made
- Actual time is logged against the issue
- Instructor Review is Approved and the status is Completed

**Estimated time:** 3 h

**Next task:** LAB-012","Accounts Payable","V06.0 Accounts Payable","MOD-12","THY-018","3","L3 - Intermediate","Configuration","SAP S/4HANA Training System","Configuration document entry","OBD3; XKN1; OBB8","S/4HANA (ECC differences noted)","Same concept as ECC","Procure to Pay","MM","Level 2 - SAP FI & CO Core","FI","Configuration","0","Pending"
"LAB-012","LAB-012","Lab","Normal","[LAB-012] Vendor Invoice","**Objective:** Vendor Invoice

**Prerequisites:** CFG-007

**Concepts:** Vendor master / Business Partner; Vendor account groups; Invoice posting; Credit memo; Down payments; Outgoing payments; Clearing; Residual items; Partial payments; Special G/L; Withholding tax; Vendor aging

**Transaction codes:** FB60; FB65; FBL1N (find the Fiori app for each in the apps reference library)

**Business process:** Procure to Pay

**Environment:** SAP S/4HANA Training System

### Steps
- [ ] Create a supplier
- [ ] Post invoices with tax and with cost centre using FB60
- [ ] Post a credit memo
- [ ] Display line items and the balance
- [ ] Write the accounting entry for each

### Acceptance criteria
- Invoices and credit memo post correctly
- Open items show due dates from the terms

**Evidence required:** Document numbers + screenshots

**Accounting impact:** For every posting, write the debit and credit lines and the effect on the financial statements.

**Troubleshooting:** Read the full message with its number. Record each error and its cause in the issue notes. If stuck for more than 30 minutes, set the status to Blocked and describe the blocker.

**Assessment:** Instructor verifies the acceptance criteria from the evidence and may ask for a live demonstration. Type: Transaction execution.

### Completion criteria
- Every step is done and every acceptance criterion is demonstrated
- Required evidence is attached to the issue
- The accounting impact is written down where a posting was made
- Actual time is logged against the issue
- Instructor Review is Approved and the status is Completed

**Estimated time:** 3 h

**Next task:** LAB-013","Accounts Payable","V06.0 Accounts Payable","MOD-12","CFG-007","3","L3 - Intermediate","Guided Lab","SAP S/4HANA Training System","Document numbers + screenshots","FB60; FB65; FBL1N","S/4HANA (ECC differences noted)","Same concept as ECC","Procure to Pay","MM","Level 2 - SAP FI & CO Core","FI","Transaction execution","0","Pending"
"LAB-013","LAB-013","Lab","Normal","[LAB-013] Outgoing Payment","**Objective:** Outgoing Payment

**Prerequisites:** LAB-012

**Concepts:** Vendor master / Business Partner; Vendor account groups; Invoice posting; Credit memo; Down payments; Outgoing payments; Clearing; Residual items; Partial payments; Special G/L; Withholding tax; Vendor aging

**Transaction codes:** F-53; F-44 (find the Fiori app for each in the apps reference library)

**Business process:** Procure to Pay

**Environment:** SAP S/4HANA Training System

### Steps
- [ ] Pay an invoice in full with cash discount
- [ ] Make a partial payment
- [ ] Create a residual item
- [ ] Clear open items manually
- [ ] Compare partial and residual in the line items

### Acceptance criteria
- Each payment type is posted and the difference between partial and residual is shown

**Evidence required:** Document numbers + screenshots

**Accounting impact:** For every posting, write the debit and credit lines and the effect on the financial statements.

**Troubleshooting:** Read the full message with its number. Record each error and its cause in the issue notes. If stuck for more than 30 minutes, set the status to Blocked and describe the blocker.

**Assessment:** Instructor verifies the acceptance criteria from the evidence and may ask for a live demonstration. Type: Transaction execution.

### Completion criteria
- Every step is done and every acceptance criterion is demonstrated
- Required evidence is attached to the issue
- The accounting impact is written down where a posting was made
- Actual time is logged against the issue
- Instructor Review is Approved and the status is Completed

**Estimated time:** 3 h

**Next task:** FI-004","Accounts Payable","V06.0 Accounts Payable","MOD-12","LAB-012","3","L3 - Intermediate","Guided Lab","SAP S/4HANA Training System","Document numbers + screenshots","F-53; F-44","S/4HANA (ECC differences noted)","Same concept as ECC","Procure to Pay","MM","Level 2 - SAP FI & CO Core","FI","Transaction execution","0","Pending"
"FI-004","FI-004","FI","Normal","[FI-004] Vendor down payments","**Objective:** Vendor down payments

**Prerequisites:** LAB-013

**Concepts:** Vendor master / Business Partner; Vendor account groups; Invoice posting; Credit memo; Down payments; Outgoing payments; Clearing; Residual items; Partial payments; Special G/L; Withholding tax; Vendor aging

**Transaction codes:** F-47; F-48; F-54 (find the Fiori app for each in the apps reference library)

**Business process:** Procure to Pay

**Environment:** SAP S/4HANA Training System

### Steps
- [ ] Post a down payment request
- [ ] Post the down payment
- [ ] Post the invoice
- [ ] Clear the down payment against the invoice

### Acceptance criteria
- Down payment shows under the special reconciliation account until cleared

**Evidence required:** Document numbers + screenshots

**Accounting impact:** For every posting, write the debit and credit lines and the effect on the financial statements.

**Troubleshooting:** Read the full message with its number. Record each error and its cause in the issue notes. If stuck for more than 30 minutes, set the status to Blocked and describe the blocker.

**Assessment:** Instructor checks the posted documents and the stated accounting impact. Type: Transaction execution.

### Completion criteria
- Every step is done and every acceptance criterion is demonstrated
- Required evidence is attached to the issue
- The accounting impact is written down where a posting was made
- Actual time is logged against the issue
- Instructor Review is Approved and the status is Completed

**Estimated time:** 2 h

**Next task:** BP-001","Accounts Payable","V06.0 Accounts Payable","MOD-12","LAB-013","2","L3 - Intermediate","Transaction","SAP S/4HANA Training System","Document numbers + screenshots","F-47; F-48; F-54","S/4HANA (ECC differences noted)","Same concept as ECC","Procure to Pay","MM","Level 2 - SAP FI & CO Core","FI","Transaction execution","0","Pending"
"BP-001","BP-001","Business Process","Normal","[BP-001] Accounts payable lifecycle","**Objective:** Accounts payable lifecycle

**Prerequisites:** FI-004

**Concepts:** Vendor master / Business Partner; Vendor account groups; Invoice posting; Credit memo; Down payments; Outgoing payments; Clearing; Residual items; Partial payments; Special G/L; Withholding tax; Vendor aging

**Transaction codes:** FB60; F-53; FBL1N; S_ALR_87012085 (find the Fiori app for each in the apps reference library)

**Business process:** Procure to Pay

**Environment:** SAP S/4HANA Training System

### Steps
- [ ] Run the full cycle for five suppliers: master, invoices, credit memo, advance, payments, clearing
- [ ] Produce the vendor balance and aging reports

### Acceptance criteria
- Aging report agrees with the open items
- Lifecycle document is written

**Evidence required:** Process document + document numbers

**Accounting impact:** For every posting, write the debit and credit lines and the effect on the financial statements.

**Troubleshooting:** Read the full message with its number. Record each error and its cause in the issue notes. If stuck for more than 30 minutes, set the status to Blocked and describe the blocker.

**Assessment:** Instructor checks the process end to end from the document numbers. Type: Business process.

### Completion criteria
- Every step is done and every acceptance criterion is demonstrated
- Required evidence is attached to the issue
- The accounting impact is written down where a posting was made
- Actual time is logged against the issue
- Instructor Review is Approved and the status is Completed

**Estimated time:** 3 h

**Next task:** TSH-006","Accounts Payable","V06.0 Accounts Payable","MOD-12","FI-004","3","L3 - Intermediate","Business Process","SAP S/4HANA Training System","Process document + document numbers","FB60; F-53; FBL1N; S_ALR_87012085","S/4HANA (ECC differences noted)","Same concept as ECC","Procure to Pay","MM","Level 2 - SAP FI & CO Core","FI","Business process","0","Pending"
"TSH-006","TSH-006","Troubleshooting","Normal","[TSH-006] Scenario 06: incorrect reconciliation account on a supplier","**Objective:** Scenario 06: incorrect reconciliation account on a supplier

**Prerequisites:** BP-001

**Concepts:** Vendor master / Business Partner; Vendor account groups; Invoice posting; Credit memo; Down payments; Outgoing payments; Clearing; Residual items; Partial payments; Special G/L; Withholding tax; Vendor aging

**Transaction codes:** BP; FB60; FB65; F-53; F-48; F-54; F-44; FBL1N; FK10N; OBB8; FBZP (find the Fiori app for each in the apps reference library)

**Business process:** Procure to Pay

**Environment:** SAP S/4HANA Training System

### Steps
- [ ] Reproduce the error in the training client (instructor-prepared)
- [ ] Record the exact message number and text, and the business impact
- [ ] Find the postings on the wrong account
- [ ] Change the master
- [ ] Explain how existing open items are handled
- [ ] Apply the fix
- [ ] Re-run the original transaction to validate
- [ ] Write the eight-section report: problem, business impact, evidence, root cause, configuration, fix, validation, prevention

### Acceptance criteria
- The original transaction now works
- Root cause is shown in configuration or master data
- Report has all eight sections

**Evidence required:** Root cause report

**Accounting impact:** For every posting, write the debit and credit lines and the effect on the financial statements.

**Assessment:** Instructor grades the eight-section report. Type: Troubleshooting.

### Completion criteria
- Every step is done and every acceptance criterion is demonstrated
- Required evidence is attached to the issue
- The accounting impact is written down where a posting was made
- Actual time is logged against the issue
- Instructor Review is Approved and the status is Completed

**Estimated time:** 2 h

**Next task:** TSH-007","Accounts Payable","V06.0 Accounts Payable","MOD-12","BP-001","2","L3 - Intermediate","Troubleshooting","SAP S/4HANA Training System","Root cause report","BP; FB60; FB65; F-53; F-48; F-54; F-44; FBL1N; FK10N; OBB8; FBZP","S/4HANA (ECC differences noted)","Same concept as ECC","Procure to Pay","MM","Level 2 - SAP FI & CO Core","FI","Troubleshooting","0","Pending"
"TSH-007","TSH-007","Troubleshooting","Normal","[TSH-007] Scenario 07: vendor invoice error, balancing or tax","**Objective:** Scenario 07: vendor invoice error, balancing or tax

**Prerequisites:** TSH-006

**Concepts:** Vendor master / Business Partner; Vendor account groups; Invoice posting; Credit memo; Down payments; Outgoing payments; Clearing; Residual items; Partial payments; Special G/L; Withholding tax; Vendor aging

**Transaction codes:** BP; FB60; FB65; F-53; F-48; F-54; F-44; FBL1N; FK10N; OBB8; FBZP (find the Fiori app for each in the apps reference library)

**Business process:** Procure to Pay

**Environment:** SAP S/4HANA Training System

### Steps
- [ ] Reproduce the error in the training client (instructor-prepared)
- [ ] Record the exact message number and text, and the business impact
- [ ] Read the message
- [ ] Check amounts, tax code and calculate-tax flag
- [ ] Correct and post
- [ ] Apply the fix
- [ ] Re-run the original transaction to validate
- [ ] Write the eight-section report: problem, business impact, evidence, root cause, configuration, fix, validation, prevention

### Acceptance criteria
- The original transaction now works
- Root cause is shown in configuration or master data
- Report has all eight sections

**Evidence required:** Root cause report

**Accounting impact:** For every posting, write the debit and credit lines and the effect on the financial statements.

**Assessment:** Instructor grades the eight-section report. Type: Troubleshooting.

### Completion criteria
- Every step is done and every acceptance criterion is demonstrated
- Required evidence is attached to the issue
- The accounting impact is written down where a posting was made
- Actual time is logged against the issue
- Instructor Review is Approved and the status is Completed

**Estimated time:** 1 h

**Next task:** TSH-008","Accounts Payable","V06.0 Accounts Payable","MOD-12","TSH-006","1","L3 - Intermediate","Troubleshooting","SAP S/4HANA Training System","Root cause report","BP; FB60; FB65; F-53; F-48; F-54; F-44; FBL1N; FK10N; OBB8; FBZP","S/4HANA (ECC differences noted)","Same concept as ECC","Procure to Pay","MM","Level 2 - SAP FI & CO Core","FI","Troubleshooting","0","Pending"
"TSH-008","TSH-008","Troubleshooting","Normal","[TSH-008] Scenario 08: payment terms give the wrong due date","**Objective:** Scenario 08: payment terms give the wrong due date

**Prerequisites:** TSH-007

**Concepts:** Vendor master / Business Partner; Vendor account groups; Invoice posting; Credit memo; Down payments; Outgoing payments; Clearing; Residual items; Partial payments; Special G/L; Withholding tax; Vendor aging

**Transaction codes:** BP; FB60; FB65; F-53; F-48; F-54; F-44; FBL1N; FK10N; OBB8; FBZP (find the Fiori app for each in the apps reference library)

**Business process:** Procure to Pay

**Environment:** SAP S/4HANA Training System

### Steps
- [ ] Reproduce the error in the training client (instructor-prepared)
- [ ] Record the exact message number and text, and the business impact
- [ ] Check baseline date rule and terms in master and document
- [ ] Correct the terms
- [ ] Apply the fix
- [ ] Re-run the original transaction to validate
- [ ] Write the eight-section report: problem, business impact, evidence, root cause, configuration, fix, validation, prevention

### Acceptance criteria
- The original transaction now works
- Root cause is shown in configuration or master data
- Report has all eight sections

**Evidence required:** Root cause report

**Accounting impact:** For every posting, write the debit and credit lines and the effect on the financial statements.

**Assessment:** Instructor grades the eight-section report. Type: Troubleshooting.

### Completion criteria
- Every step is done and every acceptance criterion is demonstrated
- Required evidence is attached to the issue
- The accounting impact is written down where a posting was made
- Actual time is logged against the issue
- Instructor Review is Approved and the status is Completed

**Estimated time:** 1 h

**Next task:** ASM-006","Accounts Payable","V06.0 Accounts Payable","MOD-12","TSH-007","1","L3 - Intermediate","Troubleshooting","SAP S/4HANA Training System","Root cause report","BP; FB60; FB65; F-53; F-48; F-54; F-44; FBL1N; FK10N; OBB8; FBZP","S/4HANA (ECC differences noted)","Same concept as ECC","Procure to Pay","MM","Level 2 - SAP FI & CO Core","FI","Troubleshooting","0","Pending"
"ASM-006","ASM-006","Assessment","High","[ASM-006] Phase 06 assessment: accounts payable","**Objective:** Phase 06 assessment: accounts payable

**Prerequisites:** TSH-008

**Concepts:** Vendor master / Business Partner; Vendor account groups; Invoice posting; Credit memo; Down payments; Outgoing payments; Clearing; Residual items; Partial payments; Special G/L; Withholding tax; Vendor aging

**Business process:** Procure to Pay

**Environment:** SAP S/4HANA Training System

### Steps
- [ ] Execute a payables task sheet and explain the accounting impact of each step

### Acceptance criteria
- Score of 70 or higher

**Evidence required:** Scored result

**Accounting impact:** For every posting, write the debit and credit lines and the effect on the financial statements.

**Troubleshooting:** Read the full message with its number. Record each error and its cause in the issue notes. If stuck for more than 30 minutes, set the status to Blocked and describe the blocker.

**Assessment:** Scored 0-100. Pass mark 70. Type: Business process.

### Completion criteria
- Every step is done and every acceptance criterion is demonstrated
- Required evidence is attached to the issue
- The accounting impact is written down where a posting was made
- Actual time is logged against the issue
- Instructor Review is Approved and the status is Completed

**Estimated time:** 2 h

**Next task:** Last task of this module","Accounts Payable","V06.0 Accounts Payable","MOD-12","TSH-008","2","L3 - Intermediate","Assessment","SAP S/4HANA Training System","Scored result","","S/4HANA (ECC differences noted)","Same concept as ECC","Procure to Pay","MM","Level 2 - SAP FI & CO Core","FI","Business process","0","Pending"
"REVIEW-06","REVIEW-06","Review","High","[REVIEW-06] Phase 06 gate review","**Objective:** Confirm that phase 06 (Accounts Payable) is complete.

### Checklist
- [ ] Every issue of the phase is Completed
- [ ] Evidence is attached to every issue
- [ ] Time is logged
- [ ] Assessment score is 70 or higher
- [ ] Configuration document is up to date

**Assessment:** Instructor confirms the checklist and records the gate decision.

**Estimated time:** 1 h","","V06.0 Accounts Payable","PHASE-06","ASM-006","1","","Review","","Instructor sign-off","","","","","","","","Review","0","Pending"
"PHASE-07","PHASE-07","Phase","Normal","[PHASE-07] Accounts Receivable","Phase 07 of 30. Version: V07.0 Accounts Receivable.

Modules: 1. Estimated hours: 23.

- MOD-13 Accounts Receivable

The phase closes with the gate review REVIEW-07.","","V07.0 Accounts Receivable","EPIC","","","","","","","","","","","","","","","",""
"MOD-13","MOD-13","Module","Normal","[MOD-13] Accounts Receivable","**Topics:** Customer master / Business Partner; Customer account groups; Billing integration; Incoming payment; Credit memo; Down payments; Clearing; Special G/L; Dunning; Customer aging; Bad debts

**Transaction codes:** BP; FB70; FB75; F-28; F-29; F-39; F-32; FBL5N; FD10N; F150; FBMP

**Environment:** SAP S/4HANA Training System

**Tasks:** 10, 22 estimated hours.

- THY-019 Customer master data and credit control concepts
- LAB-014 Customer Invoice
- LAB-015 Incoming Payment
- FI-005 Customer down payments and special G/L transactions
- CFG-008 Configure dunning
- LAB-016 Run dunning
- FI-006 Bad debts and customer account analysis
- TSH-009 Scenario 09: customer payment cannot be cleared
- TSH-010 Scenario 10: dunning run selects nothing
- ASM-007 Phase 07 assessment: accounts receivable","Accounts Receivable","V07.0 Accounts Receivable","PHASE-07","","","","","SAP S/4HANA Training System","","BP; FB70; FB75; F-28; F-29; F-39; F-32; FBL5N; FD10N; F150; FBMP","S/4HANA (ECC differences noted)","Same concept as ECC","Order to Cash","SD","Level 2 - SAP FI & CO Core","FI","","",""
"THY-019","THY-019","Theory","Normal","[THY-019] Customer master data and credit control concepts","**Objective:** Customer master data and credit control concepts

**Prerequisites:** ASM-005

**Concepts:** Customer master / Business Partner; Customer account groups; Billing integration; Incoming payment; Credit memo; Down payments; Clearing; Special G/L; Dunning; Customer aging; Bad debts

**Business process:** Order to Cash

**Environment:** SAP S/4HANA Training System

### Steps
- [ ] Study general, company code and sales data
- [ ] Study reconciliation account, terms and dunning data
- [ ] Study credit management concepts

### Acceptance criteria
- Explains which data sits at which level

**Evidence required:** Notes

**Accounting impact:** For every posting, write the debit and credit lines and the effect on the financial statements.

**Assessment:** Instructor checks the notes and asks short oral questions. Type: Short answer.

### Completion criteria
- Every step is done and every acceptance criterion is demonstrated
- Required evidence is attached to the issue
- The accounting impact is written down where a posting was made
- Actual time is logged against the issue
- Instructor Review is Approved and the status is Completed

**Estimated time:** 2 h

**Next task:** LAB-014","Accounts Receivable","V07.0 Accounts Receivable","MOD-13","ASM-005","2","L3 - Intermediate","Theory","SAP S/4HANA Training System","Notes","","S/4HANA (ECC differences noted)","Same concept as ECC","Order to Cash","SD","Level 2 - SAP FI & CO Core","FI","Short answer","0","Pending"
"LAB-014","LAB-014","Lab","Normal","[LAB-014] Customer Invoice","**Objective:** Customer Invoice

**Prerequisites:** THY-019

**Concepts:** Customer master / Business Partner; Customer account groups; Billing integration; Incoming payment; Credit memo; Down payments; Clearing; Special G/L; Dunning; Customer aging; Bad debts

**Transaction codes:** FB70; FB75; FBL5N (find the Fiori app for each in the apps reference library)

**Business process:** Order to Cash

**Environment:** SAP S/4HANA Training System

### Steps
- [ ] Create a customer
- [ ] Post invoices with output tax using FB70
- [ ] Post a credit memo
- [ ] Display line items and balance
- [ ] Write the accounting entries

### Acceptance criteria
- Invoices post with correct tax and due dates

**Evidence required:** Document numbers + screenshots

**Accounting impact:** For every posting, write the debit and credit lines and the effect on the financial statements.

**Troubleshooting:** Read the full message with its number. Record each error and its cause in the issue notes. If stuck for more than 30 minutes, set the status to Blocked and describe the blocker.

**Assessment:** Instructor verifies the acceptance criteria from the evidence and may ask for a live demonstration. Type: Transaction execution.

### Completion criteria
- Every step is done and every acceptance criterion is demonstrated
- Required evidence is attached to the issue
- The accounting impact is written down where a posting was made
- Actual time is logged against the issue
- Instructor Review is Approved and the status is Completed

**Estimated time:** 3 h

**Next task:** LAB-015","Accounts Receivable","V07.0 Accounts Receivable","MOD-13","THY-019","3","L3 - Intermediate","Guided Lab","SAP S/4HANA Training System","Document numbers + screenshots","FB70; FB75; FBL5N","S/4HANA (ECC differences noted)","Same concept as ECC","Order to Cash","SD","Level 2 - SAP FI & CO Core","FI","Transaction execution","0","Pending"
"LAB-015","LAB-015","Lab","Normal","[LAB-015] Incoming Payment","**Objective:** Incoming Payment

**Prerequisites:** LAB-014

**Concepts:** Customer master / Business Partner; Customer account groups; Billing integration; Incoming payment; Credit memo; Down payments; Clearing; Special G/L; Dunning; Customer aging; Bad debts

**Transaction codes:** F-28; F-32 (find the Fiori app for each in the apps reference library)

**Business process:** Order to Cash

**Environment:** SAP S/4HANA Training System

### Steps
- [ ] Post incoming payments in full, partial and with residual
- [ ] Post a payment with a small difference within tolerance
- [ ] Clear manually

### Acceptance criteria
- Each payment type is demonstrated
- Tolerance behaviour is explained

**Evidence required:** Document numbers + screenshots

**Accounting impact:** For every posting, write the debit and credit lines and the effect on the financial statements.

**Troubleshooting:** Read the full message with its number. Record each error and its cause in the issue notes. If stuck for more than 30 minutes, set the status to Blocked and describe the blocker.

**Assessment:** Instructor verifies the acceptance criteria from the evidence and may ask for a live demonstration. Type: Transaction execution.

### Completion criteria
- Every step is done and every acceptance criterion is demonstrated
- Required evidence is attached to the issue
- The accounting impact is written down where a posting was made
- Actual time is logged against the issue
- Instructor Review is Approved and the status is Completed

**Estimated time:** 3 h

**Next task:** FI-005","Accounts Receivable","V07.0 Accounts Receivable","MOD-13","LAB-014","3","L3 - Intermediate","Guided Lab","SAP S/4HANA Training System","Document numbers + screenshots","F-28; F-32","S/4HANA (ECC differences noted)","Same concept as ECC","Order to Cash","SD","Level 2 - SAP FI & CO Core","FI","Transaction execution","0","Pending"
"FI-005","FI-005","FI","Normal","[FI-005] Customer down payments and special G/L transactions","**Objective:** Customer down payments and special G/L transactions

**Prerequisites:** LAB-015

**Concepts:** Customer master / Business Partner; Customer account groups; Billing integration; Incoming payment; Credit memo; Down payments; Clearing; Special G/L; Dunning; Customer aging; Bad debts

**Transaction codes:** F-37; F-29; F-39; FBKP (find the Fiori app for each in the apps reference library)

**Business process:** Order to Cash

**Environment:** SAP S/4HANA Training System

### Steps
- [ ] Post a down payment request, the down payment and its clearing
- [ ] Review special G/L indicators and alternative reconciliation accounts
- [ ] Study guarantees and bills of exchange concepts

### Acceptance criteria
- Down payment is reported separately from normal receivables
- Special G/L configuration is explained

**Evidence required:** Document numbers + screenshots

**Accounting impact:** For every posting, write the debit and credit lines and the effect on the financial statements.

**Troubleshooting:** Read the full message with its number. Record each error and its cause in the issue notes. If stuck for more than 30 minutes, set the status to Blocked and describe the blocker.

**Assessment:** Instructor checks the posted documents and the stated accounting impact. Type: Transaction execution.

### Completion criteria
- Every step is done and every acceptance criterion is demonstrated
- Required evidence is attached to the issue
- The accounting impact is written down where a posting was made
- Actual time is logged against the issue
- Instructor Review is Approved and the status is Completed

**Estimated time:** 3 h

**Next task:** CFG-008","Accounts Receivable","V07.0 Accounts Receivable","MOD-13","LAB-015","3","L3 - Intermediate","Transaction","SAP S/4HANA Training System","Document numbers + screenshots","F-37; F-29; F-39; FBKP","S/4HANA (ECC differences noted)","Same concept as ECC","Order to Cash","SD","Level 2 - SAP FI & CO Core","FI","Transaction execution","0","Pending"
"CFG-008","CFG-008","Configuration","Normal","[CFG-008] Configure dunning","**Objective:** Configure dunning

**Prerequisites:** FI-005

**Concepts:** Customer master / Business Partner; Customer account groups; Billing integration; Incoming payment; Credit memo; Down payments; Clearing; Special G/L; Dunning; Customer aging; Bad debts

**Transaction codes:** FBMP; OBAT (find the Fiori app for each in the apps reference library)

**Business process:** Order to Cash

**Environment:** SAP S/4HANA Training System

### Steps
- [ ] Define a dunning procedure with interval, levels, grace days and charges
- [ ] Assign texts
- [ ] Assign the procedure to customers

### Acceptance criteria
- Procedure exists with three levels and charges

**Evidence required:** Configuration document entry

**Accounting impact:** For every posting, write the debit and credit lines and the effect on the financial statements.

**Troubleshooting:** Read the full message with its number. Record each error and its cause in the issue notes. If stuck for more than 30 minutes, set the status to Blocked and describe the blocker.

**Documentation:** Add the setting, its values and the business reason to your configuration document.

**Assessment:** Instructor checks the setting, its test posting and the documented business reason. Type: Configuration.

### Completion criteria
- Every step is done and every acceptance criterion is demonstrated
- Required evidence is attached to the issue
- The accounting impact is written down where a posting was made
- Actual time is logged against the issue
- Instructor Review is Approved and the status is Completed

**Estimated time:** 3 h

**Next task:** LAB-016","Accounts Receivable","V07.0 Accounts Receivable","MOD-13","FI-005","3","L3 - Intermediate","Configuration","SAP S/4HANA Training System","Configuration document entry","FBMP; OBAT","S/4HANA (ECC differences noted)","Same concept as ECC","Order to Cash","SD","Level 2 - SAP FI & CO Core","FI","Configuration","0","Pending"
"LAB-016","LAB-016","Lab","Normal","[LAB-016] Run dunning","**Objective:** Run dunning

**Prerequisites:** CFG-008

**Concepts:** Customer master / Business Partner; Customer account groups; Billing integration; Incoming payment; Credit memo; Down payments; Clearing; Special G/L; Dunning; Customer aging; Bad debts

**Transaction codes:** F150 (find the Fiori app for each in the apps reference library)

**Business process:** Order to Cash

**Environment:** SAP S/4HANA Training System

### Steps
- [ ] Create overdue items
- [ ] Run the dunning proposal and review it
- [ ] Print notices
- [ ] Check the dunning level on items and in the master

### Acceptance criteria
- Notices are produced at the expected levels
- Master shows last dunning date

**Evidence required:** Document numbers + screenshots

**Accounting impact:** For every posting, write the debit and credit lines and the effect on the financial statements.

**Troubleshooting:** Read the full message with its number. Record each error and its cause in the issue notes. If stuck for more than 30 minutes, set the status to Blocked and describe the blocker.

**Assessment:** Instructor verifies the acceptance criteria from the evidence and may ask for a live demonstration. Type: Transaction execution.

### Completion criteria
- Every step is done and every acceptance criterion is demonstrated
- Required evidence is attached to the issue
- The accounting impact is written down where a posting was made
- Actual time is logged against the issue
- Instructor Review is Approved and the status is Completed

**Estimated time:** 2 h

**Next task:** FI-006","Accounts Receivable","V07.0 Accounts Receivable","MOD-13","CFG-008","2","L3 - Intermediate","Guided Lab","SAP S/4HANA Training System","Document numbers + screenshots","F150","S/4HANA (ECC differences noted)","Same concept as ECC","Order to Cash","SD","Level 2 - SAP FI & CO Core","FI","Transaction execution","0","Pending"
"FI-006","FI-006","FI","Normal","[FI-006] Bad debts and customer account analysis","**Objective:** Bad debts and customer account analysis

**Prerequisites:** LAB-016

**Concepts:** Customer master / Business Partner; Customer account groups; Billing integration; Incoming payment; Credit memo; Down payments; Clearing; Special G/L; Dunning; Customer aging; Bad debts

**Transaction codes:** FBL5N; FD11; S_ALR_87012168 (find the Fiori app for each in the apps reference library)

**Business process:** Order to Cash

**Environment:** SAP S/4HANA Training System

### Steps
- [ ] Write off an irrecoverable item
- [ ] Post a provision
- [ ] Analyse a customer account
- [ ] Produce the aging report

### Acceptance criteria
- Write-off and provision post to the correct accounts
- Aging is correct

**Evidence required:** Document numbers + screenshots

**Accounting impact:** For every posting, write the debit and credit lines and the effect on the financial statements.

**Troubleshooting:** Read the full message with its number. Record each error and its cause in the issue notes. If stuck for more than 30 minutes, set the status to Blocked and describe the blocker.

**Assessment:** Instructor checks the posted documents and the stated accounting impact. Type: Transaction execution.

### Completion criteria
- Every step is done and every acceptance criterion is demonstrated
- Required evidence is attached to the issue
- The accounting impact is written down where a posting was made
- Actual time is logged against the issue
- Instructor Review is Approved and the status is Completed

**Estimated time:** 2 h

**Next task:** TSH-009","Accounts Receivable","V07.0 Accounts Receivable","MOD-13","LAB-016","2","L3 - Intermediate","Transaction","SAP S/4HANA Training System","Document numbers + screenshots","FBL5N; FD11; S_ALR_87012168","S/4HANA (ECC differences noted)","Same concept as ECC","Order to Cash","SD","Level 2 - SAP FI & CO Core","FI","Transaction execution","0","Pending"
"TSH-009","TSH-009","Troubleshooting","Normal","[TSH-009] Scenario 09: customer payment cannot be cleared","**Objective:** Scenario 09: customer payment cannot be cleared

**Prerequisites:** FI-006

**Concepts:** Customer master / Business Partner; Customer account groups; Billing integration; Incoming payment; Credit memo; Down payments; Clearing; Special G/L; Dunning; Customer aging; Bad debts

**Transaction codes:** BP; FB70; FB75; F-28; F-29; F-39; F-32; FBL5N; FD10N; F150; FBMP (find the Fiori app for each in the apps reference library)

**Business process:** Order to Cash

**Environment:** SAP S/4HANA Training System

### Steps
- [ ] Reproduce the error in the training client (instructor-prepared)
- [ ] Record the exact message number and text, and the business impact
- [ ] Check amount difference against tolerance
- [ ] Check currency and reason codes
- [ ] Clear with residual or adjust tolerance
- [ ] Apply the fix
- [ ] Re-run the original transaction to validate
- [ ] Write the eight-section report: problem, business impact, evidence, root cause, configuration, fix, validation, prevention

### Acceptance criteria
- The original transaction now works
- Root cause is shown in configuration or master data
- Report has all eight sections

**Evidence required:** Root cause report

**Accounting impact:** For every posting, write the debit and credit lines and the effect on the financial statements.

**Assessment:** Instructor grades the eight-section report. Type: Troubleshooting.

### Completion criteria
- Every step is done and every acceptance criterion is demonstrated
- Required evidence is attached to the issue
- The accounting impact is written down where a posting was made
- Actual time is logged against the issue
- Instructor Review is Approved and the status is Completed

**Estimated time:** 1 h

**Next task:** TSH-010","Accounts Receivable","V07.0 Accounts Receivable","MOD-13","FI-006","1","L3 - Intermediate","Troubleshooting","SAP S/4HANA Training System","Root cause report","BP; FB70; FB75; F-28; F-29; F-39; F-32; FBL5N; FD10N; F150; FBMP","S/4HANA (ECC differences noted)","Same concept as ECC","Order to Cash","SD","Level 2 - SAP FI & CO Core","FI","Troubleshooting","0","Pending"
"TSH-010","TSH-010","Troubleshooting","Normal","[TSH-010] Scenario 10: dunning run selects nothing","**Objective:** Scenario 10: dunning run selects nothing

**Prerequisites:** TSH-009

**Concepts:** Customer master / Business Partner; Customer account groups; Billing integration; Incoming payment; Credit memo; Down payments; Clearing; Special G/L; Dunning; Customer aging; Bad debts

**Transaction codes:** BP; FB70; FB75; F-28; F-29; F-39; F-32; FBL5N; FD10N; F150; FBMP (find the Fiori app for each in the apps reference library)

**Business process:** Order to Cash

**Environment:** SAP S/4HANA Training System

### Steps
- [ ] Reproduce the error in the training client (instructor-prepared)
- [ ] Record the exact message number and text, and the business impact
- [ ] Check procedure in the master, dunning block, interval and overdue days
- [ ] Apply the fix
- [ ] Re-run the original transaction to validate
- [ ] Write the eight-section report: problem, business impact, evidence, root cause, configuration, fix, validation, prevention

### Acceptance criteria
- The original transaction now works
- Root cause is shown in configuration or master data
- Report has all eight sections

**Evidence required:** Root cause report

**Accounting impact:** For every posting, write the debit and credit lines and the effect on the financial statements.

**Assessment:** Instructor grades the eight-section report. Type: Troubleshooting.

### Completion criteria
- Every step is done and every acceptance criterion is demonstrated
- Required evidence is attached to the issue
- The accounting impact is written down where a posting was made
- Actual time is logged against the issue
- Instructor Review is Approved and the status is Completed

**Estimated time:** 1 h

**Next task:** ASM-007","Accounts Receivable","V07.0 Accounts Receivable","MOD-13","TSH-009","1","L3 - Intermediate","Troubleshooting","SAP S/4HANA Training System","Root cause report","BP; FB70; FB75; F-28; F-29; F-39; F-32; FBL5N; FD10N; F150; FBMP","S/4HANA (ECC differences noted)","Same concept as ECC","Order to Cash","SD","Level 2 - SAP FI & CO Core","FI","Troubleshooting","0","Pending"
"ASM-007","ASM-007","Assessment","High","[ASM-007] Phase 07 assessment: accounts receivable","**Objective:** Phase 07 assessment: accounts receivable

**Prerequisites:** TSH-010

**Concepts:** Customer master / Business Partner; Customer account groups; Billing integration; Incoming payment; Credit memo; Down payments; Clearing; Special G/L; Dunning; Customer aging; Bad debts

**Business process:** Order to Cash

**Environment:** SAP S/4HANA Training System

### Steps
- [ ] Execute a receivables task sheet and explain the accounting impact

### Acceptance criteria
- Score of 70 or higher

**Evidence required:** Scored result

**Accounting impact:** For every posting, write the debit and credit lines and the effect on the financial statements.

**Troubleshooting:** Read the full message with its number. Record each error and its cause in the issue notes. If stuck for more than 30 minutes, set the status to Blocked and describe the blocker.

**Assessment:** Scored 0-100. Pass mark 70. Type: Business process.

### Completion criteria
- Every step is done and every acceptance criterion is demonstrated
- Required evidence is attached to the issue
- The accounting impact is written down where a posting was made
- Actual time is logged against the issue
- Instructor Review is Approved and the status is Completed

**Estimated time:** 2 h

**Next task:** Last task of this module","Accounts Receivable","V07.0 Accounts Receivable","MOD-13","TSH-010","2","L3 - Intermediate","Assessment","SAP S/4HANA Training System","Scored result","","S/4HANA (ECC differences noted)","Same concept as ECC","Order to Cash","SD","Level 2 - SAP FI & CO Core","FI","Business process","0","Pending"
"REVIEW-07","REVIEW-07","Review","High","[REVIEW-07] Phase 07 gate review","**Objective:** Confirm that phase 07 (Accounts Receivable) is complete.

### Checklist
- [ ] Every issue of the phase is Completed
- [ ] Evidence is attached to every issue
- [ ] Time is logged
- [ ] Assessment score is 70 or higher
- [ ] Configuration document is up to date

**Assessment:** Instructor confirms the checklist and records the gate decision.

**Estimated time:** 1 h","","V07.0 Accounts Receivable","PHASE-07","ASM-007","1","","Review","","Instructor sign-off","","","","","","","","Review","0","Pending"
"PHASE-08","PHASE-08","Phase","Normal","[PHASE-08] Bank Accounting","Phase 08 of 30. Version: V08.0 Bank Accounting.

Modules: 2. Estimated hours: 33.

- MOD-14 Bank Accounting
- MOD-15 Automatic Payment Program

The phase closes with the gate review REVIEW-08.","","V08.0 Bank Accounting","EPIC","","","","","","","","","","","","","","","",""
"MOD-14","MOD-14","Module","Normal","[MOD-14] Bank Accounting","**Topics:** Bank master; House bank; Bank account; Bank GL; Incoming payments; Outgoing payments; Bank reconciliation; Electronic bank statements; Payment methods; Bank clearing

**Transaction codes:** FI01; FI12; FF67; FF_5; FEBAN; F-03; FBZP; F110

**Environment:** SAP S/4HANA Training System

**Tasks:** 5, 15 estimated hours.

- THY-020 Bank master, house bank and bank clearing accounts
- CFG-009 House bank and bank G/L accounts
- LAB-017 Bank Reconciliation
- THY-021 Electronic bank statement processing
- LAB-018 Electronic bank statement upload and post-processing","Bank Accounting","V08.0 Bank Accounting","PHASE-08","","","","","SAP S/4HANA Training System","","FI01; FI12; FF67; FF_5; FEBAN; F-03; FBZP; F110","S/4HANA (ECC differences noted)","Same concept as ECC","Record to Report","Bank","Level 2 - SAP FI & CO Core","FI","","",""
"THY-020","THY-020","Theory","Normal","[THY-020] Bank master, house bank and bank clearing accounts","**Objective:** Bank master, house bank and bank clearing accounts

**Prerequisites:** ASM-006, ASM-007

**Concepts:** Bank master; House bank; Bank account; Bank GL; Incoming payments; Outgoing payments; Bank reconciliation; Electronic bank statements; Payment methods; Bank clearing

**Business process:** Record to Report

**Environment:** SAP S/4HANA Training System

### Steps
- [ ] Study bank key, house bank and account ID
- [ ] Study the main bank account and clearing accounts for incoming and outgoing payments
- [ ] Study how bank account management changed in S/4HANA

### Acceptance criteria
- Draws the flow from payment to clearing account to main bank account

**Evidence required:** Notes

**Accounting impact:** For every posting, write the debit and credit lines and the effect on the financial statements.

**Assessment:** Instructor checks the notes and asks short oral questions. Type: Short answer.

### Completion criteria
- Every step is done and every acceptance criterion is demonstrated
- Required evidence is attached to the issue
- The accounting impact is written down where a posting was made
- Actual time is logged against the issue
- Instructor Review is Approved and the status is Completed

**Estimated time:** 3 h

**Next task:** CFG-009","Bank Accounting","V08.0 Bank Accounting","MOD-14","ASM-006, ASM-007","3","L3 - Intermediate","Theory","SAP S/4HANA Training System","Notes","","S/4HANA (ECC differences noted)","Same concept as ECC","Record to Report","Bank","Level 2 - SAP FI & CO Core","FI","Short answer","0","Pending"
"CFG-009","CFG-009","Configuration","Normal","[CFG-009] House bank and bank G/L accounts","**Objective:** House bank and bank G/L accounts

**Prerequisites:** THY-020

**Concepts:** Bank master; House bank; Bank account; Bank GL; Incoming payments; Outgoing payments; Bank reconciliation; Electronic bank statements; Payment methods; Bank clearing

**Transaction codes:** FI01; FI12; FS00 (find the Fiori app for each in the apps reference library)

**Business process:** Record to Report

**Environment:** SAP S/4HANA Training System

### Steps
- [ ] Create the bank master
- [ ] Create the house bank and account by the method of your release
- [ ] Create main and clearing G/L accounts
- [ ] Link them

### Acceptance criteria
- House bank and accounts exist and are linked to G/L accounts

**Evidence required:** Configuration document entry

**Accounting impact:** For every posting, write the debit and credit lines and the effect on the financial statements.

**Troubleshooting:** Read the full message with its number. Record each error and its cause in the issue notes. If stuck for more than 30 minutes, set the status to Blocked and describe the blocker.

**Documentation:** Add the setting, its values and the business reason to your configuration document.

**Assessment:** Instructor checks the setting, its test posting and the documented business reason. Type: Configuration.

### Completion criteria
- Every step is done and every acceptance criterion is demonstrated
- Required evidence is attached to the issue
- The accounting impact is written down where a posting was made
- Actual time is logged against the issue
- Instructor Review is Approved and the status is Completed

**Estimated time:** 3 h

**Next task:** LAB-017","Bank Accounting","V08.0 Bank Accounting","MOD-14","THY-020","3","L3 - Intermediate","Configuration","SAP S/4HANA Training System","Configuration document entry","FI01; FI12; FS00","S/4HANA (ECC differences noted)","Same concept as ECC","Record to Report","Bank","Level 2 - SAP FI & CO Core","FI","Configuration","0","Pending"
"LAB-017","LAB-017","Lab","Normal","[LAB-017] Bank Reconciliation","**Objective:** Bank Reconciliation

**Prerequisites:** CFG-009

**Concepts:** Bank master; House bank; Bank account; Bank GL; Incoming payments; Outgoing payments; Bank reconciliation; Electronic bank statements; Payment methods; Bank clearing

**Transaction codes:** FF67; F-03; FBL3N (find the Fiori app for each in the apps reference library)

**Business process:** Record to Report

**Environment:** SAP S/4HANA Training System

### Steps
- [ ] Post a month of payments through clearing accounts
- [ ] Enter a manual bank statement
- [ ] Post it
- [ ] Clear the clearing accounts
- [ ] Prepare the reconciliation between bank and books

### Acceptance criteria
- Clearing accounts are cleared
- Reconciliation statement explains every difference

**Evidence required:** Document numbers + screenshots

**Accounting impact:** For every posting, write the debit and credit lines and the effect on the financial statements.

**Troubleshooting:** Read the full message with its number. Record each error and its cause in the issue notes. If stuck for more than 30 minutes, set the status to Blocked and describe the blocker.

**Assessment:** Instructor verifies the acceptance criteria from the evidence and may ask for a live demonstration. Type: Transaction execution.

### Completion criteria
- Every step is done and every acceptance criterion is demonstrated
- Required evidence is attached to the issue
- The accounting impact is written down where a posting was made
- Actual time is logged against the issue
- Instructor Review is Approved and the status is Completed

**Estimated time:** 4 h

**Next task:** THY-021","Bank Accounting","V08.0 Bank Accounting","MOD-14","CFG-009","4","L3 - Intermediate","Guided Lab","SAP S/4HANA Training System","Document numbers + screenshots","FF67; F-03; FBL3N","S/4HANA (ECC differences noted)","Same concept as ECC","Record to Report","Bank","Level 2 - SAP FI & CO Core","FI","Transaction execution","0","Pending"
"THY-021","THY-021","Theory","Normal","[THY-021] Electronic bank statement processing","**Objective:** Electronic bank statement processing

**Prerequisites:** LAB-017

**Concepts:** Bank master; House bank; Bank account; Bank GL; Incoming payments; Outgoing payments; Bank reconciliation; Electronic bank statements; Payment methods; Bank clearing

**Business process:** Record to Report

**Environment:** SAP S/4HANA Training System

### Steps
- [ ] Study statement formats, external transaction types, posting rules and search strings
- [ ] Study post-processing

### Acceptance criteria
- Explains how a statement line becomes a posting

**Evidence required:** Notes

**Accounting impact:** For every posting, write the debit and credit lines and the effect on the financial statements.

**Assessment:** Instructor checks the notes and asks short oral questions. Type: Short answer.

### Completion criteria
- Every step is done and every acceptance criterion is demonstrated
- Required evidence is attached to the issue
- The accounting impact is written down where a posting was made
- Actual time is logged against the issue
- Instructor Review is Approved and the status is Completed

**Estimated time:** 2 h

**Next task:** LAB-018","Bank Accounting","V08.0 Bank Accounting","MOD-14","LAB-017","2","L3 - Intermediate","Theory","SAP S/4HANA Training System","Notes","","S/4HANA (ECC differences noted)","Same concept as ECC","Record to Report","Bank","Level 2 - SAP FI & CO Core","FI","Short answer","0","Pending"
"LAB-018","LAB-018","Lab","Normal","[LAB-018] Electronic bank statement upload and post-processing","**Objective:** Electronic bank statement upload and post-processing

**Prerequisites:** THY-021

**Concepts:** Bank master; House bank; Bank account; Bank GL; Incoming payments; Outgoing payments; Bank reconciliation; Electronic bank statements; Payment methods; Bank clearing

**Transaction codes:** FF_5; FEBAN (find the Fiori app for each in the apps reference library)

**Business process:** Record to Report

**Environment:** SAP S/4HANA Training System

### Steps
- [ ] Review the configuration of posting rules
- [ ] Upload the instructor statement file
- [ ] Post-process unposted lines

### Acceptance criteria
- Statement is posted
- Unmatched lines are resolved

**Evidence required:** Document numbers + screenshots

**Accounting impact:** For every posting, write the debit and credit lines and the effect on the financial statements.

**Troubleshooting:** Read the full message with its number. Record each error and its cause in the issue notes. If stuck for more than 30 minutes, set the status to Blocked and describe the blocker.

**Assessment:** Instructor verifies the acceptance criteria from the evidence and may ask for a live demonstration. Type: Transaction execution.

### Completion criteria
- Every step is done and every acceptance criterion is demonstrated
- Required evidence is attached to the issue
- The accounting impact is written down where a posting was made
- Actual time is logged against the issue
- Instructor Review is Approved and the status is Completed

**Estimated time:** 3 h

**Next task:** Last task of this module","Bank Accounting","V08.0 Bank Accounting","MOD-14","THY-021","3","L3 - Intermediate","Guided Lab","SAP S/4HANA Training System","Document numbers + screenshots","FF_5; FEBAN","S/4HANA (ECC differences noted)","Same concept as ECC","Record to Report","Bank","Level 2 - SAP FI & CO Core","FI","Transaction execution","0","Pending"
"MOD-15","MOD-15","Module","Normal","[MOD-15] Automatic Payment Program","**Topics:** Payment methods; Payment terms; Due dates; Payment proposal; Payment run; Exceptions; Payment medium; Bank integration

**Transaction codes:** FBZP; F110; FCHN

**Environment:** SAP S/4HANA Training System

**Tasks:** 7, 17 estimated hours.

- CFG-010 Configure the payment program
- LAB-019 Automatic Payment
- BP-002 Payment cycle: invoice to bank statement
- TSH-011 Scenario 11: automatic payment failure, no valid payment method
- TSH-012 Scenario 12: items missing from the payment proposal
- TSH-013 Scenario 13: bank statement lines not posted
- ASM-008 Phase 08 assessment: bank accounting","Bank Accounting","V08.0 Bank Accounting","PHASE-08","","","","","SAP S/4HANA Training System","","FBZP; F110; FCHN","S/4HANA (ECC differences noted)","Same concept as ECC","Procure to Pay","Bank","Level 2 - SAP FI & CO Core","FI","","",""
"CFG-010","CFG-010","Configuration","Normal","[CFG-010] Configure the payment program","**Objective:** Configure the payment program

**Prerequisites:** LAB-018

**Concepts:** Payment methods; Payment terms; Due dates; Payment proposal; Payment run; Exceptions; Payment medium; Bank integration

**Transaction codes:** FBZP (find the Fiori app for each in the apps reference library)

**Business process:** Procure to Pay

**Environment:** SAP S/4HANA Training System

### Steps
- [ ] Set up paying company code, payment methods per country and per company code, bank determination with ranking, amounts and value dates
- [ ] Explain the business reason of each step

### Acceptance criteria
- Configuration is complete for transfer and cheque
- Each step has a documented reason

**Evidence required:** Configuration document entry

**Accounting impact:** For every posting, write the debit and credit lines and the effect on the financial statements.

**Troubleshooting:** Read the full message with its number. Record each error and its cause in the issue notes. If stuck for more than 30 minutes, set the status to Blocked and describe the blocker.

**Documentation:** Add the setting, its values and the business reason to your configuration document.

**Assessment:** Instructor checks the setting, its test posting and the documented business reason. Type: Configuration.

### Completion criteria
- Every step is done and every acceptance criterion is demonstrated
- Required evidence is attached to the issue
- The accounting impact is written down where a posting was made
- Actual time is logged against the issue
- Instructor Review is Approved and the status is Completed

**Estimated time:** 4 h

**Next task:** LAB-019","Bank Accounting","V08.0 Bank Accounting","MOD-15","LAB-018","4","L4 - Advanced","Configuration","SAP S/4HANA Training System","Configuration document entry","FBZP","S/4HANA (ECC differences noted)","Same concept as ECC","Procure to Pay","Bank","Level 2 - SAP FI & CO Core","FI","Configuration","0","Pending"
"LAB-019","LAB-019","Lab","Normal","[LAB-019] Automatic Payment","**Objective:** Automatic Payment

**Prerequisites:** CFG-010

**Concepts:** Payment methods; Payment terms; Due dates; Payment proposal; Payment run; Exceptions; Payment medium; Bank integration

**Transaction codes:** F110 (find the Fiori app for each in the apps reference library)

**Business process:** Procure to Pay

**Environment:** SAP S/4HANA Training System

### Steps
- [ ] Enter parameters
- [ ] Run and review the proposal
- [ ] Edit the proposal and analyse exceptions from the log
- [ ] Execute the payment run
- [ ] Create the payment medium
- [ ] Check the accounting documents

### Acceptance criteria
- Due items are paid
- Exceptions are explained from the log
- Payment documents clear the invoices

**Evidence required:** Document numbers + screenshots

**Accounting impact:** For every posting, write the debit and credit lines and the effect on the financial statements.

**Troubleshooting:** Read the full message with its number. Record each error and its cause in the issue notes. If stuck for more than 30 minutes, set the status to Blocked and describe the blocker.

**Assessment:** Instructor verifies the acceptance criteria from the evidence and may ask for a live demonstration. Type: Transaction execution.

### Completion criteria
- Every step is done and every acceptance criterion is demonstrated
- Required evidence is attached to the issue
- The accounting impact is written down where a posting was made
- Actual time is logged against the issue
- Instructor Review is Approved and the status is Completed

**Estimated time:** 4 h

**Next task:** BP-002","Bank Accounting","V08.0 Bank Accounting","MOD-15","CFG-010","4","L4 - Advanced","Guided Lab","SAP S/4HANA Training System","Document numbers + screenshots","F110","S/4HANA (ECC differences noted)","Same concept as ECC","Procure to Pay","Bank","Level 2 - SAP FI & CO Core","FI","Transaction execution","0","Pending"
"BP-002","BP-002","Business Process","Normal","[BP-002] Payment cycle: invoice to bank statement","**Objective:** Payment cycle: invoice to bank statement

**Prerequisites:** LAB-019

**Concepts:** Payment methods; Payment terms; Due dates; Payment proposal; Payment run; Exceptions; Payment medium; Bank integration

**Transaction codes:** FB60; F110; FF67 (find the Fiori app for each in the apps reference library)

**Business process:** Procure to Pay

**Environment:** SAP S/4HANA Training System

### Steps
- [ ] Run the cycle from invoices through payment run to bank statement clearing for ten suppliers including one blocked and one with a missing bank

### Acceptance criteria
- Paid items clear end to end
- The two exceptions are handled correctly

**Evidence required:** Process document + document numbers

**Accounting impact:** For every posting, write the debit and credit lines and the effect on the financial statements.

**Troubleshooting:** Read the full message with its number. Record each error and its cause in the issue notes. If stuck for more than 30 minutes, set the status to Blocked and describe the blocker.

**Assessment:** Instructor checks the process end to end from the document numbers. Type: Business process.

### Completion criteria
- Every step is done and every acceptance criterion is demonstrated
- Required evidence is attached to the issue
- The accounting impact is written down where a posting was made
- Actual time is logged against the issue
- Instructor Review is Approved and the status is Completed

**Estimated time:** 3 h

**Next task:** TSH-011","Bank Accounting","V08.0 Bank Accounting","MOD-15","LAB-019","3","L4 - Advanced","Business Process","SAP S/4HANA Training System","Process document + document numbers","FB60; F110; FF67","S/4HANA (ECC differences noted)","Same concept as ECC","Procure to Pay","Bank","Level 2 - SAP FI & CO Core","FI","Business process","0","Pending"
"TSH-011","TSH-011","Troubleshooting","Normal","[TSH-011] Scenario 11: automatic payment failure, no valid payment method","**Objective:** Scenario 11: automatic payment failure, no valid payment method

**Prerequisites:** BP-002

**Concepts:** Payment methods; Payment terms; Due dates; Payment proposal; Payment run; Exceptions; Payment medium; Bank integration

**Transaction codes:** FBZP; F110; FCHN (find the Fiori app for each in the apps reference library)

**Business process:** Procure to Pay

**Environment:** SAP S/4HANA Training System

### Steps
- [ ] Reproduce the error in the training client (instructor-prepared)
- [ ] Record the exact message number and text, and the business impact
- [ ] Read the proposal log
- [ ] Check method in master and document, bank determination and available amounts
- [ ] Apply the fix
- [ ] Re-run the original transaction to validate
- [ ] Write the eight-section report: problem, business impact, evidence, root cause, configuration, fix, validation, prevention

### Acceptance criteria
- The original transaction now works
- Root cause is shown in configuration or master data
- Report has all eight sections

**Evidence required:** Root cause report

**Accounting impact:** For every posting, write the debit and credit lines and the effect on the financial statements.

**Assessment:** Instructor grades the eight-section report. Type: Troubleshooting.

### Completion criteria
- Every step is done and every acceptance criterion is demonstrated
- Required evidence is attached to the issue
- The accounting impact is written down where a posting was made
- Actual time is logged against the issue
- Instructor Review is Approved and the status is Completed

**Estimated time:** 2 h

**Next task:** TSH-012","Bank Accounting","V08.0 Bank Accounting","MOD-15","BP-002","2","L4 - Advanced","Troubleshooting","SAP S/4HANA Training System","Root cause report","FBZP; F110; FCHN","S/4HANA (ECC differences noted)","Same concept as ECC","Procure to Pay","Bank","Level 2 - SAP FI & CO Core","FI","Troubleshooting","0","Pending"
"TSH-012","TSH-012","Troubleshooting","Normal","[TSH-012] Scenario 12: items missing from the payment proposal","**Objective:** Scenario 12: items missing from the payment proposal

**Prerequisites:** TSH-011

**Concepts:** Payment methods; Payment terms; Due dates; Payment proposal; Payment run; Exceptions; Payment medium; Bank integration

**Transaction codes:** FBZP; F110; FCHN (find the Fiori app for each in the apps reference library)

**Business process:** Procure to Pay

**Environment:** SAP S/4HANA Training System

### Steps
- [ ] Reproduce the error in the training client (instructor-prepared)
- [ ] Record the exact message number and text, and the business impact
- [ ] Check due date against next run date, payment block and parameters
- [ ] Apply the fix
- [ ] Re-run the original transaction to validate
- [ ] Write the eight-section report: problem, business impact, evidence, root cause, configuration, fix, validation, prevention

### Acceptance criteria
- The original transaction now works
- Root cause is shown in configuration or master data
- Report has all eight sections

**Evidence required:** Root cause report

**Accounting impact:** For every posting, write the debit and credit lines and the effect on the financial statements.

**Assessment:** Instructor grades the eight-section report. Type: Troubleshooting.

### Completion criteria
- Every step is done and every acceptance criterion is demonstrated
- Required evidence is attached to the issue
- The accounting impact is written down where a posting was made
- Actual time is logged against the issue
- Instructor Review is Approved and the status is Completed

**Estimated time:** 1 h

**Next task:** TSH-013","Bank Accounting","V08.0 Bank Accounting","MOD-15","TSH-011","1","L4 - Advanced","Troubleshooting","SAP S/4HANA Training System","Root cause report","FBZP; F110; FCHN","S/4HANA (ECC differences noted)","Same concept as ECC","Procure to Pay","Bank","Level 2 - SAP FI & CO Core","FI","Troubleshooting","0","Pending"
"TSH-013","TSH-013","Troubleshooting","Normal","[TSH-013] Scenario 13: bank statement lines not posted","**Objective:** Scenario 13: bank statement lines not posted

**Prerequisites:** TSH-012

**Concepts:** Payment methods; Payment terms; Due dates; Payment proposal; Payment run; Exceptions; Payment medium; Bank integration

**Transaction codes:** FBZP; F110; FCHN (find the Fiori app for each in the apps reference library)

**Business process:** Procure to Pay

**Environment:** SAP S/4HANA Training System

### Steps
- [ ] Reproduce the error in the training client (instructor-prepared)
- [ ] Record the exact message number and text, and the business impact
- [ ] Check external transaction type mapping and posting rule
- [ ] Post-process
- [ ] Apply the fix
- [ ] Re-run the original transaction to validate
- [ ] Write the eight-section report: problem, business impact, evidence, root cause, configuration, fix, validation, prevention

### Acceptance criteria
- The original transaction now works
- Root cause is shown in configuration or master data
- Report has all eight sections

**Evidence required:** Root cause report

**Accounting impact:** For every posting, write the debit and credit lines and the effect on the financial statements.

**Assessment:** Instructor grades the eight-section report. Type: Troubleshooting.

### Completion criteria
- Every step is done and every acceptance criterion is demonstrated
- Required evidence is attached to the issue
- The accounting impact is written down where a posting was made
- Actual time is logged against the issue
- Instructor Review is Approved and the status is Completed

**Estimated time:** 1 h

**Next task:** ASM-008","Bank Accounting","V08.0 Bank Accounting","MOD-15","TSH-012","1","L4 - Advanced","Troubleshooting","SAP S/4HANA Training System","Root cause report","FBZP; F110; FCHN","S/4HANA (ECC differences noted)","Same concept as ECC","Procure to Pay","Bank","Level 2 - SAP FI & CO Core","FI","Troubleshooting","0","Pending"
"ASM-008","ASM-008","Assessment","High","[ASM-008] Phase 08 assessment: bank accounting","**Objective:** Phase 08 assessment: bank accounting

**Prerequisites:** TSH-013

**Concepts:** Payment methods; Payment terms; Due dates; Payment proposal; Payment run; Exceptions; Payment medium; Bank integration

**Business process:** Procure to Pay

**Environment:** SAP S/4HANA Training System

### Steps
- [ ] Configure a payment method and run a payment and statement cycle

### Acceptance criteria
- Score of 70 or higher

**Evidence required:** Scored result

**Accounting impact:** For every posting, write the debit and credit lines and the effect on the financial statements.

**Troubleshooting:** Read the full message with its number. Record each error and its cause in the issue notes. If stuck for more than 30 minutes, set the status to Blocked and describe the blocker.

**Assessment:** Scored 0-100. Pass mark 70. Type: Configuration + business process.

### Completion criteria
- Every step is done and every acceptance criterion is demonstrated
- Required evidence is attached to the issue
- The accounting impact is written down where a posting was made
- Actual time is logged against the issue
- Instructor Review is Approved and the status is Completed

**Estimated time:** 2 h

**Next task:** Last task of this module","Bank Accounting","V08.0 Bank Accounting","MOD-15","TSH-013","2","L4 - Advanced","Assessment","SAP S/4HANA Training System","Scored result","","S/4HANA (ECC differences noted)","Same concept as ECC","Procure to Pay","Bank","Level 2 - SAP FI & CO Core","FI","Configuration + business process","0","Pending"
"REVIEW-08","REVIEW-08","Review","High","[REVIEW-08] Phase 08 gate review","**Objective:** Confirm that phase 08 (Bank Accounting) is complete.

### Checklist
- [ ] Every issue of the phase is Completed
- [ ] Evidence is attached to every issue
- [ ] Time is logged
- [ ] Assessment score is 70 or higher
- [ ] Configuration document is up to date

**Assessment:** Instructor confirms the checklist and records the gate decision.

**Estimated time:** 1 h","","V08.0 Bank Accounting","PHASE-08","LAB-018, ASM-008","1","","Review","","Instructor sign-off","","","","","","","","Review","0","Pending"
"PHASE-09","PHASE-09","Phase","Normal","[PHASE-09] Asset Accounting","Phase 09 of 30. Version: V09.0 Asset Accounting.

Modules: 2. Estimated hours: 36.

- MOD-16 Asset Accounting Configuration
- MOD-17 Asset Transactions

The phase closes with the gate review REVIEW-09.","","V09.0 Asset Accounting","EPIC","","","","","","","","","","","","","","","",""
"MOD-16","MOD-16","Module","Normal","[MOD-16] Asset Accounting Configuration","**Topics:** Asset classes; Number ranges; Account determination; Depreciation areas; Depreciation keys; Useful life; Straight-line depreciation; Declining balance concepts; Book depreciation; Tax depreciation concepts; Parallel depreciation

**Transaction codes:** EC08; OAOB; OAOA; AO90; AS08; OADB; AFAMA; OAYZ

**Environment:** SAP S/4HANA Training System

**Tasks:** 4, 13 estimated hours.

- THY-022 Asset accounting structure: chart of depreciation, areas and classes
- CFG-011 Chart of depreciation, depreciation areas and asset classes
- CFG-012 Account determination
- CFG-013 Depreciation keys and useful life","Asset Accounting","V09.0 Asset Accounting","PHASE-09","","","","","SAP S/4HANA Training System","","EC08; OAOB; OAOA; AO90; AS08; OADB; AFAMA; OAYZ","S/4HANA (ECC differences noted)","Changed in S/4HANA","Asset Lifecycle","AA","Level 2 - SAP FI & CO Core","FI","","",""
"THY-022","THY-022","Theory","Normal","[THY-022] Asset accounting structure: chart of depreciation, areas and classes","**Objective:** Asset accounting structure: chart of depreciation, areas and classes

**Prerequisites:** ASM-005

**Concepts:** Asset classes; Number ranges; Account determination; Depreciation areas; Depreciation keys; Useful life; Straight-line depreciation; Declining balance concepts; Book depreciation; Tax depreciation concepts; Parallel depreciation

**Business process:** Asset Lifecycle

**Environment:** SAP S/4HANA Training System

### Steps
- [ ] Study chart of depreciation and depreciation areas
- [ ] Study asset class, account determination and screen layout
- [ ] Study how asset accounting posts to the general ledger

### Acceptance criteria
- Explains what an asset class controls
- Explains book versus tax area

**Evidence required:** Notes

**Accounting impact:** For every posting, write the debit and credit lines and the effect on the financial statements.

**Assessment:** Instructor checks the notes and asks short oral questions. Type: Short answer.

### Completion criteria
- Every step is done and every acceptance criterion is demonstrated
- Required evidence is attached to the issue
- The accounting impact is written down where a posting was made
- Actual time is logged against the issue
- Instructor Review is Approved and the status is Completed

**Estimated time:** 3 h

**Next task:** CFG-011","Asset Accounting","V09.0 Asset Accounting","MOD-16","ASM-005","3","L4 - Advanced","Theory","SAP S/4HANA Training System","Notes","","S/4HANA (ECC differences noted)","Changed in S/4HANA","Asset Lifecycle","AA","Level 2 - SAP FI & CO Core","FI","Short answer","0","Pending"
"CFG-011","CFG-011","Configuration","Normal","[CFG-011] Chart of depreciation, depreciation areas and asset classes","**Objective:** Chart of depreciation, depreciation areas and asset classes

**Prerequisites:** THY-022

**Concepts:** Asset classes; Number ranges; Account determination; Depreciation areas; Depreciation keys; Useful life; Straight-line depreciation; Declining balance concepts; Book depreciation; Tax depreciation concepts; Parallel depreciation

**Transaction codes:** EC08; OAOB; OADB; OAOA; AS08 (find the Fiori app for each in the apps reference library)

**Business process:** Asset Lifecycle

**Environment:** SAP S/4HANA Training System

### Steps
- [ ] Copy a chart of depreciation and assign it to the company code
- [ ] Define depreciation areas and their posting
- [ ] Create asset classes for buildings, machinery, vehicles, IT and assets under construction with number ranges

### Acceptance criteria
- Asset classes exist with number ranges and layouts

**Evidence required:** Configuration document entry

**Accounting impact:** For every posting, write the debit and credit lines and the effect on the financial statements.

**Troubleshooting:** Read the full message with its number. Record each error and its cause in the issue notes. If stuck for more than 30 minutes, set the status to Blocked and describe the blocker.

**Documentation:** Add the setting, its values and the business reason to your configuration document.

**Assessment:** Instructor checks the setting, its test posting and the documented business reason. Type: Configuration.

### Completion criteria
- Every step is done and every acceptance criterion is demonstrated
- Required evidence is attached to the issue
- The accounting impact is written down where a posting was made
- Actual time is logged against the issue
- Instructor Review is Approved and the status is Completed

**Estimated time:** 4 h

**Next task:** CFG-012","Asset Accounting","V09.0 Asset Accounting","MOD-16","THY-022","4","L4 - Advanced","Configuration","SAP S/4HANA Training System","Configuration document entry","EC08; OAOB; OADB; OAOA; AS08","S/4HANA (ECC differences noted)","Changed in S/4HANA","Asset Lifecycle","AA","Level 2 - SAP FI & CO Core","FI","Configuration","0","Pending"
"CFG-012","CFG-012","Configuration","Normal","[CFG-012] Account determination","**Objective:** Account determination

**Prerequisites:** CFG-011

**Concepts:** Asset classes; Number ranges; Account determination; Depreciation areas; Depreciation keys; Useful life; Straight-line depreciation; Declining balance concepts; Book depreciation; Tax depreciation concepts; Parallel depreciation

**Transaction codes:** AO90 (find the Fiori app for each in the apps reference library)

**Business process:** Asset Lifecycle

**Environment:** SAP S/4HANA Training System

### Steps
- [ ] Assign acquisition, accumulated depreciation, depreciation expense, gain, loss and clearing accounts per account determination and area

### Acceptance criteria
- An acquisition and a depreciation run post to the intended accounts

**Evidence required:** Configuration document entry

**Accounting impact:** For every posting, write the debit and credit lines and the effect on the financial statements.

**Troubleshooting:** Read the full message with its number. Record each error and its cause in the issue notes. If stuck for more than 30 minutes, set the status to Blocked and describe the blocker.

**Documentation:** Add the setting, its values and the business reason to your configuration document.

**Assessment:** Instructor checks the setting, its test posting and the documented business reason. Type: Configuration.

### Completion criteria
- Every step is done and every acceptance criterion is demonstrated
- Required evidence is attached to the issue
- The accounting impact is written down where a posting was made
- Actual time is logged against the issue
- Instructor Review is Approved and the status is Completed

**Estimated time:** 3 h

**Next task:** CFG-013","Asset Accounting","V09.0 Asset Accounting","MOD-16","CFG-011","3","L4 - Advanced","Configuration","SAP S/4HANA Training System","Configuration document entry","AO90","S/4HANA (ECC differences noted)","Changed in S/4HANA","Asset Lifecycle","AA","Level 2 - SAP FI & CO Core","FI","Configuration","0","Pending"
"CFG-013","CFG-013","Configuration","Normal","[CFG-013] Depreciation keys and useful life","**Objective:** Depreciation keys and useful life

**Prerequisites:** CFG-012

**Concepts:** Asset classes; Number ranges; Account determination; Depreciation areas; Depreciation keys; Useful life; Straight-line depreciation; Declining balance concepts; Book depreciation; Tax depreciation concepts; Parallel depreciation

**Transaction codes:** AFAMA; OAYZ (find the Fiori app for each in the apps reference library)

**Business process:** Asset Lifecycle

**Environment:** SAP S/4HANA Training System

### Steps
- [ ] Review straight-line and declining-balance keys and their calculation methods
- [ ] Set default key and useful life per class and area
- [ ] Explain book, tax and parallel depreciation

### Acceptance criteria
- Planned depreciation of a test asset matches a manual calculation

**Evidence required:** Configuration document entry

**Accounting impact:** For every posting, write the debit and credit lines and the effect on the financial statements.

**Troubleshooting:** Read the full message with its number. Record each error and its cause in the issue notes. If stuck for more than 30 minutes, set the status to Blocked and describe the blocker.

**Documentation:** Add the setting, its values and the business reason to your configuration document.

**Assessment:** Instructor checks the setting, its test posting and the documented business reason. Type: Configuration.

### Completion criteria
- Every step is done and every acceptance criterion is demonstrated
- Required evidence is attached to the issue
- The accounting impact is written down where a posting was made
- Actual time is logged against the issue
- Instructor Review is Approved and the status is Completed

**Estimated time:** 3 h

**Next task:** Last task of this module","Asset Accounting","V09.0 Asset Accounting","MOD-16","CFG-012","3","L4 - Advanced","Configuration","SAP S/4HANA Training System","Configuration document entry","AFAMA; OAYZ","S/4HANA (ECC differences noted)","Changed in S/4HANA","Asset Lifecycle","AA","Level 2 - SAP FI & CO Core","FI","Configuration","0","Pending"
"MOD-17","MOD-17","Module","Normal","[MOD-17] Asset Transactions","**Topics:** Asset acquisition; Asset transfer; Asset retirement; Asset sale; Asset scrapping; AuC; Settlement; Depreciation

**Transaction codes:** AS01; F-90; ABZON; AW01N; AFAB; ABUMN; ABAVN; F-92; AIAB; AIBU; AR01

**Environment:** SAP S/4HANA Training System

**Tasks:** 9, 22 estimated hours.

- LAB-020 Asset Acquisition
- LAB-021 Asset Depreciation
- FI-007 Asset transfer and asset under construction with settlement
- LAB-022 Asset Retirement
- BP-003 Asset lifecycle: request to retirement
- TSH-014 Scenario 14: asset depreciation error in the run
- TSH-015 Scenario 15: asset posting goes to the wrong G/L account
- TSH-016 Scenario 16: asset subledger and G/L do not reconcile
- ASM-009 Phase 09 assessment: asset accounting","Asset Accounting","V09.0 Asset Accounting","PHASE-09","","","","","SAP S/4HANA Training System","","AS01; F-90; ABZON; AW01N; AFAB; ABUMN; ABAVN; F-92; AIAB; AIBU; AR01","S/4HANA (ECC differences noted)","Changed in S/4HANA","Asset Lifecycle","AA","Level 2 - SAP FI & CO Core","FI","","",""
"LAB-020","LAB-020","Lab","Normal","[LAB-020] Asset Acquisition","**Objective:** Asset Acquisition

**Prerequisites:** CFG-013, ASM-006

**Concepts:** Asset acquisition; Asset transfer; Asset retirement; Asset sale; Asset scrapping; AuC; Settlement; Depreciation

**Transaction codes:** AS01; F-90; ABZON; AW01N (find the Fiori app for each in the apps reference library)

**Business process:** Asset Lifecycle

**Environment:** SAP S/4HANA Training System

### Steps
- [ ] Create asset masters
- [ ] Acquire an asset from a supplier with F-90
- [ ] Acquire with a clearing account
- [ ] Display the asset explorer
- [ ] Write the accounting entries

### Acceptance criteria
- Asset values show acquisition
- Entries post to the determined accounts

**Evidence required:** Document numbers + screenshots

**Accounting impact:** For every posting, write the debit and credit lines and the effect on the financial statements.

**Troubleshooting:** Read the full message with its number. Record each error and its cause in the issue notes. If stuck for more than 30 minutes, set the status to Blocked and describe the blocker.

**Assessment:** Instructor verifies the acceptance criteria from the evidence and may ask for a live demonstration. Type: Transaction execution.

### Completion criteria
- Every step is done and every acceptance criterion is demonstrated
- Required evidence is attached to the issue
- The accounting impact is written down where a posting was made
- Actual time is logged against the issue
- Instructor Review is Approved and the status is Completed

**Estimated time:** 3 h

**Next task:** LAB-021","Asset Accounting","V09.0 Asset Accounting","MOD-17","CFG-013, ASM-006","3","L3 - Intermediate","Guided Lab","SAP S/4HANA Training System","Document numbers + screenshots","AS01; F-90; ABZON; AW01N","S/4HANA (ECC differences noted)","Changed in S/4HANA","Asset Lifecycle","AA","Level 2 - SAP FI & CO Core","FI","Transaction execution","0","Pending"
"LAB-021","LAB-021","Lab","Normal","[LAB-021] Asset Depreciation","**Objective:** Asset Depreciation

**Prerequisites:** LAB-020

**Concepts:** Asset acquisition; Asset transfer; Asset retirement; Asset sale; Asset scrapping; AuC; Settlement; Depreciation

**Transaction codes:** AFAB; AW01N (find the Fiori app for each in the apps reference library)

**Business process:** Asset Lifecycle

**Environment:** SAP S/4HANA Training System

### Steps
- [ ] Check planned values
- [ ] Run depreciation in test and then in update mode
- [ ] Review the log and the posted documents
- [ ] Repeat for the next period

### Acceptance criteria
- Posted depreciation equals planned values
- Documents are identified

**Evidence required:** Document numbers + screenshots

**Accounting impact:** For every posting, write the debit and credit lines and the effect on the financial statements.

**Troubleshooting:** Read the full message with its number. Record each error and its cause in the issue notes. If stuck for more than 30 minutes, set the status to Blocked and describe the blocker.

**Assessment:** Instructor verifies the acceptance criteria from the evidence and may ask for a live demonstration. Type: Transaction execution.

### Completion criteria
- Every step is done and every acceptance criterion is demonstrated
- Required evidence is attached to the issue
- The accounting impact is written down where a posting was made
- Actual time is logged against the issue
- Instructor Review is Approved and the status is Completed

**Estimated time:** 3 h

**Next task:** FI-007","Asset Accounting","V09.0 Asset Accounting","MOD-17","LAB-020","3","L3 - Intermediate","Guided Lab","SAP S/4HANA Training System","Document numbers + screenshots","AFAB; AW01N","S/4HANA (ECC differences noted)","Changed in S/4HANA","Asset Lifecycle","AA","Level 2 - SAP FI & CO Core","FI","Transaction execution","0","Pending"
"FI-007","FI-007","FI","Normal","[FI-007] Asset transfer and asset under construction with settlement","**Objective:** Asset transfer and asset under construction with settlement

**Prerequisites:** LAB-021

**Concepts:** Asset acquisition; Asset transfer; Asset retirement; Asset sale; Asset scrapping; AuC; Settlement; Depreciation

**Transaction codes:** ABUMN; AIAB; AIBU (find the Fiori app for each in the apps reference library)

**Business process:** Asset Lifecycle

**Environment:** SAP S/4HANA Training System

### Steps
- [ ] Transfer an asset between classes or cost centres
- [ ] Collect costs on an asset under construction
- [ ] Define the settlement rule and settle to a final asset

### Acceptance criteria
- Transfer and settlement produce correct values on both assets

**Evidence required:** Document numbers + screenshots

**Accounting impact:** For every posting, write the debit and credit lines and the effect on the financial statements.

**Troubleshooting:** Read the full message with its number. Record each error and its cause in the issue notes. If stuck for more than 30 minutes, set the status to Blocked and describe the blocker.

**Assessment:** Instructor checks the posted documents and the stated accounting impact. Type: Transaction execution.

### Completion criteria
- Every step is done and every acceptance criterion is demonstrated
- Required evidence is attached to the issue
- The accounting impact is written down where a posting was made
- Actual time is logged against the issue
- Instructor Review is Approved and the status is Completed

**Estimated time:** 3 h

**Next task:** LAB-022","Asset Accounting","V09.0 Asset Accounting","MOD-17","LAB-021","3","L3 - Intermediate","Transaction","SAP S/4HANA Training System","Document numbers + screenshots","ABUMN; AIAB; AIBU","S/4HANA (ECC differences noted)","Changed in S/4HANA","Asset Lifecycle","AA","Level 2 - SAP FI & CO Core","FI","Transaction execution","0","Pending"
"LAB-022","LAB-022","Lab","Normal","[LAB-022] Asset Retirement","**Objective:** Asset Retirement

**Prerequisites:** FI-007

**Concepts:** Asset acquisition; Asset transfer; Asset retirement; Asset sale; Asset scrapping; AuC; Settlement; Depreciation

**Transaction codes:** F-92; ABAVN; ABAON (find the Fiori app for each in the apps reference library)

**Business process:** Asset Lifecycle

**Environment:** SAP S/4HANA Training System

### Steps
- [ ] Sell an asset to a customer and read gain or loss
- [ ] Scrap an asset
- [ ] Retire without revenue
- [ ] Check values and accounts

### Acceptance criteria
- Gain or loss is calculated correctly
- Retired asset shows deactivation date

**Evidence required:** Document numbers + screenshots

**Accounting impact:** For every posting, write the debit and credit lines and the effect on the financial statements.

**Troubleshooting:** Read the full message with its number. Record each error and its cause in the issue notes. If stuck for more than 30 minutes, set the status to Blocked and describe the blocker.

**Assessment:** Instructor verifies the acceptance criteria from the evidence and may ask for a live demonstration. Type: Transaction execution.

### Completion criteria
- Every step is done and every acceptance criterion is demonstrated
- Required evidence is attached to the issue
- The accounting impact is written down where a posting was made
- Actual time is logged against the issue
- Instructor Review is Approved and the status is Completed

**Estimated time:** 3 h

**Next task:** BP-003","Asset Accounting","V09.0 Asset Accounting","MOD-17","FI-007","3","L3 - Intermediate","Guided Lab","SAP S/4HANA Training System","Document numbers + screenshots","F-92; ABAVN; ABAON","S/4HANA (ECC differences noted)","Changed in S/4HANA","Asset Lifecycle","AA","Level 2 - SAP FI & CO Core","FI","Transaction execution","0","Pending"
"BP-003","BP-003","Business Process","Normal","[BP-003] Asset lifecycle: request to retirement","**Objective:** Asset lifecycle: request to retirement

**Prerequisites:** LAB-022

**Concepts:** Asset acquisition; Asset transfer; Asset retirement; Asset sale; Asset scrapping; AuC; Settlement; Depreciation

**Transaction codes:** AS01; F-90; AFAB; ABUMN; ABAVN; AR01 (find the Fiori app for each in the apps reference library)

**Business process:** Asset Lifecycle

**Environment:** SAP S/4HANA Training System

### Steps
- [ ] Run the lifecycle for six assets across classes: purchase, capitalization, depreciation for three periods, transfer and retirement
- [ ] Produce the asset balance and history reports

### Acceptance criteria
- Asset balances agree with the general ledger
- Lifecycle document is written

**Evidence required:** Process document + document numbers

**Accounting impact:** For every posting, write the debit and credit lines and the effect on the financial statements.

**Troubleshooting:** Read the full message with its number. Record each error and its cause in the issue notes. If stuck for more than 30 minutes, set the status to Blocked and describe the blocker.

**Assessment:** Instructor checks the process end to end from the document numbers. Type: Business process.

### Completion criteria
- Every step is done and every acceptance criterion is demonstrated
- Required evidence is attached to the issue
- The accounting impact is written down where a posting was made
- Actual time is logged against the issue
- Instructor Review is Approved and the status is Completed

**Estimated time:** 3 h

**Next task:** TSH-014","Asset Accounting","V09.0 Asset Accounting","MOD-17","LAB-022","3","L3 - Intermediate","Business Process","SAP S/4HANA Training System","Process document + document numbers","AS01; F-90; AFAB; ABUMN; ABAVN; AR01","S/4HANA (ECC differences noted)","Changed in S/4HANA","Asset Lifecycle","AA","Level 2 - SAP FI & CO Core","FI","Business process","0","Pending"
"TSH-014","TSH-014","Troubleshooting","Normal","[TSH-014] Scenario 14: asset depreciation error in the run","**Objective:** Scenario 14: asset depreciation error in the run

**Prerequisites:** BP-003

**Concepts:** Asset acquisition; Asset transfer; Asset retirement; Asset sale; Asset scrapping; AuC; Settlement; Depreciation

**Transaction codes:** AS01; F-90; ABZON; AW01N; AFAB; ABUMN; ABAVN; F-92; AIAB; AIBU; AR01 (find the Fiori app for each in the apps reference library)

**Business process:** Asset Lifecycle

**Environment:** SAP S/4HANA Training System

### Steps
- [ ] Reproduce the error in the training client (instructor-prepared)
- [ ] Record the exact message number and text, and the business impact
- [ ] Read the error log
- [ ] Check the asset for missing key, life or cost centre
- [ ] Correct and restart
- [ ] Apply the fix
- [ ] Re-run the original transaction to validate
- [ ] Write the eight-section report: problem, business impact, evidence, root cause, configuration, fix, validation, prevention

### Acceptance criteria
- The original transaction now works
- Root cause is shown in configuration or master data
- Report has all eight sections

**Evidence required:** Root cause report

**Accounting impact:** For every posting, write the debit and credit lines and the effect on the financial statements.

**Assessment:** Instructor grades the eight-section report. Type: Troubleshooting.

### Completion criteria
- Every step is done and every acceptance criterion is demonstrated
- Required evidence is attached to the issue
- The accounting impact is written down where a posting was made
- Actual time is logged against the issue
- Instructor Review is Approved and the status is Completed

**Estimated time:** 2 h

**Next task:** TSH-015","Asset Accounting","V09.0 Asset Accounting","MOD-17","BP-003","2","L3 - Intermediate","Troubleshooting","SAP S/4HANA Training System","Root cause report","AS01; F-90; ABZON; AW01N; AFAB; ABUMN; ABAVN; F-92; AIAB; AIBU; AR01","S/4HANA (ECC differences noted)","Changed in S/4HANA","Asset Lifecycle","AA","Level 2 - SAP FI & CO Core","FI","Troubleshooting","0","Pending"
"TSH-015","TSH-015","Troubleshooting","Normal","[TSH-015] Scenario 15: asset posting goes to the wrong G/L account","**Objective:** Scenario 15: asset posting goes to the wrong G/L account

**Prerequisites:** TSH-014

**Concepts:** Asset acquisition; Asset transfer; Asset retirement; Asset sale; Asset scrapping; AuC; Settlement; Depreciation

**Transaction codes:** AS01; F-90; ABZON; AW01N; AFAB; ABUMN; ABAVN; F-92; AIAB; AIBU; AR01 (find the Fiori app for each in the apps reference library)

**Business process:** Asset Lifecycle

**Environment:** SAP S/4HANA Training System

### Steps
- [ ] Reproduce the error in the training client (instructor-prepared)
- [ ] Record the exact message number and text, and the business impact
- [ ] Check account determination of the class and area
- [ ] Correct and explain existing postings
- [ ] Apply the fix
- [ ] Re-run the original transaction to validate
- [ ] Write the eight-section report: problem, business impact, evidence, root cause, configuration, fix, validation, prevention

### Acceptance criteria
- The original transaction now works
- Root cause is shown in configuration or master data
- Report has all eight sections

**Evidence required:** Root cause report

**Accounting impact:** For every posting, write the debit and credit lines and the effect on the financial statements.

**Assessment:** Instructor grades the eight-section report. Type: Troubleshooting.

### Completion criteria
- Every step is done and every acceptance criterion is demonstrated
- Required evidence is attached to the issue
- The accounting impact is written down where a posting was made
- Actual time is logged against the issue
- Instructor Review is Approved and the status is Completed

**Estimated time:** 1 h

**Next task:** TSH-016","Asset Accounting","V09.0 Asset Accounting","MOD-17","TSH-014","1","L3 - Intermediate","Troubleshooting","SAP S/4HANA Training System","Root cause report","AS01; F-90; ABZON; AW01N; AFAB; ABUMN; ABAVN; F-92; AIAB; AIBU; AR01","S/4HANA (ECC differences noted)","Changed in S/4HANA","Asset Lifecycle","AA","Level 2 - SAP FI & CO Core","FI","Troubleshooting","0","Pending"
"TSH-016","TSH-016","Troubleshooting","Normal","[TSH-016] Scenario 16: asset subledger and G/L do not reconcile","**Objective:** Scenario 16: asset subledger and G/L do not reconcile

**Prerequisites:** TSH-015

**Concepts:** Asset acquisition; Asset transfer; Asset retirement; Asset sale; Asset scrapping; AuC; Settlement; Depreciation

**Transaction codes:** AS01; F-90; ABZON; AW01N; AFAB; ABUMN; ABAVN; F-92; AIAB; AIBU; AR01 (find the Fiori app for each in the apps reference library)

**Business process:** Asset Lifecycle

**Environment:** SAP S/4HANA Training System

### Steps
- [ ] Reproduce the error in the training client (instructor-prepared)
- [ ] Record the exact message number and text, and the business impact
- [ ] Compare asset balances with reconciliation accounts
- [ ] Find direct or missing postings
- [ ] Apply the fix
- [ ] Re-run the original transaction to validate
- [ ] Write the eight-section report: problem, business impact, evidence, root cause, configuration, fix, validation, prevention

### Acceptance criteria
- The original transaction now works
- Root cause is shown in configuration or master data
- Report has all eight sections

**Evidence required:** Root cause report

**Accounting impact:** For every posting, write the debit and credit lines and the effect on the financial statements.

**Assessment:** Instructor grades the eight-section report. Type: Troubleshooting.

### Completion criteria
- Every step is done and every acceptance criterion is demonstrated
- Required evidence is attached to the issue
- The accounting impact is written down where a posting was made
- Actual time is logged against the issue
- Instructor Review is Approved and the status is Completed

**Estimated time:** 2 h

**Next task:** ASM-009","Asset Accounting","V09.0 Asset Accounting","MOD-17","TSH-015","2","L3 - Intermediate","Troubleshooting","SAP S/4HANA Training System","Root cause report","AS01; F-90; ABZON; AW01N; AFAB; ABUMN; ABAVN; F-92; AIAB; AIBU; AR01","S/4HANA (ECC differences noted)","Changed in S/4HANA","Asset Lifecycle","AA","Level 2 - SAP FI & CO Core","FI","Troubleshooting","0","Pending"
"ASM-009","ASM-009","Assessment","High","[ASM-009] Phase 09 assessment: asset accounting","**Objective:** Phase 09 assessment: asset accounting

**Prerequisites:** TSH-016

**Concepts:** Asset acquisition; Asset transfer; Asset retirement; Asset sale; Asset scrapping; AuC; Settlement; Depreciation

**Business process:** Asset Lifecycle

**Environment:** SAP S/4HANA Training System

### Steps
- [ ] Configure a new asset class and run an acquisition, depreciation and retirement

### Acceptance criteria
- Score of 70 or higher

**Evidence required:** Scored result

**Accounting impact:** For every posting, write the debit and credit lines and the effect on the financial statements.

**Troubleshooting:** Read the full message with its number. Record each error and its cause in the issue notes. If stuck for more than 30 minutes, set the status to Blocked and describe the blocker.

**Assessment:** Scored 0-100. Pass mark 70. Type: Configuration + business process.

### Completion criteria
- Every step is done and every acceptance criterion is demonstrated
- Required evidence is attached to the issue
- The accounting impact is written down where a posting was made
- Actual time is logged against the issue
- Instructor Review is Approved and the status is Completed

**Estimated time:** 2 h

**Next task:** Last task of this module","Asset Accounting","V09.0 Asset Accounting","MOD-17","TSH-016","2","L3 - Intermediate","Assessment","SAP S/4HANA Training System","Scored result","","S/4HANA (ECC differences noted)","Changed in S/4HANA","Asset Lifecycle","AA","Level 2 - SAP FI & CO Core","FI","Configuration + business process","0","Pending"
"REVIEW-09","REVIEW-09","Review","High","[REVIEW-09] Phase 09 gate review","**Objective:** Confirm that phase 09 (Asset Accounting) is complete.

### Checklist
- [ ] Every issue of the phase is Completed
- [ ] Evidence is attached to every issue
- [ ] Time is logged
- [ ] Assessment score is 70 or higher
- [ ] Configuration document is up to date

**Assessment:** Instructor confirms the checklist and records the gate decision.

**Estimated time:** 1 h","","V09.0 Asset Accounting","PHASE-09","CFG-013, ASM-009","1","","Review","","Instructor sign-off","","","","","","","","Review","0","Pending"
"PHASE-10","PHASE-10","Phase","Normal","[PHASE-10] Tax","Phase 10 of 30. Version: V10.0 Tax.

Modules: 1. Estimated hours: 21.

- MOD-18 Taxation

The phase closes with the gate review REVIEW-10.","","V10.0 Tax","EPIC","","","","","","","","","","","","","","","",""
"MOD-18","MOD-18","Module","Normal","[MOD-18] Taxation","**Topics:** Input tax; Output tax; Tax codes; Tax procedures; Tax jurisdiction concepts; Withholding tax; GST concepts; VAT concepts

**Transaction codes:** FTXP; OBQ3; OBBG; OB40; OBWW; J1IG

**Environment:** SAP S/4HANA Training System

**Tasks:** 9, 20 estimated hours.

- THY-023 Tax on sales and purchases: procedures, codes and accounts
- CFG-014 Tax procedure, tax codes and tax accounts
- THY-024 India GST example: CGST, SGST, IGST and input credit
- THY-025 Withholding tax concepts and extended withholding tax
- CFG-015 Configure extended withholding tax and post with deduction
- TSH-017 Scenario 17: missing tax code or tax account
- TSH-018 Scenario 18: tax amount differs from the calculated amount
- TSH-019 Scenario 19: withholding tax not deducted
- ASM-010 Phase 10 assessment: tax","Tax","V10.0 Tax","PHASE-10","","","","","SAP S/4HANA Training System","","FTXP; OBQ3; OBBG; OB40; OBWW; J1IG","S/4HANA (ECC differences noted)","Same concept as ECC","Record to Report","None","Level 2 - SAP FI & CO Core","FI","","",""
"THY-023","THY-023","Theory","Normal","[THY-023] Tax on sales and purchases: procedures, codes and accounts","**Objective:** Tax on sales and purchases: procedures, codes and accounts

**Prerequisites:** ASM-006, ASM-007

**Concepts:** Input tax; Output tax; Tax codes; Tax procedures; Tax jurisdiction concepts; Withholding tax; GST concepts; VAT concepts

**Business process:** Record to Report

**Environment:** SAP S/4HANA Training System

### Steps
- [ ] Study input and output tax
- [ ] Study tax procedure, condition types and account keys
- [ ] Study tax codes and rates
- [ ] Study VAT, GST and jurisdiction-based tax concepts

### Acceptance criteria
- Explains the link from tax code to G/L account
- Compares VAT, GST and jurisdiction tax

**Evidence required:** Notes

**Accounting impact:** For every posting, write the debit and credit lines and the effect on the financial statements.

**Assessment:** Instructor checks the notes and asks short oral questions. Type: Short answer.

### Completion criteria
- Every step is done and every acceptance criterion is demonstrated
- Required evidence is attached to the issue
- The accounting impact is written down where a posting was made
- Actual time is logged against the issue
- Instructor Review is Approved and the status is Completed

**Estimated time:** 3 h

**Next task:** CFG-014","Tax","V10.0 Tax","MOD-18","ASM-006, ASM-007","3","L3 - Intermediate","Theory","SAP S/4HANA Training System","Notes","","S/4HANA (ECC differences noted)","Same concept as ECC","Record to Report","None","Level 2 - SAP FI & CO Core","FI","Short answer","0","Pending"
"CFG-014","CFG-014","Configuration","Normal","[CFG-014] Tax procedure, tax codes and tax accounts","**Objective:** Tax procedure, tax codes and tax accounts

**Prerequisites:** THY-023

**Concepts:** Input tax; Output tax; Tax codes; Tax procedures; Tax jurisdiction concepts; Withholding tax; GST concepts; VAT concepts

**Transaction codes:** OBQ3; OBBG; FTXP; OB40 (find the Fiori app for each in the apps reference library)

**Business process:** Record to Report

**Environment:** SAP S/4HANA Training System

### Steps
- [ ] Review the tax procedure and assign it to the country
- [ ] Create input and output tax codes
- [ ] Assign tax accounts
- [ ] Post invoices and check tax lines

### Acceptance criteria
- Invoices calculate tax and post it to the assigned accounts

**Evidence required:** Configuration document entry

**Accounting impact:** For every posting, write the debit and credit lines and the effect on the financial statements.

**Troubleshooting:** Read the full message with its number. Record each error and its cause in the issue notes. If stuck for more than 30 minutes, set the status to Blocked and describe the blocker.

**Documentation:** Add the setting, its values and the business reason to your configuration document.

**Assessment:** Instructor checks the setting, its test posting and the documented business reason. Type: Configuration.

### Completion criteria
- Every step is done and every acceptance criterion is demonstrated
- Required evidence is attached to the issue
- The accounting impact is written down where a posting was made
- Actual time is logged against the issue
- Instructor Review is Approved and the status is Completed

**Estimated time:** 4 h

**Next task:** THY-024","Tax","V10.0 Tax","MOD-18","THY-023","4","L3 - Intermediate","Configuration","SAP S/4HANA Training System","Configuration document entry","OBQ3; OBBG; FTXP; OB40","S/4HANA (ECC differences noted)","Same concept as ECC","Record to Report","None","Level 2 - SAP FI & CO Core","FI","Configuration","0","Pending"
"THY-024","THY-024","Theory","Normal","[THY-024] India GST example: CGST, SGST, IGST and input credit","**Objective:** India GST example: CGST, SGST, IGST and input credit

**Prerequisites:** CFG-014

**Concepts:** Input tax; Output tax; Tax codes; Tax procedures; Tax jurisdiction concepts; Withholding tax; GST concepts; VAT concepts

**Business process:** Record to Report

**Environment:** SAP S/4HANA Training System

### Steps
- [ ] Study intra-state and inter-state supply
- [ ] Study how the tax lines appear in purchase and sales postings
- [ ] Study input credit set-off

### Acceptance criteria
- Writes the entries for an intra-state and an inter-state invoice

**Evidence required:** Notes

**Accounting impact:** For every posting, write the debit and credit lines and the effect on the financial statements.

**Assessment:** Instructor checks the notes and asks short oral questions. Type: Short answer.

### Completion criteria
- Every step is done and every acceptance criterion is demonstrated
- Required evidence is attached to the issue
- The accounting impact is written down where a posting was made
- Actual time is logged against the issue
- Instructor Review is Approved and the status is Completed

**Estimated time:** 2 h

**Next task:** THY-025","Tax","V10.0 Tax","MOD-18","CFG-014","2","L3 - Intermediate","Theory","SAP S/4HANA Training System","Notes","","S/4HANA (ECC differences noted)","Same concept as ECC","Record to Report","None","Level 2 - SAP FI & CO Core","FI","Short answer","0","Pending"
"THY-025","THY-025","Theory","Normal","[THY-025] Withholding tax concepts and extended withholding tax","**Objective:** Withholding tax concepts and extended withholding tax

**Prerequisites:** THY-024

**Concepts:** Input tax; Output tax; Tax codes; Tax procedures; Tax jurisdiction concepts; Withholding tax; GST concepts; VAT concepts

**Business process:** Record to Report

**Environment:** SAP S/4HANA Training System

### Steps
- [ ] Study tax types, tax codes, invoice-time and payment-time deduction, and certificates

### Acceptance criteria
- Explains when withholding is posted and to which account

**Evidence required:** Notes

**Accounting impact:** For every posting, write the debit and credit lines and the effect on the financial statements.

**Assessment:** Instructor checks the notes and asks short oral questions. Type: Short answer.

### Completion criteria
- Every step is done and every acceptance criterion is demonstrated
- Required evidence is attached to the issue
- The accounting impact is written down where a posting was made
- Actual time is logged against the issue
- Instructor Review is Approved and the status is Completed

**Estimated time:** 2 h

**Next task:** CFG-015","Tax","V10.0 Tax","MOD-18","THY-024","2","L3 - Intermediate","Theory","SAP S/4HANA Training System","Notes","","S/4HANA (ECC differences noted)","Same concept as ECC","Record to Report","None","Level 2 - SAP FI & CO Core","FI","Short answer","0","Pending"
"CFG-015","CFG-015","Configuration","Normal","[CFG-015] Configure extended withholding tax and post with deduction","**Objective:** Configure extended withholding tax and post with deduction

**Prerequisites:** THY-025

**Concepts:** Input tax; Output tax; Tax codes; Tax procedures; Tax jurisdiction concepts; Withholding tax; GST concepts; VAT concepts

**Transaction codes:** OBWW; FB60; F-53 (find the Fiori app for each in the apps reference library)

**Business process:** Record to Report

**Environment:** SAP S/4HANA Training System

### Steps
- [ ] Define tax types and codes
- [ ] Assign to the company code and the supplier
- [ ] Post an invoice and a payment with deduction
- [ ] Display the withholding data

### Acceptance criteria
- Deduction posts to the withholding payable account
- Supplier line is net

**Evidence required:** Configuration document entry

**Accounting impact:** For every posting, write the debit and credit lines and the effect on the financial statements.

**Troubleshooting:** Read the full message with its number. Record each error and its cause in the issue notes. If stuck for more than 30 minutes, set the status to Blocked and describe the blocker.

**Documentation:** Add the setting, its values and the business reason to your configuration document.

**Assessment:** Instructor checks the setting, its test posting and the documented business reason. Type: Configuration.

### Completion criteria
- Every step is done and every acceptance criterion is demonstrated
- Required evidence is attached to the issue
- The accounting impact is written down where a posting was made
- Actual time is logged against the issue
- Instructor Review is Approved and the status is Completed

**Estimated time:** 4 h

**Next task:** TSH-017","Tax","V10.0 Tax","MOD-18","THY-025","4","L3 - Intermediate","Configuration","SAP S/4HANA Training System","Configuration document entry","OBWW; FB60; F-53","S/4HANA (ECC differences noted)","Same concept as ECC","Record to Report","None","Level 2 - SAP FI & CO Core","FI","Configuration","0","Pending"
"TSH-017","TSH-017","Troubleshooting","Normal","[TSH-017] Scenario 17: missing tax code or tax account","**Objective:** Scenario 17: missing tax code or tax account

**Prerequisites:** CFG-015

**Concepts:** Input tax; Output tax; Tax codes; Tax procedures; Tax jurisdiction concepts; Withholding tax; GST concepts; VAT concepts

**Transaction codes:** FTXP; OBQ3; OBBG; OB40; OBWW; J1IG (find the Fiori app for each in the apps reference library)

**Business process:** Record to Report

**Environment:** SAP S/4HANA Training System

### Steps
- [ ] Reproduce the error in the training client (instructor-prepared)
- [ ] Record the exact message number and text, and the business impact
- [ ] Read the message
- [ ] Check tax code for the country and account assignment per account key
- [ ] Apply the fix
- [ ] Re-run the original transaction to validate
- [ ] Write the eight-section report: problem, business impact, evidence, root cause, configuration, fix, validation, prevention

### Acceptance criteria
- The original transaction now works
- Root cause is shown in configuration or master data
- Report has all eight sections

**Evidence required:** Root cause report

**Accounting impact:** For every posting, write the debit and credit lines and the effect on the financial statements.

**Assessment:** Instructor grades the eight-section report. Type: Troubleshooting.

### Completion criteria
- Every step is done and every acceptance criterion is demonstrated
- Required evidence is attached to the issue
- The accounting impact is written down where a posting was made
- Actual time is logged against the issue
- Instructor Review is Approved and the status is Completed

**Estimated time:** 1 h

**Next task:** TSH-018","Tax","V10.0 Tax","MOD-18","CFG-015","1","L3 - Intermediate","Troubleshooting","SAP S/4HANA Training System","Root cause report","FTXP; OBQ3; OBBG; OB40; OBWW; J1IG","S/4HANA (ECC differences noted)","Same concept as ECC","Record to Report","None","Level 2 - SAP FI & CO Core","FI","Troubleshooting","0","Pending"
"TSH-018","TSH-018","Troubleshooting","Normal","[TSH-018] Scenario 18: tax amount differs from the calculated amount","**Objective:** Scenario 18: tax amount differs from the calculated amount

**Prerequisites:** TSH-017

**Concepts:** Input tax; Output tax; Tax codes; Tax procedures; Tax jurisdiction concepts; Withholding tax; GST concepts; VAT concepts

**Transaction codes:** FTXP; OBQ3; OBBG; OB40; OBWW; J1IG (find the Fiori app for each in the apps reference library)

**Business process:** Record to Report

**Environment:** SAP S/4HANA Training System

### Steps
- [ ] Reproduce the error in the training client (instructor-prepared)
- [ ] Record the exact message number and text, and the business impact
- [ ] Check calculate-tax flag, tax base settings and tolerance
- [ ] Apply the fix
- [ ] Re-run the original transaction to validate
- [ ] Write the eight-section report: problem, business impact, evidence, root cause, configuration, fix, validation, prevention

### Acceptance criteria
- The original transaction now works
- Root cause is shown in configuration or master data
- Report has all eight sections

**Evidence required:** Root cause report

**Accounting impact:** For every posting, write the debit and credit lines and the effect on the financial statements.

**Assessment:** Instructor grades the eight-section report. Type: Troubleshooting.

### Completion criteria
- Every step is done and every acceptance criterion is demonstrated
- Required evidence is attached to the issue
- The accounting impact is written down where a posting was made
- Actual time is logged against the issue
- Instructor Review is Approved and the status is Completed

**Estimated time:** 1 h

**Next task:** TSH-019","Tax","V10.0 Tax","MOD-18","TSH-017","1","L3 - Intermediate","Troubleshooting","SAP S/4HANA Training System","Root cause report","FTXP; OBQ3; OBBG; OB40; OBWW; J1IG","S/4HANA (ECC differences noted)","Same concept as ECC","Record to Report","None","Level 2 - SAP FI & CO Core","FI","Troubleshooting","0","Pending"
"TSH-019","TSH-019","Troubleshooting","Normal","[TSH-019] Scenario 19: withholding tax not deducted","**Objective:** Scenario 19: withholding tax not deducted

**Prerequisites:** TSH-018

**Concepts:** Input tax; Output tax; Tax codes; Tax procedures; Tax jurisdiction concepts; Withholding tax; GST concepts; VAT concepts

**Transaction codes:** FTXP; OBQ3; OBBG; OB40; OBWW; J1IG (find the Fiori app for each in the apps reference library)

**Business process:** Record to Report

**Environment:** SAP S/4HANA Training System

### Steps
- [ ] Reproduce the error in the training client (instructor-prepared)
- [ ] Record the exact message number and text, and the business impact
- [ ] Check supplier master liability flag, type and code assignment and validity dates
- [ ] Apply the fix
- [ ] Re-run the original transaction to validate
- [ ] Write the eight-section report: problem, business impact, evidence, root cause, configuration, fix, validation, prevention

### Acceptance criteria
- The original transaction now works
- Root cause is shown in configuration or master data
- Report has all eight sections

**Evidence required:** Root cause report

**Accounting impact:** For every posting, write the debit and credit lines and the effect on the financial statements.

**Assessment:** Instructor grades the eight-section report. Type: Troubleshooting.

### Completion criteria
- Every step is done and every acceptance criterion is demonstrated
- Required evidence is attached to the issue
- The accounting impact is written down where a posting was made
- Actual time is logged against the issue
- Instructor Review is Approved and the status is Completed

**Estimated time:** 1 h

**Next task:** ASM-010","Tax","V10.0 Tax","MOD-18","TSH-018","1","L3 - Intermediate","Troubleshooting","SAP S/4HANA Training System","Root cause report","FTXP; OBQ3; OBBG; OB40; OBWW; J1IG","S/4HANA (ECC differences noted)","Same concept as ECC","Record to Report","None","Level 2 - SAP FI & CO Core","FI","Troubleshooting","0","Pending"
"ASM-010","ASM-010","Assessment","High","[ASM-010] Phase 10 assessment: tax","**Objective:** Phase 10 assessment: tax

**Prerequisites:** TSH-019

**Concepts:** Input tax; Output tax; Tax codes; Tax procedures; Tax jurisdiction concepts; Withholding tax; GST concepts; VAT concepts

**Business process:** Record to Report

**Environment:** SAP S/4HANA Training System

### Steps
- [ ] Configure a new tax code and a withholding type and prove both with postings

### Acceptance criteria
- Score of 70 or higher

**Evidence required:** Scored result

**Accounting impact:** For every posting, write the debit and credit lines and the effect on the financial statements.

**Troubleshooting:** Read the full message with its number. Record each error and its cause in the issue notes. If stuck for more than 30 minutes, set the status to Blocked and describe the blocker.

**Assessment:** Scored 0-100. Pass mark 70. Type: Configuration.

### Completion criteria
- Every step is done and every acceptance criterion is demonstrated
- Required evidence is attached to the issue
- The accounting impact is written down where a posting was made
- Actual time is logged against the issue
- Instructor Review is Approved and the status is Completed

**Estimated time:** 2 h

**Next task:** Last task of this module","Tax","V10.0 Tax","MOD-18","TSH-019","2","L3 - Intermediate","Assessment","SAP S/4HANA Training System","Scored result","","S/4HANA (ECC differences noted)","Same concept as ECC","Record to Report","None","Level 2 - SAP FI & CO Core","FI","Configuration","0","Pending"
"REVIEW-10","REVIEW-10","Review","High","[REVIEW-10] Phase 10 gate review","**Objective:** Confirm that phase 10 (Tax) is complete.

### Checklist
- [ ] Every issue of the phase is Completed
- [ ] Evidence is attached to every issue
- [ ] Time is logged
- [ ] Assessment score is 70 or higher
- [ ] Configuration document is up to date

**Assessment:** Instructor confirms the checklist and records the gate decision.

**Estimated time:** 1 h","","V10.0 Tax","PHASE-10","ASM-010","1","","Review","","Instructor sign-off","","","","","","","","Review","0","Pending"
"PHASE-11","PHASE-11","Phase","Normal","[PHASE-11] Financial Closing","Phase 11 of 30. Version: V11.0 Financial Closing.

Modules: 1. Estimated hours: 53.

- MOD-19 General Ledger Closing

The phase closes with the gate review REVIEW-11.","","V11.0 Financial Closing","EPIC","","","","","","","","","","","","","","","",""
"MOD-19","MOD-19","Module","Normal","[MOD-19] General Ledger Closing","**Topics:** Open item clearing; Accruals; Deferrals; Foreign currency valuation; GR/IR clearing; Depreciation; Asset closing; AP closing; AR closing; GL closing; Company code currency; Local currency; Group currency; Transaction currency; Translation; Valuation

**Transaction codes:** F.13; FBS1; F.81; FAGL_FCV; MR11; AFAB; OB52; F.01; FAGLGVTR; AJAB

**Environment:** SAP S/4HANA Training System

**Tasks:** 15, 52 estimated hours.

- THY-026 The closing process and why each step exists
- FI-008 Open item clearing and automatic clearing
- FI-009 Accruals and deferrals with reversal
- CFG-016 Foreign currency valuation configuration
- LAB-023 Foreign currency valuation run
- FI-010 GR/IR clearing and regrouping
- LAB-024 Month-End Closing
- CFG-017 Financial statement version
- LAB-025 Year-End Closing
- PROJECT-001 Month-end closing project: simulated company month
- PROJECT-002 Year-end closing project
- TSH-020 Scenario 20: foreign currency valuation posts nothing or to the wrong account
- TSH-021 Scenario 21: balance carryforward wrong, profit not in retained earnings
- TSH-022 Scenario 22: exchange rate missing or currency translation error
- ASM-011 Phase 11 assessment: financial closing","Closing","V11.0 Financial Closing","PHASE-11","","","","","SAP S/4HANA Training System","","F.13; FBS1; F.81; FAGL_FCV; MR11; AFAB; OB52; F.01; FAGLGVTR; AJAB","S/4HANA (ECC differences noted)","Same concept as ECC","Financial Closing","None","Level 2 - SAP FI & CO Core","FI","","",""
"THY-026","THY-026","Theory","Normal","[THY-026] The closing process and why each step exists","**Objective:** The closing process and why each step exists

**Prerequisites:** ASM-009, ASM-008, ASM-010

**Concepts:** Open item clearing; Accruals; Deferrals; Foreign currency valuation; GR/IR clearing; Depreciation; Asset closing; AP closing; AR closing; GL closing; Company code currency; Local currency; Group currency; Transaction currency; Translation; Valuation

**Business process:** Financial Closing

**Environment:** SAP S/4HANA Training System

### Steps
- [ ] Study the purpose of period-end closing
- [ ] Study the order: subledgers, bank, accruals, valuation, depreciation, GR/IR, general ledger, statements
- [ ] Study technical, organisational and legal steps

### Acceptance criteria
- Explains the reason for each step and the dependency between them

**Evidence required:** Notes

**Accounting impact:** For every posting, write the debit and credit lines and the effect on the financial statements.

**Assessment:** Instructor checks the notes and asks short oral questions. Type: Short answer.

### Completion criteria
- Every step is done and every acceptance criterion is demonstrated
- Required evidence is attached to the issue
- The accounting impact is written down where a posting was made
- Actual time is logged against the issue
- Instructor Review is Approved and the status is Completed

**Estimated time:** 3 h

**Next task:** FI-008","Closing","V11.0 Financial Closing","MOD-19","ASM-009, ASM-008, ASM-010","3","L4 - Advanced","Theory","SAP S/4HANA Training System","Notes","","S/4HANA (ECC differences noted)","Same concept as ECC","Financial Closing","None","Level 2 - SAP FI & CO Core","FI","Short answer","0","Pending"
"FI-008","FI-008","FI","Normal","[FI-008] Open item clearing and automatic clearing","**Objective:** Open item clearing and automatic clearing

**Prerequisites:** THY-026

**Concepts:** Open item clearing; Accruals; Deferrals; Foreign currency valuation; GR/IR clearing; Depreciation; Asset closing; AP closing; AR closing; GL closing; Company code currency; Local currency; Group currency; Transaction currency; Translation; Valuation

**Transaction codes:** F.13; F-03; OB74 (find the Fiori app for each in the apps reference library)

**Business process:** Financial Closing

**Environment:** SAP S/4HANA Training System

### Steps
- [ ] Review automatic clearing criteria
- [ ] Run automatic clearing for G/L, customer and vendor accounts
- [ ] Clear remaining items manually

### Acceptance criteria
- Matching items are cleared
- Criteria are explained

**Evidence required:** Document numbers + screenshots

**Accounting impact:** For every posting, write the debit and credit lines and the effect on the financial statements.

**Troubleshooting:** Read the full message with its number. Record each error and its cause in the issue notes. If stuck for more than 30 minutes, set the status to Blocked and describe the blocker.

**Assessment:** Instructor checks the posted documents and the stated accounting impact. Type: Transaction execution.

### Completion criteria
- Every step is done and every acceptance criterion is demonstrated
- Required evidence is attached to the issue
- The accounting impact is written down where a posting was made
- Actual time is logged against the issue
- Instructor Review is Approved and the status is Completed

**Estimated time:** 2 h

**Next task:** FI-009","Closing","V11.0 Financial Closing","MOD-19","THY-026","2","L4 - Advanced","Transaction","SAP S/4HANA Training System","Document numbers + screenshots","F.13; F-03; OB74","S/4HANA (ECC differences noted)","Same concept as ECC","Financial Closing","None","Level 2 - SAP FI & CO Core","FI","Transaction execution","0","Pending"
"FI-009","FI-009","FI","Normal","[FI-009] Accruals and deferrals with reversal","**Objective:** Accruals and deferrals with reversal

**Prerequisites:** FI-008

**Concepts:** Open item clearing; Accruals; Deferrals; Foreign currency valuation; GR/IR clearing; Depreciation; Asset closing; AP closing; AR closing; GL closing; Company code currency; Local currency; Group currency; Transaction currency; Translation; Valuation

**Transaction codes:** FBS1; F.81 (find the Fiori app for each in the apps reference library)

**Business process:** Financial Closing

**Environment:** SAP S/4HANA Training System

### Steps
- [ ] Post accrual and deferral documents with a reversal date
- [ ] Run the reversal in the next period

### Acceptance criteria
- Accruals post in the period and reverse in the next

**Evidence required:** Document numbers + screenshots

**Accounting impact:** For every posting, write the debit and credit lines and the effect on the financial statements.

**Troubleshooting:** Read the full message with its number. Record each error and its cause in the issue notes. If stuck for more than 30 minutes, set the status to Blocked and describe the blocker.

**Assessment:** Instructor checks the posted documents and the stated accounting impact. Type: Transaction execution.

### Completion criteria
- Every step is done and every acceptance criterion is demonstrated
- Required evidence is attached to the issue
- The accounting impact is written down where a posting was made
- Actual time is logged against the issue
- Instructor Review is Approved and the status is Completed

**Estimated time:** 2 h

**Next task:** CFG-016","Closing","V11.0 Financial Closing","MOD-19","FI-008","2","L4 - Advanced","Transaction","SAP S/4HANA Training System","Document numbers + screenshots","FBS1; F.81","S/4HANA (ECC differences noted)","Same concept as ECC","Financial Closing","None","Level 2 - SAP FI & CO Core","FI","Transaction execution","0","Pending"
"CFG-016","CFG-016","Configuration","Normal","[CFG-016] Foreign currency valuation configuration","**Objective:** Foreign currency valuation configuration

**Prerequisites:** FI-009

**Concepts:** Open item clearing; Accruals; Deferrals; Foreign currency valuation; GR/IR clearing; Depreciation; Asset closing; AP closing; AR closing; GL closing; Company code currency; Local currency; Group currency; Transaction currency; Translation; Valuation

**Transaction codes:** OB59; OBA1; OB08 (find the Fiori app for each in the apps reference library)

**Business process:** Financial Closing

**Environment:** SAP S/4HANA Training System

### Steps
- [ ] Define the valuation method
- [ ] Assign exchange difference accounts for open items and balances
- [ ] Maintain period-end rates

### Acceptance criteria
- Configuration is complete and documented

**Evidence required:** Configuration document entry

**Accounting impact:** For every posting, write the debit and credit lines and the effect on the financial statements.

**Troubleshooting:** Read the full message with its number. Record each error and its cause in the issue notes. If stuck for more than 30 minutes, set the status to Blocked and describe the blocker.

**Documentation:** Add the setting, its values and the business reason to your configuration document.

**Assessment:** Instructor checks the setting, its test posting and the documented business reason. Type: Configuration.

### Completion criteria
- Every step is done and every acceptance criterion is demonstrated
- Required evidence is attached to the issue
- The accounting impact is written down where a posting was made
- Actual time is logged against the issue
- Instructor Review is Approved and the status is Completed

**Estimated time:** 3 h

**Next task:** LAB-023","Closing","V11.0 Financial Closing","MOD-19","FI-009","3","L4 - Advanced","Configuration","SAP S/4HANA Training System","Configuration document entry","OB59; OBA1; OB08","S/4HANA (ECC differences noted)","Same concept as ECC","Financial Closing","None","Level 2 - SAP FI & CO Core","FI","Configuration","0","Pending"
"LAB-023","LAB-023","Lab","Normal","[LAB-023] Foreign currency valuation run","**Objective:** Foreign currency valuation run

**Prerequisites:** CFG-016

**Concepts:** Open item clearing; Accruals; Deferrals; Foreign currency valuation; GR/IR clearing; Depreciation; Asset closing; AP closing; AR closing; GL closing; Company code currency; Local currency; Group currency; Transaction currency; Translation; Valuation

**Transaction codes:** FAGL_FCV (find the Fiori app for each in the apps reference library)

**Business process:** Financial Closing

**Environment:** SAP S/4HANA Training System

### Steps
- [ ] Post foreign currency invoices
- [ ] Change the period-end rate
- [ ] Run valuation in test and update mode
- [ ] Read the postings and the reversal

### Acceptance criteria
- Unrealized difference posts to the assigned accounts and resets as configured

**Evidence required:** Document numbers + screenshots

**Accounting impact:** For every posting, write the debit and credit lines and the effect on the financial statements.

**Troubleshooting:** Read the full message with its number. Record each error and its cause in the issue notes. If stuck for more than 30 minutes, set the status to Blocked and describe the blocker.

**Assessment:** Instructor verifies the acceptance criteria from the evidence and may ask for a live demonstration. Type: Transaction execution.

### Completion criteria
- Every step is done and every acceptance criterion is demonstrated
- Required evidence is attached to the issue
- The accounting impact is written down where a posting was made
- Actual time is logged against the issue
- Instructor Review is Approved and the status is Completed

**Estimated time:** 3 h

**Next task:** FI-010","Closing","V11.0 Financial Closing","MOD-19","CFG-016","3","L4 - Advanced","Guided Lab","SAP S/4HANA Training System","Document numbers + screenshots","FAGL_FCV","S/4HANA (ECC differences noted)","Same concept as ECC","Financial Closing","None","Level 2 - SAP FI & CO Core","FI","Transaction execution","0","Pending"
"FI-010","FI-010","FI","Normal","[FI-010] GR/IR clearing and regrouping","**Objective:** GR/IR clearing and regrouping

**Prerequisites:** LAB-023

**Concepts:** Open item clearing; Accruals; Deferrals; Foreign currency valuation; GR/IR clearing; Depreciation; Asset closing; AP closing; AR closing; GL closing; Company code currency; Local currency; Group currency; Transaction currency; Translation; Valuation

**Transaction codes:** MR11; FAGLF101 (find the Fiori app for each in the apps reference library)

**Business process:** Financial Closing

**Environment:** SAP S/4HANA Training System

### Steps
- [ ] Analyse the GR/IR account
- [ ] Clear quantity differences where the business confirms
- [ ] Run the regrouping for delivered-not-invoiced and invoiced-not-delivered

### Acceptance criteria
- GR/IR balance is explained item by item

**Evidence required:** Document numbers + screenshots

**Accounting impact:** For every posting, write the debit and credit lines and the effect on the financial statements.

**Troubleshooting:** Read the full message with its number. Record each error and its cause in the issue notes. If stuck for more than 30 minutes, set the status to Blocked and describe the blocker.

**Assessment:** Instructor checks the posted documents and the stated accounting impact. Type: Transaction execution.

### Completion criteria
- Every step is done and every acceptance criterion is demonstrated
- Required evidence is attached to the issue
- The accounting impact is written down where a posting was made
- Actual time is logged against the issue
- Instructor Review is Approved and the status is Completed

**Estimated time:** 2 h

**Next task:** LAB-024","Closing","V11.0 Financial Closing","MOD-19","LAB-023","2","L4 - Advanced","Transaction","SAP S/4HANA Training System","Document numbers + screenshots","MR11; FAGLF101","S/4HANA (ECC differences noted)","Same concept as ECC","Financial Closing","None","Level 2 - SAP FI & CO Core","FI","Transaction execution","0","Pending"
"LAB-024","LAB-024","Lab","Normal","[LAB-024] Month-End Closing","**Objective:** Month-End Closing

**Prerequisites:** FI-010

**Concepts:** Open item clearing; Accruals; Deferrals; Foreign currency valuation; GR/IR clearing; Depreciation; Asset closing; AP closing; AR closing; GL closing; Company code currency; Local currency; Group currency; Transaction currency; Translation; Valuation

**Transaction codes:** F.13; FBS1; FAGL_FCV; AFAB; MR11; OB52; F.01 (find the Fiori app for each in the apps reference library)

**Business process:** Financial Closing

**Environment:** SAP S/4HANA Training System

### Steps
- [ ] Use the wiki page Month_End_Checklist
- [ ] Close AP and AR
- [ ] Reconcile bank
- [ ] Post accruals
- [ ] Run valuation and depreciation
- [ ] Analyse GR/IR
- [ ] Close the period
- [ ] Produce the trial balance, Profit and Loss and Balance Sheet

### Acceptance criteria
- Every checklist step is signed off with evidence
- Statements are produced for the period

**Evidence required:** Document numbers + screenshots

**Accounting impact:** For every posting, write the debit and credit lines and the effect on the financial statements.

**Troubleshooting:** Read the full message with its number. Record each error and its cause in the issue notes. If stuck for more than 30 minutes, set the status to Blocked and describe the blocker.

**Assessment:** Instructor verifies the acceptance criteria from the evidence and may ask for a live demonstration. Type: Transaction execution.

### Completion criteria
- Every step is done and every acceptance criterion is demonstrated
- Required evidence is attached to the issue
- The accounting impact is written down where a posting was made
- Actual time is logged against the issue
- Instructor Review is Approved and the status is Completed

**Estimated time:** 6 h

**Next task:** CFG-017","Closing","V11.0 Financial Closing","MOD-19","FI-010","6","L4 - Advanced","Guided Lab","SAP S/4HANA Training System","Document numbers + screenshots","F.13; FBS1; FAGL_FCV; AFAB; MR11; OB52; F.01","S/4HANA (ECC differences noted)","Same concept as ECC","Financial Closing","None","Level 2 - SAP FI & CO Core","FI","Transaction execution","0","Pending"
"CFG-017","CFG-017","Configuration","Normal","[CFG-017] Financial statement version","**Objective:** Financial statement version

**Prerequisites:** LAB-024

**Concepts:** Open item clearing; Accruals; Deferrals; Foreign currency valuation; GR/IR clearing; Depreciation; Asset closing; AP closing; AR closing; GL closing; Company code currency; Local currency; Group currency; Transaction currency; Translation; Valuation

**Transaction codes:** OB58; F.01 (find the Fiori app for each in the apps reference library)

**Business process:** Financial Closing

**Environment:** SAP S/4HANA Training System

### Steps
- [ ] Create a financial statement version with assets, liabilities, equity, income and expense
- [ ] Assign all accounts
- [ ] Run the statement and resolve unassigned accounts

### Acceptance criteria
- Statement runs with no unassigned accounts

**Evidence required:** Configuration document entry

**Accounting impact:** For every posting, write the debit and credit lines and the effect on the financial statements.

**Troubleshooting:** Read the full message with its number. Record each error and its cause in the issue notes. If stuck for more than 30 minutes, set the status to Blocked and describe the blocker.

**Documentation:** Add the setting, its values and the business reason to your configuration document.

**Assessment:** Instructor checks the setting, its test posting and the documented business reason. Type: Configuration.

### Completion criteria
- Every step is done and every acceptance criterion is demonstrated
- Required evidence is attached to the issue
- The accounting impact is written down where a posting was made
- Actual time is logged against the issue
- Instructor Review is Approved and the status is Completed

**Estimated time:** 3 h

**Next task:** LAB-025","Closing","V11.0 Financial Closing","MOD-19","LAB-024","3","L4 - Advanced","Configuration","SAP S/4HANA Training System","Configuration document entry","OB58; F.01","S/4HANA (ECC differences noted)","Same concept as ECC","Financial Closing","None","Level 2 - SAP FI & CO Core","FI","Configuration","0","Pending"
"LAB-025","LAB-025","Lab","Normal","[LAB-025] Year-End Closing","**Objective:** Year-End Closing

**Prerequisites:** CFG-017

**Concepts:** Open item clearing; Accruals; Deferrals; Foreign currency valuation; GR/IR clearing; Depreciation; Asset closing; AP closing; AR closing; GL closing; Company code currency; Local currency; Group currency; Transaction currency; Translation; Valuation

**Transaction codes:** FAGLGVTR; AJAB; F.07; OB52 (find the Fiori app for each in the apps reference library)

**Business process:** Financial Closing

**Environment:** SAP S/4HANA Training System

### Steps
- [ ] Complete the last period closing
- [ ] Close the asset fiscal year
- [ ] Run balance carryforward for the ledger and for customers and vendors
- [ ] Open the new year periods and number ranges
- [ ] Check opening balances

### Acceptance criteria
- Balance sheet accounts carry forward and profit moves to retained earnings
- New year is open for posting

**Evidence required:** Document numbers + screenshots

**Accounting impact:** For every posting, write the debit and credit lines and the effect on the financial statements.

**Troubleshooting:** Read the full message with its number. Record each error and its cause in the issue notes. If stuck for more than 30 minutes, set the status to Blocked and describe the blocker.

**Assessment:** Instructor verifies the acceptance criteria from the evidence and may ask for a live demonstration. Type: Transaction execution.

### Completion criteria
- Every step is done and every acceptance criterion is demonstrated
- Required evidence is attached to the issue
- The accounting impact is written down where a posting was made
- Actual time is logged against the issue
- Instructor Review is Approved and the status is Completed

**Estimated time:** 4 h

**Next task:** PROJECT-001","Closing","V11.0 Financial Closing","MOD-19","CFG-017","4","L4 - Advanced","Guided Lab","SAP S/4HANA Training System","Document numbers + screenshots","FAGLGVTR; AJAB; F.07; OB52","S/4HANA (ECC differences noted)","Same concept as ECC","Financial Closing","None","Level 2 - SAP FI & CO Core","FI","Transaction execution","0","Pending"
"PROJECT-001","PROJECT-001","Project","Normal","[PROJECT-001] Month-end closing project: simulated company month","**Objective:** Month-end closing project: simulated company month

**Prerequisites:** LAB-025

**Concepts:** Open item clearing; Accruals; Deferrals; Foreign currency valuation; GR/IR clearing; Depreciation; Asset closing; AP closing; AR closing; GL closing; Company code currency; Local currency; Group currency; Transaction currency; Translation; Valuation

**Business process:** Financial Closing

**Environment:** SAP S/4HANA Training System

### Steps
- [ ] Take the instructor company month
- [ ] Post the transactions
- [ ] Clear open items
- [ ] Run depreciation
- [ ] Post accruals
- [ ] Run foreign currency valuation
- [ ] Reconcile
- [ ] Execute closing
- [ ] Generate financial statements
- [ ] Write the closing report

### Acceptance criteria
- Statements agree with the expected results within tolerance
- Closing report documents each step

**Evidence required:** Project documentation

**Accounting impact:** For every posting, write the debit and credit lines and the effect on the financial statements.

**Troubleshooting:** Read the full message with its number. Record each error and its cause in the issue notes. If stuck for more than 30 minutes, set the status to Blocked and describe the blocker.

**Assessment:** Scored 0-100 on working result, tests and documentation. Type: Project.

### Completion criteria
- Every step is done and every acceptance criterion is demonstrated
- Required evidence is attached to the issue
- The accounting impact is written down where a posting was made
- Actual time is logged against the issue
- Instructor Review is Approved and the status is Completed

**Estimated time:** 8 h

**Next task:** PROJECT-002","Closing","V11.0 Financial Closing","MOD-19","LAB-025","8","L4 - Advanced","Project","SAP S/4HANA Training System","Project documentation","","S/4HANA (ECC differences noted)","Same concept as ECC","Financial Closing","None","Level 2 - SAP FI & CO Core","FI","Project","1","Pending"
"PROJECT-002","PROJECT-002","Project","Normal","[PROJECT-002] Year-end closing project","**Objective:** Year-end closing project

**Prerequisites:** PROJECT-001

**Concepts:** Open item clearing; Accruals; Deferrals; Foreign currency valuation; GR/IR clearing; Depreciation; Asset closing; AP closing; AR closing; GL closing; Company code currency; Local currency; Group currency; Transaction currency; Translation; Valuation

**Business process:** Financial Closing

**Environment:** SAP S/4HANA Training System

### Steps
- [ ] Take the instructor year
- [ ] Post adjustments
- [ ] Close assets, AP and AR and the general ledger
- [ ] Run carryforward
- [ ] Prepare audit support schedules
- [ ] Produce annual statements

### Acceptance criteria
- Opening balances of the new year are correct
- Audit schedules reconcile to the ledger

**Evidence required:** Project documentation

**Accounting impact:** For every posting, write the debit and credit lines and the effect on the financial statements.

**Troubleshooting:** Read the full message with its number. Record each error and its cause in the issue notes. If stuck for more than 30 minutes, set the status to Blocked and describe the blocker.

**Assessment:** Scored 0-100 on working result, tests and documentation. Type: Project.

### Completion criteria
- Every step is done and every acceptance criterion is demonstrated
- Required evidence is attached to the issue
- The accounting impact is written down where a posting was made
- Actual time is logged against the issue
- Instructor Review is Approved and the status is Completed

**Estimated time:** 8 h

**Next task:** TSH-020","Closing","V11.0 Financial Closing","MOD-19","PROJECT-001","8","L4 - Advanced","Project","SAP S/4HANA Training System","Project documentation","","S/4HANA (ECC differences noted)","Same concept as ECC","Financial Closing","None","Level 2 - SAP FI & CO Core","FI","Project","1","Pending"
"TSH-020","TSH-020","Troubleshooting","Normal","[TSH-020] Scenario 20: foreign currency valuation posts nothing or to the wrong account","**Objective:** Scenario 20: foreign currency valuation posts nothing or to the wrong account

**Prerequisites:** PROJECT-002

**Concepts:** Open item clearing; Accruals; Deferrals; Foreign currency valuation; GR/IR clearing; Depreciation; Asset closing; AP closing; AR closing; GL closing; Company code currency; Local currency; Group currency; Transaction currency; Translation; Valuation

**Transaction codes:** F.13; FBS1; F.81; FAGL_FCV; MR11; AFAB; OB52; F.01; FAGLGVTR; AJAB (find the Fiori app for each in the apps reference library)

**Business process:** Financial Closing

**Environment:** SAP S/4HANA Training System

### Steps
- [ ] Reproduce the error in the training client (instructor-prepared)
- [ ] Record the exact message number and text, and the business impact
- [ ] Check valuation method, valuation area and account assignment for the reconciliation account
- [ ] Apply the fix
- [ ] Re-run the original transaction to validate
- [ ] Write the eight-section report: problem, business impact, evidence, root cause, configuration, fix, validation, prevention

### Acceptance criteria
- The original transaction now works
- Root cause is shown in configuration or master data
- Report has all eight sections

**Evidence required:** Root cause report

**Accounting impact:** For every posting, write the debit and credit lines and the effect on the financial statements.

**Assessment:** Instructor grades the eight-section report. Type: Troubleshooting.

### Completion criteria
- Every step is done and every acceptance criterion is demonstrated
- Required evidence is attached to the issue
- The accounting impact is written down where a posting was made
- Actual time is logged against the issue
- Instructor Review is Approved and the status is Completed

**Estimated time:** 2 h

**Next task:** TSH-021","Closing","V11.0 Financial Closing","MOD-19","PROJECT-002","2","L4 - Advanced","Troubleshooting","SAP S/4HANA Training System","Root cause report","F.13; FBS1; F.81; FAGL_FCV; MR11; AFAB; OB52; F.01; FAGLGVTR; AJAB","S/4HANA (ECC differences noted)","Same concept as ECC","Financial Closing","None","Level 2 - SAP FI & CO Core","FI","Troubleshooting","0","Pending"
"TSH-021","TSH-021","Troubleshooting","Normal","[TSH-021] Scenario 21: balance carryforward wrong, profit not in retained earnings","**Objective:** Scenario 21: balance carryforward wrong, profit not in retained earnings

**Prerequisites:** TSH-020

**Concepts:** Open item clearing; Accruals; Deferrals; Foreign currency valuation; GR/IR clearing; Depreciation; Asset closing; AP closing; AR closing; GL closing; Company code currency; Local currency; Group currency; Transaction currency; Translation; Valuation

**Transaction codes:** F.13; FBS1; F.81; FAGL_FCV; MR11; AFAB; OB52; F.01; FAGLGVTR; AJAB (find the Fiori app for each in the apps reference library)

**Business process:** Financial Closing

**Environment:** SAP S/4HANA Training System

### Steps
- [ ] Reproduce the error in the training client (instructor-prepared)
- [ ] Record the exact message number and text, and the business impact
- [ ] Check retained earnings account assignment and P and L account type
- [ ] Re-run carryforward
- [ ] Apply the fix
- [ ] Re-run the original transaction to validate
- [ ] Write the eight-section report: problem, business impact, evidence, root cause, configuration, fix, validation, prevention

### Acceptance criteria
- The original transaction now works
- Root cause is shown in configuration or master data
- Report has all eight sections

**Evidence required:** Root cause report

**Accounting impact:** For every posting, write the debit and credit lines and the effect on the financial statements.

**Assessment:** Instructor grades the eight-section report. Type: Troubleshooting.

### Completion criteria
- Every step is done and every acceptance criterion is demonstrated
- Required evidence is attached to the issue
- The accounting impact is written down where a posting was made
- Actual time is logged against the issue
- Instructor Review is Approved and the status is Completed

**Estimated time:** 2 h

**Next task:** TSH-022","Closing","V11.0 Financial Closing","MOD-19","TSH-020","2","L4 - Advanced","Troubleshooting","SAP S/4HANA Training System","Root cause report","F.13; FBS1; F.81; FAGL_FCV; MR11; AFAB; OB52; F.01; FAGLGVTR; AJAB","S/4HANA (ECC differences noted)","Same concept as ECC","Financial Closing","None","Level 2 - SAP FI & CO Core","FI","Troubleshooting","0","Pending"
"TSH-022","TSH-022","Troubleshooting","Normal","[TSH-022] Scenario 22: exchange rate missing or currency translation error","**Objective:** Scenario 22: exchange rate missing or currency translation error

**Prerequisites:** TSH-021

**Concepts:** Open item clearing; Accruals; Deferrals; Foreign currency valuation; GR/IR clearing; Depreciation; Asset closing; AP closing; AR closing; GL closing; Company code currency; Local currency; Group currency; Transaction currency; Translation; Valuation

**Transaction codes:** F.13; FBS1; F.81; FAGL_FCV; MR11; AFAB; OB52; F.01; FAGLGVTR; AJAB (find the Fiori app for each in the apps reference library)

**Business process:** Financial Closing

**Environment:** SAP S/4HANA Training System

### Steps
- [ ] Reproduce the error in the training client (instructor-prepared)
- [ ] Record the exact message number and text, and the business impact
- [ ] Read the message
- [ ] Check rate type, date and currency pair
- [ ] Maintain the rate
- [ ] Apply the fix
- [ ] Re-run the original transaction to validate
- [ ] Write the eight-section report: problem, business impact, evidence, root cause, configuration, fix, validation, prevention

### Acceptance criteria
- The original transaction now works
- Root cause is shown in configuration or master data
- Report has all eight sections

**Evidence required:** Root cause report

**Accounting impact:** For every posting, write the debit and credit lines and the effect on the financial statements.

**Assessment:** Instructor grades the eight-section report. Type: Troubleshooting.

### Completion criteria
- Every step is done and every acceptance criterion is demonstrated
- Required evidence is attached to the issue
- The accounting impact is written down where a posting was made
- Actual time is logged against the issue
- Instructor Review is Approved and the status is Completed

**Estimated time:** 1 h

**Next task:** ASM-011","Closing","V11.0 Financial Closing","MOD-19","TSH-021","1","L4 - Advanced","Troubleshooting","SAP S/4HANA Training System","Root cause report","F.13; FBS1; F.81; FAGL_FCV; MR11; AFAB; OB52; F.01; FAGLGVTR; AJAB","S/4HANA (ECC differences noted)","Same concept as ECC","Financial Closing","None","Level 2 - SAP FI & CO Core","FI","Troubleshooting","0","Pending"
"ASM-011","ASM-011","Assessment","High","[ASM-011] Phase 11 assessment: financial closing","**Objective:** Phase 11 assessment: financial closing

**Prerequisites:** TSH-022

**Concepts:** Open item clearing; Accruals; Deferrals; Foreign currency valuation; GR/IR clearing; Depreciation; Asset closing; AP closing; AR closing; GL closing; Company code currency; Local currency; Group currency; Transaction currency; Translation; Valuation

**Business process:** Financial Closing

**Environment:** SAP S/4HANA Training System

### Steps
- [ ] Execute a month-end closing from a checklist on an unseen data set and present the statements

### Acceptance criteria
- Score of 70 or higher

**Evidence required:** Scored result

**Accounting impact:** For every posting, write the debit and credit lines and the effect on the financial statements.

**Troubleshooting:** Read the full message with its number. Record each error and its cause in the issue notes. If stuck for more than 30 minutes, set the status to Blocked and describe the blocker.

**Assessment:** Scored 0-100. Pass mark 70. Type: Business process.

### Completion criteria
- Every step is done and every acceptance criterion is demonstrated
- Required evidence is attached to the issue
- The accounting impact is written down where a posting was made
- Actual time is logged against the issue
- Instructor Review is Approved and the status is Completed

**Estimated time:** 3 h

**Next task:** Last task of this module","Closing","V11.0 Financial Closing","MOD-19","TSH-022","3","L4 - Advanced","Assessment","SAP S/4HANA Training System","Scored result","","S/4HANA (ECC differences noted)","Same concept as ECC","Financial Closing","None","Level 2 - SAP FI & CO Core","FI","Business process","0","Pending"
"REVIEW-11","REVIEW-11","Review","High","[REVIEW-11] Phase 11 gate review","**Objective:** Confirm that phase 11 (Financial Closing) is complete.

### Checklist
- [ ] Every issue of the phase is Completed
- [ ] Evidence is attached to every issue
- [ ] Time is logged
- [ ] Assessment score is 70 or higher
- [ ] Configuration document is up to date

**Assessment:** Instructor confirms the checklist and records the gate decision.

**Estimated time:** 1 h","","V11.0 Financial Closing","PHASE-11","ASM-011","1","","Review","","Instructor sign-off","","","","","","","","Review","0","Pending"
"PHASE-12","PHASE-12","Phase","Normal","[PHASE-12] CO Fundamentals","Phase 12 of 30. Version: V12.0 CO Fundamentals.

Modules: 1. Estimated hours: 13.

- MOD-20 Controlling Fundamentals

The phase closes with the gate review REVIEW-12.","","V12.0 CO Fundamentals","EPIC","","","","","","","","","","","","","","","",""
"MOD-20","MOD-20","Module","Normal","[MOD-20] Controlling Fundamentals","**Topics:** Management accounting; Cost; Revenue; Profit; Cost object; Cost center; Profit center; Internal order; Product cost; Profitability segment

**Transaction codes:** OKKP; OKB9; KA23; FS00

**Environment:** SAP S/4HANA Training System

**Tasks:** 5, 12 estimated hours.

- THY-027 Management accounting versus financial accounting
- THY-028 Cost elements in S/4HANA: primary and secondary as G/L accounts
- CFG-018 Controlling area settings and number ranges
- CFG-019 Create primary and secondary cost elements and default account assignment
- ASM-012 Phase 12 assessment: CO fundamentals","CO Basics","V12.0 CO Fundamentals","PHASE-12","","","","","SAP S/4HANA Training System","","OKKP; OKB9; KA23; FS00","S/4HANA (ECC differences noted)","Same concept as ECC","Management Accounting","CO","Level 2 - SAP FI & CO Core","CO","","",""
"THY-027","THY-027","Theory","Normal","[THY-027] Management accounting versus financial accounting","**Objective:** Management accounting versus financial accounting

**Prerequisites:** ASM-011

**Concepts:** Management accounting; Cost; Revenue; Profit; Cost object; Cost center; Profit center; Internal order; Product cost; Profitability segment

**Business process:** Management Accounting

**Environment:** SAP S/4HANA Training System

### Steps
- [ ] Study who uses each and for what decisions
- [ ] Study cost, revenue and profit from a management view
- [ ] Study real and statistical cost objects
- [ ] Study how controlling components connect: cost centres, orders, product cost, profitability

### Acceptance criteria
- Explains why the same expense is viewed differently in FI and CO
- Draws the value flow between CO components

**Evidence required:** Notes

**Accounting impact:** For every posting, write the debit and credit lines and the effect on the financial statements.

**Assessment:** Instructor checks the notes and asks short oral questions. Type: Short answer.

### Completion criteria
- Every step is done and every acceptance criterion is demonstrated
- Required evidence is attached to the issue
- The accounting impact is written down where a posting was made
- Actual time is logged against the issue
- Instructor Review is Approved and the status is Completed

**Estimated time:** 3 h

**Next task:** THY-028","CO Basics","V12.0 CO Fundamentals","MOD-20","ASM-011","3","L2 - Basic","Theory","SAP S/4HANA Training System","Notes","","S/4HANA (ECC differences noted)","Same concept as ECC","Management Accounting","CO","Level 2 - SAP FI & CO Core","CO","Short answer","0","Pending"
"THY-028","THY-028","Theory","Normal","[THY-028] Cost elements in S/4HANA: primary and secondary as G/L accounts","**Objective:** Cost elements in S/4HANA: primary and secondary as G/L accounts

**Prerequisites:** THY-027

**Concepts:** Management accounting; Cost; Revenue; Profit; Cost object; Cost center; Profit center; Internal order; Product cost; Profitability segment

**Business process:** Management Accounting

**Environment:** SAP S/4HANA Training System

### Steps
- [ ] Study primary and secondary cost elements and their categories
- [ ] Study that cost elements are G/L accounts in S/4HANA
- [ ] Compare with ECC

### Acceptance criteria
- Explains cost element category with three examples
- States the S/4HANA change

**Evidence required:** Notes

**Accounting impact:** For every posting, write the debit and credit lines and the effect on the financial statements.

**Assessment:** Instructor checks the notes and asks short oral questions. Type: Short answer.

### Completion criteria
- Every step is done and every acceptance criterion is demonstrated
- Required evidence is attached to the issue
- The accounting impact is written down where a posting was made
- Actual time is logged against the issue
- Instructor Review is Approved and the status is Completed

**Estimated time:** 2 h

**Next task:** CFG-018","CO Basics","V12.0 CO Fundamentals","MOD-20","THY-027","2","L2 - Basic","Theory","SAP S/4HANA Training System","Notes","","S/4HANA (ECC differences noted)","Same concept as ECC","Management Accounting","CO","Level 2 - SAP FI & CO Core","CO","Short answer","0","Pending"
"CFG-018","CFG-018","Configuration","Normal","[CFG-018] Controlling area settings and number ranges","**Objective:** Controlling area settings and number ranges

**Prerequisites:** THY-028

**Concepts:** Management accounting; Cost; Revenue; Profit; Cost object; Cost center; Profit center; Internal order; Product cost; Profitability segment

**Transaction codes:** OKKP; KANK (find the Fiori app for each in the apps reference library)

**Business process:** Management Accounting

**Environment:** SAP S/4HANA Training System

### Steps
- [ ] Maintain the controlling area basic data and active components
- [ ] Maintain CO document number ranges
- [ ] Maintain versions

### Acceptance criteria
- Components are active for the fiscal year
- CO documents get numbers

**Evidence required:** Configuration document entry

**Accounting impact:** For every posting, write the debit and credit lines and the effect on the financial statements.

**Troubleshooting:** Read the full message with its number. Record each error and its cause in the issue notes. If stuck for more than 30 minutes, set the status to Blocked and describe the blocker.

**Documentation:** Add the setting, its values and the business reason to your configuration document.

**Assessment:** Instructor checks the setting, its test posting and the documented business reason. Type: Configuration.

### Completion criteria
- Every step is done and every acceptance criterion is demonstrated
- Required evidence is attached to the issue
- The accounting impact is written down where a posting was made
- Actual time is logged against the issue
- Instructor Review is Approved and the status is Completed

**Estimated time:** 3 h

**Next task:** CFG-019","CO Basics","V12.0 CO Fundamentals","MOD-20","THY-028","3","L2 - Basic","Configuration","SAP S/4HANA Training System","Configuration document entry","OKKP; KANK","S/4HANA (ECC differences noted)","Same concept as ECC","Management Accounting","CO","Level 2 - SAP FI & CO Core","CO","Configuration","0","Pending"
"CFG-019","CFG-019","Configuration","Normal","[CFG-019] Create primary and secondary cost elements and default account assignment","**Objective:** Create primary and secondary cost elements and default account assignment

**Prerequisites:** CFG-018

**Concepts:** Management accounting; Cost; Revenue; Profit; Cost object; Cost center; Profit center; Internal order; Product cost; Profitability segment

**Transaction codes:** FS00; OKB9 (find the Fiori app for each in the apps reference library)

**Business process:** Management Accounting

**Environment:** SAP S/4HANA Training System

### Steps
- [ ] Create expense accounts as primary cost elements
- [ ] Create secondary cost elements for assessment, settlement and activity allocation
- [ ] Set default account assignment for selected accounts

### Acceptance criteria
- A posting to an expense account requires and receives a cost object

**Evidence required:** Configuration document entry

**Accounting impact:** For every posting, write the debit and credit lines and the effect on the financial statements.

**Troubleshooting:** Read the full message with its number. Record each error and its cause in the issue notes. If stuck for more than 30 minutes, set the status to Blocked and describe the blocker.

**Documentation:** Add the setting, its values and the business reason to your configuration document.

**Assessment:** Instructor checks the setting, its test posting and the documented business reason. Type: Configuration.

### Completion criteria
- Every step is done and every acceptance criterion is demonstrated
- Required evidence is attached to the issue
- The accounting impact is written down where a posting was made
- Actual time is logged against the issue
- Instructor Review is Approved and the status is Completed

**Estimated time:** 3 h

**Next task:** ASM-012","CO Basics","V12.0 CO Fundamentals","MOD-20","CFG-018","3","L2 - Basic","Configuration","SAP S/4HANA Training System","Configuration document entry","FS00; OKB9","S/4HANA (ECC differences noted)","Same concept as ECC","Management Accounting","CO","Level 2 - SAP FI & CO Core","CO","Configuration","0","Pending"
"ASM-012","ASM-012","Assessment","High","[ASM-012] Phase 12 assessment: CO fundamentals","**Objective:** Phase 12 assessment: CO fundamentals

**Prerequisites:** CFG-019

**Concepts:** Management accounting; Cost; Revenue; Profit; Cost object; Cost center; Profit center; Internal order; Product cost; Profitability segment

**Business process:** Management Accounting

**Environment:** SAP S/4HANA Training System

### Steps
- [ ] Complete the question set

### Acceptance criteria
- Score of 70 or higher

**Evidence required:** Scored result

**Accounting impact:** For every posting, write the debit and credit lines and the effect on the financial statements.

**Troubleshooting:** Read the full message with its number. Record each error and its cause in the issue notes. If stuck for more than 30 minutes, set the status to Blocked and describe the blocker.

**Assessment:** Scored 0-100. Pass mark 70. Type: MCQ + short answer.

### Completion criteria
- Every step is done and every acceptance criterion is demonstrated
- Required evidence is attached to the issue
- The accounting impact is written down where a posting was made
- Actual time is logged against the issue
- Instructor Review is Approved and the status is Completed

**Estimated time:** 1 h

**Next task:** Last task of this module","CO Basics","V12.0 CO Fundamentals","MOD-20","CFG-019","1","L2 - Basic","Assessment","SAP S/4HANA Training System","Scored result","","S/4HANA (ECC differences noted)","Same concept as ECC","Management Accounting","CO","Level 2 - SAP FI & CO Core","CO","MCQ + short answer","0","Pending"
"REVIEW-12","REVIEW-12","Review","High","[REVIEW-12] Phase 12 gate review","**Objective:** Confirm that phase 12 (CO Fundamentals) is complete.

### Checklist
- [ ] Every issue of the phase is Completed
- [ ] Evidence is attached to every issue
- [ ] Time is logged
- [ ] Assessment score is 70 or higher
- [ ] Configuration document is up to date

**Assessment:** Instructor confirms the checklist and records the gate decision.

**Estimated time:** 1 h","","V12.0 CO Fundamentals","PHASE-12","ASM-012","1","","Review","","Instructor sign-off","","","","","","","","Review","0","Pending"
"PHASE-13","PHASE-13","Phase","Normal","[PHASE-13] Cost Center Accounting","Phase 13 of 30. Version: V13.0 Cost Center Accounting.

Modules: 1. Estimated hours: 25.

- MOD-21 Cost Center Accounting

The phase closes with the gate review REVIEW-13.","","V13.0 Cost Center Accounting","EPIC","","","","","","","","","","","","","","","",""
"MOD-21","MOD-21","Module","Normal","[MOD-21] Cost Center Accounting","**Topics:** Cost center; Cost element concepts; Primary costs; Secondary costs; Allocations; Assessments; Distributions; Activity types; Statistical key figures

**Transaction codes:** KS01; OKEON; KSH1; KB21N; KP06; KP26; KSU1; KSU5; KSV1; KSV5; KK01; KB31N; KSB1; S_ALR_87013611

**Environment:** SAP S/4HANA Training System

**Tasks:** 9, 24 estimated hours.

- THY-029 Cost centres, hierarchy and categories
- LAB-026 Cost Center
- CO-001 Activity types, statistical key figures and planning
- CO-002 Distribution and assessment cycles
- CO-003 Direct activity allocation and reposting
- BP-004 Cost centre accounting scenario: plan, post, allocate, report
- TSH-023 Scenario 23: cost centre error, posting blocked or cost centre not valid on the date
- TSH-024 Scenario 24: assessment cycle fails or allocates nothing
- ASM-013 Phase 13 assessment: cost centre accounting","Cost Center","V13.0 Cost Center Accounting","PHASE-13","","","","","SAP S/4HANA Training System","","KS01; OKEON; KSH1; KB21N; KP06; KP26; KSU1; KSU5; KSV1; KSV5; KK01; KB31N; KSB1; S_ALR_87013611","S/4HANA (ECC differences noted)","Same concept as ECC","Management Accounting","CO","Level 2 - SAP FI & CO Core","CO","","",""
"THY-029","THY-029","Theory","Normal","[THY-029] Cost centres, hierarchy and categories","**Objective:** Cost centres, hierarchy and categories

**Prerequisites:** ASM-012

**Concepts:** Cost center; Cost element concepts; Primary costs; Secondary costs; Allocations; Assessments; Distributions; Activity types; Statistical key figures

**Business process:** Management Accounting

**Environment:** SAP S/4HANA Training System

### Steps
- [ ] Study what a cost centre represents
- [ ] Study the standard hierarchy and groups
- [ ] Study categories and lock indicators

### Acceptance criteria
- Designs a hierarchy for the course company

**Evidence required:** Notes

**Accounting impact:** For every posting, write the debit and credit lines and the effect on the financial statements.

**Assessment:** Instructor checks the notes and asks short oral questions. Type: Short answer.

### Completion criteria
- Every step is done and every acceptance criterion is demonstrated
- Required evidence is attached to the issue
- The accounting impact is written down where a posting was made
- Actual time is logged against the issue
- Instructor Review is Approved and the status is Completed

**Estimated time:** 2 h

**Next task:** LAB-026","Cost Center","V13.0 Cost Center Accounting","MOD-21","ASM-012","2","L3 - Intermediate","Theory","SAP S/4HANA Training System","Notes","","S/4HANA (ECC differences noted)","Same concept as ECC","Management Accounting","CO","Level 2 - SAP FI & CO Core","CO","Short answer","0","Pending"
"LAB-026","LAB-026","Lab","Normal","[LAB-026] Cost Center","**Objective:** Cost Center

**Prerequisites:** THY-029

**Concepts:** Cost center; Cost element concepts; Primary costs; Secondary costs; Allocations; Assessments; Distributions; Activity types; Statistical key figures

**Transaction codes:** OKEON; KS01; KSH1 (find the Fiori app for each in the apps reference library)

**Business process:** Management Accounting

**Environment:** SAP S/4HANA Training System

### Steps
- [ ] Build the standard hierarchy
- [ ] Create production, service and administration cost centres
- [ ] Create groups
- [ ] Post expenses to cost centres from FI
- [ ] Display actual line items

### Acceptance criteria
- Cost centres exist in the hierarchy
- FI postings appear in the line item report

**Evidence required:** Document numbers + screenshots

**Accounting impact:** For every posting, write the debit and credit lines and the effect on the financial statements.

**Troubleshooting:** Read the full message with its number. Record each error and its cause in the issue notes. If stuck for more than 30 minutes, set the status to Blocked and describe the blocker.

**Assessment:** Instructor verifies the acceptance criteria from the evidence and may ask for a live demonstration. Type: Transaction execution.

### Completion criteria
- Every step is done and every acceptance criterion is demonstrated
- Required evidence is attached to the issue
- The accounting impact is written down where a posting was made
- Actual time is logged against the issue
- Instructor Review is Approved and the status is Completed

**Estimated time:** 3 h

**Next task:** CO-001","Cost Center","V13.0 Cost Center Accounting","MOD-21","THY-029","3","L3 - Intermediate","Guided Lab","SAP S/4HANA Training System","Document numbers + screenshots","OKEON; KS01; KSH1","S/4HANA (ECC differences noted)","Same concept as ECC","Management Accounting","CO","Level 2 - SAP FI & CO Core","CO","Transaction execution","0","Pending"
"CO-001","CO-001","CO","Normal","[CO-001] Activity types, statistical key figures and planning","**Objective:** Activity types, statistical key figures and planning

**Prerequisites:** LAB-026

**Concepts:** Cost center; Cost element concepts; Primary costs; Secondary costs; Allocations; Assessments; Distributions; Activity types; Statistical key figures

**Transaction codes:** KL01; KK01; KP06; KP26; KB31N (find the Fiori app for each in the apps reference library)

**Business process:** Management Accounting

**Environment:** SAP S/4HANA Training System

### Steps
- [ ] Create activity types and statistical key figures
- [ ] Plan primary costs and activity output and price
- [ ] Enter actual statistical key figures

### Acceptance criteria
- Plan values and prices exist
- Key figures are posted

**Evidence required:** Document numbers + screenshots

**Accounting impact:** For every posting, write the debit and credit lines and the effect on the financial statements.

**Troubleshooting:** Read the full message with its number. Record each error and its cause in the issue notes. If stuck for more than 30 minutes, set the status to Blocked and describe the blocker.

**Assessment:** Instructor checks the posted documents and the stated value flow. Type: Transaction execution.

### Completion criteria
- Every step is done and every acceptance criterion is demonstrated
- Required evidence is attached to the issue
- The accounting impact is written down where a posting was made
- Actual time is logged against the issue
- Instructor Review is Approved and the status is Completed

**Estimated time:** 4 h

**Next task:** CO-002","Cost Center","V13.0 Cost Center Accounting","MOD-21","LAB-026","4","L3 - Intermediate","Transaction","SAP S/4HANA Training System","Document numbers + screenshots","KL01; KK01; KP06; KP26; KB31N","S/4HANA (ECC differences noted)","Same concept as ECC","Management Accounting","CO","Level 2 - SAP FI & CO Core","CO","Transaction execution","0","Pending"
"CO-002","CO-002","CO","Normal","[CO-002] Distribution and assessment cycles","**Objective:** Distribution and assessment cycles

**Prerequisites:** CO-001

**Concepts:** Cost center; Cost element concepts; Primary costs; Secondary costs; Allocations; Assessments; Distributions; Activity types; Statistical key figures

**Transaction codes:** KSV1; KSV5; KSU1; KSU5 (find the Fiori app for each in the apps reference library)

**Business process:** Management Accounting

**Environment:** SAP S/4HANA Training System

### Steps
- [ ] Create a distribution cycle for a primary cost
- [ ] Create an assessment cycle using a statistical key figure
- [ ] Run both in test and update
- [ ] Compare the results and the cost elements used

### Acceptance criteria
- Sender is credited and receivers are debited correctly
- Difference between distribution and assessment is explained from the documents

**Evidence required:** Document numbers + screenshots

**Accounting impact:** For every posting, write the debit and credit lines and the effect on the financial statements.

**Troubleshooting:** Read the full message with its number. Record each error and its cause in the issue notes. If stuck for more than 30 minutes, set the status to Blocked and describe the blocker.

**Assessment:** Instructor checks the posted documents and the stated value flow. Type: Transaction execution.

### Completion criteria
- Every step is done and every acceptance criterion is demonstrated
- Required evidence is attached to the issue
- The accounting impact is written down where a posting was made
- Actual time is logged against the issue
- Instructor Review is Approved and the status is Completed

**Estimated time:** 4 h

**Next task:** CO-003","Cost Center","V13.0 Cost Center Accounting","MOD-21","CO-001","4","L3 - Intermediate","Transaction","SAP S/4HANA Training System","Document numbers + screenshots","KSV1; KSV5; KSU1; KSU5","S/4HANA (ECC differences noted)","Same concept as ECC","Management Accounting","CO","Level 2 - SAP FI & CO Core","CO","Transaction execution","0","Pending"
"CO-003","CO-003","CO","Normal","[CO-003] Direct activity allocation and reposting","**Objective:** Direct activity allocation and reposting

**Prerequisites:** CO-002

**Concepts:** Cost center; Cost element concepts; Primary costs; Secondary costs; Allocations; Assessments; Distributions; Activity types; Statistical key figures

**Transaction codes:** KB21N; KB11N (find the Fiori app for each in the apps reference library)

**Business process:** Management Accounting

**Environment:** SAP S/4HANA Training System

### Steps
- [ ] Allocate activity from a service cost centre to receivers
- [ ] Repost a wrongly assigned cost

### Acceptance criteria
- Receivers are debited at the activity price
- Reposting corrects the assignment

**Evidence required:** Document numbers + screenshots

**Accounting impact:** For every posting, write the debit and credit lines and the effect on the financial statements.

**Troubleshooting:** Read the full message with its number. Record each error and its cause in the issue notes. If stuck for more than 30 minutes, set the status to Blocked and describe the blocker.

**Assessment:** Instructor checks the posted documents and the stated value flow. Type: Transaction execution.

### Completion criteria
- Every step is done and every acceptance criterion is demonstrated
- Required evidence is attached to the issue
- The accounting impact is written down where a posting was made
- Actual time is logged against the issue
- Instructor Review is Approved and the status is Completed

**Estimated time:** 2 h

**Next task:** BP-004","Cost Center","V13.0 Cost Center Accounting","MOD-21","CO-002","2","L3 - Intermediate","Transaction","SAP S/4HANA Training System","Document numbers + screenshots","KB21N; KB11N","S/4HANA (ECC differences noted)","Same concept as ECC","Management Accounting","CO","Level 2 - SAP FI & CO Core","CO","Transaction execution","0","Pending"
"BP-004","BP-004","Business Process","Normal","[BP-004] Cost centre accounting scenario: plan, post, allocate, report","**Objective:** Cost centre accounting scenario: plan, post, allocate, report

**Prerequisites:** CO-003

**Concepts:** Cost center; Cost element concepts; Primary costs; Secondary costs; Allocations; Assessments; Distributions; Activity types; Statistical key figures

**Transaction codes:** KP06; KSU5; KSV5; S_ALR_87013611 (find the Fiori app for each in the apps reference library)

**Business process:** Management Accounting

**Environment:** SAP S/4HANA Training System

### Steps
- [ ] Run a month for the course company: plan, actual postings, key figures, distribution, assessment, activity allocation
- [ ] Produce plan versus actual with variances and explain them

### Acceptance criteria
- Report shows plan, actual and variance per cost centre
- Variances are explained

**Evidence required:** Process document + document numbers

**Accounting impact:** For every posting, write the debit and credit lines and the effect on the financial statements.

**Troubleshooting:** Read the full message with its number. Record each error and its cause in the issue notes. If stuck for more than 30 minutes, set the status to Blocked and describe the blocker.

**Assessment:** Instructor checks the process end to end from the document numbers. Type: Business process.

### Completion criteria
- Every step is done and every acceptance criterion is demonstrated
- Required evidence is attached to the issue
- The accounting impact is written down where a posting was made
- Actual time is logged against the issue
- Instructor Review is Approved and the status is Completed

**Estimated time:** 4 h

**Next task:** TSH-023","Cost Center","V13.0 Cost Center Accounting","MOD-21","CO-003","4","L3 - Intermediate","Business Process","SAP S/4HANA Training System","Process document + document numbers","KP06; KSU5; KSV5; S_ALR_87013611","S/4HANA (ECC differences noted)","Same concept as ECC","Management Accounting","CO","Level 2 - SAP FI & CO Core","CO","Business process","0","Pending"
"TSH-023","TSH-023","Troubleshooting","Normal","[TSH-023] Scenario 23: cost centre error, posting blocked or cost centre not valid on the date","**Objective:** Scenario 23: cost centre error, posting blocked or cost centre not valid on the date

**Prerequisites:** BP-004

**Concepts:** Cost center; Cost element concepts; Primary costs; Secondary costs; Allocations; Assessments; Distributions; Activity types; Statistical key figures

**Transaction codes:** KS01; OKEON; KSH1; KB21N; KP06; KP26; KSU1; KSU5; KSV1; KSV5; KK01; KB31N; KSB1; S_ALR_87013611 (find the Fiori app for each in the apps reference library)

**Business process:** Management Accounting

**Environment:** SAP S/4HANA Training System

### Steps
- [ ] Reproduce the error in the training client (instructor-prepared)
- [ ] Record the exact message number and text, and the business impact
- [ ] Read the message
- [ ] Check validity period and lock indicators
- [ ] Correct master or date
- [ ] Apply the fix
- [ ] Re-run the original transaction to validate
- [ ] Write the eight-section report: problem, business impact, evidence, root cause, configuration, fix, validation, prevention

### Acceptance criteria
- The original transaction now works
- Root cause is shown in configuration or master data
- Report has all eight sections

**Evidence required:** Root cause report

**Accounting impact:** For every posting, write the debit and credit lines and the effect on the financial statements.

**Assessment:** Instructor grades the eight-section report. Type: Troubleshooting.

### Completion criteria
- Every step is done and every acceptance criterion is demonstrated
- Required evidence is attached to the issue
- The accounting impact is written down where a posting was made
- Actual time is logged against the issue
- Instructor Review is Approved and the status is Completed

**Estimated time:** 1 h

**Next task:** TSH-024","Cost Center","V13.0 Cost Center Accounting","MOD-21","BP-004","1","L3 - Intermediate","Troubleshooting","SAP S/4HANA Training System","Root cause report","KS01; OKEON; KSH1; KB21N; KP06; KP26; KSU1; KSU5; KSV1; KSV5; KK01; KB31N; KSB1; S_ALR_87013611","S/4HANA (ECC differences noted)","Same concept as ECC","Management Accounting","CO","Level 2 - SAP FI & CO Core","CO","Troubleshooting","0","Pending"
"TSH-024","TSH-024","Troubleshooting","Normal","[TSH-024] Scenario 24: assessment cycle fails or allocates nothing","**Objective:** Scenario 24: assessment cycle fails or allocates nothing

**Prerequisites:** TSH-023

**Concepts:** Cost center; Cost element concepts; Primary costs; Secondary costs; Allocations; Assessments; Distributions; Activity types; Statistical key figures

**Transaction codes:** KS01; OKEON; KSH1; KB21N; KP06; KP26; KSU1; KSU5; KSV1; KSV5; KK01; KB31N; KSB1; S_ALR_87013611 (find the Fiori app for each in the apps reference library)

**Business process:** Management Accounting

**Environment:** SAP S/4HANA Training System

### Steps
- [ ] Reproduce the error in the training client (instructor-prepared)
- [ ] Record the exact message number and text, and the business impact
- [ ] Check sender values, receiver tracing factors and segment validity
- [ ] Apply the fix
- [ ] Re-run the original transaction to validate
- [ ] Write the eight-section report: problem, business impact, evidence, root cause, configuration, fix, validation, prevention

### Acceptance criteria
- The original transaction now works
- Root cause is shown in configuration or master data
- Report has all eight sections

**Evidence required:** Root cause report

**Accounting impact:** For every posting, write the debit and credit lines and the effect on the financial statements.

**Assessment:** Instructor grades the eight-section report. Type: Troubleshooting.

### Completion criteria
- Every step is done and every acceptance criterion is demonstrated
- Required evidence is attached to the issue
- The accounting impact is written down where a posting was made
- Actual time is logged against the issue
- Instructor Review is Approved and the status is Completed

**Estimated time:** 2 h

**Next task:** ASM-013","Cost Center","V13.0 Cost Center Accounting","MOD-21","TSH-023","2","L3 - Intermediate","Troubleshooting","SAP S/4HANA Training System","Root cause report","KS01; OKEON; KSH1; KB21N; KP06; KP26; KSU1; KSU5; KSV1; KSV5; KK01; KB31N; KSB1; S_ALR_87013611","S/4HANA (ECC differences noted)","Same concept as ECC","Management Accounting","CO","Level 2 - SAP FI & CO Core","CO","Troubleshooting","0","Pending"
"ASM-013","ASM-013","Assessment","High","[ASM-013] Phase 13 assessment: cost centre accounting","**Objective:** Phase 13 assessment: cost centre accounting

**Prerequisites:** TSH-024

**Concepts:** Cost center; Cost element concepts; Primary costs; Secondary costs; Allocations; Assessments; Distributions; Activity types; Statistical key figures

**Business process:** Management Accounting

**Environment:** SAP S/4HANA Training System

### Steps
- [ ] Create masters, post costs and run an allocation from a requirement

### Acceptance criteria
- Score of 70 or higher

**Evidence required:** Scored result

**Accounting impact:** For every posting, write the debit and credit lines and the effect on the financial statements.

**Troubleshooting:** Read the full message with its number. Record each error and its cause in the issue notes. If stuck for more than 30 minutes, set the status to Blocked and describe the blocker.

**Assessment:** Scored 0-100. Pass mark 70. Type: Configuration + business process.

### Completion criteria
- Every step is done and every acceptance criterion is demonstrated
- Required evidence is attached to the issue
- The accounting impact is written down where a posting was made
- Actual time is logged against the issue
- Instructor Review is Approved and the status is Completed

**Estimated time:** 2 h

**Next task:** Last task of this module","Cost Center","V13.0 Cost Center Accounting","MOD-21","TSH-024","2","L3 - Intermediate","Assessment","SAP S/4HANA Training System","Scored result","","S/4HANA (ECC differences noted)","Same concept as ECC","Management Accounting","CO","Level 2 - SAP FI & CO Core","CO","Configuration + business process","0","Pending"
"REVIEW-13","REVIEW-13","Review","High","[REVIEW-13] Phase 13 gate review","**Objective:** Confirm that phase 13 (Cost Center Accounting) is complete.

### Checklist
- [ ] Every issue of the phase is Completed
- [ ] Evidence is attached to every issue
- [ ] Time is logged
- [ ] Assessment score is 70 or higher
- [ ] Configuration document is up to date

**Assessment:** Instructor confirms the checklist and records the gate decision.

**Estimated time:** 1 h","","V13.0 Cost Center Accounting","PHASE-13","ASM-013","1","","Review","","Instructor sign-off","","","","","","","","Review","0","Pending"
"PHASE-14","PHASE-14","Phase","Normal","[PHASE-14] Internal Orders","Phase 14 of 30. Version: V14.0 Internal Orders.

Modules: 1. Estimated hours: 16.

- MOD-22 Internal Orders

The phase closes with the gate review REVIEW-14.","","V14.0 Internal Orders","EPIC","","","","","","","","","","","","","","","",""
"MOD-22","MOD-22","Module","Normal","[MOD-22] Internal Orders","**Topics:** Internal order; Order types; Planning; Budgeting; Actual postings; Settlement; Period-end processing

**Transaction codes:** KOT2; KO01; KO12; KO22; OKOB; KO02; KO88; KOB1; S_ALR_87012993

**Environment:** SAP S/4HANA Training System

**Tasks:** 7, 15 estimated hours.

- THY-030 Internal orders: real, statistical, overhead and investment
- CFG-020 Order types, number ranges, settlement profile and budget profile
- LAB-027 Internal Order
- CO-004 Settlement and period-end processing of orders
- TSH-025 Scenario 25: order settlement error
- TSH-026 Scenario 26: budget exceeded message on posting
- ASM-014 Phase 14 assessment: internal orders","Internal Order","V14.0 Internal Orders","PHASE-14","","","","","SAP S/4HANA Training System","","KOT2; KO01; KO12; KO22; OKOB; KO02; KO88; KOB1; S_ALR_87012993","S/4HANA (ECC differences noted)","Same concept as ECC","Management Accounting","CO","Level 2 - SAP FI & CO Core","CO","","",""
"THY-030","THY-030","Theory","Normal","[THY-030] Internal orders: real, statistical, overhead and investment","**Objective:** Internal orders: real, statistical, overhead and investment

**Prerequisites:** ASM-013

**Concepts:** Internal order; Order types; Planning; Budgeting; Actual postings; Settlement; Period-end processing

**Business process:** Management Accounting

**Environment:** SAP S/4HANA Training System

### Steps
- [ ] Study what orders are used for
- [ ] Study order types, status management and settlement
- [ ] Study planning versus budgeting and availability control

### Acceptance criteria
- Chooses order or cost centre for six cases

**Evidence required:** Notes

**Accounting impact:** For every posting, write the debit and credit lines and the effect on the financial statements.

**Assessment:** Instructor checks the notes and asks short oral questions. Type: Short answer.

### Completion criteria
- Every step is done and every acceptance criterion is demonstrated
- Required evidence is attached to the issue
- The accounting impact is written down where a posting was made
- Actual time is logged against the issue
- Instructor Review is Approved and the status is Completed

**Estimated time:** 2 h

**Next task:** CFG-020","Internal Order","V14.0 Internal Orders","MOD-22","ASM-013","2","L3 - Intermediate","Theory","SAP S/4HANA Training System","Notes","","S/4HANA (ECC differences noted)","Same concept as ECC","Management Accounting","CO","Level 2 - SAP FI & CO Core","CO","Short answer","0","Pending"
"CFG-020","CFG-020","Configuration","Normal","[CFG-020] Order types, number ranges, settlement profile and budget profile","**Objective:** Order types, number ranges, settlement profile and budget profile

**Prerequisites:** THY-030

**Concepts:** Internal order; Order types; Planning; Budgeting; Actual postings; Settlement; Period-end processing

**Transaction codes:** KOT2; KONK; OKO7; OKOB (find the Fiori app for each in the apps reference library)

**Business process:** Management Accounting

**Environment:** SAP S/4HANA Training System

### Steps
- [ ] Create an order type for marketing campaigns and one for investments
- [ ] Define the settlement profile and allocation structure
- [ ] Define a budget profile with availability control

### Acceptance criteria
- Order types exist with profiles and number ranges

**Evidence required:** Configuration document entry

**Accounting impact:** For every posting, write the debit and credit lines and the effect on the financial statements.

**Troubleshooting:** Read the full message with its number. Record each error and its cause in the issue notes. If stuck for more than 30 minutes, set the status to Blocked and describe the blocker.

**Documentation:** Add the setting, its values and the business reason to your configuration document.

**Assessment:** Instructor checks the setting, its test posting and the documented business reason. Type: Configuration.

### Completion criteria
- Every step is done and every acceptance criterion is demonstrated
- Required evidence is attached to the issue
- The accounting impact is written down where a posting was made
- Actual time is logged against the issue
- Instructor Review is Approved and the status is Completed

**Estimated time:** 3 h

**Next task:** LAB-027","Internal Order","V14.0 Internal Orders","MOD-22","THY-030","3","L3 - Intermediate","Configuration","SAP S/4HANA Training System","Configuration document entry","KOT2; KONK; OKO7; OKOB","S/4HANA (ECC differences noted)","Same concept as ECC","Management Accounting","CO","Level 2 - SAP FI & CO Core","CO","Configuration","0","Pending"
"LAB-027","LAB-027","Lab","Normal","[LAB-027] Internal Order","**Objective:** Internal Order

**Prerequisites:** CFG-020

**Concepts:** Internal order; Order types; Planning; Budgeting; Actual postings; Settlement; Period-end processing

**Transaction codes:** KO01; KO12; KO22; FB50 (find the Fiori app for each in the apps reference library)

**Business process:** Management Accounting

**Environment:** SAP S/4HANA Training System

### Steps
- [ ] Create orders
- [ ] Plan costs
- [ ] Assign a budget
- [ ] Post actual costs from FI
- [ ] Test availability control with warning and error

### Acceptance criteria
- Postings above the tolerance are blocked or warned as configured

**Evidence required:** Document numbers + screenshots

**Accounting impact:** For every posting, write the debit and credit lines and the effect on the financial statements.

**Troubleshooting:** Read the full message with its number. Record each error and its cause in the issue notes. If stuck for more than 30 minutes, set the status to Blocked and describe the blocker.

**Assessment:** Instructor verifies the acceptance criteria from the evidence and may ask for a live demonstration. Type: Transaction execution.

### Completion criteria
- Every step is done and every acceptance criterion is demonstrated
- Required evidence is attached to the issue
- The accounting impact is written down where a posting was made
- Actual time is logged against the issue
- Instructor Review is Approved and the status is Completed

**Estimated time:** 3 h

**Next task:** CO-004","Internal Order","V14.0 Internal Orders","MOD-22","CFG-020","3","L3 - Intermediate","Guided Lab","SAP S/4HANA Training System","Document numbers + screenshots","KO01; KO12; KO22; FB50","S/4HANA (ECC differences noted)","Same concept as ECC","Management Accounting","CO","Level 2 - SAP FI & CO Core","CO","Transaction execution","0","Pending"
"CO-004","CO-004","CO","Normal","[CO-004] Settlement and period-end processing of orders","**Objective:** Settlement and period-end processing of orders

**Prerequisites:** LAB-027

**Concepts:** Internal order; Order types; Planning; Budgeting; Actual postings; Settlement; Period-end processing

**Transaction codes:** KO02; KO88; KOB1 (find the Fiori app for each in the apps reference library)

**Business process:** Management Accounting

**Environment:** SAP S/4HANA Training System

### Steps
- [ ] Maintain settlement rules to cost centres and to an asset under construction
- [ ] Run settlement
- [ ] Close the order technically and finally
- [ ] Report order line items

### Acceptance criteria
- Order balance is zero after settlement
- Receivers show the costs

**Evidence required:** Document numbers + screenshots

**Accounting impact:** For every posting, write the debit and credit lines and the effect on the financial statements.

**Troubleshooting:** Read the full message with its number. Record each error and its cause in the issue notes. If stuck for more than 30 minutes, set the status to Blocked and describe the blocker.

**Assessment:** Instructor checks the posted documents and the stated value flow. Type: Transaction execution.

### Completion criteria
- Every step is done and every acceptance criterion is demonstrated
- Required evidence is attached to the issue
- The accounting impact is written down where a posting was made
- Actual time is logged against the issue
- Instructor Review is Approved and the status is Completed

**Estimated time:** 3 h

**Next task:** TSH-025","Internal Order","V14.0 Internal Orders","MOD-22","LAB-027","3","L3 - Intermediate","Transaction","SAP S/4HANA Training System","Document numbers + screenshots","KO02; KO88; KOB1","S/4HANA (ECC differences noted)","Same concept as ECC","Management Accounting","CO","Level 2 - SAP FI & CO Core","CO","Transaction execution","0","Pending"
"TSH-025","TSH-025","Troubleshooting","Normal","[TSH-025] Scenario 25: order settlement error","**Objective:** Scenario 25: order settlement error

**Prerequisites:** CO-004

**Concepts:** Internal order; Order types; Planning; Budgeting; Actual postings; Settlement; Period-end processing

**Transaction codes:** KOT2; KO01; KO12; KO22; OKOB; KO02; KO88; KOB1; S_ALR_87012993 (find the Fiori app for each in the apps reference library)

**Business process:** Management Accounting

**Environment:** SAP S/4HANA Training System

### Steps
- [ ] Reproduce the error in the training client (instructor-prepared)
- [ ] Record the exact message number and text, and the business impact
- [ ] Read the message
- [ ] Check settlement rule, order status and receiver validity
- [ ] Apply the fix
- [ ] Re-run the original transaction to validate
- [ ] Write the eight-section report: problem, business impact, evidence, root cause, configuration, fix, validation, prevention

### Acceptance criteria
- The original transaction now works
- Root cause is shown in configuration or master data
- Report has all eight sections

**Evidence required:** Root cause report

**Accounting impact:** For every posting, write the debit and credit lines and the effect on the financial statements.

**Assessment:** Instructor grades the eight-section report. Type: Troubleshooting.

### Completion criteria
- Every step is done and every acceptance criterion is demonstrated
- Required evidence is attached to the issue
- The accounting impact is written down where a posting was made
- Actual time is logged against the issue
- Instructor Review is Approved and the status is Completed

**Estimated time:** 1 h

**Next task:** TSH-026","Internal Order","V14.0 Internal Orders","MOD-22","CO-004","1","L3 - Intermediate","Troubleshooting","SAP S/4HANA Training System","Root cause report","KOT2; KO01; KO12; KO22; OKOB; KO02; KO88; KOB1; S_ALR_87012993","S/4HANA (ECC differences noted)","Same concept as ECC","Management Accounting","CO","Level 2 - SAP FI & CO Core","CO","Troubleshooting","0","Pending"
"TSH-026","TSH-026","Troubleshooting","Normal","[TSH-026] Scenario 26: budget exceeded message on posting","**Objective:** Scenario 26: budget exceeded message on posting

**Prerequisites:** TSH-025

**Concepts:** Internal order; Order types; Planning; Budgeting; Actual postings; Settlement; Period-end processing

**Transaction codes:** KOT2; KO01; KO12; KO22; OKOB; KO02; KO88; KOB1; S_ALR_87012993 (find the Fiori app for each in the apps reference library)

**Business process:** Management Accounting

**Environment:** SAP S/4HANA Training System

### Steps
- [ ] Reproduce the error in the training client (instructor-prepared)
- [ ] Record the exact message number and text, and the business impact
- [ ] Check assigned budget, tolerance limits and commitments
- [ ] Supplement the budget if approved
- [ ] Apply the fix
- [ ] Re-run the original transaction to validate
- [ ] Write the eight-section report: problem, business impact, evidence, root cause, configuration, fix, validation, prevention

### Acceptance criteria
- The original transaction now works
- Root cause is shown in configuration or master data
- Report has all eight sections

**Evidence required:** Root cause report

**Accounting impact:** For every posting, write the debit and credit lines and the effect on the financial statements.

**Assessment:** Instructor grades the eight-section report. Type: Troubleshooting.

### Completion criteria
- Every step is done and every acceptance criterion is demonstrated
- Required evidence is attached to the issue
- The accounting impact is written down where a posting was made
- Actual time is logged against the issue
- Instructor Review is Approved and the status is Completed

**Estimated time:** 1 h

**Next task:** ASM-014","Internal Order","V14.0 Internal Orders","MOD-22","TSH-025","1","L3 - Intermediate","Troubleshooting","SAP S/4HANA Training System","Root cause report","KOT2; KO01; KO12; KO22; OKOB; KO02; KO88; KOB1; S_ALR_87012993","S/4HANA (ECC differences noted)","Same concept as ECC","Management Accounting","CO","Level 2 - SAP FI & CO Core","CO","Troubleshooting","0","Pending"
"ASM-014","ASM-014","Assessment","High","[ASM-014] Phase 14 assessment: internal orders","**Objective:** Phase 14 assessment: internal orders

**Prerequisites:** TSH-026

**Concepts:** Internal order; Order types; Planning; Budgeting; Actual postings; Settlement; Period-end processing

**Business process:** Management Accounting

**Environment:** SAP S/4HANA Training System

### Steps
- [ ] Run an order from creation to settlement from a requirement

### Acceptance criteria
- Score of 70 or higher

**Evidence required:** Scored result

**Accounting impact:** For every posting, write the debit and credit lines and the effect on the financial statements.

**Troubleshooting:** Read the full message with its number. Record each error and its cause in the issue notes. If stuck for more than 30 minutes, set the status to Blocked and describe the blocker.

**Assessment:** Scored 0-100. Pass mark 70. Type: Business process.

### Completion criteria
- Every step is done and every acceptance criterion is demonstrated
- Required evidence is attached to the issue
- The accounting impact is written down where a posting was made
- Actual time is logged against the issue
- Instructor Review is Approved and the status is Completed

**Estimated time:** 2 h

**Next task:** Last task of this module","Internal Order","V14.0 Internal Orders","MOD-22","TSH-026","2","L3 - Intermediate","Assessment","SAP S/4HANA Training System","Scored result","","S/4HANA (ECC differences noted)","Same concept as ECC","Management Accounting","CO","Level 2 - SAP FI & CO Core","CO","Business process","0","Pending"
"REVIEW-14","REVIEW-14","Review","High","[REVIEW-14] Phase 14 gate review","**Objective:** Confirm that phase 14 (Internal Orders) is complete.

### Checklist
- [ ] Every issue of the phase is Completed
- [ ] Evidence is attached to every issue
- [ ] Time is logged
- [ ] Assessment score is 70 or higher
- [ ] Configuration document is up to date

**Assessment:** Instructor confirms the checklist and records the gate decision.

**Estimated time:** 1 h","","V14.0 Internal Orders","PHASE-14","ASM-014","1","","Review","","Instructor sign-off","","","","","","","","Review","0","Pending"
"PHASE-15","PHASE-15","Phase","Normal","[PHASE-15] Profit Center Accounting","Phase 15 of 30. Version: V15.0 Profit Center Accounting.

Modules: 1. Estimated hours: 15.

- MOD-23 Profit Center Accounting

The phase closes with the gate review REVIEW-15.","","V15.0 Profit Center Accounting","EPIC","","","","","","","","","","","","","","","",""
"MOD-23","MOD-23","Module","Normal","[MOD-23] Profit Center Accounting","**Topics:** Profit center; Profit center hierarchy; Assignments; Revenue; Costs; Profit reporting; Segment reporting

**Transaction codes:** KCH1; KE51; KE52; 3KEH; FAGL3KEH; KE5Z; S_ALR_87013326; FAGLB03

**Environment:** SAP S/4HANA Training System

**Tasks:** 6, 14 estimated hours.

- THY-031 Profit centres and segment reporting in the general ledger
- LAB-028 Profit Center
- CFG-021 Default profit centres for balance sheet accounts
- CO-005 Profit centre and segment reporting
- TSH-027 Scenario 27: profit centre error, posting without profit centre
- ASM-015 Phase 15 assessment: profit centre accounting","Profit Center","V15.0 Profit Center Accounting","PHASE-15","","","","","SAP S/4HANA Training System","","KCH1; KE51; KE52; 3KEH; FAGL3KEH; KE5Z; S_ALR_87013326; FAGLB03","S/4HANA (ECC differences noted)","Changed in S/4HANA","Management Accounting","CO","Level 2 - SAP FI & CO Core","CO","","",""
"THY-031","THY-031","Theory","Normal","[THY-031] Profit centres and segment reporting in the general ledger","**Objective:** Profit centres and segment reporting in the general ledger

**Prerequisites:** ASM-013

**Concepts:** Profit center; Profit center hierarchy; Assignments; Revenue; Costs; Profit reporting; Segment reporting

**Business process:** Management Accounting

**Environment:** SAP S/4HANA Training System

### Steps
- [ ] Study what a profit centre is for
- [ ] Study that profit centre accounting runs in the general ledger in S/4HANA
- [ ] Study how cost centres, materials and orders carry the profit centre
- [ ] Study segments

### Acceptance criteria
- Explains how a posting gets its profit centre
- Explains segment derivation

**Evidence required:** Notes

**Accounting impact:** For every posting, write the debit and credit lines and the effect on the financial statements.

**Assessment:** Instructor checks the notes and asks short oral questions. Type: Short answer.

### Completion criteria
- Every step is done and every acceptance criterion is demonstrated
- Required evidence is attached to the issue
- The accounting impact is written down where a posting was made
- Actual time is logged against the issue
- Instructor Review is Approved and the status is Completed

**Estimated time:** 3 h

**Next task:** LAB-028","Profit Center","V15.0 Profit Center Accounting","MOD-23","ASM-013","3","L3 - Intermediate","Theory","SAP S/4HANA Training System","Notes","","S/4HANA (ECC differences noted)","Changed in S/4HANA","Management Accounting","CO","Level 2 - SAP FI & CO Core","CO","Short answer","0","Pending"
"LAB-028","LAB-028","Lab","Normal","[LAB-028] Profit Center","**Objective:** Profit Center

**Prerequisites:** THY-031

**Concepts:** Profit center; Profit center hierarchy; Assignments; Revenue; Costs; Profit reporting; Segment reporting

**Transaction codes:** KCH1; KE51 (find the Fiori app for each in the apps reference library)

**Business process:** Management Accounting

**Environment:** SAP S/4HANA Training System

### Steps
- [ ] Build the profit centre hierarchy
- [ ] Create profit centres with segments
- [ ] Assign cost centres and other objects
- [ ] Post and check profit centre on the documents

### Acceptance criteria
- Documents carry profit centre and segment
- Hierarchy is complete

**Evidence required:** Document numbers + screenshots

**Accounting impact:** For every posting, write the debit and credit lines and the effect on the financial statements.

**Troubleshooting:** Read the full message with its number. Record each error and its cause in the issue notes. If stuck for more than 30 minutes, set the status to Blocked and describe the blocker.

**Assessment:** Instructor verifies the acceptance criteria from the evidence and may ask for a live demonstration. Type: Transaction execution.

### Completion criteria
- Every step is done and every acceptance criterion is demonstrated
- Required evidence is attached to the issue
- The accounting impact is written down where a posting was made
- Actual time is logged against the issue
- Instructor Review is Approved and the status is Completed

**Estimated time:** 3 h

**Next task:** CFG-021","Profit Center","V15.0 Profit Center Accounting","MOD-23","THY-031","3","L3 - Intermediate","Guided Lab","SAP S/4HANA Training System","Document numbers + screenshots","KCH1; KE51","S/4HANA (ECC differences noted)","Changed in S/4HANA","Management Accounting","CO","Level 2 - SAP FI & CO Core","CO","Transaction execution","0","Pending"
"CFG-021","CFG-021","Configuration","Normal","[CFG-021] Default profit centres for balance sheet accounts","**Objective:** Default profit centres for balance sheet accounts

**Prerequisites:** LAB-028

**Concepts:** Profit center; Profit center hierarchy; Assignments; Revenue; Costs; Profit reporting; Segment reporting

**Transaction codes:** FAGL3KEH (find the Fiori app for each in the apps reference library)

**Business process:** Management Accounting

**Environment:** SAP S/4HANA Training System

### Steps
- [ ] Assign default profit centres to accounts that have none from the source
- [ ] Explain why this matters for balanced profit centre reporting

### Acceptance criteria
- Balance sheet items receive a profit centre

**Evidence required:** Configuration document entry

**Accounting impact:** For every posting, write the debit and credit lines and the effect on the financial statements.

**Troubleshooting:** Read the full message with its number. Record each error and its cause in the issue notes. If stuck for more than 30 minutes, set the status to Blocked and describe the blocker.

**Documentation:** Add the setting, its values and the business reason to your configuration document.

**Assessment:** Instructor checks the setting, its test posting and the documented business reason. Type: Configuration.

### Completion criteria
- Every step is done and every acceptance criterion is demonstrated
- Required evidence is attached to the issue
- The accounting impact is written down where a posting was made
- Actual time is logged against the issue
- Instructor Review is Approved and the status is Completed

**Estimated time:** 2 h

**Next task:** CO-005","Profit Center","V15.0 Profit Center Accounting","MOD-23","LAB-028","2","L3 - Intermediate","Configuration","SAP S/4HANA Training System","Configuration document entry","FAGL3KEH","S/4HANA (ECC differences noted)","Changed in S/4HANA","Management Accounting","CO","Level 2 - SAP FI & CO Core","CO","Configuration","0","Pending"
"CO-005","CO-005","CO","Normal","[CO-005] Profit centre and segment reporting","**Objective:** Profit centre and segment reporting

**Prerequisites:** CFG-021

**Concepts:** Profit center; Profit center hierarchy; Assignments; Revenue; Costs; Profit reporting; Segment reporting

**Transaction codes:** FAGLB03; S_ALR_87013326 (find the Fiori app for each in the apps reference library)

**Business process:** Management Accounting

**Environment:** SAP S/4HANA Training System

### Steps
- [ ] Run profit and loss by profit centre
- [ ] Run a balance sheet by segment
- [ ] Compare with the Fiori reports
- [ ] Explain differences caused by missing assignments

### Acceptance criteria
- Reports are produced and reconcile to the company code total

**Evidence required:** Document numbers + screenshots

**Accounting impact:** For every posting, write the debit and credit lines and the effect on the financial statements.

**Troubleshooting:** Read the full message with its number. Record each error and its cause in the issue notes. If stuck for more than 30 minutes, set the status to Blocked and describe the blocker.

**Assessment:** Instructor checks the posted documents and the stated value flow. Type: Transaction execution.

### Completion criteria
- Every step is done and every acceptance criterion is demonstrated
- Required evidence is attached to the issue
- The accounting impact is written down where a posting was made
- Actual time is logged against the issue
- Instructor Review is Approved and the status is Completed

**Estimated time:** 3 h

**Next task:** TSH-027","Profit Center","V15.0 Profit Center Accounting","MOD-23","CFG-021","3","L3 - Intermediate","Transaction","SAP S/4HANA Training System","Document numbers + screenshots","FAGLB03; S_ALR_87013326","S/4HANA (ECC differences noted)","Changed in S/4HANA","Management Accounting","CO","Level 2 - SAP FI & CO Core","CO","Transaction execution","0","Pending"
"TSH-027","TSH-027","Troubleshooting","Normal","[TSH-027] Scenario 27: profit centre error, posting without profit centre","**Objective:** Scenario 27: profit centre error, posting without profit centre

**Prerequisites:** CO-005

**Concepts:** Profit center; Profit center hierarchy; Assignments; Revenue; Costs; Profit reporting; Segment reporting

**Transaction codes:** KCH1; KE51; KE52; 3KEH; FAGL3KEH; KE5Z; S_ALR_87013326; FAGLB03 (find the Fiori app for each in the apps reference library)

**Business process:** Management Accounting

**Environment:** SAP S/4HANA Training System

### Steps
- [ ] Reproduce the error in the training client (instructor-prepared)
- [ ] Record the exact message number and text, and the business impact
- [ ] Find where the profit centre should derive from
- [ ] Fix the master assignment or default
- [ ] Apply the fix
- [ ] Re-run the original transaction to validate
- [ ] Write the eight-section report: problem, business impact, evidence, root cause, configuration, fix, validation, prevention

### Acceptance criteria
- The original transaction now works
- Root cause is shown in configuration or master data
- Report has all eight sections

**Evidence required:** Root cause report

**Accounting impact:** For every posting, write the debit and credit lines and the effect on the financial statements.

**Assessment:** Instructor grades the eight-section report. Type: Troubleshooting.

### Completion criteria
- Every step is done and every acceptance criterion is demonstrated
- Required evidence is attached to the issue
- The accounting impact is written down where a posting was made
- Actual time is logged against the issue
- Instructor Review is Approved and the status is Completed

**Estimated time:** 1 h

**Next task:** ASM-015","Profit Center","V15.0 Profit Center Accounting","MOD-23","CO-005","1","L3 - Intermediate","Troubleshooting","SAP S/4HANA Training System","Root cause report","KCH1; KE51; KE52; 3KEH; FAGL3KEH; KE5Z; S_ALR_87013326; FAGLB03","S/4HANA (ECC differences noted)","Changed in S/4HANA","Management Accounting","CO","Level 2 - SAP FI & CO Core","CO","Troubleshooting","0","Pending"
"ASM-015","ASM-015","Assessment","High","[ASM-015] Phase 15 assessment: profit centre accounting","**Objective:** Phase 15 assessment: profit centre accounting

**Prerequisites:** TSH-027

**Concepts:** Profit center; Profit center hierarchy; Assignments; Revenue; Costs; Profit reporting; Segment reporting

**Business process:** Management Accounting

**Environment:** SAP S/4HANA Training System

### Steps
- [ ] Build a small profit centre structure and prove reporting with postings

### Acceptance criteria
- Score of 70 or higher

**Evidence required:** Scored result

**Accounting impact:** For every posting, write the debit and credit lines and the effect on the financial statements.

**Troubleshooting:** Read the full message with its number. Record each error and its cause in the issue notes. If stuck for more than 30 minutes, set the status to Blocked and describe the blocker.

**Assessment:** Scored 0-100. Pass mark 70. Type: Business process.

### Completion criteria
- Every step is done and every acceptance criterion is demonstrated
- Required evidence is attached to the issue
- The accounting impact is written down where a posting was made
- Actual time is logged against the issue
- Instructor Review is Approved and the status is Completed

**Estimated time:** 2 h

**Next task:** Last task of this module","Profit Center","V15.0 Profit Center Accounting","MOD-23","TSH-027","2","L3 - Intermediate","Assessment","SAP S/4HANA Training System","Scored result","","S/4HANA (ECC differences noted)","Changed in S/4HANA","Management Accounting","CO","Level 2 - SAP FI & CO Core","CO","Business process","0","Pending"
"REVIEW-15","REVIEW-15","Review","High","[REVIEW-15] Phase 15 gate review","**Objective:** Confirm that phase 15 (Profit Center Accounting) is complete.

### Checklist
- [ ] Every issue of the phase is Completed
- [ ] Evidence is attached to every issue
- [ ] Time is logged
- [ ] Assessment score is 70 or higher
- [ ] Configuration document is up to date

**Assessment:** Instructor confirms the checklist and records the gate decision.

**Estimated time:** 1 h","","V15.0 Profit Center Accounting","PHASE-15","ASM-015","1","","Review","","Instructor sign-off","","","","","","","","Review","0","Pending"
"PHASE-16","PHASE-16","Phase","Normal","[PHASE-16] Product Costing","Phase 16 of 30. Version: V16.0 Product Costing.

Modules: 1. Estimated hours: 28.

- MOD-24 Product Costing

The phase closes with the gate review REVIEW-16.","","V16.0 Product Costing","EPIC","","","","","","","","","","","","","","","",""
"MOD-24","MOD-24","Module","Normal","[MOD-24] Product Costing","**Topics:** Product cost; Material cost; Activity cost; Overhead; Cost estimate; Standard cost; Cost component structure; Variance

**Transaction codes:** OKKN; OKTZ; KZS2; CK11N; CK24; CK40N; KKF6N; KKS1; KO88; MM03; CS03; CA03

**Environment:** SAP S/4HANA Training System

**Tasks:** 9, 27 estimated hours.

- THY-032 Product cost planning: materials, activities and overhead
- CFG-022 Costing variant, costing sheet and cost component structure
- LAB-029 Product Costing
- CO-006 Costing run for many materials
- CO-007 Production order costs, variances and settlement
- BP-005 Product costing scenario: standard cost to variance
- TSH-028 Scenario 28: cost estimate error, missing price or activity rate
- TSH-029 Scenario 29: variance settlement posts to an unexpected account
- ASM-016 Phase 16 assessment: product costing","Product Costing","V16.0 Product Costing","PHASE-16","","","","","SAP S/4HANA Training System","","OKKN; OKTZ; KZS2; CK11N; CK24; CK40N; KKF6N; KKS1; KO88; MM03; CS03; CA03","S/4HANA (ECC differences noted)","Same concept as ECC","Management Accounting","MM","Level 2 - SAP FI & CO Core","CO","","",""
"THY-032","THY-032","Theory","Normal","[THY-032] Product cost planning: materials, activities and overhead","**Objective:** Product cost planning: materials, activities and overhead

**Prerequisites:** ASM-013

**Concepts:** Product cost; Material cost; Activity cost; Overhead; Cost estimate; Standard cost; Cost component structure; Variance

**Business process:** Management Accounting

**Environment:** SAP S/4HANA Training System

### Steps
- [ ] Study how a standard cost is built from bill of material, routing, activity prices and overhead
- [ ] Study costing variant and valuation
- [ ] Study cost component structure
- [ ] Study standard versus moving average price

### Acceptance criteria
- Calculates a standard cost by hand from a small bill and routing
- Explains what releasing a cost estimate does

**Evidence required:** Notes

**Accounting impact:** For every posting, write the debit and credit lines and the effect on the financial statements.

**Assessment:** Instructor checks the notes and asks short oral questions. Type: Short answer.

### Completion criteria
- Every step is done and every acceptance criterion is demonstrated
- Required evidence is attached to the issue
- The accounting impact is written down where a posting was made
- Actual time is logged against the issue
- Instructor Review is Approved and the status is Completed

**Estimated time:** 4 h

**Next task:** CFG-022","Product Costing","V16.0 Product Costing","MOD-24","ASM-013","4","L4 - Advanced","Theory","SAP S/4HANA Training System","Notes","","S/4HANA (ECC differences noted)","Same concept as ECC","Management Accounting","MM","Level 2 - SAP FI & CO Core","CO","Short answer","0","Pending"
"CFG-022","CFG-022","Configuration","Normal","[CFG-022] Costing variant, costing sheet and cost component structure","**Objective:** Costing variant, costing sheet and cost component structure

**Prerequisites:** THY-032

**Concepts:** Product cost; Material cost; Activity cost; Overhead; Cost estimate; Standard cost; Cost component structure; Variance

**Transaction codes:** OKKN; KZS2; OKTZ (find the Fiori app for each in the apps reference library)

**Business process:** Management Accounting

**Environment:** SAP S/4HANA Training System

### Steps
- [ ] Review the costing variant and its valuation strategy
- [ ] Build a costing sheet with material and production overhead
- [ ] Review the cost component structure

### Acceptance criteria
- Configuration is documented with the business reason of each part

**Evidence required:** Configuration document entry

**Accounting impact:** For every posting, write the debit and credit lines and the effect on the financial statements.

**Troubleshooting:** Read the full message with its number. Record each error and its cause in the issue notes. If stuck for more than 30 minutes, set the status to Blocked and describe the blocker.

**Documentation:** Add the setting, its values and the business reason to your configuration document.

**Assessment:** Instructor checks the setting, its test posting and the documented business reason. Type: Configuration.

### Completion criteria
- Every step is done and every acceptance criterion is demonstrated
- Required evidence is attached to the issue
- The accounting impact is written down where a posting was made
- Actual time is logged against the issue
- Instructor Review is Approved and the status is Completed

**Estimated time:** 4 h

**Next task:** LAB-029","Product Costing","V16.0 Product Costing","MOD-24","THY-032","4","L4 - Advanced","Configuration","SAP S/4HANA Training System","Configuration document entry","OKKN; KZS2; OKTZ","S/4HANA (ECC differences noted)","Same concept as ECC","Management Accounting","MM","Level 2 - SAP FI & CO Core","CO","Configuration","0","Pending"
"LAB-029","LAB-029","Lab","Normal","[LAB-029] Product Costing","**Objective:** Product Costing

**Prerequisites:** CFG-022

**Concepts:** Product cost; Material cost; Activity cost; Overhead; Cost estimate; Standard cost; Cost component structure; Variance

**Transaction codes:** CK11N; CK24 (find the Fiori app for each in the apps reference library)

**Business process:** Management Accounting

**Environment:** SAP S/4HANA Training System

### Steps
- [ ] Check material master, bill of material, routing and activity prices of a finished product
- [ ] Create a cost estimate with quantity structure
- [ ] Read the itemization and cost components
- [ ] Mark and release
- [ ] Check the new standard price and the revaluation posting

### Acceptance criteria
- Cost estimate matches the manual calculation
- Standard price is updated

**Evidence required:** Document numbers + screenshots

**Accounting impact:** For every posting, write the debit and credit lines and the effect on the financial statements.

**Troubleshooting:** Read the full message with its number. Record each error and its cause in the issue notes. If stuck for more than 30 minutes, set the status to Blocked and describe the blocker.

**Assessment:** Instructor verifies the acceptance criteria from the evidence and may ask for a live demonstration. Type: Transaction execution.

### Completion criteria
- Every step is done and every acceptance criterion is demonstrated
- Required evidence is attached to the issue
- The accounting impact is written down where a posting was made
- Actual time is logged against the issue
- Instructor Review is Approved and the status is Completed

**Estimated time:** 4 h

**Next task:** CO-006","Product Costing","V16.0 Product Costing","MOD-24","CFG-022","4","L4 - Advanced","Guided Lab","SAP S/4HANA Training System","Document numbers + screenshots","CK11N; CK24","S/4HANA (ECC differences noted)","Same concept as ECC","Management Accounting","MM","Level 2 - SAP FI & CO Core","CO","Transaction execution","0","Pending"
"CO-006","CO-006","CO","Normal","[CO-006] Costing run for many materials","**Objective:** Costing run for many materials

**Prerequisites:** LAB-029

**Concepts:** Product cost; Material cost; Activity cost; Overhead; Cost estimate; Standard cost; Cost component structure; Variance

**Transaction codes:** CK40N (find the Fiori app for each in the apps reference library)

**Business process:** Management Accounting

**Environment:** SAP S/4HANA Training System

### Steps
- [ ] Create a costing run
- [ ] Execute selection, structure explosion, costing, analysis, marking and release
- [ ] Resolve errors from the log

### Acceptance criteria
- All selected materials are costed or their errors explained

**Evidence required:** Document numbers + screenshots

**Accounting impact:** For every posting, write the debit and credit lines and the effect on the financial statements.

**Troubleshooting:** Read the full message with its number. Record each error and its cause in the issue notes. If stuck for more than 30 minutes, set the status to Blocked and describe the blocker.

**Assessment:** Instructor checks the posted documents and the stated value flow. Type: Transaction execution.

### Completion criteria
- Every step is done and every acceptance criterion is demonstrated
- Required evidence is attached to the issue
- The accounting impact is written down where a posting was made
- Actual time is logged against the issue
- Instructor Review is Approved and the status is Completed

**Estimated time:** 2 h

**Next task:** CO-007","Product Costing","V16.0 Product Costing","MOD-24","LAB-029","2","L4 - Advanced","Transaction","SAP S/4HANA Training System","Document numbers + screenshots","CK40N","S/4HANA (ECC differences noted)","Same concept as ECC","Management Accounting","MM","Level 2 - SAP FI & CO Core","CO","Transaction execution","0","Pending"
"CO-007","CO-007","CO","Normal","[CO-007] Production order costs, variances and settlement","**Objective:** Production order costs, variances and settlement

**Prerequisites:** CO-006

**Concepts:** Product cost; Material cost; Activity cost; Overhead; Cost estimate; Standard cost; Cost component structure; Variance

**Transaction codes:** KKF6N; KKS1; KO88 (find the Fiori app for each in the apps reference library)

**Business process:** Management Accounting

**Environment:** SAP S/4HANA Training System

### Steps
- [ ] Study the cost flow of a production order
- [ ] Confirm and receive goods on an instructor order
- [ ] Calculate work in process and variances
- [ ] Settle
- [ ] Read the variance categories and postings

### Acceptance criteria
- Variances are categorised and posted
- Order balance is zero

**Evidence required:** Document numbers + screenshots

**Accounting impact:** For every posting, write the debit and credit lines and the effect on the financial statements.

**Troubleshooting:** Read the full message with its number. Record each error and its cause in the issue notes. If stuck for more than 30 minutes, set the status to Blocked and describe the blocker.

**Assessment:** Instructor checks the posted documents and the stated value flow. Type: Transaction execution.

### Completion criteria
- Every step is done and every acceptance criterion is demonstrated
- Required evidence is attached to the issue
- The accounting impact is written down where a posting was made
- Actual time is logged against the issue
- Instructor Review is Approved and the status is Completed

**Estimated time:** 4 h

**Next task:** BP-005","Product Costing","V16.0 Product Costing","MOD-24","CO-006","4","L4 - Advanced","Transaction","SAP S/4HANA Training System","Document numbers + screenshots","KKF6N; KKS1; KO88","S/4HANA (ECC differences noted)","Same concept as ECC","Management Accounting","MM","Level 2 - SAP FI & CO Core","CO","Transaction execution","0","Pending"
"BP-005","BP-005","Business Process","Normal","[BP-005] Product costing scenario: standard cost to variance","**Objective:** Product costing scenario: standard cost to variance

**Prerequisites:** CO-007

**Concepts:** Product cost; Material cost; Activity cost; Overhead; Cost estimate; Standard cost; Cost component structure; Variance

**Transaction codes:** CK11N; KKS1; KO88 (find the Fiori app for each in the apps reference library)

**Business process:** Management Accounting

**Environment:** SAP S/4HANA Training System

### Steps
- [ ] Run the full cycle for one product and explain every accounting document from goods issue to settlement

### Acceptance criteria
- Value flow is documented with each posting

**Evidence required:** Process document + document numbers

**Accounting impact:** For every posting, write the debit and credit lines and the effect on the financial statements.

**Troubleshooting:** Read the full message with its number. Record each error and its cause in the issue notes. If stuck for more than 30 minutes, set the status to Blocked and describe the blocker.

**Assessment:** Instructor checks the process end to end from the document numbers. Type: Business process.

### Completion criteria
- Every step is done and every acceptance criterion is demonstrated
- Required evidence is attached to the issue
- The accounting impact is written down where a posting was made
- Actual time is logged against the issue
- Instructor Review is Approved and the status is Completed

**Estimated time:** 3 h

**Next task:** TSH-028","Product Costing","V16.0 Product Costing","MOD-24","CO-007","3","L4 - Advanced","Business Process","SAP S/4HANA Training System","Process document + document numbers","CK11N; KKS1; KO88","S/4HANA (ECC differences noted)","Same concept as ECC","Management Accounting","MM","Level 2 - SAP FI & CO Core","CO","Business process","0","Pending"
"TSH-028","TSH-028","Troubleshooting","Normal","[TSH-028] Scenario 28: cost estimate error, missing price or activity rate","**Objective:** Scenario 28: cost estimate error, missing price or activity rate

**Prerequisites:** BP-005

**Concepts:** Product cost; Material cost; Activity cost; Overhead; Cost estimate; Standard cost; Cost component structure; Variance

**Transaction codes:** OKKN; OKTZ; KZS2; CK11N; CK24; CK40N; KKF6N; KKS1; KO88; MM03; CS03; CA03 (find the Fiori app for each in the apps reference library)

**Business process:** Management Accounting

**Environment:** SAP S/4HANA Training System

### Steps
- [ ] Reproduce the error in the training client (instructor-prepared)
- [ ] Record the exact message number and text, and the business impact
- [ ] Read the costing log
- [ ] Check material price, activity price for the period and overhead rates
- [ ] Apply the fix
- [ ] Re-run the original transaction to validate
- [ ] Write the eight-section report: problem, business impact, evidence, root cause, configuration, fix, validation, prevention

### Acceptance criteria
- The original transaction now works
- Root cause is shown in configuration or master data
- Report has all eight sections

**Evidence required:** Root cause report

**Accounting impact:** For every posting, write the debit and credit lines and the effect on the financial statements.

**Assessment:** Instructor grades the eight-section report. Type: Troubleshooting.

### Completion criteria
- Every step is done and every acceptance criterion is demonstrated
- Required evidence is attached to the issue
- The accounting impact is written down where a posting was made
- Actual time is logged against the issue
- Instructor Review is Approved and the status is Completed

**Estimated time:** 2 h

**Next task:** TSH-029","Product Costing","V16.0 Product Costing","MOD-24","BP-005","2","L4 - Advanced","Troubleshooting","SAP S/4HANA Training System","Root cause report","OKKN; OKTZ; KZS2; CK11N; CK24; CK40N; KKF6N; KKS1; KO88; MM03; CS03; CA03","S/4HANA (ECC differences noted)","Same concept as ECC","Management Accounting","MM","Level 2 - SAP FI & CO Core","CO","Troubleshooting","0","Pending"
"TSH-029","TSH-029","Troubleshooting","Normal","[TSH-029] Scenario 29: variance settlement posts to an unexpected account","**Objective:** Scenario 29: variance settlement posts to an unexpected account

**Prerequisites:** TSH-028

**Concepts:** Product cost; Material cost; Activity cost; Overhead; Cost estimate; Standard cost; Cost component structure; Variance

**Transaction codes:** OKKN; OKTZ; KZS2; CK11N; CK24; CK40N; KKF6N; KKS1; KO88; MM03; CS03; CA03 (find the Fiori app for each in the apps reference library)

**Business process:** Management Accounting

**Environment:** SAP S/4HANA Training System

### Steps
- [ ] Reproduce the error in the training client (instructor-prepared)
- [ ] Record the exact message number and text, and the business impact
- [ ] Check account determination for price differences and the settlement rule
- [ ] Apply the fix
- [ ] Re-run the original transaction to validate
- [ ] Write the eight-section report: problem, business impact, evidence, root cause, configuration, fix, validation, prevention

### Acceptance criteria
- The original transaction now works
- Root cause is shown in configuration or master data
- Report has all eight sections

**Evidence required:** Root cause report

**Accounting impact:** For every posting, write the debit and credit lines and the effect on the financial statements.

**Assessment:** Instructor grades the eight-section report. Type: Troubleshooting.

### Completion criteria
- Every step is done and every acceptance criterion is demonstrated
- Required evidence is attached to the issue
- The accounting impact is written down where a posting was made
- Actual time is logged against the issue
- Instructor Review is Approved and the status is Completed

**Estimated time:** 2 h

**Next task:** ASM-016","Product Costing","V16.0 Product Costing","MOD-24","TSH-028","2","L4 - Advanced","Troubleshooting","SAP S/4HANA Training System","Root cause report","OKKN; OKTZ; KZS2; CK11N; CK24; CK40N; KKF6N; KKS1; KO88; MM03; CS03; CA03","S/4HANA (ECC differences noted)","Same concept as ECC","Management Accounting","MM","Level 2 - SAP FI & CO Core","CO","Troubleshooting","0","Pending"
"ASM-016","ASM-016","Assessment","High","[ASM-016] Phase 16 assessment: product costing","**Objective:** Phase 16 assessment: product costing

**Prerequisites:** TSH-029

**Concepts:** Product cost; Material cost; Activity cost; Overhead; Cost estimate; Standard cost; Cost component structure; Variance

**Business process:** Management Accounting

**Environment:** SAP S/4HANA Training System

### Steps
- [ ] Cost a product and explain the result and one variance

### Acceptance criteria
- Score of 70 or higher

**Evidence required:** Scored result

**Accounting impact:** For every posting, write the debit and credit lines and the effect on the financial statements.

**Troubleshooting:** Read the full message with its number. Record each error and its cause in the issue notes. If stuck for more than 30 minutes, set the status to Blocked and describe the blocker.

**Assessment:** Scored 0-100. Pass mark 70. Type: Business process.

### Completion criteria
- Every step is done and every acceptance criterion is demonstrated
- Required evidence is attached to the issue
- The accounting impact is written down where a posting was made
- Actual time is logged against the issue
- Instructor Review is Approved and the status is Completed

**Estimated time:** 2 h

**Next task:** Last task of this module","Product Costing","V16.0 Product Costing","MOD-24","TSH-029","2","L4 - Advanced","Assessment","SAP S/4HANA Training System","Scored result","","S/4HANA (ECC differences noted)","Same concept as ECC","Management Accounting","MM","Level 2 - SAP FI & CO Core","CO","Business process","0","Pending"
"REVIEW-16","REVIEW-16","Review","High","[REVIEW-16] Phase 16 gate review","**Objective:** Confirm that phase 16 (Product Costing) is complete.

### Checklist
- [ ] Every issue of the phase is Completed
- [ ] Evidence is attached to every issue
- [ ] Time is logged
- [ ] Assessment score is 70 or higher
- [ ] Configuration document is up to date

**Assessment:** Instructor confirms the checklist and records the gate decision.

**Estimated time:** 1 h","","V16.0 Product Costing","PHASE-16","ASM-016","1","","Review","","Instructor sign-off","","","","","","","","Review","0","Pending"
"PHASE-17","PHASE-17","Phase","Normal","[PHASE-17] CO-PA","Phase 17 of 30. Version: V17.0 CO-PA.

Modules: 1. Estimated hours: 18.

- MOD-25 Profitability Analysis

The phase closes with the gate review REVIEW-17.","","V17.0 CO-PA","EPIC","","","","","","","","","","","","","","","",""
"MOD-25","MOD-25","Module","Normal","[MOD-25] Profitability Analysis","**Topics:** CO-PA; Account-based CO-PA; Characteristics; Value fields concepts; Profitability segments; Revenue analysis; Margin analysis

**Transaction codes:** KEA0; KEQ3; KEDR; KE4I; KE30; KE24; KE21N

**Environment:** SAP S/4HANA Training System

**Tasks:** 6, 17 estimated hours.

- THY-033 Margin analysis: account-based profitability in S/4HANA
- CFG-023 Operating concern, characteristics and derivation
- LAB-030 CO-PA
- CO-008 Allocating overhead to profitability
- TSH-030 Scenario 30: revenue posting without profitability segment
- ASM-017 Phase 17 assessment: profitability analysis","CO-PA","V17.0 CO-PA","PHASE-17","","","","","SAP S/4HANA Training System","","KEA0; KEQ3; KEDR; KE4I; KE30; KE24; KE21N","S/4HANA (ECC differences noted)","Changed in S/4HANA","Management Accounting","SD","Level 2 - SAP FI & CO Core","CO","","",""
"THY-033","THY-033","Theory","Normal","[THY-033] Margin analysis: account-based profitability in S/4HANA","**Objective:** Margin analysis: account-based profitability in S/4HANA

**Prerequisites:** ASM-015

**Concepts:** CO-PA; Account-based CO-PA; Characteristics; Value fields concepts; Profitability segments; Revenue analysis; Margin analysis

**Business process:** Management Accounting

**Environment:** SAP S/4HANA Training System

### Steps
- [ ] Study operating concern, characteristics and profitability segments
- [ ] Compare account-based and costing-based concepts and value fields
- [ ] Study that margin analysis lives in the universal journal
- [ ] Study how sales, cost of goods sold and overhead reach profitability

### Acceptance criteria
- Explains account-based versus costing-based
- Explains what a profitability segment is

**Evidence required:** Notes

**Accounting impact:** For every posting, write the debit and credit lines and the effect on the financial statements.

**Assessment:** Instructor checks the notes and asks short oral questions. Type: Short answer.

### Completion criteria
- Every step is done and every acceptance criterion is demonstrated
- Required evidence is attached to the issue
- The accounting impact is written down where a posting was made
- Actual time is logged against the issue
- Instructor Review is Approved and the status is Completed

**Estimated time:** 3 h

**Next task:** CFG-023","CO-PA","V17.0 CO-PA","MOD-25","ASM-015","3","L4 - Advanced","Theory","SAP S/4HANA Training System","Notes","","S/4HANA (ECC differences noted)","Changed in S/4HANA","Management Accounting","SD","Level 2 - SAP FI & CO Core","CO","Short answer","0","Pending"
"CFG-023","CFG-023","Configuration","Normal","[CFG-023] Operating concern, characteristics and derivation","**Objective:** Operating concern, characteristics and derivation

**Prerequisites:** THY-033

**Concepts:** CO-PA; Account-based CO-PA; Characteristics; Value fields concepts; Profitability segments; Revenue analysis; Margin analysis

**Transaction codes:** KEA0; KEQ3; KEDR (find the Fiori app for each in the apps reference library)

**Business process:** Management Accounting

**Environment:** SAP S/4HANA Training System

### Steps
- [ ] Review the operating concern and activate account-based profitability
- [ ] Review characteristics
- [ ] Define a derivation rule for a custom characteristic

### Acceptance criteria
- Characteristic is derived on a test posting

**Evidence required:** Configuration document entry

**Accounting impact:** For every posting, write the debit and credit lines and the effect on the financial statements.

**Troubleshooting:** Read the full message with its number. Record each error and its cause in the issue notes. If stuck for more than 30 minutes, set the status to Blocked and describe the blocker.

**Documentation:** Add the setting, its values and the business reason to your configuration document.

**Assessment:** Instructor checks the setting, its test posting and the documented business reason. Type: Configuration.

### Completion criteria
- Every step is done and every acceptance criterion is demonstrated
- Required evidence is attached to the issue
- The accounting impact is written down where a posting was made
- Actual time is logged against the issue
- Instructor Review is Approved and the status is Completed

**Estimated time:** 4 h

**Next task:** LAB-030","CO-PA","V17.0 CO-PA","MOD-25","THY-033","4","L4 - Advanced","Configuration","SAP S/4HANA Training System","Configuration document entry","KEA0; KEQ3; KEDR","S/4HANA (ECC differences noted)","Changed in S/4HANA","Management Accounting","SD","Level 2 - SAP FI & CO Core","CO","Configuration","0","Pending"
"LAB-030","LAB-030","Lab","Normal","[LAB-030] CO-PA","**Objective:** CO-PA

**Prerequisites:** CFG-023

**Concepts:** CO-PA; Account-based CO-PA; Characteristics; Value fields concepts; Profitability segments; Revenue analysis; Margin analysis

**Transaction codes:** KE30; KE24; VF03 (find the Fiori app for each in the apps reference library)

**Business process:** Management Accounting

**Environment:** SAP S/4HANA Training System

### Steps
- [ ] Post or bill sales in the training system
- [ ] Display the profitability characteristics on the journal entry
- [ ] Run a profitability report by customer and product
- [ ] Drill to line items

### Acceptance criteria
- Report shows revenue, cost of goods sold and margin by characteristic

**Evidence required:** Document numbers + screenshots

**Accounting impact:** For every posting, write the debit and credit lines and the effect on the financial statements.

**Troubleshooting:** Read the full message with its number. Record each error and its cause in the issue notes. If stuck for more than 30 minutes, set the status to Blocked and describe the blocker.

**Assessment:** Instructor verifies the acceptance criteria from the evidence and may ask for a live demonstration. Type: Transaction execution.

### Completion criteria
- Every step is done and every acceptance criterion is demonstrated
- Required evidence is attached to the issue
- The accounting impact is written down where a posting was made
- Actual time is logged against the issue
- Instructor Review is Approved and the status is Completed

**Estimated time:** 4 h

**Next task:** CO-008","CO-PA","V17.0 CO-PA","MOD-25","CFG-023","4","L4 - Advanced","Guided Lab","SAP S/4HANA Training System","Document numbers + screenshots","KE30; KE24; VF03","S/4HANA (ECC differences noted)","Changed in S/4HANA","Management Accounting","SD","Level 2 - SAP FI & CO Core","CO","Transaction execution","0","Pending"
"CO-008","CO-008","CO","Normal","[CO-008] Allocating overhead to profitability","**Objective:** Allocating overhead to profitability

**Prerequisites:** LAB-030

**Concepts:** CO-PA; Account-based CO-PA; Characteristics; Value fields concepts; Profitability segments; Revenue analysis; Margin analysis

**Transaction codes:** KEU1; KEU5 (find the Fiori app for each in the apps reference library)

**Business process:** Management Accounting

**Environment:** SAP S/4HANA Training System

### Steps
- [ ] Create an assessment cycle from cost centres to profitability segments
- [ ] Run and check the report

### Acceptance criteria
- Overhead appears in margin reporting by the chosen characteristics

**Evidence required:** Document numbers + screenshots

**Accounting impact:** For every posting, write the debit and credit lines and the effect on the financial statements.

**Troubleshooting:** Read the full message with its number. Record each error and its cause in the issue notes. If stuck for more than 30 minutes, set the status to Blocked and describe the blocker.

**Assessment:** Instructor checks the posted documents and the stated value flow. Type: Transaction execution.

### Completion criteria
- Every step is done and every acceptance criterion is demonstrated
- Required evidence is attached to the issue
- The accounting impact is written down where a posting was made
- Actual time is logged against the issue
- Instructor Review is Approved and the status is Completed

**Estimated time:** 2 h

**Next task:** TSH-030","CO-PA","V17.0 CO-PA","MOD-25","LAB-030","2","L4 - Advanced","Transaction","SAP S/4HANA Training System","Document numbers + screenshots","KEU1; KEU5","S/4HANA (ECC differences noted)","Changed in S/4HANA","Management Accounting","SD","Level 2 - SAP FI & CO Core","CO","Transaction execution","0","Pending"
"TSH-030","TSH-030","Troubleshooting","Normal","[TSH-030] Scenario 30: revenue posting without profitability segment","**Objective:** Scenario 30: revenue posting without profitability segment

**Prerequisites:** CO-008

**Concepts:** CO-PA; Account-based CO-PA; Characteristics; Value fields concepts; Profitability segments; Revenue analysis; Margin analysis

**Transaction codes:** KEA0; KEQ3; KEDR; KE4I; KE30; KE24; KE21N (find the Fiori app for each in the apps reference library)

**Business process:** Management Accounting

**Environment:** SAP S/4HANA Training System

### Steps
- [ ] Reproduce the error in the training client (instructor-prepared)
- [ ] Record the exact message number and text, and the business impact
- [ ] Check account type and derivation
- [ ] Check substitution or default assignment
- [ ] Apply the fix
- [ ] Re-run the original transaction to validate
- [ ] Write the eight-section report: problem, business impact, evidence, root cause, configuration, fix, validation, prevention

### Acceptance criteria
- The original transaction now works
- Root cause is shown in configuration or master data
- Report has all eight sections

**Evidence required:** Root cause report

**Accounting impact:** For every posting, write the debit and credit lines and the effect on the financial statements.

**Assessment:** Instructor grades the eight-section report. Type: Troubleshooting.

### Completion criteria
- Every step is done and every acceptance criterion is demonstrated
- Required evidence is attached to the issue
- The accounting impact is written down where a posting was made
- Actual time is logged against the issue
- Instructor Review is Approved and the status is Completed

**Estimated time:** 2 h

**Next task:** ASM-017","CO-PA","V17.0 CO-PA","MOD-25","CO-008","2","L4 - Advanced","Troubleshooting","SAP S/4HANA Training System","Root cause report","KEA0; KEQ3; KEDR; KE4I; KE30; KE24; KE21N","S/4HANA (ECC differences noted)","Changed in S/4HANA","Management Accounting","SD","Level 2 - SAP FI & CO Core","CO","Troubleshooting","0","Pending"
"ASM-017","ASM-017","Assessment","High","[ASM-017] Phase 17 assessment: profitability analysis","**Objective:** Phase 17 assessment: profitability analysis

**Prerequisites:** TSH-030

**Concepts:** CO-PA; Account-based CO-PA; Characteristics; Value fields concepts; Profitability segments; Revenue analysis; Margin analysis

**Business process:** Management Accounting

**Environment:** SAP S/4HANA Training System

### Steps
- [ ] Produce a margin analysis from postings and explain how values arrived

### Acceptance criteria
- Score of 70 or higher

**Evidence required:** Scored result

**Accounting impact:** For every posting, write the debit and credit lines and the effect on the financial statements.

**Troubleshooting:** Read the full message with its number. Record each error and its cause in the issue notes. If stuck for more than 30 minutes, set the status to Blocked and describe the blocker.

**Assessment:** Scored 0-100. Pass mark 70. Type: Business process.

### Completion criteria
- Every step is done and every acceptance criterion is demonstrated
- Required evidence is attached to the issue
- The accounting impact is written down where a posting was made
- Actual time is logged against the issue
- Instructor Review is Approved and the status is Completed

**Estimated time:** 2 h

**Next task:** Last task of this module","CO-PA","V17.0 CO-PA","MOD-25","TSH-030","2","L4 - Advanced","Assessment","SAP S/4HANA Training System","Scored result","","S/4HANA (ECC differences noted)","Changed in S/4HANA","Management Accounting","SD","Level 2 - SAP FI & CO Core","CO","Business process","0","Pending"
"REVIEW-17","REVIEW-17","Review","High","[REVIEW-17] Phase 17 gate review","**Objective:** Confirm that phase 17 (CO-PA) is complete.

### Checklist
- [ ] Every issue of the phase is Completed
- [ ] Evidence is attached to every issue
- [ ] Time is logged
- [ ] Assessment score is 70 or higher
- [ ] Configuration document is up to date

**Assessment:** Instructor confirms the checklist and records the gate decision.

**Estimated time:** 1 h","","V17.0 CO-PA","PHASE-17","ASM-017","1","","Review","","Instructor sign-off","","","","","","","","Review","0","Pending"
"PHASE-18","PHASE-18","Phase","Normal","[PHASE-18] FI-MM Integration","Phase 18 of 30. Version: V18.0 FI-MM Integration.

Modules: 1. Estimated hours: 26.

- MOD-26 FI-MM Integration

The phase closes with the gate review REVIEW-18.","","V18.0 FI-MM Integration","EPIC","","","","","","","","","","","","","","","",""
"MOD-26","MOD-26","Module","Normal","[MOD-26] FI-MM Integration","**Topics:** Purchase requisition; Purchase order; Goods receipt; Invoice receipt; Payment; GR/IR; Inventory posting; Vendor liability; Price differences; Tax; Account determination

**Transaction codes:** OBYC; OMSK; OMJJ; ME51N; ME21N; MIGO; MIRO; MR11; MB5S; FBL3N

**Environment:** SAP S/4HANA Training System

**Tasks:** 9, 25 estimated hours.

- THY-034 Procure to pay and its accounting at each stage
- THY-035 Automatic account determination for materials
- CFG-024 Configure account determination
- LAB-031 FI-MM Integration
- FI-011 Price differences and GR/IR analysis
- TSH-031 Scenario 31: account determination error on goods receipt
- TSH-032 Scenario 32: GR/IR issue, balance does not clear
- TSH-033 Scenario 33: invoice blocked for payment
- ASM-018 Phase 18 assessment: FI-MM integration","FI-MM Integration","V18.0 FI-MM Integration","PHASE-18","","","","","SAP S/4HANA Training System","","OBYC; OMSK; OMJJ; ME51N; ME21N; MIGO; MIRO; MR11; MB5S; FBL3N","S/4HANA (ECC differences noted)","Same concept as ECC","Procure to Pay","MM","Level 3 - Implementation & Integration","Consultant","","",""
"THY-034","THY-034","Theory","Normal","[THY-034] Procure to pay and its accounting at each stage","**Objective:** Procure to pay and its accounting at each stage

**Prerequisites:** ASM-006, ASM-016

**Concepts:** Purchase requisition; Purchase order; Goods receipt; Invoice receipt; Payment; GR/IR; Inventory posting; Vendor liability; Price differences; Tax; Account determination

**Business process:** Procure to Pay

**Environment:** SAP S/4HANA Training System

### Steps
- [ ] Study requisition, order, goods receipt, invoice receipt and payment
- [ ] Write the accounting entry of each stage for stock and for consumption purchases
- [ ] Study the GR/IR clearing account

### Acceptance criteria
- Writes the entries for each stage for both purchase types

**Evidence required:** Notes

**Accounting impact:** For every posting, write the debit and credit lines and the effect on the financial statements.

**Assessment:** Instructor checks the notes and asks short oral questions. Type: Short answer.

### Completion criteria
- Every step is done and every acceptance criterion is demonstrated
- Required evidence is attached to the issue
- The accounting impact is written down where a posting was made
- Actual time is logged against the issue
- Instructor Review is Approved and the status is Completed

**Estimated time:** 3 h

**Next task:** THY-035","FI-MM Integration","V18.0 FI-MM Integration","MOD-26","ASM-006, ASM-016","3","L4 - Advanced","Theory","SAP S/4HANA Training System","Notes","","S/4HANA (ECC differences noted)","Same concept as ECC","Procure to Pay","MM","Level 3 - Implementation & Integration","Consultant","Short answer","0","Pending"
"THY-035","THY-035","Theory","Normal","[THY-035] Automatic account determination for materials","**Objective:** Automatic account determination for materials

**Prerequisites:** THY-034

**Concepts:** Purchase requisition; Purchase order; Goods receipt; Invoice receipt; Payment; GR/IR; Inventory posting; Vendor liability; Price differences; Tax; Account determination

**Business process:** Procure to Pay

**Environment:** SAP S/4HANA Training System

### Steps
- [ ] Study valuation area, valuation class, account category reference and valuation grouping code
- [ ] Study transaction keys BSX, WRX, GBB, PRD and others
- [ ] Study account modifiers and movement types

### Acceptance criteria
- Explains how a goods movement finds its G/L account
- Names the key for stock, GR/IR, consumption and price difference

**Evidence required:** Notes

**Accounting impact:** For every posting, write the debit and credit lines and the effect on the financial statements.

**Assessment:** Instructor checks the notes and asks short oral questions. Type: Short answer.

### Completion criteria
- Every step is done and every acceptance criterion is demonstrated
- Required evidence is attached to the issue
- The accounting impact is written down where a posting was made
- Actual time is logged against the issue
- Instructor Review is Approved and the status is Completed

**Estimated time:** 4 h

**Next task:** CFG-024","FI-MM Integration","V18.0 FI-MM Integration","MOD-26","THY-034","4","L4 - Advanced","Theory","SAP S/4HANA Training System","Notes","","S/4HANA (ECC differences noted)","Same concept as ECC","Procure to Pay","MM","Level 3 - Implementation & Integration","Consultant","Short answer","0","Pending"
"CFG-024","CFG-024","Configuration","Normal","[CFG-024] Configure account determination","**Objective:** Configure account determination

**Prerequisites:** THY-035

**Concepts:** Purchase requisition; Purchase order; Goods receipt; Invoice receipt; Payment; GR/IR; Inventory posting; Vendor liability; Price differences; Tax; Account determination

**Transaction codes:** OMSK; OBYC; OMWD (find the Fiori app for each in the apps reference library)

**Business process:** Procure to Pay

**Environment:** SAP S/4HANA Training System

### Steps
- [ ] Review valuation classes and account category references
- [ ] Assign accounts for BSX, WRX, PRD and GBB with modifiers for the course chart
- [ ] Use the simulation to test

### Acceptance criteria
- Simulation shows the intended accounts for the main movement types

**Evidence required:** Configuration document entry

**Accounting impact:** For every posting, write the debit and credit lines and the effect on the financial statements.

**Troubleshooting:** Read the full message with its number. Record each error and its cause in the issue notes. If stuck for more than 30 minutes, set the status to Blocked and describe the blocker.

**Documentation:** Add the setting, its values and the business reason to your configuration document.

**Assessment:** Instructor checks the setting, its test posting and the documented business reason. Type: Configuration.

### Completion criteria
- Every step is done and every acceptance criterion is demonstrated
- Required evidence is attached to the issue
- The accounting impact is written down where a posting was made
- Actual time is logged against the issue
- Instructor Review is Approved and the status is Completed

**Estimated time:** 4 h

**Next task:** LAB-031","FI-MM Integration","V18.0 FI-MM Integration","MOD-26","THY-035","4","L4 - Advanced","Configuration","SAP S/4HANA Training System","Configuration document entry","OMSK; OBYC; OMWD","S/4HANA (ECC differences noted)","Same concept as ECC","Procure to Pay","MM","Level 3 - Implementation & Integration","Consultant","Configuration","0","Pending"
"LAB-031","LAB-031","Lab","Normal","[LAB-031] FI-MM Integration","**Objective:** FI-MM Integration

**Prerequisites:** CFG-024

**Concepts:** Purchase requisition; Purchase order; Goods receipt; Invoice receipt; Payment; GR/IR; Inventory posting; Vendor liability; Price differences; Tax; Account determination

**Transaction codes:** ME21N; MIGO; MIRO; F-53; FB03 (find the Fiori app for each in the apps reference library)

**Business process:** Procure to Pay

**Environment:** SAP S/4HANA Training System

### Steps
- [ ] Create a purchase order
- [ ] Post goods receipt and read the accounting document
- [ ] Post the invoice with tax and read the document
- [ ] Pay the supplier
- [ ] Follow the document flow

### Acceptance criteria
- Each step creates the expected accounting document
- GR/IR clears for the item

**Evidence required:** Document numbers + screenshots

**Accounting impact:** For every posting, write the debit and credit lines and the effect on the financial statements.

**Troubleshooting:** Read the full message with its number. Record each error and its cause in the issue notes. If stuck for more than 30 minutes, set the status to Blocked and describe the blocker.

**Assessment:** Instructor verifies the acceptance criteria from the evidence and may ask for a live demonstration. Type: Transaction execution.

### Completion criteria
- Every step is done and every acceptance criterion is demonstrated
- Required evidence is attached to the issue
- The accounting impact is written down where a posting was made
- Actual time is logged against the issue
- Instructor Review is Approved and the status is Completed

**Estimated time:** 4 h

**Next task:** FI-011","FI-MM Integration","V18.0 FI-MM Integration","MOD-26","CFG-024","4","L4 - Advanced","Guided Lab","SAP S/4HANA Training System","Document numbers + screenshots","ME21N; MIGO; MIRO; F-53; FB03","S/4HANA (ECC differences noted)","Same concept as ECC","Procure to Pay","MM","Level 3 - Implementation & Integration","Consultant","Transaction execution","0","Pending"
"FI-011","FI-011","FI","Normal","[FI-011] Price differences and GR/IR analysis","**Objective:** Price differences and GR/IR analysis

**Prerequisites:** LAB-031

**Concepts:** Purchase requisition; Purchase order; Goods receipt; Invoice receipt; Payment; GR/IR; Inventory posting; Vendor liability; Price differences; Tax; Account determination

**Transaction codes:** MIRO; MR11; MB5S (find the Fiori app for each in the apps reference library)

**Business process:** Procure to Pay

**Environment:** SAP S/4HANA Training System

### Steps
- [ ] Post an invoice at a different price for standard-price and moving-average materials and compare the postings
- [ ] Analyse open GR/IR items

### Acceptance criteria
- Price difference handling is explained for both price controls

**Evidence required:** Document numbers + screenshots

**Accounting impact:** For every posting, write the debit and credit lines and the effect on the financial statements.

**Troubleshooting:** Read the full message with its number. Record each error and its cause in the issue notes. If stuck for more than 30 minutes, set the status to Blocked and describe the blocker.

**Assessment:** Instructor checks the posted documents and the stated accounting impact. Type: Transaction execution.

### Completion criteria
- Every step is done and every acceptance criterion is demonstrated
- Required evidence is attached to the issue
- The accounting impact is written down where a posting was made
- Actual time is logged against the issue
- Instructor Review is Approved and the status is Completed

**Estimated time:** 3 h

**Next task:** TSH-031","FI-MM Integration","V18.0 FI-MM Integration","MOD-26","LAB-031","3","L4 - Advanced","Transaction","SAP S/4HANA Training System","Document numbers + screenshots","MIRO; MR11; MB5S","S/4HANA (ECC differences noted)","Same concept as ECC","Procure to Pay","MM","Level 3 - Implementation & Integration","Consultant","Transaction execution","0","Pending"
"TSH-031","TSH-031","Troubleshooting","Normal","[TSH-031] Scenario 31: account determination error on goods receipt","**Objective:** Scenario 31: account determination error on goods receipt

**Prerequisites:** FI-011

**Concepts:** Purchase requisition; Purchase order; Goods receipt; Invoice receipt; Payment; GR/IR; Inventory posting; Vendor liability; Price differences; Tax; Account determination

**Transaction codes:** OBYC; OMSK; OMJJ; ME51N; ME21N; MIGO; MIRO; MR11; MB5S; FBL3N (find the Fiori app for each in the apps reference library)

**Business process:** Procure to Pay

**Environment:** SAP S/4HANA Training System

### Steps
- [ ] Reproduce the error in the training client (instructor-prepared)
- [ ] Record the exact message number and text, and the business impact
- [ ] Read the message with transaction key and valuation class
- [ ] Check the assignment in the account determination
- [ ] Apply the fix
- [ ] Re-run the original transaction to validate
- [ ] Write the eight-section report: problem, business impact, evidence, root cause, configuration, fix, validation, prevention

### Acceptance criteria
- The original transaction now works
- Root cause is shown in configuration or master data
- Report has all eight sections

**Evidence required:** Root cause report

**Accounting impact:** For every posting, write the debit and credit lines and the effect on the financial statements.

**Assessment:** Instructor grades the eight-section report. Type: Troubleshooting.

### Completion criteria
- Every step is done and every acceptance criterion is demonstrated
- Required evidence is attached to the issue
- The accounting impact is written down where a posting was made
- Actual time is logged against the issue
- Instructor Review is Approved and the status is Completed

**Estimated time:** 2 h

**Next task:** TSH-032","FI-MM Integration","V18.0 FI-MM Integration","MOD-26","FI-011","2","L4 - Advanced","Troubleshooting","SAP S/4HANA Training System","Root cause report","OBYC; OMSK; OMJJ; ME51N; ME21N; MIGO; MIRO; MR11; MB5S; FBL3N","S/4HANA (ECC differences noted)","Same concept as ECC","Procure to Pay","MM","Level 3 - Implementation & Integration","Consultant","Troubleshooting","0","Pending"
"TSH-032","TSH-032","Troubleshooting","Normal","[TSH-032] Scenario 32: GR/IR issue, balance does not clear","**Objective:** Scenario 32: GR/IR issue, balance does not clear

**Prerequisites:** TSH-031

**Concepts:** Purchase requisition; Purchase order; Goods receipt; Invoice receipt; Payment; GR/IR; Inventory posting; Vendor liability; Price differences; Tax; Account determination

**Transaction codes:** OBYC; OMSK; OMJJ; ME51N; ME21N; MIGO; MIRO; MR11; MB5S; FBL3N (find the Fiori app for each in the apps reference library)

**Business process:** Procure to Pay

**Environment:** SAP S/4HANA Training System

### Steps
- [ ] Reproduce the error in the training client (instructor-prepared)
- [ ] Record the exact message number and text, and the business impact
- [ ] List open quantities per order item
- [ ] Find missing invoice or receipt or a price variance
- [ ] Apply the fix
- [ ] Re-run the original transaction to validate
- [ ] Write the eight-section report: problem, business impact, evidence, root cause, configuration, fix, validation, prevention

### Acceptance criteria
- The original transaction now works
- Root cause is shown in configuration or master data
- Report has all eight sections

**Evidence required:** Root cause report

**Accounting impact:** For every posting, write the debit and credit lines and the effect on the financial statements.

**Assessment:** Instructor grades the eight-section report. Type: Troubleshooting.

### Completion criteria
- Every step is done and every acceptance criterion is demonstrated
- Required evidence is attached to the issue
- The accounting impact is written down where a posting was made
- Actual time is logged against the issue
- Instructor Review is Approved and the status is Completed

**Estimated time:** 2 h

**Next task:** TSH-033","FI-MM Integration","V18.0 FI-MM Integration","MOD-26","TSH-031","2","L4 - Advanced","Troubleshooting","SAP S/4HANA Training System","Root cause report","OBYC; OMSK; OMJJ; ME51N; ME21N; MIGO; MIRO; MR11; MB5S; FBL3N","S/4HANA (ECC differences noted)","Same concept as ECC","Procure to Pay","MM","Level 3 - Implementation & Integration","Consultant","Troubleshooting","0","Pending"
"TSH-033","TSH-033","Troubleshooting","Normal","[TSH-033] Scenario 33: invoice blocked for payment","**Objective:** Scenario 33: invoice blocked for payment

**Prerequisites:** TSH-032

**Concepts:** Purchase requisition; Purchase order; Goods receipt; Invoice receipt; Payment; GR/IR; Inventory posting; Vendor liability; Price differences; Tax; Account determination

**Transaction codes:** OBYC; OMSK; OMJJ; ME51N; ME21N; MIGO; MIRO; MR11; MB5S; FBL3N (find the Fiori app for each in the apps reference library)

**Business process:** Procure to Pay

**Environment:** SAP S/4HANA Training System

### Steps
- [ ] Reproduce the error in the training client (instructor-prepared)
- [ ] Record the exact message number and text, and the business impact
- [ ] Read the blocking reason
- [ ] Check tolerances
- [ ] Release after business approval
- [ ] Apply the fix
- [ ] Re-run the original transaction to validate
- [ ] Write the eight-section report: problem, business impact, evidence, root cause, configuration, fix, validation, prevention

### Acceptance criteria
- The original transaction now works
- Root cause is shown in configuration or master data
- Report has all eight sections

**Evidence required:** Root cause report

**Accounting impact:** For every posting, write the debit and credit lines and the effect on the financial statements.

**Assessment:** Instructor grades the eight-section report. Type: Troubleshooting.

### Completion criteria
- Every step is done and every acceptance criterion is demonstrated
- Required evidence is attached to the issue
- The accounting impact is written down where a posting was made
- Actual time is logged against the issue
- Instructor Review is Approved and the status is Completed

**Estimated time:** 1 h

**Next task:** ASM-018","FI-MM Integration","V18.0 FI-MM Integration","MOD-26","TSH-032","1","L4 - Advanced","Troubleshooting","SAP S/4HANA Training System","Root cause report","OBYC; OMSK; OMJJ; ME51N; ME21N; MIGO; MIRO; MR11; MB5S; FBL3N","S/4HANA (ECC differences noted)","Same concept as ECC","Procure to Pay","MM","Level 3 - Implementation & Integration","Consultant","Troubleshooting","0","Pending"
"ASM-018","ASM-018","Assessment","High","[ASM-018] Phase 18 assessment: FI-MM integration","**Objective:** Phase 18 assessment: FI-MM integration

**Prerequisites:** TSH-033

**Concepts:** Purchase requisition; Purchase order; Goods receipt; Invoice receipt; Payment; GR/IR; Inventory posting; Vendor liability; Price differences; Tax; Account determination

**Business process:** Procure to Pay

**Environment:** SAP S/4HANA Training System

### Steps
- [ ] Solve a business case: identify process, configuration, execute, validate accounting, document

### Acceptance criteria
- Score of 70 or higher

**Evidence required:** Scored result

**Accounting impact:** For every posting, write the debit and credit lines and the effect on the financial statements.

**Troubleshooting:** Read the full message with its number. Record each error and its cause in the issue notes. If stuck for more than 30 minutes, set the status to Blocked and describe the blocker.

**Assessment:** Scored 0-100. Pass mark 70. Type: Scenario.

### Completion criteria
- Every step is done and every acceptance criterion is demonstrated
- Required evidence is attached to the issue
- The accounting impact is written down where a posting was made
- Actual time is logged against the issue
- Instructor Review is Approved and the status is Completed

**Estimated time:** 2 h

**Next task:** Last task of this module","FI-MM Integration","V18.0 FI-MM Integration","MOD-26","TSH-033","2","L4 - Advanced","Assessment","SAP S/4HANA Training System","Scored result","","S/4HANA (ECC differences noted)","Same concept as ECC","Procure to Pay","MM","Level 3 - Implementation & Integration","Consultant","Scenario","0","Pending"
"REVIEW-18","REVIEW-18","Review","High","[REVIEW-18] Phase 18 gate review","**Objective:** Confirm that phase 18 (FI-MM Integration) is complete.

### Checklist
- [ ] Every issue of the phase is Completed
- [ ] Evidence is attached to every issue
- [ ] Time is logged
- [ ] Assessment score is 70 or higher
- [ ] Configuration document is up to date

**Assessment:** Instructor confirms the checklist and records the gate decision.

**Estimated time:** 1 h","","V18.0 FI-MM Integration","PHASE-18","ASM-018","1","","Review","","Instructor sign-off","","","","","","","","Review","0","Pending"
"PHASE-19","PHASE-19","Phase","Normal","[PHASE-19] FI-SD Integration","Phase 19 of 30. Version: V19.0 FI-SD Integration.

Modules: 1. Estimated hours: 19.

- MOD-27 FI-SD Integration

The phase closes with the gate review REVIEW-19.","","V19.0 FI-SD Integration","EPIC","","","","","","","","","","","","","","","",""
"MOD-27","MOD-27","Module","Normal","[MOD-27] FI-SD Integration","**Topics:** Sales order; Delivery; Goods issue; Billing; Accounting document; Customer receivable; Revenue; Tax; COGS; Account determination

**Transaction codes:** VKOA; OVK1; OV25; VA01; VL01N; VF01; VF03; FBL5N

**Environment:** SAP S/4HANA Training System

**Tasks:** 7, 18 estimated hours.

- THY-036 Order to cash and its accounting at each stage
- THY-037 Revenue account determination
- CFG-025 Configure revenue account determination
- LAB-032 FI-SD Integration
- TSH-034 Scenario 34: billing document not released to accounting
- TSH-035 Scenario 35: wrong revenue account or missing tax in billing
- ASM-019 Phase 19 assessment: FI-SD integration","FI-SD Integration","V19.0 FI-SD Integration","PHASE-19","","","","","SAP S/4HANA Training System","","VKOA; OVK1; OV25; VA01; VL01N; VF01; VF03; FBL5N","S/4HANA (ECC differences noted)","Same concept as ECC","Order to Cash","SD","Level 3 - Implementation & Integration","Consultant","","",""
"THY-036","THY-036","Theory","Normal","[THY-036] Order to cash and its accounting at each stage","**Objective:** Order to cash and its accounting at each stage

**Prerequisites:** ASM-007, ASM-017

**Concepts:** Sales order; Delivery; Goods issue; Billing; Accounting document; Customer receivable; Revenue; Tax; COGS; Account determination

**Business process:** Order to Cash

**Environment:** SAP S/4HANA Training System

### Steps
- [ ] Study order, delivery, goods issue, billing and payment
- [ ] Write the accounting entry for goods issue and for billing
- [ ] Study how tax and discounts post

### Acceptance criteria
- Writes the entries for goods issue and billing with tax

**Evidence required:** Notes

**Accounting impact:** For every posting, write the debit and credit lines and the effect on the financial statements.

**Assessment:** Instructor checks the notes and asks short oral questions. Type: Short answer.

### Completion criteria
- Every step is done and every acceptance criterion is demonstrated
- Required evidence is attached to the issue
- The accounting impact is written down where a posting was made
- Actual time is logged against the issue
- Instructor Review is Approved and the status is Completed

**Estimated time:** 3 h

**Next task:** THY-037","FI-SD Integration","V19.0 FI-SD Integration","MOD-27","ASM-007, ASM-017","3","L4 - Advanced","Theory","SAP S/4HANA Training System","Notes","","S/4HANA (ECC differences noted)","Same concept as ECC","Order to Cash","SD","Level 3 - Implementation & Integration","Consultant","Short answer","0","Pending"
"THY-037","THY-037","Theory","Normal","[THY-037] Revenue account determination","**Objective:** Revenue account determination

**Prerequisites:** THY-036

**Concepts:** Sales order; Delivery; Goods issue; Billing; Accounting document; Customer receivable; Revenue; Tax; COGS; Account determination

**Business process:** Order to Cash

**Environment:** SAP S/4HANA Training System

### Steps
- [ ] Study the condition technique for account determination
- [ ] Study customer and material account assignment groups and account keys
- [ ] Study the access sequence

### Acceptance criteria
- Explains how a billing item finds its revenue account

**Evidence required:** Notes

**Accounting impact:** For every posting, write the debit and credit lines and the effect on the financial statements.

**Assessment:** Instructor checks the notes and asks short oral questions. Type: Short answer.

### Completion criteria
- Every step is done and every acceptance criterion is demonstrated
- Required evidence is attached to the issue
- The accounting impact is written down where a posting was made
- Actual time is logged against the issue
- Instructor Review is Approved and the status is Completed

**Estimated time:** 3 h

**Next task:** CFG-025","FI-SD Integration","V19.0 FI-SD Integration","MOD-27","THY-036","3","L4 - Advanced","Theory","SAP S/4HANA Training System","Notes","","S/4HANA (ECC differences noted)","Same concept as ECC","Order to Cash","SD","Level 3 - Implementation & Integration","Consultant","Short answer","0","Pending"
"CFG-025","CFG-025","Configuration","Normal","[CFG-025] Configure revenue account determination","**Objective:** Configure revenue account determination

**Prerequisites:** THY-037

**Concepts:** Sales order; Delivery; Goods issue; Billing; Accounting document; Customer receivable; Revenue; Tax; COGS; Account determination

**Transaction codes:** OVK5; OVK6; VKOA (find the Fiori app for each in the apps reference library)

**Business process:** Order to Cash

**Environment:** SAP S/4HANA Training System

### Steps
- [ ] Review account assignment groups
- [ ] Assign revenue, discount and tax accounts by the access tables
- [ ] Test with a billing document

### Acceptance criteria
- Billing posts to the intended revenue accounts

**Evidence required:** Configuration document entry

**Accounting impact:** For every posting, write the debit and credit lines and the effect on the financial statements.

**Troubleshooting:** Read the full message with its number. Record each error and its cause in the issue notes. If stuck for more than 30 minutes, set the status to Blocked and describe the blocker.

**Documentation:** Add the setting, its values and the business reason to your configuration document.

**Assessment:** Instructor checks the setting, its test posting and the documented business reason. Type: Configuration.

### Completion criteria
- Every step is done and every acceptance criterion is demonstrated
- Required evidence is attached to the issue
- The accounting impact is written down where a posting was made
- Actual time is logged against the issue
- Instructor Review is Approved and the status is Completed

**Estimated time:** 3 h

**Next task:** LAB-032","FI-SD Integration","V19.0 FI-SD Integration","MOD-27","THY-037","3","L4 - Advanced","Configuration","SAP S/4HANA Training System","Configuration document entry","OVK5; OVK6; VKOA","S/4HANA (ECC differences noted)","Same concept as ECC","Order to Cash","SD","Level 3 - Implementation & Integration","Consultant","Configuration","0","Pending"
"LAB-032","LAB-032","Lab","Normal","[LAB-032] FI-SD Integration","**Objective:** FI-SD Integration

**Prerequisites:** CFG-025

**Concepts:** Sales order; Delivery; Goods issue; Billing; Accounting document; Customer receivable; Revenue; Tax; COGS; Account determination

**Transaction codes:** VA01; VL01N; VF01; F-28; VF03 (find the Fiori app for each in the apps reference library)

**Business process:** Order to Cash

**Environment:** SAP S/4HANA Training System

### Steps
- [ ] Create a sales order
- [ ] Deliver and post goods issue and read the accounting document
- [ ] Bill and read the accounting document
- [ ] Receive the payment
- [ ] Follow the document flow and the profitability posting

### Acceptance criteria
- Each step creates the expected accounting document
- Receivable is cleared

**Evidence required:** Document numbers + screenshots

**Accounting impact:** For every posting, write the debit and credit lines and the effect on the financial statements.

**Troubleshooting:** Read the full message with its number. Record each error and its cause in the issue notes. If stuck for more than 30 minutes, set the status to Blocked and describe the blocker.

**Assessment:** Instructor verifies the acceptance criteria from the evidence and may ask for a live demonstration. Type: Transaction execution.

### Completion criteria
- Every step is done and every acceptance criterion is demonstrated
- Required evidence is attached to the issue
- The accounting impact is written down where a posting was made
- Actual time is logged against the issue
- Instructor Review is Approved and the status is Completed

**Estimated time:** 4 h

**Next task:** TSH-034","FI-SD Integration","V19.0 FI-SD Integration","MOD-27","CFG-025","4","L4 - Advanced","Guided Lab","SAP S/4HANA Training System","Document numbers + screenshots","VA01; VL01N; VF01; F-28; VF03","S/4HANA (ECC differences noted)","Same concept as ECC","Order to Cash","SD","Level 3 - Implementation & Integration","Consultant","Transaction execution","0","Pending"
"TSH-034","TSH-034","Troubleshooting","Normal","[TSH-034] Scenario 34: billing document not released to accounting","**Objective:** Scenario 34: billing document not released to accounting

**Prerequisites:** LAB-032

**Concepts:** Sales order; Delivery; Goods issue; Billing; Accounting document; Customer receivable; Revenue; Tax; COGS; Account determination

**Transaction codes:** VKOA; OVK1; OV25; VA01; VL01N; VF01; VF03; FBL5N (find the Fiori app for each in the apps reference library)

**Business process:** Order to Cash

**Environment:** SAP S/4HANA Training System

### Steps
- [ ] Reproduce the error in the training client (instructor-prepared)
- [ ] Record the exact message number and text, and the business impact
- [ ] Read the account determination analysis in the billing document
- [ ] Check account keys and assignment groups
- [ ] Apply the fix
- [ ] Re-run the original transaction to validate
- [ ] Write the eight-section report: problem, business impact, evidence, root cause, configuration, fix, validation, prevention

### Acceptance criteria
- The original transaction now works
- Root cause is shown in configuration or master data
- Report has all eight sections

**Evidence required:** Root cause report

**Accounting impact:** For every posting, write the debit and credit lines and the effect on the financial statements.

**Assessment:** Instructor grades the eight-section report. Type: Troubleshooting.

### Completion criteria
- Every step is done and every acceptance criterion is demonstrated
- Required evidence is attached to the issue
- The accounting impact is written down where a posting was made
- Actual time is logged against the issue
- Instructor Review is Approved and the status is Completed

**Estimated time:** 2 h

**Next task:** TSH-035","FI-SD Integration","V19.0 FI-SD Integration","MOD-27","LAB-032","2","L4 - Advanced","Troubleshooting","SAP S/4HANA Training System","Root cause report","VKOA; OVK1; OV25; VA01; VL01N; VF01; VF03; FBL5N","S/4HANA (ECC differences noted)","Same concept as ECC","Order to Cash","SD","Level 3 - Implementation & Integration","Consultant","Troubleshooting","0","Pending"
"TSH-035","TSH-035","Troubleshooting","Normal","[TSH-035] Scenario 35: wrong revenue account or missing tax in billing","**Objective:** Scenario 35: wrong revenue account or missing tax in billing

**Prerequisites:** TSH-034

**Concepts:** Sales order; Delivery; Goods issue; Billing; Accounting document; Customer receivable; Revenue; Tax; COGS; Account determination

**Transaction codes:** VKOA; OVK1; OV25; VA01; VL01N; VF01; VF03; FBL5N (find the Fiori app for each in the apps reference library)

**Business process:** Order to Cash

**Environment:** SAP S/4HANA Training System

### Steps
- [ ] Reproduce the error in the training client (instructor-prepared)
- [ ] Record the exact message number and text, and the business impact
- [ ] Check the pricing procedure account keys and the tax code determination
- [ ] Apply the fix
- [ ] Re-run the original transaction to validate
- [ ] Write the eight-section report: problem, business impact, evidence, root cause, configuration, fix, validation, prevention

### Acceptance criteria
- The original transaction now works
- Root cause is shown in configuration or master data
- Report has all eight sections

**Evidence required:** Root cause report

**Accounting impact:** For every posting, write the debit and credit lines and the effect on the financial statements.

**Assessment:** Instructor grades the eight-section report. Type: Troubleshooting.

### Completion criteria
- Every step is done and every acceptance criterion is demonstrated
- Required evidence is attached to the issue
- The accounting impact is written down where a posting was made
- Actual time is logged against the issue
- Instructor Review is Approved and the status is Completed

**Estimated time:** 1 h

**Next task:** ASM-019","FI-SD Integration","V19.0 FI-SD Integration","MOD-27","TSH-034","1","L4 - Advanced","Troubleshooting","SAP S/4HANA Training System","Root cause report","VKOA; OVK1; OV25; VA01; VL01N; VF01; VF03; FBL5N","S/4HANA (ECC differences noted)","Same concept as ECC","Order to Cash","SD","Level 3 - Implementation & Integration","Consultant","Troubleshooting","0","Pending"
"ASM-019","ASM-019","Assessment","High","[ASM-019] Phase 19 assessment: FI-SD integration","**Objective:** Phase 19 assessment: FI-SD integration

**Prerequisites:** TSH-035

**Concepts:** Sales order; Delivery; Goods issue; Billing; Accounting document; Customer receivable; Revenue; Tax; COGS; Account determination

**Business process:** Order to Cash

**Environment:** SAP S/4HANA Training System

### Steps
- [ ] Solve a business case end to end and document the solution

### Acceptance criteria
- Score of 70 or higher

**Evidence required:** Scored result

**Accounting impact:** For every posting, write the debit and credit lines and the effect on the financial statements.

**Troubleshooting:** Read the full message with its number. Record each error and its cause in the issue notes. If stuck for more than 30 minutes, set the status to Blocked and describe the blocker.

**Assessment:** Scored 0-100. Pass mark 70. Type: Scenario.

### Completion criteria
- Every step is done and every acceptance criterion is demonstrated
- Required evidence is attached to the issue
- The accounting impact is written down where a posting was made
- Actual time is logged against the issue
- Instructor Review is Approved and the status is Completed

**Estimated time:** 2 h

**Next task:** Last task of this module","FI-SD Integration","V19.0 FI-SD Integration","MOD-27","TSH-035","2","L4 - Advanced","Assessment","SAP S/4HANA Training System","Scored result","","S/4HANA (ECC differences noted)","Same concept as ECC","Order to Cash","SD","Level 3 - Implementation & Integration","Consultant","Scenario","0","Pending"
"REVIEW-19","REVIEW-19","Review","High","[REVIEW-19] Phase 19 gate review","**Objective:** Confirm that phase 19 (FI-SD Integration) is complete.

### Checklist
- [ ] Every issue of the phase is Completed
- [ ] Evidence is attached to every issue
- [ ] Time is logged
- [ ] Assessment score is 70 or higher
- [ ] Configuration document is up to date

**Assessment:** Instructor confirms the checklist and records the gate decision.

**Estimated time:** 1 h","","V19.0 FI-SD Integration","PHASE-19","ASM-019","1","","Review","","Instructor sign-off","","","","","","","","Review","0","Pending"
"PHASE-20","PHASE-20","Phase","Normal","[PHASE-20] FI-AA/CO Integration","Phase 20 of 30. Version: V20.0 FI-AA/CO Integration.

Modules: 1. Estimated hours: 20.

- MOD-28 FI-AA and FI-CO Integration

The phase closes with the gate review REVIEW-20.","","V20.0 FI-AA/CO Integration","EPIC","","","","","","","","","","","","","","","",""
"MOD-28","MOD-28","Module","Normal","[MOD-28] FI-AA and FI-CO Integration","**Topics:** Asset procurement; Asset capitalization; Depreciation; Asset retirement; Asset settlement; Cost postings; Primary cost; Secondary cost; Cost center; Internal order; Profit center; Settlement; Universal Journal

**Transaction codes:** ME21N; MIGO; MIRO; AIAB; AIBU; KO88; AFAB; FB50; KSB1; ACDOCA

**Environment:** SAP S/4HANA Training System

**Tasks:** 7, 19 estimated hours.

- THY-038 Asset procurement through purchasing and investment orders
- LAB-033 Asset procurement with purchase order and capitalization
- LAB-034 Investment order to asset under construction to asset
- THY-039 FI and CO in one document: real-time integration
- FI-012 Trace cost postings across FI and CO
- TSH-036 Scenario 36: asset not capitalised from the goods receipt
- ASM-020 Phase 20 assessment: FI-AA and FI-CO integration","FI-CO Integration","V20.0 FI-AA/CO Integration","PHASE-20","","","","","SAP S/4HANA Training System","","ME21N; MIGO; MIRO; AIAB; AIBU; KO88; AFAB; FB50; KSB1; ACDOCA","S/4HANA (ECC differences noted)","Changed in S/4HANA","Asset Lifecycle","AA","Level 3 - Implementation & Integration","Consultant","","",""
"THY-038","THY-038","Theory","Normal","[THY-038] Asset procurement through purchasing and investment orders","**Objective:** Asset procurement through purchasing and investment orders

**Prerequisites:** ASM-009, ASM-014

**Concepts:** Asset procurement; Asset capitalization; Depreciation; Asset retirement; Asset settlement; Cost postings; Primary cost; Secondary cost; Cost center; Internal order; Profit center; Settlement; Universal Journal

**Business process:** Asset Lifecycle

**Environment:** SAP S/4HANA Training System

### Steps
- [ ] Study purchase order with asset account assignment
- [ ] Study investment order to asset under construction to final asset
- [ ] Study how depreciation reaches cost centres

### Acceptance criteria
- Draws both flows with their postings

**Evidence required:** Notes

**Accounting impact:** For every posting, write the debit and credit lines and the effect on the financial statements.

**Assessment:** Instructor checks the notes and asks short oral questions. Type: Short answer.

### Completion criteria
- Every step is done and every acceptance criterion is demonstrated
- Required evidence is attached to the issue
- The accounting impact is written down where a posting was made
- Actual time is logged against the issue
- Instructor Review is Approved and the status is Completed

**Estimated time:** 3 h

**Next task:** LAB-033","FI-CO Integration","V20.0 FI-AA/CO Integration","MOD-28","ASM-009, ASM-014","3","L4 - Advanced","Theory","SAP S/4HANA Training System","Notes","","S/4HANA (ECC differences noted)","Changed in S/4HANA","Asset Lifecycle","AA","Level 3 - Implementation & Integration","Consultant","Short answer","0","Pending"
"LAB-033","LAB-033","Lab","Normal","[LAB-033] Asset procurement with purchase order and capitalization","**Objective:** Asset procurement with purchase order and capitalization

**Prerequisites:** THY-038

**Concepts:** Asset procurement; Asset capitalization; Depreciation; Asset retirement; Asset settlement; Cost postings; Primary cost; Secondary cost; Cost center; Internal order; Profit center; Settlement; Universal Journal

**Transaction codes:** ME21N; MIGO; MIRO; AW01N (find the Fiori app for each in the apps reference library)

**Business process:** Asset Lifecycle

**Environment:** SAP S/4HANA Training System

### Steps
- [ ] Create a purchase order assigned to an asset
- [ ] Post goods receipt and invoice
- [ ] Check asset values and documents

### Acceptance criteria
- Asset is capitalised by the logistics documents

**Evidence required:** Document numbers + screenshots

**Accounting impact:** For every posting, write the debit and credit lines and the effect on the financial statements.

**Troubleshooting:** Read the full message with its number. Record each error and its cause in the issue notes. If stuck for more than 30 minutes, set the status to Blocked and describe the blocker.

**Assessment:** Instructor verifies the acceptance criteria from the evidence and may ask for a live demonstration. Type: Transaction execution.

### Completion criteria
- Every step is done and every acceptance criterion is demonstrated
- Required evidence is attached to the issue
- The accounting impact is written down where a posting was made
- Actual time is logged against the issue
- Instructor Review is Approved and the status is Completed

**Estimated time:** 4 h

**Next task:** LAB-034","FI-CO Integration","V20.0 FI-AA/CO Integration","MOD-28","THY-038","4","L4 - Advanced","Guided Lab","SAP S/4HANA Training System","Document numbers + screenshots","ME21N; MIGO; MIRO; AW01N","S/4HANA (ECC differences noted)","Changed in S/4HANA","Asset Lifecycle","AA","Level 3 - Implementation & Integration","Consultant","Transaction execution","0","Pending"
"LAB-034","LAB-034","Lab","Normal","[LAB-034] Investment order to asset under construction to asset","**Objective:** Investment order to asset under construction to asset

**Prerequisites:** LAB-033

**Concepts:** Asset procurement; Asset capitalization; Depreciation; Asset retirement; Asset settlement; Cost postings; Primary cost; Secondary cost; Cost center; Internal order; Profit center; Settlement; Universal Journal

**Transaction codes:** KO01; KO88; AIAB; AIBU (find the Fiori app for each in the apps reference library)

**Business process:** Asset Lifecycle

**Environment:** SAP S/4HANA Training System

### Steps
- [ ] Create an investment order
- [ ] Post costs
- [ ] Settle to the asset under construction
- [ ] Settle to the final asset

### Acceptance criteria
- Costs arrive on the final asset
- Order and asset under construction are cleared

**Evidence required:** Document numbers + screenshots

**Accounting impact:** For every posting, write the debit and credit lines and the effect on the financial statements.

**Troubleshooting:** Read the full message with its number. Record each error and its cause in the issue notes. If stuck for more than 30 minutes, set the status to Blocked and describe the blocker.

**Assessment:** Instructor verifies the acceptance criteria from the evidence and may ask for a live demonstration. Type: Transaction execution.

### Completion criteria
- Every step is done and every acceptance criterion is demonstrated
- Required evidence is attached to the issue
- The accounting impact is written down where a posting was made
- Actual time is logged against the issue
- Instructor Review is Approved and the status is Completed

**Estimated time:** 4 h

**Next task:** THY-039","FI-CO Integration","V20.0 FI-AA/CO Integration","MOD-28","LAB-033","4","L4 - Advanced","Guided Lab","SAP S/4HANA Training System","Document numbers + screenshots","KO01; KO88; AIAB; AIBU","S/4HANA (ECC differences noted)","Changed in S/4HANA","Asset Lifecycle","AA","Level 3 - Implementation & Integration","Consultant","Transaction execution","0","Pending"
"THY-039","THY-039","Theory","Normal","[THY-039] FI and CO in one document: real-time integration","**Objective:** FI and CO in one document: real-time integration

**Prerequisites:** LAB-034

**Concepts:** Asset procurement; Asset capitalization; Depreciation; Asset retirement; Asset settlement; Cost postings; Primary cost; Secondary cost; Cost center; Internal order; Profit center; Settlement; Universal Journal

**Business process:** Asset Lifecycle

**Environment:** SAP S/4HANA Training System

### Steps
- [ ] Study how a cost posting carries cost centre, order and profit centre in one journal entry
- [ ] Study secondary postings
- [ ] Compare with reconciliation in ECC

### Acceptance criteria
- Explains why FI and CO cannot differ in S/4HANA

**Evidence required:** Notes

**Accounting impact:** For every posting, write the debit and credit lines and the effect on the financial statements.

**Assessment:** Instructor checks the notes and asks short oral questions. Type: Short answer.

### Completion criteria
- Every step is done and every acceptance criterion is demonstrated
- Required evidence is attached to the issue
- The accounting impact is written down where a posting was made
- Actual time is logged against the issue
- Instructor Review is Approved and the status is Completed

**Estimated time:** 2 h

**Next task:** FI-012","FI-CO Integration","V20.0 FI-AA/CO Integration","MOD-28","LAB-034","2","L4 - Advanced","Theory","SAP S/4HANA Training System","Notes","","S/4HANA (ECC differences noted)","Changed in S/4HANA","Asset Lifecycle","AA","Level 3 - Implementation & Integration","Consultant","Short answer","0","Pending"
"FI-012","FI-012","FI","Normal","[FI-012] Trace cost postings across FI and CO","**Objective:** Trace cost postings across FI and CO

**Prerequisites:** THY-039

**Concepts:** Asset procurement; Asset capitalization; Depreciation; Asset retirement; Asset settlement; Cost postings; Primary cost; Secondary cost; Cost center; Internal order; Profit center; Settlement; Universal Journal

**Transaction codes:** FB50; KSB1; FB03; SE16N (find the Fiori app for each in the apps reference library)

**Business process:** Asset Lifecycle

**Environment:** SAP S/4HANA Training System

### Steps
- [ ] Post an expense with cost centre
- [ ] Run an allocation
- [ ] Display both in the journal with ledger and CO fields
- [ ] Find the entries in the universal journal table

### Acceptance criteria
- Primary and secondary postings are shown in one place

**Evidence required:** Document numbers + screenshots

**Accounting impact:** For every posting, write the debit and credit lines and the effect on the financial statements.

**Troubleshooting:** Read the full message with its number. Record each error and its cause in the issue notes. If stuck for more than 30 minutes, set the status to Blocked and describe the blocker.

**Assessment:** Instructor checks the posted documents and the stated accounting impact. Type: Transaction execution.

### Completion criteria
- Every step is done and every acceptance criterion is demonstrated
- Required evidence is attached to the issue
- The accounting impact is written down where a posting was made
- Actual time is logged against the issue
- Instructor Review is Approved and the status is Completed

**Estimated time:** 3 h

**Next task:** TSH-036","FI-CO Integration","V20.0 FI-AA/CO Integration","MOD-28","THY-039","3","L4 - Advanced","Transaction","SAP S/4HANA Training System","Document numbers + screenshots","FB50; KSB1; FB03; SE16N","S/4HANA (ECC differences noted)","Changed in S/4HANA","Asset Lifecycle","AA","Level 3 - Implementation & Integration","Consultant","Transaction execution","0","Pending"
"TSH-036","TSH-036","Troubleshooting","Normal","[TSH-036] Scenario 36: asset not capitalised from the goods receipt","**Objective:** Scenario 36: asset not capitalised from the goods receipt

**Prerequisites:** FI-012

**Concepts:** Asset procurement; Asset capitalization; Depreciation; Asset retirement; Asset settlement; Cost postings; Primary cost; Secondary cost; Cost center; Internal order; Profit center; Settlement; Universal Journal

**Transaction codes:** ME21N; MIGO; MIRO; AIAB; AIBU; KO88; AFAB; FB50; KSB1; ACDOCA (find the Fiori app for each in the apps reference library)

**Business process:** Asset Lifecycle

**Environment:** SAP S/4HANA Training System

### Steps
- [ ] Reproduce the error in the training client (instructor-prepared)
- [ ] Record the exact message number and text, and the business impact
- [ ] Check the account assignment category and asset class settings for integration
- [ ] Apply the fix
- [ ] Re-run the original transaction to validate
- [ ] Write the eight-section report: problem, business impact, evidence, root cause, configuration, fix, validation, prevention

### Acceptance criteria
- The original transaction now works
- Root cause is shown in configuration or master data
- Report has all eight sections

**Evidence required:** Root cause report

**Accounting impact:** For every posting, write the debit and credit lines and the effect on the financial statements.

**Assessment:** Instructor grades the eight-section report. Type: Troubleshooting.

### Completion criteria
- Every step is done and every acceptance criterion is demonstrated
- Required evidence is attached to the issue
- The accounting impact is written down where a posting was made
- Actual time is logged against the issue
- Instructor Review is Approved and the status is Completed

**Estimated time:** 1 h

**Next task:** ASM-020","FI-CO Integration","V20.0 FI-AA/CO Integration","MOD-28","FI-012","1","L4 - Advanced","Troubleshooting","SAP S/4HANA Training System","Root cause report","ME21N; MIGO; MIRO; AIAB; AIBU; KO88; AFAB; FB50; KSB1; ACDOCA","S/4HANA (ECC differences noted)","Changed in S/4HANA","Asset Lifecycle","AA","Level 3 - Implementation & Integration","Consultant","Troubleshooting","0","Pending"
"ASM-020","ASM-020","Assessment","High","[ASM-020] Phase 20 assessment: FI-AA and FI-CO integration","**Objective:** Phase 20 assessment: FI-AA and FI-CO integration

**Prerequisites:** TSH-036

**Concepts:** Asset procurement; Asset capitalization; Depreciation; Asset retirement; Asset settlement; Cost postings; Primary cost; Secondary cost; Cost center; Internal order; Profit center; Settlement; Universal Journal

**Business process:** Asset Lifecycle

**Environment:** SAP S/4HANA Training System

### Steps
- [ ] Solve a business case end to end and document the solution

### Acceptance criteria
- Score of 70 or higher

**Evidence required:** Scored result

**Accounting impact:** For every posting, write the debit and credit lines and the effect on the financial statements.

**Troubleshooting:** Read the full message with its number. Record each error and its cause in the issue notes. If stuck for more than 30 minutes, set the status to Blocked and describe the blocker.

**Assessment:** Scored 0-100. Pass mark 70. Type: Scenario.

### Completion criteria
- Every step is done and every acceptance criterion is demonstrated
- Required evidence is attached to the issue
- The accounting impact is written down where a posting was made
- Actual time is logged against the issue
- Instructor Review is Approved and the status is Completed

**Estimated time:** 2 h

**Next task:** Last task of this module","FI-CO Integration","V20.0 FI-AA/CO Integration","MOD-28","TSH-036","2","L4 - Advanced","Assessment","SAP S/4HANA Training System","Scored result","","S/4HANA (ECC differences noted)","Changed in S/4HANA","Asset Lifecycle","AA","Level 3 - Implementation & Integration","Consultant","Scenario","0","Pending"
"REVIEW-20","REVIEW-20","Review","High","[REVIEW-20] Phase 20 gate review","**Objective:** Confirm that phase 20 (FI-AA/CO Integration) is complete.

### Checklist
- [ ] Every issue of the phase is Completed
- [ ] Evidence is attached to every issue
- [ ] Time is logged
- [ ] Assessment score is 70 or higher
- [ ] Configuration document is up to date

**Assessment:** Instructor confirms the checklist and records the gate decision.

**Estimated time:** 1 h","","V20.0 FI-AA/CO Integration","PHASE-20","ASM-020","1","","Review","","Instructor sign-off","","","","","","","","Review","0","Pending"
"PHASE-21","PHASE-21","Phase","Normal","[PHASE-21] S/4HANA Finance","Phase 21 of 30. Version: V21.0 S/4HANA Finance.

Modules: 4. Estimated hours: 44.

- MOD-29 S/4HANA Finance Architecture
- MOD-30 Ledgers and Parallel Accounting
- MOD-31 Document Splitting
- MOD-32 New Asset Accounting

The phase closes with the gate review REVIEW-21.","","V21.0 S/4HANA Finance","EPIC","","","","","","","","","","","","","","","",""
"MOD-29","MOD-29","Module","Normal","[MOD-29] S/4HANA Finance Architecture","**Topics:** S/4HANA architecture; Universal Journal; ACDOCA; Business Partner; New Asset Accounting; New GL; Embedded analytics; Fiori; Simplification; Real-time integration

**Transaction codes:** FINSC_LEDGER; SPRO

**Environment:** SAP S/4HANA Training System

**Tasks:** 2, 7 estimated hours.

- THY-040 S/4HANA architecture and the simplification of finance
- THY-041 New General Ledger concepts carried into S/4HANA","S/4HANA","V21.0 S/4HANA Finance","PHASE-21","","","","","SAP S/4HANA Training System","","FINSC_LEDGER; SPRO","S/4HANA (ECC differences noted)","New in S/4HANA","None","None","Level 4 - S/4HANA Finance Expert","S/4HANA","","",""
"THY-040","THY-040","Theory","Normal","[THY-040] S/4HANA architecture and the simplification of finance","**Objective:** S/4HANA architecture and the simplification of finance

**Prerequisites:** ASM-020

**Concepts:** S/4HANA architecture; Universal Journal; ACDOCA; Business Partner; New Asset Accounting; New GL; Embedded analytics; Fiori; Simplification; Real-time integration

**Environment:** SAP S/4HANA Training System

### Steps
- [ ] Study the in-memory database and what it removed: totals and index tables
- [ ] Study the simplification list items for finance
- [ ] Study compatibility views
- [ ] Study the release naming and deployment options

### Acceptance criteria
- Lists the main removed tables and what replaced them
- Names six finance simplifications

**Evidence required:** Notes

**Accounting impact:** For every posting, write the debit and credit lines and the effect on the financial statements.

**Assessment:** Instructor checks the notes and asks short oral questions. Type: Short answer.

### Completion criteria
- Every step is done and every acceptance criterion is demonstrated
- Required evidence is attached to the issue
- The accounting impact is written down where a posting was made
- Actual time is logged against the issue
- Instructor Review is Approved and the status is Completed

**Estimated time:** 4 h

**Next task:** THY-041","S/4HANA","V21.0 S/4HANA Finance","MOD-29","ASM-020","4","L4 - Advanced","Theory","SAP S/4HANA Training System","Notes","","S/4HANA (ECC differences noted)","New in S/4HANA","None","None","Level 4 - S/4HANA Finance Expert","S/4HANA","Short answer","0","Pending"
"THY-041","THY-041","Theory","Normal","[THY-041] New General Ledger concepts carried into S/4HANA","**Objective:** New General Ledger concepts carried into S/4HANA

**Prerequisites:** THY-040

**Concepts:** S/4HANA architecture; Universal Journal; ACDOCA; Business Partner; New Asset Accounting; New GL; Embedded analytics; Fiori; Simplification; Real-time integration

**Environment:** SAP S/4HANA Training System

### Steps
- [ ] Study ledgers, scenarios, segment reporting and document splitting from the new general ledger
- [ ] Study what is mandatory in S/4HANA

### Acceptance criteria
- Explains which new general ledger functions exist in S/4HANA and how

**Evidence required:** Notes

**Accounting impact:** For every posting, write the debit and credit lines and the effect on the financial statements.

**Assessment:** Instructor checks the notes and asks short oral questions. Type: Short answer.

### Completion criteria
- Every step is done and every acceptance criterion is demonstrated
- Required evidence is attached to the issue
- The accounting impact is written down where a posting was made
- Actual time is logged against the issue
- Instructor Review is Approved and the status is Completed

**Estimated time:** 3 h

**Next task:** Last task of this module","S/4HANA","V21.0 S/4HANA Finance","MOD-29","THY-040","3","L4 - Advanced","Theory","SAP S/4HANA Training System","Notes","","S/4HANA (ECC differences noted)","New in S/4HANA","None","None","Level 4 - S/4HANA Finance Expert","S/4HANA","Short answer","0","Pending"
"MOD-30","MOD-30","Module","Normal","[MOD-30] Ledgers and Parallel Accounting","**Topics:** Leading ledger; Non-leading ledger; Parallel ledgers; Accounting principles; IFRS; Local GAAP; Parallel valuation

**Transaction codes:** FINSC_LEDGER; OB22; FB50L; FAGL_FCV

**Environment:** SAP S/4HANA Training System

**Tasks:** 3, 10 estimated hours.

- THY-042 Parallel accounting: ledger approach versus accounts approach
- CFG-026 Configure ledgers, currencies and accounting principles
- LAB-035 Ledger-specific postings and reporting","S/4HANA","V21.0 S/4HANA Finance","PHASE-21","","","","","SAP S/4HANA Training System","","FINSC_LEDGER; OB22; FB50L; FAGL_FCV","S/4HANA (ECC differences noted)","New in S/4HANA","Record to Report","None","Level 4 - S/4HANA Finance Expert","S/4HANA","","",""
"THY-042","THY-042","Theory","Normal","[THY-042] Parallel accounting: ledger approach versus accounts approach","**Objective:** Parallel accounting: ledger approach versus accounts approach

**Prerequisites:** THY-041

**Concepts:** Leading ledger; Non-leading ledger; Parallel ledgers; Accounting principles; IFRS; Local GAAP; Parallel valuation

**Business process:** Record to Report

**Environment:** SAP S/4HANA Training System

### Steps
- [ ] Study leading and non-leading ledgers, extension ledgers and accounting principles
- [ ] Compare the ledger and accounts approaches
- [ ] Study IFRS versus local GAAP differences that drive parallel valuation

### Acceptance criteria
- Recommends an approach for two company profiles with reasons

**Evidence required:** Notes

**Accounting impact:** For every posting, write the debit and credit lines and the effect on the financial statements.

**Assessment:** Instructor checks the notes and asks short oral questions. Type: Short answer.

### Completion criteria
- Every step is done and every acceptance criterion is demonstrated
- Required evidence is attached to the issue
- The accounting impact is written down where a posting was made
- Actual time is logged against the issue
- Instructor Review is Approved and the status is Completed

**Estimated time:** 3 h

**Next task:** CFG-026","S/4HANA","V21.0 S/4HANA Finance","MOD-30","THY-041","3","L4 - Advanced","Theory","SAP S/4HANA Training System","Notes","","S/4HANA (ECC differences noted)","New in S/4HANA","Record to Report","None","Level 4 - S/4HANA Finance Expert","S/4HANA","Short answer","0","Pending"
"CFG-026","CFG-026","Configuration","Normal","[CFG-026] Configure ledgers, currencies and accounting principles","**Objective:** Configure ledgers, currencies and accounting principles

**Prerequisites:** THY-042

**Concepts:** Leading ledger; Non-leading ledger; Parallel ledgers; Accounting principles; IFRS; Local GAAP; Parallel valuation

**Transaction codes:** FINSC_LEDGER (find the Fiori app for each in the apps reference library)

**Business process:** Record to Report

**Environment:** SAP S/4HANA Training System

### Steps
- [ ] Review the leading ledger
- [ ] Add a non-leading ledger for local GAAP
- [ ] Assign company code, currencies and fiscal year variant
- [ ] Assign accounting principles to ledger groups

### Acceptance criteria
- Non-leading ledger is active for the company code

**Evidence required:** Configuration document entry

**Accounting impact:** For every posting, write the debit and credit lines and the effect on the financial statements.

**Troubleshooting:** Read the full message with its number. Record each error and its cause in the issue notes. If stuck for more than 30 minutes, set the status to Blocked and describe the blocker.

**Documentation:** Add the setting, its values and the business reason to your configuration document.

**Assessment:** Instructor checks the setting, its test posting and the documented business reason. Type: Configuration.

### Completion criteria
- Every step is done and every acceptance criterion is demonstrated
- Required evidence is attached to the issue
- The accounting impact is written down where a posting was made
- Actual time is logged against the issue
- Instructor Review is Approved and the status is Completed

**Estimated time:** 4 h

**Next task:** LAB-035","S/4HANA","V21.0 S/4HANA Finance","MOD-30","THY-042","4","L4 - Advanced","Configuration","SAP S/4HANA Training System","Configuration document entry","FINSC_LEDGER","S/4HANA (ECC differences noted)","New in S/4HANA","Record to Report","None","Level 4 - S/4HANA Finance Expert","S/4HANA","Configuration","0","Pending"
"LAB-035","LAB-035","Lab","Normal","[LAB-035] Ledger-specific postings and reporting","**Objective:** Ledger-specific postings and reporting

**Prerequisites:** CFG-026

**Concepts:** Leading ledger; Non-leading ledger; Parallel ledgers; Accounting principles; IFRS; Local GAAP; Parallel valuation

**Transaction codes:** FB50L; FAGLB03 (find the Fiori app for each in the apps reference library)

**Business process:** Record to Report

**Environment:** SAP S/4HANA Training System

### Steps
- [ ] Post an adjustment to the non-leading ledger only
- [ ] Run foreign currency valuation by accounting principle
- [ ] Compare balances by ledger

### Acceptance criteria
- Ledgers show different results where intended and equal elsewhere

**Evidence required:** Document numbers + screenshots

**Accounting impact:** For every posting, write the debit and credit lines and the effect on the financial statements.

**Troubleshooting:** Read the full message with its number. Record each error and its cause in the issue notes. If stuck for more than 30 minutes, set the status to Blocked and describe the blocker.

**Assessment:** Instructor verifies the acceptance criteria from the evidence and may ask for a live demonstration. Type: Transaction execution.

### Completion criteria
- Every step is done and every acceptance criterion is demonstrated
- Required evidence is attached to the issue
- The accounting impact is written down where a posting was made
- Actual time is logged against the issue
- Instructor Review is Approved and the status is Completed

**Estimated time:** 3 h

**Next task:** Last task of this module","S/4HANA","V21.0 S/4HANA Finance","MOD-30","CFG-026","3","L4 - Advanced","Guided Lab","SAP S/4HANA Training System","Document numbers + screenshots","FB50L; FAGLB03","S/4HANA (ECC differences noted)","New in S/4HANA","Record to Report","None","Level 4 - S/4HANA Finance Expert","S/4HANA","Transaction execution","0","Pending"
"MOD-31","MOD-31","Module","Normal","[MOD-31] Document Splitting","**Topics:** Document splitting; Zero-balance; Profit center; Segment; Business area concepts; Configuration; Troubleshooting

**Transaction codes:** GSP_KD; GSP_LZ1; GSP_LZ2; FB03

**Environment:** SAP S/4HANA Training System

**Tasks:** 5, 16 estimated hours.

- THY-043 Document splitting: why, passive, active and zero balance
- CFG-027 Configure document splitting
- LAB-036 Document splitting in practice
- TSH-037 Scenario 37: document splitting error, balancing field not filled
- TSH-038 Scenario 38: splitting rule not found for the business transaction","S/4HANA","V21.0 S/4HANA Finance","PHASE-21","","","","","SAP S/4HANA Training System","","GSP_KD; GSP_LZ1; GSP_LZ2; FB03","S/4HANA (ECC differences noted)","New in S/4HANA","Record to Report","None","Level 4 - S/4HANA Finance Expert","S/4HANA","","",""
"THY-043","THY-043","Theory","Normal","[THY-043] Document splitting: why, passive, active and zero balance","**Objective:** Document splitting: why, passive, active and zero balance

**Prerequisites:** LAB-035, ASM-015

**Concepts:** Document splitting; Zero-balance; Profit center; Segment; Business area concepts; Configuration; Troubleshooting

**Business process:** Record to Report

**Environment:** SAP S/4HANA Training System

### Steps
- [ ] Study the need for balance sheets by segment or profit centre
- [ ] Study item categories and business transaction variants
- [ ] Study passive split, active split with rules and zero-balance clearing
- [ ] Study inheritance and default assignment

### Acceptance criteria
- Explains each split type with a document example

**Evidence required:** Notes

**Accounting impact:** For every posting, write the debit and credit lines and the effect on the financial statements.

**Assessment:** Instructor checks the notes and asks short oral questions. Type: Short answer.

### Completion criteria
- Every step is done and every acceptance criterion is demonstrated
- Required evidence is attached to the issue
- The accounting impact is written down where a posting was made
- Actual time is logged against the issue
- Instructor Review is Approved and the status is Completed

**Estimated time:** 4 h

**Next task:** CFG-027","S/4HANA","V21.0 S/4HANA Finance","MOD-31","LAB-035, ASM-015","4","L5 - Expert","Theory","SAP S/4HANA Training System","Notes","","S/4HANA (ECC differences noted)","New in S/4HANA","Record to Report","None","Level 4 - S/4HANA Finance Expert","S/4HANA","Short answer","0","Pending"
"CFG-027","CFG-027","Configuration","Normal","[CFG-027] Configure document splitting","**Objective:** Configure document splitting

**Prerequisites:** THY-043

**Concepts:** Document splitting; Zero-balance; Profit center; Segment; Business area concepts; Configuration; Troubleshooting

**Transaction codes:** GSP_KD; GSP_LZ1; GSP_LZ2 (find the Fiori app for each in the apps reference library)

**Business process:** Record to Report

**Environment:** SAP S/4HANA Training System

### Steps
- [ ] Classify G/L accounts and document types
- [ ] Define splitting characteristics with zero balance and mandatory field
- [ ] Define the splitting method
- [ ] Activate per company code

### Acceptance criteria
- Splitting is active for the course company code

**Evidence required:** Configuration document entry

**Accounting impact:** For every posting, write the debit and credit lines and the effect on the financial statements.

**Troubleshooting:** Read the full message with its number. Record each error and its cause in the issue notes. If stuck for more than 30 minutes, set the status to Blocked and describe the blocker.

**Documentation:** Add the setting, its values and the business reason to your configuration document.

**Assessment:** Instructor checks the setting, its test posting and the documented business reason. Type: Configuration.

### Completion criteria
- Every step is done and every acceptance criterion is demonstrated
- Required evidence is attached to the issue
- The accounting impact is written down where a posting was made
- Actual time is logged against the issue
- Instructor Review is Approved and the status is Completed

**Estimated time:** 4 h

**Next task:** LAB-036","S/4HANA","V21.0 S/4HANA Finance","MOD-31","THY-043","4","L5 - Expert","Configuration","SAP S/4HANA Training System","Configuration document entry","GSP_KD; GSP_LZ1; GSP_LZ2","S/4HANA (ECC differences noted)","New in S/4HANA","Record to Report","None","Level 4 - S/4HANA Finance Expert","S/4HANA","Configuration","0","Pending"
"LAB-036","LAB-036","Lab","Normal","[LAB-036] Document splitting in practice","**Objective:** Document splitting in practice

**Prerequisites:** CFG-027

**Concepts:** Document splitting; Zero-balance; Profit center; Segment; Business area concepts; Configuration; Troubleshooting

**Transaction codes:** FB60; F-53; FB03 (find the Fiori app for each in the apps reference library)

**Business process:** Record to Report

**Environment:** SAP S/4HANA Training System

### Steps
- [ ] Post a supplier invoice with two profit centres
- [ ] Display entry view and general ledger view
- [ ] Pay it and see passive splitting
- [ ] Use the expert mode to read the applied rules

### Acceptance criteria
- General ledger view balances by profit centre
- Applied rule is identified

**Evidence required:** Document numbers + screenshots

**Accounting impact:** For every posting, write the debit and credit lines and the effect on the financial statements.

**Troubleshooting:** Read the full message with its number. Record each error and its cause in the issue notes. If stuck for more than 30 minutes, set the status to Blocked and describe the blocker.

**Assessment:** Instructor verifies the acceptance criteria from the evidence and may ask for a live demonstration. Type: Transaction execution.

### Completion criteria
- Every step is done and every acceptance criterion is demonstrated
- Required evidence is attached to the issue
- The accounting impact is written down where a posting was made
- Actual time is logged against the issue
- Instructor Review is Approved and the status is Completed

**Estimated time:** 4 h

**Next task:** TSH-037","S/4HANA","V21.0 S/4HANA Finance","MOD-31","CFG-027","4","L5 - Expert","Guided Lab","SAP S/4HANA Training System","Document numbers + screenshots","FB60; F-53; FB03","S/4HANA (ECC differences noted)","New in S/4HANA","Record to Report","None","Level 4 - S/4HANA Finance Expert","S/4HANA","Transaction execution","0","Pending"
"TSH-037","TSH-037","Troubleshooting","Normal","[TSH-037] Scenario 37: document splitting error, balancing field not filled","**Objective:** Scenario 37: document splitting error, balancing field not filled

**Prerequisites:** LAB-036

**Concepts:** Document splitting; Zero-balance; Profit center; Segment; Business area concepts; Configuration; Troubleshooting

**Transaction codes:** GSP_KD; GSP_LZ1; GSP_LZ2; FB03 (find the Fiori app for each in the apps reference library)

**Business process:** Record to Report

**Environment:** SAP S/4HANA Training System

### Steps
- [ ] Reproduce the error in the training client (instructor-prepared)
- [ ] Record the exact message number and text, and the business impact
- [ ] Read the message
- [ ] Check item category of the account, document type classification and derivation of profit centre
- [ ] Apply the fix
- [ ] Re-run the original transaction to validate
- [ ] Write the eight-section report: problem, business impact, evidence, root cause, configuration, fix, validation, prevention

### Acceptance criteria
- The original transaction now works
- Root cause is shown in configuration or master data
- Report has all eight sections

**Evidence required:** Root cause report

**Accounting impact:** For every posting, write the debit and credit lines and the effect on the financial statements.

**Assessment:** Instructor grades the eight-section report. Type: Troubleshooting.

### Completion criteria
- Every step is done and every acceptance criterion is demonstrated
- Required evidence is attached to the issue
- The accounting impact is written down where a posting was made
- Actual time is logged against the issue
- Instructor Review is Approved and the status is Completed

**Estimated time:** 2 h

**Next task:** TSH-038","S/4HANA","V21.0 S/4HANA Finance","MOD-31","LAB-036","2","L5 - Expert","Troubleshooting","SAP S/4HANA Training System","Root cause report","GSP_KD; GSP_LZ1; GSP_LZ2; FB03","S/4HANA (ECC differences noted)","New in S/4HANA","Record to Report","None","Level 4 - S/4HANA Finance Expert","S/4HANA","Troubleshooting","0","Pending"
"TSH-038","TSH-038","Troubleshooting","Normal","[TSH-038] Scenario 38: splitting rule not found for the business transaction","**Objective:** Scenario 38: splitting rule not found for the business transaction

**Prerequisites:** TSH-037

**Concepts:** Document splitting; Zero-balance; Profit center; Segment; Business area concepts; Configuration; Troubleshooting

**Transaction codes:** GSP_KD; GSP_LZ1; GSP_LZ2; FB03 (find the Fiori app for each in the apps reference library)

**Business process:** Record to Report

**Environment:** SAP S/4HANA Training System

### Steps
- [ ] Reproduce the error in the training client (instructor-prepared)
- [ ] Record the exact message number and text, and the business impact
- [ ] Check document type to transaction variant assignment
- [ ] Use the correct document type or extend the classification
- [ ] Apply the fix
- [ ] Re-run the original transaction to validate
- [ ] Write the eight-section report: problem, business impact, evidence, root cause, configuration, fix, validation, prevention

### Acceptance criteria
- The original transaction now works
- Root cause is shown in configuration or master data
- Report has all eight sections

**Evidence required:** Root cause report

**Accounting impact:** For every posting, write the debit and credit lines and the effect on the financial statements.

**Assessment:** Instructor grades the eight-section report. Type: Troubleshooting.

### Completion criteria
- Every step is done and every acceptance criterion is demonstrated
- Required evidence is attached to the issue
- The accounting impact is written down where a posting was made
- Actual time is logged against the issue
- Instructor Review is Approved and the status is Completed

**Estimated time:** 2 h

**Next task:** Last task of this module","S/4HANA","V21.0 S/4HANA Finance","MOD-31","TSH-037","2","L5 - Expert","Troubleshooting","SAP S/4HANA Training System","Root cause report","GSP_KD; GSP_LZ1; GSP_LZ2; FB03","S/4HANA (ECC differences noted)","New in S/4HANA","Record to Report","None","Level 4 - S/4HANA Finance Expert","S/4HANA","Troubleshooting","0","Pending"
"MOD-32","MOD-32","Module","Normal","[MOD-32] New Asset Accounting","**Topics:** Ledger approach; Depreciation areas; Parallel valuation; Real-time integration; Asset accounting in S/4HANA

**Transaction codes:** OADB; ABLDT; AW01N; AFAB

**Environment:** SAP S/4HANA Training System

**Tasks:** 3, 10 estimated hours.

- THY-044 New asset accounting: ledger approach and real-time posting
- LAB-037 Parallel valuation of assets
- ASM-021 Phase 21 assessment: S/4HANA finance","S/4HANA","V21.0 S/4HANA Finance","PHASE-21","","","","","SAP S/4HANA Training System","","OADB; ABLDT; AW01N; AFAB","S/4HANA (ECC differences noted)","New in S/4HANA","Asset Lifecycle","AA","Level 4 - S/4HANA Finance Expert","S/4HANA","","",""
"THY-044","THY-044","Theory","Normal","[THY-044] New asset accounting: ledger approach and real-time posting","**Objective:** New asset accounting: ledger approach and real-time posting

**Prerequisites:** LAB-035, ASM-009

**Concepts:** Ledger approach; Depreciation areas; Parallel valuation; Real-time integration; Asset accounting in S/4HANA

**Business process:** Asset Lifecycle

**Environment:** SAP S/4HANA Training System

### Steps
- [ ] Study how depreciation areas map to ledgers and accounting principles
- [ ] Study the technical clearing account for integrated acquisitions
- [ ] Study that all areas post in real time and what was removed

### Acceptance criteria
- Explains the two documents of an integrated acquisition

**Evidence required:** Notes

**Accounting impact:** For every posting, write the debit and credit lines and the effect on the financial statements.

**Assessment:** Instructor checks the notes and asks short oral questions. Type: Short answer.

### Completion criteria
- Every step is done and every acceptance criterion is demonstrated
- Required evidence is attached to the issue
- The accounting impact is written down where a posting was made
- Actual time is logged against the issue
- Instructor Review is Approved and the status is Completed

**Estimated time:** 3 h

**Next task:** LAB-037","S/4HANA","V21.0 S/4HANA Finance","MOD-32","LAB-035, ASM-009","3","L4 - Advanced","Theory","SAP S/4HANA Training System","Notes","","S/4HANA (ECC differences noted)","New in S/4HANA","Asset Lifecycle","AA","Level 4 - S/4HANA Finance Expert","S/4HANA","Short answer","0","Pending"
"LAB-037","LAB-037","Lab","Normal","[LAB-037] Parallel valuation of assets","**Objective:** Parallel valuation of assets

**Prerequisites:** THY-044

**Concepts:** Ledger approach; Depreciation areas; Parallel valuation; Real-time integration; Asset accounting in S/4HANA

**Transaction codes:** F-90; AW01N; AFAB (find the Fiori app for each in the apps reference library)

**Business process:** Asset Lifecycle

**Environment:** SAP S/4HANA Training System

### Steps
- [ ] Check area to ledger assignment
- [ ] Acquire an asset and display the ledger-specific documents
- [ ] Run depreciation and compare areas
- [ ] Post an area-specific adjustment

### Acceptance criteria
- Each ledger shows its own asset values and postings

**Evidence required:** Document numbers + screenshots

**Accounting impact:** For every posting, write the debit and credit lines and the effect on the financial statements.

**Troubleshooting:** Read the full message with its number. Record each error and its cause in the issue notes. If stuck for more than 30 minutes, set the status to Blocked and describe the blocker.

**Assessment:** Instructor verifies the acceptance criteria from the evidence and may ask for a live demonstration. Type: Transaction execution.

### Completion criteria
- Every step is done and every acceptance criterion is demonstrated
- Required evidence is attached to the issue
- The accounting impact is written down where a posting was made
- Actual time is logged against the issue
- Instructor Review is Approved and the status is Completed

**Estimated time:** 4 h

**Next task:** ASM-021","S/4HANA","V21.0 S/4HANA Finance","MOD-32","THY-044","4","L4 - Advanced","Guided Lab","SAP S/4HANA Training System","Document numbers + screenshots","F-90; AW01N; AFAB","S/4HANA (ECC differences noted)","New in S/4HANA","Asset Lifecycle","AA","Level 4 - S/4HANA Finance Expert","S/4HANA","Transaction execution","0","Pending"
"ASM-021","ASM-021","Assessment","High","[ASM-021] Phase 21 assessment: S/4HANA finance","**Objective:** Phase 21 assessment: S/4HANA finance

**Prerequisites:** LAB-037

**Concepts:** Ledger approach; Depreciation areas; Parallel valuation; Real-time integration; Asset accounting in S/4HANA

**Business process:** Asset Lifecycle

**Environment:** SAP S/4HANA Training System

### Steps
- [ ] Answer design questions and prove one ledger and one splitting case in the system

### Acceptance criteria
- Score of 70 or higher

**Evidence required:** Scored result

**Accounting impact:** For every posting, write the debit and credit lines and the effect on the financial statements.

**Troubleshooting:** Read the full message with its number. Record each error and its cause in the issue notes. If stuck for more than 30 minutes, set the status to Blocked and describe the blocker.

**Assessment:** Scored 0-100. Pass mark 70. Type: Configuration decisions.

### Completion criteria
- Every step is done and every acceptance criterion is demonstrated
- Required evidence is attached to the issue
- The accounting impact is written down where a posting was made
- Actual time is logged against the issue
- Instructor Review is Approved and the status is Completed

**Estimated time:** 3 h

**Next task:** Last task of this module","S/4HANA","V21.0 S/4HANA Finance","MOD-32","LAB-037","3","L4 - Advanced","Assessment","SAP S/4HANA Training System","Scored result","","S/4HANA (ECC differences noted)","New in S/4HANA","Asset Lifecycle","AA","Level 4 - S/4HANA Finance Expert","S/4HANA","Configuration decisions","0","Pending"
"REVIEW-21","REVIEW-21","Review","High","[REVIEW-21] Phase 21 gate review","**Objective:** Confirm that phase 21 (S/4HANA Finance) is complete.

### Checklist
- [ ] Every issue of the phase is Completed
- [ ] Evidence is attached to every issue
- [ ] Time is logged
- [ ] Assessment score is 70 or higher
- [ ] Configuration document is up to date

**Assessment:** Instructor confirms the checklist and records the gate decision.

**Estimated time:** 1 h","","V21.0 S/4HANA Finance","PHASE-21","THY-041, LAB-035, TSH-038, ASM-021","1","","Review","","Instructor sign-off","","","","","","","","Review","0","Pending"
"PHASE-22","PHASE-22","Phase","Normal","[PHASE-22] Universal Journal","Phase 22 of 30. Version: V22.0 Universal Journal.

Modules: 1. Estimated hours: 15.

- MOD-33 Universal Journal

The phase closes with the gate review REVIEW-22.","","V22.0 Universal Journal","EPIC","","","","","","","","","","","","","","","",""
"MOD-33","MOD-33","Module","Normal","[MOD-33] Universal Journal","**Topics:** ACDOCA; FI data; CO data; Actuals; Dimensions; Ledger; Currency; Profit center; Cost center; Segment; Why FI and CO integration is different in S/4HANA

**Transaction codes:** SE16N; FB03; FAGLL03H; KSB1; SE16H

**Environment:** SAP S/4HANA Training System

**Tasks:** 5, 14 estimated hours.

- THY-045 The universal journal: one line item table for FI, CO, AA, ML and profitability
- LAB-038 S/4HANA Universal Journal
- FI-013 Currencies in the universal journal
- FI-014 Extension ledgers and prediction or adjustment postings
- ASM-022 Phase 22 assessment: universal journal","S/4HANA","V22.0 Universal Journal","PHASE-22","","","","","SAP S/4HANA Training System","","SE16N; FB03; FAGLL03H; KSB1; SE16H","S/4HANA (ECC differences noted)","New in S/4HANA","Record to Report","CO","Level 4 - S/4HANA Finance Expert","S/4HANA","","",""
"THY-045","THY-045","Theory","Normal","[THY-045] The universal journal: one line item table for FI, CO, AA, ML and profitability","**Objective:** The universal journal: one line item table for FI, CO, AA, ML and profitability

**Prerequisites:** TSH-038

**Concepts:** ACDOCA; FI data; CO data; Actuals; Dimensions; Ledger; Currency; Profit center; Cost center; Segment; Why FI and CO integration is different in S/4HANA

**Business process:** Record to Report

**Environment:** SAP S/4HANA Training System

### Steps
- [ ] Study the structure of the universal journal line: ledger, company code, account, amounts in several currencies, cost objects, profit centre, segment, asset and profitability fields
- [ ] Study header table and what remains elsewhere
- [ ] Study why reconciliation between FI and CO disappeared

### Acceptance criteria
- Explains which former components now share one table
- Names the main field groups

**Evidence required:** Notes

**Accounting impact:** For every posting, write the debit and credit lines and the effect on the financial statements.

**Assessment:** Instructor checks the notes and asks short oral questions. Type: Short answer.

### Completion criteria
- Every step is done and every acceptance criterion is demonstrated
- Required evidence is attached to the issue
- The accounting impact is written down where a posting was made
- Actual time is logged against the issue
- Instructor Review is Approved and the status is Completed

**Estimated time:** 4 h

**Next task:** LAB-038","S/4HANA","V22.0 Universal Journal","MOD-33","TSH-038","4","L4 - Advanced","Theory","SAP S/4HANA Training System","Notes","","S/4HANA (ECC differences noted)","New in S/4HANA","Record to Report","CO","Level 4 - S/4HANA Finance Expert","S/4HANA","Short answer","0","Pending"
"LAB-038","LAB-038","Lab","Normal","[LAB-038] S/4HANA Universal Journal","**Objective:** S/4HANA Universal Journal

**Prerequisites:** THY-045

**Concepts:** ACDOCA; FI data; CO data; Actuals; Dimensions; Ledger; Currency; Profit center; Cost center; Segment; Why FI and CO integration is different in S/4HANA

**Transaction codes:** SE16N; FB03; FAGLL03H (find the Fiori app for each in the apps reference library)

**Business process:** Record to Report

**Environment:** SAP S/4HANA Training System

### Steps
- [ ] Post a G/L expense, a supplier invoice, an asset acquisition, an allocation and a billing document
- [ ] Display each journal entry
- [ ] Find each in the universal journal with ledger, currency and dimension fields
- [ ] Build a selection that reproduces a cost centre report from the table

### Acceptance criteria
- Each business posting is located with its dimensions
- Table selection matches the standard report

**Evidence required:** Document numbers + screenshots

**Accounting impact:** For every posting, write the debit and credit lines and the effect on the financial statements.

**Troubleshooting:** Read the full message with its number. Record each error and its cause in the issue notes. If stuck for more than 30 minutes, set the status to Blocked and describe the blocker.

**Assessment:** Instructor verifies the acceptance criteria from the evidence and may ask for a live demonstration. Type: Transaction execution.

### Completion criteria
- Every step is done and every acceptance criterion is demonstrated
- Required evidence is attached to the issue
- The accounting impact is written down where a posting was made
- Actual time is logged against the issue
- Instructor Review is Approved and the status is Completed

**Estimated time:** 4 h

**Next task:** FI-013","S/4HANA","V22.0 Universal Journal","MOD-33","THY-045","4","L4 - Advanced","Guided Lab","SAP S/4HANA Training System","Document numbers + screenshots","SE16N; FB03; FAGLL03H","S/4HANA (ECC differences noted)","New in S/4HANA","Record to Report","CO","Level 4 - S/4HANA Finance Expert","S/4HANA","Transaction execution","0","Pending"
"FI-013","FI-013","FI","Normal","[FI-013] Currencies in the universal journal","**Objective:** Currencies in the universal journal

**Prerequisites:** LAB-038

**Concepts:** ACDOCA; FI data; CO data; Actuals; Dimensions; Ledger; Currency; Profit center; Cost center; Segment; Why FI and CO integration is different in S/4HANA

**Transaction codes:** FINSC_LEDGER; SE16N (find the Fiori app for each in the apps reference library)

**Business process:** Record to Report

**Environment:** SAP S/4HANA Training System

### Steps
- [ ] Study the currency fields and freely defined currencies
- [ ] Display one document in all its currencies

### Acceptance criteria
- Each amount field is matched to its currency type

**Evidence required:** Document numbers + screenshots

**Accounting impact:** For every posting, write the debit and credit lines and the effect on the financial statements.

**Troubleshooting:** Read the full message with its number. Record each error and its cause in the issue notes. If stuck for more than 30 minutes, set the status to Blocked and describe the blocker.

**Assessment:** Instructor checks the posted documents and the stated accounting impact. Type: Transaction execution.

### Completion criteria
- Every step is done and every acceptance criterion is demonstrated
- Required evidence is attached to the issue
- The accounting impact is written down where a posting was made
- Actual time is logged against the issue
- Instructor Review is Approved and the status is Completed

**Estimated time:** 2 h

**Next task:** FI-014","S/4HANA","V22.0 Universal Journal","MOD-33","LAB-038","2","L4 - Advanced","Transaction","SAP S/4HANA Training System","Document numbers + screenshots","FINSC_LEDGER; SE16N","S/4HANA (ECC differences noted)","New in S/4HANA","Record to Report","CO","Level 4 - S/4HANA Finance Expert","S/4HANA","Transaction execution","0","Pending"
"FI-014","FI-014","FI","Normal","[FI-014] Extension ledgers and prediction or adjustment postings","**Objective:** Extension ledgers and prediction or adjustment postings

**Prerequisites:** FI-013

**Concepts:** ACDOCA; FI data; CO data; Actuals; Dimensions; Ledger; Currency; Profit center; Cost center; Segment; Why FI and CO integration is different in S/4HANA

**Transaction codes:** FINSC_LEDGER; FB50L (find the Fiori app for each in the apps reference library)

**Business process:** Record to Report

**Environment:** SAP S/4HANA Training System

### Steps
- [ ] Study extension ledgers stacked on a standard ledger
- [ ] Post an adjustment to an extension ledger and report with and without it

### Acceptance criteria
- Report totals differ exactly by the adjustment

**Evidence required:** Document numbers + screenshots

**Accounting impact:** For every posting, write the debit and credit lines and the effect on the financial statements.

**Troubleshooting:** Read the full message with its number. Record each error and its cause in the issue notes. If stuck for more than 30 minutes, set the status to Blocked and describe the blocker.

**Assessment:** Instructor checks the posted documents and the stated accounting impact. Type: Transaction execution.

### Completion criteria
- Every step is done and every acceptance criterion is demonstrated
- Required evidence is attached to the issue
- The accounting impact is written down where a posting was made
- Actual time is logged against the issue
- Instructor Review is Approved and the status is Completed

**Estimated time:** 2 h

**Next task:** ASM-022","S/4HANA","V22.0 Universal Journal","MOD-33","FI-013","2","L4 - Advanced","Transaction","SAP S/4HANA Training System","Document numbers + screenshots","FINSC_LEDGER; FB50L","S/4HANA (ECC differences noted)","New in S/4HANA","Record to Report","CO","Level 4 - S/4HANA Finance Expert","S/4HANA","Transaction execution","0","Pending"
"ASM-022","ASM-022","Assessment","High","[ASM-022] Phase 22 assessment: universal journal","**Objective:** Phase 22 assessment: universal journal

**Prerequisites:** FI-014

**Concepts:** ACDOCA; FI data; CO data; Actuals; Dimensions; Ledger; Currency; Profit center; Cost center; Segment; Why FI and CO integration is different in S/4HANA

**Business process:** Record to Report

**Environment:** SAP S/4HANA Training System

### Steps
- [ ] Explain the journal structure and trace three postings in the table

### Acceptance criteria
- Score of 70 or higher

**Evidence required:** Scored result

**Accounting impact:** For every posting, write the debit and credit lines and the effect on the financial statements.

**Troubleshooting:** Read the full message with its number. Record each error and its cause in the issue notes. If stuck for more than 30 minutes, set the status to Blocked and describe the blocker.

**Assessment:** Scored 0-100. Pass mark 70. Type: Short answer + practical.

### Completion criteria
- Every step is done and every acceptance criterion is demonstrated
- Required evidence is attached to the issue
- The accounting impact is written down where a posting was made
- Actual time is logged against the issue
- Instructor Review is Approved and the status is Completed

**Estimated time:** 2 h

**Next task:** Last task of this module","S/4HANA","V22.0 Universal Journal","MOD-33","FI-014","2","L4 - Advanced","Assessment","SAP S/4HANA Training System","Scored result","","S/4HANA (ECC differences noted)","New in S/4HANA","Record to Report","CO","Level 4 - S/4HANA Finance Expert","S/4HANA","Short answer + practical","0","Pending"
"REVIEW-22","REVIEW-22","Review","High","[REVIEW-22] Phase 22 gate review","**Objective:** Confirm that phase 22 (Universal Journal) is complete.

### Checklist
- [ ] Every issue of the phase is Completed
- [ ] Evidence is attached to every issue
- [ ] Time is logged
- [ ] Assessment score is 70 or higher
- [ ] Configuration document is up to date

**Assessment:** Instructor confirms the checklist and records the gate decision.

**Estimated time:** 1 h","","V22.0 Universal Journal","PHASE-22","ASM-022","1","","Review","","Instructor sign-off","","","","","","","","Review","0","Pending"
"PHASE-23","PHASE-23","Phase","Normal","[PHASE-23] Business Partner","Phase 23 of 30. Version: V23.0 Business Partner.

Modules: 1. Estimated hours: 16.

- MOD-34 Business Partner

The phase closes with the gate review REVIEW-23.","","V23.0 Business Partner","EPIC","","","","","","","","","","","","","","","",""
"MOD-34","MOD-34","Module","Normal","[MOD-34] Business Partner","**Topics:** Business Partner; Customer role; Vendor role; BP roles; Number ranges; Groupings; Synchronization concepts

**Transaction codes:** BP; BUCF; BUC2; FLBPD1; FLBPC1; MDS_PPO2

**Environment:** SAP S/4HANA Training System

**Tasks:** 7, 15 estimated hours.

- THY-046 The business partner model and customer-vendor integration
- CFG-028 Business partner groupings, number ranges and role settings
- LAB-039 Business Partner
- FI-015 Maintain, block and extend business partners
- TSH-039 Scenario 39: business partner created but supplier or customer missing
- TSH-040 Scenario 40: partner number range or grouping error
- ASM-023 Phase 23 assessment: business partner","Business Partner","V23.0 Business Partner","PHASE-23","","","","","SAP S/4HANA Training System","","BP; BUCF; BUC2; FLBPD1; FLBPC1; MDS_PPO2","S/4HANA (ECC differences noted)","New in S/4HANA","None","None","Level 4 - S/4HANA Finance Expert","S/4HANA","","",""
"THY-046","THY-046","Theory","Normal","[THY-046] The business partner model and customer-vendor integration","**Objective:** The business partner model and customer-vendor integration

**Prerequisites:** ASM-022

**Concepts:** Business Partner; Customer role; Vendor role; BP roles; Number ranges; Groupings; Synchronization concepts

**Environment:** SAP S/4HANA Training System

### Steps
- [ ] Study why business partner replaced separate customer and vendor transactions
- [ ] Study categories, groupings, roles and number ranges
- [ ] Study synchronization between partner, customer and supplier
- [ ] Study field attributes per role

### Acceptance criteria
- Explains the roles needed for a supplier used in purchasing and finance
- Explains synchronization direction

**Evidence required:** Notes

**Accounting impact:** For every posting, write the debit and credit lines and the effect on the financial statements.

**Assessment:** Instructor checks the notes and asks short oral questions. Type: Short answer.

### Completion criteria
- Every step is done and every acceptance criterion is demonstrated
- Required evidence is attached to the issue
- The accounting impact is written down where a posting was made
- Actual time is logged against the issue
- Instructor Review is Approved and the status is Completed

**Estimated time:** 3 h

**Next task:** CFG-028","Business Partner","V23.0 Business Partner","MOD-34","ASM-022","3","L3 - Intermediate","Theory","SAP S/4HANA Training System","Notes","","S/4HANA (ECC differences noted)","New in S/4HANA","None","None","Level 4 - S/4HANA Finance Expert","S/4HANA","Short answer","0","Pending"
"CFG-028","CFG-028","Configuration","Normal","[CFG-028] Business partner groupings, number ranges and role settings","**Objective:** Business partner groupings, number ranges and role settings

**Prerequisites:** THY-046

**Concepts:** Business Partner; Customer role; Vendor role; BP roles; Number ranges; Groupings; Synchronization concepts

**Transaction codes:** BUCF; BUC2 (find the Fiori app for each in the apps reference library)

**Environment:** SAP S/4HANA Training System

### Steps
- [ ] Define number ranges
- [ ] Define groupings and assign ranges
- [ ] Align partner numbers with customer and supplier numbers
- [ ] Review role categories and field attributes

### Acceptance criteria
- A partner created in the grouping receives aligned numbers

**Evidence required:** Configuration document entry

**Accounting impact:** For every posting, write the debit and credit lines and the effect on the financial statements.

**Troubleshooting:** Read the full message with its number. Record each error and its cause in the issue notes. If stuck for more than 30 minutes, set the status to Blocked and describe the blocker.

**Documentation:** Add the setting, its values and the business reason to your configuration document.

**Assessment:** Instructor checks the setting, its test posting and the documented business reason. Type: Configuration.

### Completion criteria
- Every step is done and every acceptance criterion is demonstrated
- Required evidence is attached to the issue
- The accounting impact is written down where a posting was made
- Actual time is logged against the issue
- Instructor Review is Approved and the status is Completed

**Estimated time:** 3 h

**Next task:** LAB-039","Business Partner","V23.0 Business Partner","MOD-34","THY-046","3","L3 - Intermediate","Configuration","SAP S/4HANA Training System","Configuration document entry","BUCF; BUC2","S/4HANA (ECC differences noted)","New in S/4HANA","None","None","Level 4 - S/4HANA Finance Expert","S/4HANA","Configuration","0","Pending"
"LAB-039","LAB-039","Lab","Normal","[LAB-039] Business Partner","**Objective:** Business Partner

**Prerequisites:** CFG-028

**Concepts:** Business Partner; Customer role; Vendor role; BP roles; Number ranges; Groupings; Synchronization concepts

**Transaction codes:** BP (find the Fiori app for each in the apps reference library)

**Environment:** SAP S/4HANA Training System

### Steps
- [ ] Create an organization partner
- [ ] Add general, finance supplier and purchasing roles
- [ ] Create another with customer roles
- [ ] Maintain reconciliation account, terms, bank details and tax numbers
- [ ] Display the linked customer and supplier

### Acceptance criteria
- Partners are usable in finance postings and in logistics documents

**Evidence required:** Document numbers + screenshots

**Accounting impact:** For every posting, write the debit and credit lines and the effect on the financial statements.

**Troubleshooting:** Read the full message with its number. Record each error and its cause in the issue notes. If stuck for more than 30 minutes, set the status to Blocked and describe the blocker.

**Assessment:** Instructor verifies the acceptance criteria from the evidence and may ask for a live demonstration. Type: Transaction execution.

### Completion criteria
- Every step is done and every acceptance criterion is demonstrated
- Required evidence is attached to the issue
- The accounting impact is written down where a posting was made
- Actual time is logged against the issue
- Instructor Review is Approved and the status is Completed

**Estimated time:** 3 h

**Next task:** FI-015","Business Partner","V23.0 Business Partner","MOD-34","CFG-028","3","L3 - Intermediate","Guided Lab","SAP S/4HANA Training System","Document numbers + screenshots","BP","S/4HANA (ECC differences noted)","New in S/4HANA","None","None","Level 4 - S/4HANA Finance Expert","S/4HANA","Transaction execution","0","Pending"
"FI-015","FI-015","FI","Normal","[FI-015] Maintain, block and extend business partners","**Objective:** Maintain, block and extend business partners

**Prerequisites:** LAB-039

**Concepts:** Business Partner; Customer role; Vendor role; BP roles; Number ranges; Groupings; Synchronization concepts

**Transaction codes:** BP; FB60 (find the Fiori app for each in the apps reference library)

**Environment:** SAP S/4HANA Training System

### Steps
- [ ] Change payment data with validity
- [ ] Set a posting block and a payment block
- [ ] Extend a partner to a second company code
- [ ] Post to confirm

### Acceptance criteria
- Blocks behave as expected
- Partner works in the second company code

**Evidence required:** Document numbers + screenshots

**Accounting impact:** For every posting, write the debit and credit lines and the effect on the financial statements.

**Troubleshooting:** Read the full message with its number. Record each error and its cause in the issue notes. If stuck for more than 30 minutes, set the status to Blocked and describe the blocker.

**Assessment:** Instructor checks the posted documents and the stated accounting impact. Type: Transaction execution.

### Completion criteria
- Every step is done and every acceptance criterion is demonstrated
- Required evidence is attached to the issue
- The accounting impact is written down where a posting was made
- Actual time is logged against the issue
- Instructor Review is Approved and the status is Completed

**Estimated time:** 2 h

**Next task:** TSH-039","Business Partner","V23.0 Business Partner","MOD-34","LAB-039","2","L3 - Intermediate","Transaction","SAP S/4HANA Training System","Document numbers + screenshots","BP; FB60","S/4HANA (ECC differences noted)","New in S/4HANA","None","None","Level 4 - S/4HANA Finance Expert","S/4HANA","Transaction execution","0","Pending"
"TSH-039","TSH-039","Troubleshooting","Normal","[TSH-039] Scenario 39: business partner created but supplier or customer missing","**Objective:** Scenario 39: business partner created but supplier or customer missing

**Prerequisites:** FI-015

**Concepts:** Business Partner; Customer role; Vendor role; BP roles; Number ranges; Groupings; Synchronization concepts

**Transaction codes:** BP; BUCF; BUC2; FLBPD1; FLBPC1; MDS_PPO2 (find the Fiori app for each in the apps reference library)

**Environment:** SAP S/4HANA Training System

### Steps
- [ ] Reproduce the error in the training client (instructor-prepared)
- [ ] Record the exact message number and text, and the business impact
- [ ] Check roles assigned
- [ ] Check synchronization settings and the post-processing monitor
- [ ] Apply the fix
- [ ] Re-run the original transaction to validate
- [ ] Write the eight-section report: problem, business impact, evidence, root cause, configuration, fix, validation, prevention

### Acceptance criteria
- The original transaction now works
- Root cause is shown in configuration or master data
- Report has all eight sections

**Evidence required:** Root cause report

**Accounting impact:** For every posting, write the debit and credit lines and the effect on the financial statements.

**Assessment:** Instructor grades the eight-section report. Type: Troubleshooting.

### Completion criteria
- Every step is done and every acceptance criterion is demonstrated
- Required evidence is attached to the issue
- The accounting impact is written down where a posting was made
- Actual time is logged against the issue
- Instructor Review is Approved and the status is Completed

**Estimated time:** 2 h

**Next task:** TSH-040","Business Partner","V23.0 Business Partner","MOD-34","FI-015","2","L3 - Intermediate","Troubleshooting","SAP S/4HANA Training System","Root cause report","BP; BUCF; BUC2; FLBPD1; FLBPC1; MDS_PPO2","S/4HANA (ECC differences noted)","New in S/4HANA","None","None","Level 4 - S/4HANA Finance Expert","S/4HANA","Troubleshooting","0","Pending"
"TSH-040","TSH-040","Troubleshooting","Normal","[TSH-040] Scenario 40: partner number range or grouping error","**Objective:** Scenario 40: partner number range or grouping error

**Prerequisites:** TSH-039

**Concepts:** Business Partner; Customer role; Vendor role; BP roles; Number ranges; Groupings; Synchronization concepts

**Transaction codes:** BP; BUCF; BUC2; FLBPD1; FLBPC1; MDS_PPO2 (find the Fiori app for each in the apps reference library)

**Environment:** SAP S/4HANA Training System

### Steps
- [ ] Reproduce the error in the training client (instructor-prepared)
- [ ] Record the exact message number and text, and the business impact
- [ ] Check grouping to number range assignment and internal or external numbering
- [ ] Apply the fix
- [ ] Re-run the original transaction to validate
- [ ] Write the eight-section report: problem, business impact, evidence, root cause, configuration, fix, validation, prevention

### Acceptance criteria
- The original transaction now works
- Root cause is shown in configuration or master data
- Report has all eight sections

**Evidence required:** Root cause report

**Accounting impact:** For every posting, write the debit and credit lines and the effect on the financial statements.

**Assessment:** Instructor grades the eight-section report. Type: Troubleshooting.

### Completion criteria
- Every step is done and every acceptance criterion is demonstrated
- Required evidence is attached to the issue
- The accounting impact is written down where a posting was made
- Actual time is logged against the issue
- Instructor Review is Approved and the status is Completed

**Estimated time:** 1 h

**Next task:** ASM-023","Business Partner","V23.0 Business Partner","MOD-34","TSH-039","1","L3 - Intermediate","Troubleshooting","SAP S/4HANA Training System","Root cause report","BP; BUCF; BUC2; FLBPD1; FLBPC1; MDS_PPO2","S/4HANA (ECC differences noted)","New in S/4HANA","None","None","Level 4 - S/4HANA Finance Expert","S/4HANA","Troubleshooting","0","Pending"
"ASM-023","ASM-023","Assessment","High","[ASM-023] Phase 23 assessment: business partner","**Objective:** Phase 23 assessment: business partner

**Prerequisites:** TSH-040

**Concepts:** Business Partner; Customer role; Vendor role; BP roles; Number ranges; Groupings; Synchronization concepts

**Environment:** SAP S/4HANA Training System

### Steps
- [ ] Create and maintain partners from a requirement sheet

### Acceptance criteria
- Score of 70 or higher

**Evidence required:** Scored result

**Accounting impact:** For every posting, write the debit and credit lines and the effect on the financial statements.

**Troubleshooting:** Read the full message with its number. Record each error and its cause in the issue notes. If stuck for more than 30 minutes, set the status to Blocked and describe the blocker.

**Assessment:** Scored 0-100. Pass mark 70. Type: Transaction execution.

### Completion criteria
- Every step is done and every acceptance criterion is demonstrated
- Required evidence is attached to the issue
- The accounting impact is written down where a posting was made
- Actual time is logged against the issue
- Instructor Review is Approved and the status is Completed

**Estimated time:** 1 h

**Next task:** Last task of this module","Business Partner","V23.0 Business Partner","MOD-34","TSH-040","1","L3 - Intermediate","Assessment","SAP S/4HANA Training System","Scored result","","S/4HANA (ECC differences noted)","New in S/4HANA","None","None","Level 4 - S/4HANA Finance Expert","S/4HANA","Transaction execution","0","Pending"
"REVIEW-23","REVIEW-23","Review","High","[REVIEW-23] Phase 23 gate review","**Objective:** Confirm that phase 23 (Business Partner) is complete.

### Checklist
- [ ] Every issue of the phase is Completed
- [ ] Evidence is attached to every issue
- [ ] Time is logged
- [ ] Assessment score is 70 or higher
- [ ] Configuration document is up to date

**Assessment:** Instructor confirms the checklist and records the gate decision.

**Estimated time:** 1 h","","V23.0 Business Partner","PHASE-23","ASM-023","1","","Review","","Instructor sign-off","","","","","","","","Review","0","Pending"
"PHASE-24","PHASE-24","Phase","Normal","[PHASE-24] Fiori & Reporting","Phase 24 of 30. Version: V24.0 Fiori & Reporting.

Modules: 2. Estimated hours: 23.

- MOD-35 Financial Reporting
- MOD-36 SAP Fiori for Finance

The phase closes with the gate review REVIEW-24.","","V24.0 Fiori & Reporting","EPIC","","","","","","","","","","","","","","","",""
"MOD-35","MOD-35","Module","Normal","[MOD-35] Financial Reporting","**Topics:** Balance Sheet; P&L; Trial Balance; GL reports; Customer reports; Vendor reports; Asset reports; Cost center reports; Profit center reports; Standard reports; Line-item reports; Financial statements; Drill-down reports; Fiori analytics; CDS-based reporting concepts

**Transaction codes:** F.01; S_ALR_87012284; S_ALR_87012277; FAGLB03; FAGLL03; S_ALR_87012172; S_ALR_87012082; AR01; S_ALR_87013611; S_ALR_87013326; FGI1

**Environment:** SAP S/4HANA Training System

**Tasks:** 4, 11 estimated hours.

- LAB-040 Financial statements and general ledger reports
- LAB-041 Subledger reports: customers, vendors and assets
- LAB-042 Controlling reports and drill-down reporting
- THY-047 Embedded analytics and CDS-based reporting concepts","Reporting","V24.0 Fiori & Reporting","PHASE-24","","","","","SAP S/4HANA Training System","","F.01; S_ALR_87012284; S_ALR_87012277; FAGLB03; FAGLL03; S_ALR_87012172; S_ALR_87012082; AR01; S_ALR_87013611; S_ALR_87013326; FGI1","S/4HANA (ECC differences noted)","Same concept as ECC","Record to Report","None","Level 3 - Implementation & Integration","FI","","",""
"LAB-040","LAB-040","Lab","Normal","[LAB-040] Financial statements and general ledger reports","**Objective:** Financial statements and general ledger reports

**Prerequisites:** ASM-011

**Concepts:** Balance Sheet; P&L; Trial Balance; GL reports; Customer reports; Vendor reports; Asset reports; Cost center reports; Profit center reports; Standard reports; Line-item reports; Financial statements; Drill-down reports; Fiori analytics; CDS-based reporting concepts

**Transaction codes:** F.01; S_ALR_87012284; S_ALR_87012277; FAGLL03 (find the Fiori app for each in the apps reference library)

**Business process:** Record to Report

**Environment:** SAP S/4HANA Training System

### Steps
- [ ] Run the balance sheet and profit and loss with comparison periods
- [ ] Run the trial balance
- [ ] Run line item reports with layouts and variants
- [ ] Save a variant and schedule it

### Acceptance criteria
- Each report is produced and reconciled to another
- A variant is saved

**Evidence required:** Document numbers + screenshots

**Accounting impact:** For every posting, write the debit and credit lines and the effect on the financial statements.

**Troubleshooting:** Read the full message with its number. Record each error and its cause in the issue notes. If stuck for more than 30 minutes, set the status to Blocked and describe the blocker.

**Assessment:** Instructor verifies the acceptance criteria from the evidence and may ask for a live demonstration. Type: Transaction execution.

### Completion criteria
- Every step is done and every acceptance criterion is demonstrated
- Required evidence is attached to the issue
- The accounting impact is written down where a posting was made
- Actual time is logged against the issue
- Instructor Review is Approved and the status is Completed

**Estimated time:** 3 h

**Next task:** LAB-041","Reporting","V24.0 Fiori & Reporting","MOD-35","ASM-011","3","L3 - Intermediate","Guided Lab","SAP S/4HANA Training System","Document numbers + screenshots","F.01; S_ALR_87012284; S_ALR_87012277; FAGLL03","S/4HANA (ECC differences noted)","Same concept as ECC","Record to Report","None","Level 3 - Implementation & Integration","FI","Transaction execution","0","Pending"
"LAB-041","LAB-041","Lab","Normal","[LAB-041] Subledger reports: customers, vendors and assets","**Objective:** Subledger reports: customers, vendors and assets

**Prerequisites:** LAB-040

**Concepts:** Balance Sheet; P&L; Trial Balance; GL reports; Customer reports; Vendor reports; Asset reports; Cost center reports; Profit center reports; Standard reports; Line-item reports; Financial statements; Drill-down reports; Fiori analytics; CDS-based reporting concepts

**Transaction codes:** S_ALR_87012172; S_ALR_87012082; S_ALR_87012168; AR01 (find the Fiori app for each in the apps reference library)

**Business process:** Record to Report

**Environment:** SAP S/4HANA Training System

### Steps
- [ ] Run customer and vendor balances, open items and aging
- [ ] Run asset balances, history and depreciation forecast
- [ ] Reconcile each to its reconciliation accounts

### Acceptance criteria
- Subledger totals reconcile to the general ledger

**Evidence required:** Document numbers + screenshots

**Accounting impact:** For every posting, write the debit and credit lines and the effect on the financial statements.

**Troubleshooting:** Read the full message with its number. Record each error and its cause in the issue notes. If stuck for more than 30 minutes, set the status to Blocked and describe the blocker.

**Assessment:** Instructor verifies the acceptance criteria from the evidence and may ask for a live demonstration. Type: Transaction execution.

### Completion criteria
- Every step is done and every acceptance criterion is demonstrated
- Required evidence is attached to the issue
- The accounting impact is written down where a posting was made
- Actual time is logged against the issue
- Instructor Review is Approved and the status is Completed

**Estimated time:** 3 h

**Next task:** LAB-042","Reporting","V24.0 Fiori & Reporting","MOD-35","LAB-040","3","L3 - Intermediate","Guided Lab","SAP S/4HANA Training System","Document numbers + screenshots","S_ALR_87012172; S_ALR_87012082; S_ALR_87012168; AR01","S/4HANA (ECC differences noted)","Same concept as ECC","Record to Report","None","Level 3 - Implementation & Integration","FI","Transaction execution","0","Pending"
"LAB-042","LAB-042","Lab","Normal","[LAB-042] Controlling reports and drill-down reporting","**Objective:** Controlling reports and drill-down reporting

**Prerequisites:** LAB-041

**Concepts:** Balance Sheet; P&L; Trial Balance; GL reports; Customer reports; Vendor reports; Asset reports; Cost center reports; Profit center reports; Standard reports; Line-item reports; Financial statements; Drill-down reports; Fiori analytics; CDS-based reporting concepts

**Transaction codes:** S_ALR_87013611; KSB1; S_ALR_87013326; FGI1 (find the Fiori app for each in the apps reference library)

**Business process:** Record to Report

**Environment:** SAP S/4HANA Training System

### Steps
- [ ] Run cost centre plan versus actual and line items
- [ ] Run profit centre reports
- [ ] Build a simple drill-down report
- [ ] Navigate from report to document

### Acceptance criteria
- Reports are produced
- Drill-down reaches the source document

**Evidence required:** Document numbers + screenshots

**Accounting impact:** For every posting, write the debit and credit lines and the effect on the financial statements.

**Troubleshooting:** Read the full message with its number. Record each error and its cause in the issue notes. If stuck for more than 30 minutes, set the status to Blocked and describe the blocker.

**Assessment:** Instructor verifies the acceptance criteria from the evidence and may ask for a live demonstration. Type: Transaction execution.

### Completion criteria
- Every step is done and every acceptance criterion is demonstrated
- Required evidence is attached to the issue
- The accounting impact is written down where a posting was made
- Actual time is logged against the issue
- Instructor Review is Approved and the status is Completed

**Estimated time:** 3 h

**Next task:** THY-047","Reporting","V24.0 Fiori & Reporting","MOD-35","LAB-041","3","L3 - Intermediate","Guided Lab","SAP S/4HANA Training System","Document numbers + screenshots","S_ALR_87013611; KSB1; S_ALR_87013326; FGI1","S/4HANA (ECC differences noted)","Same concept as ECC","Record to Report","None","Level 3 - Implementation & Integration","FI","Transaction execution","0","Pending"
"THY-047","THY-047","Theory","Normal","[THY-047] Embedded analytics and CDS-based reporting concepts","**Objective:** Embedded analytics and CDS-based reporting concepts

**Prerequisites:** LAB-042

**Concepts:** Balance Sheet; P&L; Trial Balance; GL reports; Customer reports; Vendor reports; Asset reports; Cost center reports; Profit center reports; Standard reports; Line-item reports; Financial statements; Drill-down reports; Fiori analytics; CDS-based reporting concepts

**Business process:** Record to Report

**Environment:** SAP S/4HANA Training System

### Steps
- [ ] Study virtual data models and core data services views
- [ ] Study analytical queries and how Fiori analytical apps use them
- [ ] Study where a consultant specifies and where a developer builds

### Acceptance criteria
- Explains how an analytical app gets its data without a separate warehouse

**Evidence required:** Notes

**Accounting impact:** For every posting, write the debit and credit lines and the effect on the financial statements.

**Assessment:** Instructor checks the notes and asks short oral questions. Type: Short answer.

### Completion criteria
- Every step is done and every acceptance criterion is demonstrated
- Required evidence is attached to the issue
- The accounting impact is written down where a posting was made
- Actual time is logged against the issue
- Instructor Review is Approved and the status is Completed

**Estimated time:** 2 h

**Next task:** Last task of this module","Reporting","V24.0 Fiori & Reporting","MOD-35","LAB-042","2","L3 - Intermediate","Theory","SAP S/4HANA Training System","Notes","","S/4HANA (ECC differences noted)","Same concept as ECC","Record to Report","None","Level 3 - Implementation & Integration","FI","Short answer","0","Pending"
"MOD-36","MOD-36","Module","Normal","[MOD-36] SAP Fiori for Finance","**Topics:** Fiori Launchpad; Apps; Roles; Analytical apps; Transactional apps; Fact sheets; KPIs

**Transaction codes:** /UI2/FLP

**Environment:** SAP S/4HANA Training System

**Tasks:** 4, 11 estimated hours.

- THY-048 Fiori app types, catalogs, roles and the apps reference library
- LAB-043 Fiori Finance
- LAB-044 Fiori exercises: payables, receivables, assets and cost centres
- ASM-024 Phase 24 assessment: reporting","Fiori","V24.0 Fiori & Reporting","PHASE-24","","","","","SAP S/4HANA Training System","","/UI2/FLP","S/4HANA (ECC differences noted)","New in S/4HANA","None","None","Level 4 - S/4HANA Finance Expert","S/4HANA","","",""
"THY-048","THY-048","Theory","Normal","[THY-048] Fiori app types, catalogs, roles and the apps reference library","**Objective:** Fiori app types, catalogs, roles and the apps reference library

**Prerequisites:** THY-047, ASM-023

**Concepts:** Fiori Launchpad; Apps; Roles; Analytical apps; Transactional apps; Fact sheets; KPIs

**Environment:** SAP S/4HANA Training System

### Steps
- [ ] Study transactional, analytical and fact sheet apps
- [ ] Study how catalogs and roles give access
- [ ] Use the Fiori apps reference library to find an app for a transaction

### Acceptance criteria
- Finds the app for five finance tasks and names its role

**Evidence required:** Notes

**Accounting impact:** For every posting, write the debit and credit lines and the effect on the financial statements.

**Assessment:** Instructor checks the notes and asks short oral questions. Type: Short answer.

### Completion criteria
- Every step is done and every acceptance criterion is demonstrated
- Required evidence is attached to the issue
- The accounting impact is written down where a posting was made
- Actual time is logged against the issue
- Instructor Review is Approved and the status is Completed

**Estimated time:** 2 h

**Next task:** LAB-043","Fiori","V24.0 Fiori & Reporting","MOD-36","THY-047, ASM-023","2","L3 - Intermediate","Theory","SAP S/4HANA Training System","Notes","","S/4HANA (ECC differences noted)","New in S/4HANA","None","None","Level 4 - S/4HANA Finance Expert","S/4HANA","Short answer","0","Pending"
"LAB-043","LAB-043","Lab","Normal","[LAB-043] Fiori Finance","**Objective:** Fiori Finance

**Prerequisites:** THY-048

**Concepts:** Fiori Launchpad; Apps; Roles; Analytical apps; Transactional apps; Fact sheets; KPIs

**Transaction codes:** /UI2/FLP (find the Fiori app for each in the apps reference library)

**Environment:** SAP S/4HANA Training System

### Steps
- [ ] Post a journal entry with the upload and the single entry apps
- [ ] Manage supplier and customer line items
- [ ] Display the trial balance and financial statement apps
- [ ] Use a KPI tile and drill down
- [ ] Create a variant and a tile from a filtered list

### Acceptance criteria
- Each app is used for a real task
- A personalised tile exists

**Evidence required:** Document numbers + screenshots

**Accounting impact:** For every posting, write the debit and credit lines and the effect on the financial statements.

**Troubleshooting:** Read the full message with its number. Record each error and its cause in the issue notes. If stuck for more than 30 minutes, set the status to Blocked and describe the blocker.

**Assessment:** Instructor verifies the acceptance criteria from the evidence and may ask for a live demonstration. Type: Transaction execution.

### Completion criteria
- Every step is done and every acceptance criterion is demonstrated
- Required evidence is attached to the issue
- The accounting impact is written down where a posting was made
- Actual time is logged against the issue
- Instructor Review is Approved and the status is Completed

**Estimated time:** 4 h

**Next task:** LAB-044","Fiori","V24.0 Fiori & Reporting","MOD-36","THY-048","4","L3 - Intermediate","Guided Lab","SAP S/4HANA Training System","Document numbers + screenshots","/UI2/FLP","S/4HANA (ECC differences noted)","New in S/4HANA","None","None","Level 4 - S/4HANA Finance Expert","S/4HANA","Transaction execution","0","Pending"
"LAB-044","LAB-044","Lab","Normal","[LAB-044] Fiori exercises: payables, receivables, assets and cost centres","**Objective:** Fiori exercises: payables, receivables, assets and cost centres

**Prerequisites:** LAB-043

**Concepts:** Fiori Launchpad; Apps; Roles; Analytical apps; Transactional apps; Fact sheets; KPIs

**Transaction codes:** /UI2/FLP (find the Fiori app for each in the apps reference library)

**Environment:** SAP S/4HANA Training System

### Steps
- [ ] Manage payment blocks and create a payment proposal in the apps
- [ ] Process receivables and a dunning app
- [ ] Display the asset master worklist
- [ ] Run cost centre actuals in an analytical app

### Acceptance criteria
- Tasks are completed in Fiori and compared with their GUI equivalents

**Evidence required:** Document numbers + screenshots

**Accounting impact:** For every posting, write the debit and credit lines and the effect on the financial statements.

**Troubleshooting:** Read the full message with its number. Record each error and its cause in the issue notes. If stuck for more than 30 minutes, set the status to Blocked and describe the blocker.

**Assessment:** Instructor verifies the acceptance criteria from the evidence and may ask for a live demonstration. Type: Transaction execution.

### Completion criteria
- Every step is done and every acceptance criterion is demonstrated
- Required evidence is attached to the issue
- The accounting impact is written down where a posting was made
- Actual time is logged against the issue
- Instructor Review is Approved and the status is Completed

**Estimated time:** 3 h

**Next task:** ASM-024","Fiori","V24.0 Fiori & Reporting","MOD-36","LAB-043","3","L3 - Intermediate","Guided Lab","SAP S/4HANA Training System","Document numbers + screenshots","/UI2/FLP","S/4HANA (ECC differences noted)","New in S/4HANA","None","None","Level 4 - S/4HANA Finance Expert","S/4HANA","Transaction execution","0","Pending"
"ASM-024","ASM-024","Assessment","High","[ASM-024] Phase 24 assessment: reporting","**Objective:** Phase 24 assessment: reporting

**Prerequisites:** LAB-044

**Concepts:** Fiori Launchpad; Apps; Roles; Analytical apps; Transactional apps; Fact sheets; KPIs

**Environment:** SAP S/4HANA Training System

### Steps
- [ ] Produce a reporting pack for a period from a requirement

### Acceptance criteria
- Score of 70 or higher

**Evidence required:** Scored result

**Accounting impact:** For every posting, write the debit and credit lines and the effect on the financial statements.

**Troubleshooting:** Read the full message with its number. Record each error and its cause in the issue notes. If stuck for more than 30 minutes, set the status to Blocked and describe the blocker.

**Assessment:** Scored 0-100. Pass mark 70. Type: Transaction execution.

### Completion criteria
- Every step is done and every acceptance criterion is demonstrated
- Required evidence is attached to the issue
- The accounting impact is written down where a posting was made
- Actual time is logged against the issue
- Instructor Review is Approved and the status is Completed

**Estimated time:** 2 h

**Next task:** Last task of this module","Fiori","V24.0 Fiori & Reporting","MOD-36","LAB-044","2","L3 - Intermediate","Assessment","SAP S/4HANA Training System","Scored result","","S/4HANA (ECC differences noted)","New in S/4HANA","None","None","Level 4 - S/4HANA Finance Expert","S/4HANA","Transaction execution","0","Pending"
"REVIEW-24","REVIEW-24","Review","High","[REVIEW-24] Phase 24 gate review","**Objective:** Confirm that phase 24 (Fiori & Reporting) is complete.

### Checklist
- [ ] Every issue of the phase is Completed
- [ ] Evidence is attached to every issue
- [ ] Time is logged
- [ ] Assessment score is 70 or higher
- [ ] Configuration document is up to date

**Assessment:** Instructor confirms the checklist and records the gate decision.

**Estimated time:** 1 h","","V24.0 Fiori & Reporting","PHASE-24","THY-047, ASM-024","1","","Review","","Instructor sign-off","","","","","","","","Review","0","Pending"
"PHASE-25","PHASE-25","Phase","Normal","[PHASE-25] Migration","Phase 25 of 30. Version: V25.0 Migration.

Modules: 1. Estimated hours: 28.

- MOD-37 SAP Data Migration

The phase closes with the gate review REVIEW-25.","","V25.0 Migration","EPIC","","","","","","","","","","","","","","","",""
"MOD-37","MOD-37","Module","Normal","[MOD-37] SAP Data Migration","**Topics:** Legacy data; Master data; Open items; Asset balances; GL balances; Customer balances; Vendor balances; Migration Cockpit; LSMW legacy concepts; BAPI; IDoc concepts; APIs; Templates; Data validation

**Transaction codes:** LTMC; LTMOM; LSMW; ABLDT; FB01; SE16N

**Environment:** SAP S/4HANA Training System

**Tasks:** 10, 27 estimated hours.

- THY-049 Migration objects, sequence and reconciliation
- THY-050 Migration tools: Migration Cockpit, legacy LSMW, BAPI, IDoc and APIs
- LAB-045 Migration
- LAB-046 Migrate open items and balances
- LAB-047 Migrate asset balances
- DOC-001 Data migration plan
- THY-051 S/4HANA migration paths: new implementation, conversion and selective
- TSH-041 Scenario 41: migration load fails validation
- TSH-042 Scenario 42: opening balances do not reconcile after load
- ASM-025 Phase 25 assessment: migration","Migration","V25.0 Migration","PHASE-25","","","","","SAP S/4HANA Training System","","LTMC; LTMOM; LSMW; ABLDT; FB01; SE16N","S/4HANA (ECC differences noted)","Same concept as ECC","None","None","Level 3 - Implementation & Integration","Consultant","","",""
"THY-049","THY-049","Theory","Normal","[THY-049] Migration objects, sequence and reconciliation","**Objective:** Migration objects, sequence and reconciliation

**Prerequisites:** ASM-023, ASM-021

**Concepts:** Legacy data; Master data; Open items; Asset balances; GL balances; Customer balances; Vendor balances; Migration Cockpit; LSMW legacy concepts; BAPI; IDoc concepts; APIs; Templates; Data validation

**Environment:** SAP S/4HANA Training System

### Steps
- [ ] Study master data and transaction data objects for finance
- [ ] Study the load sequence and dependencies
- [ ] Study migration accounts for opening balances
- [ ] Study reconciliation and sign-off

### Acceptance criteria
- Lists the finance objects in load order
- Explains how opening balances net to zero

**Evidence required:** Notes

**Accounting impact:** For every posting, write the debit and credit lines and the effect on the financial statements.

**Assessment:** Instructor checks the notes and asks short oral questions. Type: Short answer.

### Completion criteria
- Every step is done and every acceptance criterion is demonstrated
- Required evidence is attached to the issue
- The accounting impact is written down where a posting was made
- Actual time is logged against the issue
- Instructor Review is Approved and the status is Completed

**Estimated time:** 3 h

**Next task:** THY-050","Migration","V25.0 Migration","MOD-37","ASM-023, ASM-021","3","L4 - Advanced","Theory","SAP S/4HANA Training System","Notes","","S/4HANA (ECC differences noted)","Same concept as ECC","None","None","Level 3 - Implementation & Integration","Consultant","Short answer","0","Pending"
"THY-050","THY-050","Theory","Normal","[THY-050] Migration tools: Migration Cockpit, legacy LSMW, BAPI, IDoc and APIs","**Objective:** Migration tools: Migration Cockpit, legacy LSMW, BAPI, IDoc and APIs

**Prerequisites:** THY-049

**Concepts:** Legacy data; Master data; Open items; Asset balances; GL balances; Customer balances; Vendor balances; Migration Cockpit; LSMW legacy concepts; BAPI; IDoc concepts; APIs; Templates; Data validation

**Environment:** SAP S/4HANA Training System

### Steps
- [ ] Study the Migration Cockpit with templates and staging tables
- [ ] Study what LSMW was and why it is restricted in S/4HANA
- [ ] Study BAPI, IDoc and API concepts

### Acceptance criteria
- Chooses a tool for four cases with reasons

**Evidence required:** Notes

**Accounting impact:** For every posting, write the debit and credit lines and the effect on the financial statements.

**Assessment:** Instructor checks the notes and asks short oral questions. Type: Short answer.

### Completion criteria
- Every step is done and every acceptance criterion is demonstrated
- Required evidence is attached to the issue
- The accounting impact is written down where a posting was made
- Actual time is logged against the issue
- Instructor Review is Approved and the status is Completed

**Estimated time:** 2 h

**Next task:** LAB-045","Migration","V25.0 Migration","MOD-37","THY-049","2","L4 - Advanced","Theory","SAP S/4HANA Training System","Notes","","S/4HANA (ECC differences noted)","Same concept as ECC","None","None","Level 3 - Implementation & Integration","Consultant","Short answer","0","Pending"
"LAB-045","LAB-045","Lab","Normal","[LAB-045] Migration","**Objective:** Migration

**Prerequisites:** THY-050

**Concepts:** Legacy data; Master data; Open items; Asset balances; GL balances; Customer balances; Vendor balances; Migration Cockpit; LSMW legacy concepts; BAPI; IDoc concepts; APIs; Templates; Data validation

**Transaction codes:** LTMC (find the Fiori app for each in the apps reference library)

**Environment:** SAP S/4HANA Training System

### Steps
- [ ] Create a migration project
- [ ] Download templates for G/L accounts, partners and cost centres
- [ ] Fill them from the instructor legacy data
- [ ] Upload, validate, simulate and migrate
- [ ] Fix the errors reported

### Acceptance criteria
- Master data is loaded and counts reconcile to the source

**Evidence required:** Document numbers + screenshots

**Accounting impact:** For every posting, write the debit and credit lines and the effect on the financial statements.

**Troubleshooting:** Read the full message with its number. Record each error and its cause in the issue notes. If stuck for more than 30 minutes, set the status to Blocked and describe the blocker.

**Assessment:** Instructor verifies the acceptance criteria from the evidence and may ask for a live demonstration. Type: Transaction execution.

### Completion criteria
- Every step is done and every acceptance criterion is demonstrated
- Required evidence is attached to the issue
- The accounting impact is written down where a posting was made
- Actual time is logged against the issue
- Instructor Review is Approved and the status is Completed

**Estimated time:** 5 h

**Next task:** LAB-046","Migration","V25.0 Migration","MOD-37","THY-050","5","L4 - Advanced","Guided Lab","SAP S/4HANA Training System","Document numbers + screenshots","LTMC","S/4HANA (ECC differences noted)","Same concept as ECC","None","None","Level 3 - Implementation & Integration","Consultant","Transaction execution","0","Pending"
"LAB-046","LAB-046","Lab","Normal","[LAB-046] Migrate open items and balances","**Objective:** Migrate open items and balances

**Prerequisites:** LAB-045

**Concepts:** Legacy data; Master data; Open items; Asset balances; GL balances; Customer balances; Vendor balances; Migration Cockpit; LSMW legacy concepts; BAPI; IDoc concepts; APIs; Templates; Data validation

**Transaction codes:** LTMC; FBL1N; FBL5N; FAGLB03 (find the Fiori app for each in the apps reference library)

**Environment:** SAP S/4HANA Training System

### Steps
- [ ] Load G/L balances, customer open items and vendor open items against migration accounts
- [ ] Reconcile each to the legacy trial balance
- [ ] Prove the migration accounts are zero

### Acceptance criteria
- Loaded balances equal the legacy trial balance
- Migration accounts net to zero

**Evidence required:** Document numbers + screenshots

**Accounting impact:** For every posting, write the debit and credit lines and the effect on the financial statements.

**Troubleshooting:** Read the full message with its number. Record each error and its cause in the issue notes. If stuck for more than 30 minutes, set the status to Blocked and describe the blocker.

**Assessment:** Instructor verifies the acceptance criteria from the evidence and may ask for a live demonstration. Type: Transaction execution.

### Completion criteria
- Every step is done and every acceptance criterion is demonstrated
- Required evidence is attached to the issue
- The accounting impact is written down where a posting was made
- Actual time is logged against the issue
- Instructor Review is Approved and the status is Completed

**Estimated time:** 4 h

**Next task:** LAB-047","Migration","V25.0 Migration","MOD-37","LAB-045","4","L4 - Advanced","Guided Lab","SAP S/4HANA Training System","Document numbers + screenshots","LTMC; FBL1N; FBL5N; FAGLB03","S/4HANA (ECC differences noted)","Same concept as ECC","None","None","Level 3 - Implementation & Integration","Consultant","Transaction execution","0","Pending"
"LAB-047","LAB-047","Lab","Normal","[LAB-047] Migrate asset balances","**Objective:** Migrate asset balances

**Prerequisites:** LAB-046

**Concepts:** Legacy data; Master data; Open items; Asset balances; GL balances; Customer balances; Vendor balances; Migration Cockpit; LSMW legacy concepts; BAPI; IDoc concepts; APIs; Templates; Data validation

**Transaction codes:** LTMC; ABLDT; AR01 (find the Fiori app for each in the apps reference library)

**Environment:** SAP S/4HANA Training System

### Steps
- [ ] Load legacy assets with acquisition and accumulated depreciation
- [ ] Reconcile asset balances to the general ledger

### Acceptance criteria
- Asset subledger and general ledger agree after load

**Evidence required:** Document numbers + screenshots

**Accounting impact:** For every posting, write the debit and credit lines and the effect on the financial statements.

**Troubleshooting:** Read the full message with its number. Record each error and its cause in the issue notes. If stuck for more than 30 minutes, set the status to Blocked and describe the blocker.

**Assessment:** Instructor verifies the acceptance criteria from the evidence and may ask for a live demonstration. Type: Transaction execution.

### Completion criteria
- Every step is done and every acceptance criterion is demonstrated
- Required evidence is attached to the issue
- The accounting impact is written down where a posting was made
- Actual time is logged against the issue
- Instructor Review is Approved and the status is Completed

**Estimated time:** 3 h

**Next task:** DOC-001","Migration","V25.0 Migration","MOD-37","LAB-046","3","L4 - Advanced","Guided Lab","SAP S/4HANA Training System","Document numbers + screenshots","LTMC; ABLDT; AR01","S/4HANA (ECC differences noted)","Same concept as ECC","None","None","Level 3 - Implementation & Integration","Consultant","Transaction execution","0","Pending"
"DOC-001","DOC-001","Documentation","Normal","[DOC-001] Data migration plan","**Objective:** Data migration plan

**Prerequisites:** LAB-047

**Concepts:** Legacy data; Master data; Open items; Asset balances; GL balances; Customer balances; Vendor balances; Migration Cockpit; LSMW legacy concepts; BAPI; IDoc concepts; APIs; Templates; Data validation

**Environment:** SAP S/4HANA Training System

### Steps
- [ ] Write the plan: objects, sources, cleansing, mapping, tools, sequence, mock loads, validation, sign-off and fallback

### Acceptance criteria
- Plan covers every finance object with an owner and a validation

**Evidence required:** Written deliverable

**Accounting impact:** For every posting, write the debit and credit lines and the effect on the financial statements.

**Troubleshooting:** Read the full message with its number. Record each error and its cause in the issue notes. If stuck for more than 30 minutes, set the status to Blocked and describe the blocker.

**Assessment:** Instructor reviews the document for completeness and accuracy. Type: Review.

### Completion criteria
- Every step is done and every acceptance criterion is demonstrated
- Required evidence is attached to the issue
- The accounting impact is written down where a posting was made
- Actual time is logged against the issue
- Instructor Review is Approved and the status is Completed

**Estimated time:** 3 h

**Next task:** THY-051","Migration","V25.0 Migration","MOD-37","LAB-047","3","L4 - Advanced","Documentation","SAP S/4HANA Training System","Written deliverable","","S/4HANA (ECC differences noted)","Same concept as ECC","None","None","Level 3 - Implementation & Integration","Consultant","Review","0","Pending"
"THY-051","THY-051","Theory","Normal","[THY-051] S/4HANA migration paths: new implementation, conversion and selective","**Objective:** S/4HANA migration paths: new implementation, conversion and selective

**Prerequisites:** DOC-001

**Concepts:** Legacy data; Master data; Open items; Asset balances; GL balances; Customer balances; Vendor balances; Migration Cockpit; LSMW legacy concepts; BAPI; IDoc concepts; APIs; Templates; Data validation

**Environment:** SAP S/4HANA Training System

### Steps
- [ ] Study greenfield, system conversion and selective data transition
- [ ] Study finance preparation and migration steps in a conversion at concept level

### Acceptance criteria
- Recommends a path for two company profiles

**Evidence required:** Notes

**Accounting impact:** For every posting, write the debit and credit lines and the effect on the financial statements.

**Assessment:** Instructor checks the notes and asks short oral questions. Type: Short answer.

### Completion criteria
- Every step is done and every acceptance criterion is demonstrated
- Required evidence is attached to the issue
- The accounting impact is written down where a posting was made
- Actual time is logged against the issue
- Instructor Review is Approved and the status is Completed

**Estimated time:** 2 h

**Next task:** TSH-041","Migration","V25.0 Migration","MOD-37","DOC-001","2","L4 - Advanced","Theory","SAP S/4HANA Training System","Notes","","S/4HANA (ECC differences noted)","Same concept as ECC","None","None","Level 3 - Implementation & Integration","Consultant","Short answer","0","Pending"
"TSH-041","TSH-041","Troubleshooting","Normal","[TSH-041] Scenario 41: migration load fails validation","**Objective:** Scenario 41: migration load fails validation

**Prerequisites:** THY-051

**Concepts:** Legacy data; Master data; Open items; Asset balances; GL balances; Customer balances; Vendor balances; Migration Cockpit; LSMW legacy concepts; BAPI; IDoc concepts; APIs; Templates; Data validation

**Transaction codes:** LTMC; LTMOM; LSMW; ABLDT; FB01; SE16N (find the Fiori app for each in the apps reference library)

**Environment:** SAP S/4HANA Training System

### Steps
- [ ] Reproduce the error in the training client (instructor-prepared)
- [ ] Record the exact message number and text, and the business impact
- [ ] Read the messages
- [ ] Fix mapping, mandatory fields or missing configuration
- [ ] Re-run
- [ ] Apply the fix
- [ ] Re-run the original transaction to validate
- [ ] Write the eight-section report: problem, business impact, evidence, root cause, configuration, fix, validation, prevention

### Acceptance criteria
- The original transaction now works
- Root cause is shown in configuration or master data
- Report has all eight sections

**Evidence required:** Root cause report

**Accounting impact:** For every posting, write the debit and credit lines and the effect on the financial statements.

**Assessment:** Instructor grades the eight-section report. Type: Troubleshooting.

### Completion criteria
- Every step is done and every acceptance criterion is demonstrated
- Required evidence is attached to the issue
- The accounting impact is written down where a posting was made
- Actual time is logged against the issue
- Instructor Review is Approved and the status is Completed

**Estimated time:** 1 h

**Next task:** TSH-042","Migration","V25.0 Migration","MOD-37","THY-051","1","L4 - Advanced","Troubleshooting","SAP S/4HANA Training System","Root cause report","LTMC; LTMOM; LSMW; ABLDT; FB01; SE16N","S/4HANA (ECC differences noted)","Same concept as ECC","None","None","Level 3 - Implementation & Integration","Consultant","Troubleshooting","0","Pending"
"TSH-042","TSH-042","Troubleshooting","Normal","[TSH-042] Scenario 42: opening balances do not reconcile after load","**Objective:** Scenario 42: opening balances do not reconcile after load

**Prerequisites:** TSH-041

**Concepts:** Legacy data; Master data; Open items; Asset balances; GL balances; Customer balances; Vendor balances; Migration Cockpit; LSMW legacy concepts; BAPI; IDoc concepts; APIs; Templates; Data validation

**Transaction codes:** LTMC; LTMOM; LSMW; ABLDT; FB01; SE16N (find the Fiori app for each in the apps reference library)

**Environment:** SAP S/4HANA Training System

### Steps
- [ ] Reproduce the error in the training client (instructor-prepared)
- [ ] Record the exact message number and text, and the business impact
- [ ] Compare by account and by object with the legacy trial balance
- [ ] Find duplicates or missing items
- [ ] Apply the fix
- [ ] Re-run the original transaction to validate
- [ ] Write the eight-section report: problem, business impact, evidence, root cause, configuration, fix, validation, prevention

### Acceptance criteria
- The original transaction now works
- Root cause is shown in configuration or master data
- Report has all eight sections

**Evidence required:** Root cause report

**Accounting impact:** For every posting, write the debit and credit lines and the effect on the financial statements.

**Assessment:** Instructor grades the eight-section report. Type: Troubleshooting.

### Completion criteria
- Every step is done and every acceptance criterion is demonstrated
- Required evidence is attached to the issue
- The accounting impact is written down where a posting was made
- Actual time is logged against the issue
- Instructor Review is Approved and the status is Completed

**Estimated time:** 2 h

**Next task:** ASM-025","Migration","V25.0 Migration","MOD-37","TSH-041","2","L4 - Advanced","Troubleshooting","SAP S/4HANA Training System","Root cause report","LTMC; LTMOM; LSMW; ABLDT; FB01; SE16N","S/4HANA (ECC differences noted)","Same concept as ECC","None","None","Level 3 - Implementation & Integration","Consultant","Troubleshooting","0","Pending"
"ASM-025","ASM-025","Assessment","High","[ASM-025] Phase 25 assessment: migration","**Objective:** Phase 25 assessment: migration

**Prerequisites:** TSH-042

**Concepts:** Legacy data; Master data; Open items; Asset balances; GL balances; Customer balances; Vendor balances; Migration Cockpit; LSMW legacy concepts; BAPI; IDoc concepts; APIs; Templates; Data validation

**Environment:** SAP S/4HANA Training System

### Steps
- [ ] Plan and execute a small load and present the reconciliation

### Acceptance criteria
- Score of 70 or higher

**Evidence required:** Scored result

**Accounting impact:** For every posting, write the debit and credit lines and the effect on the financial statements.

**Troubleshooting:** Read the full message with its number. Record each error and its cause in the issue notes. If stuck for more than 30 minutes, set the status to Blocked and describe the blocker.

**Assessment:** Scored 0-100. Pass mark 70. Type: Requirement analysis.

### Completion criteria
- Every step is done and every acceptance criterion is demonstrated
- Required evidence is attached to the issue
- The accounting impact is written down where a posting was made
- Actual time is logged against the issue
- Instructor Review is Approved and the status is Completed

**Estimated time:** 2 h

**Next task:** Last task of this module","Migration","V25.0 Migration","MOD-37","TSH-042","2","L4 - Advanced","Assessment","SAP S/4HANA Training System","Scored result","","S/4HANA (ECC differences noted)","Same concept as ECC","None","None","Level 3 - Implementation & Integration","Consultant","Requirement analysis","0","Pending"
"REVIEW-25","REVIEW-25","Review","High","[REVIEW-25] Phase 25 gate review","**Objective:** Confirm that phase 25 (Migration) is complete.

### Checklist
- [ ] Every issue of the phase is Completed
- [ ] Evidence is attached to every issue
- [ ] Time is logged
- [ ] Assessment score is 70 or higher
- [ ] Configuration document is up to date

**Assessment:** Instructor confirms the checklist and records the gate decision.

**Estimated time:** 1 h","","V25.0 Migration","PHASE-25","ASM-025","1","","Review","","Instructor sign-off","","","","","","","","Review","0","Pending"
"PHASE-26","PHASE-26","Phase","Normal","[PHASE-26] Testing","Phase 26 of 30. Version: V26.0 Testing.

Modules: 1. Estimated hours: 19.

- MOD-38 Testing

The phase closes with the gate review REVIEW-26.","","V26.0 Testing","EPIC","","","","","","","","","","","","","","","",""
"MOD-38","MOD-38","Module","Normal","[MOD-38] Testing","**Topics:** Unit testing; String testing; Integration testing; UAT; Regression testing; Negative testing; Performance testing; Test scripts; Test evidence; Defect management

**Transaction codes:** FB03; SE16N

**Environment:** SAP S/4HANA Training System

**Tasks:** 6, 18 estimated hours.

- THY-052 Test levels and what each one proves
- TEST-001 Write unit test scripts for finance configuration
- TEST-002 Write integration test scripts for procure to pay and order to cash
- LAB-048 Testing
- TEST-003 User acceptance testing and regression pack
- ASM-026 Phase 26 assessment: testing","Testing","V26.0 Testing","PHASE-26","","","","","SAP S/4HANA Training System","","FB03; SE16N","S/4HANA (ECC differences noted)","Not version specific","None","None","Level 3 - Implementation & Integration","Consultant","","",""
"THY-052","THY-052","Theory","Normal","[THY-052] Test levels and what each one proves","**Objective:** Test levels and what each one proves

**Prerequisites:** ASM-018, ASM-019

**Concepts:** Unit testing; String testing; Integration testing; UAT; Regression testing; Negative testing; Performance testing; Test scripts; Test evidence; Defect management

**Environment:** SAP S/4HANA Training System

### Steps
- [ ] Study unit, string, integration, user acceptance, regression, negative and performance testing
- [ ] Study entry and exit criteria
- [ ] Study defect severity and lifecycle

### Acceptance criteria
- Assigns ten test ideas to the right level

**Evidence required:** Notes

**Accounting impact:** For every posting, write the debit and credit lines and the effect on the financial statements.

**Assessment:** Instructor checks the notes and asks short oral questions. Type: Short answer.

### Completion criteria
- Every step is done and every acceptance criterion is demonstrated
- Required evidence is attached to the issue
- The accounting impact is written down where a posting was made
- Actual time is logged against the issue
- Instructor Review is Approved and the status is Completed

**Estimated time:** 2 h

**Next task:** TEST-001","Testing","V26.0 Testing","MOD-38","ASM-018, ASM-019","2","L3 - Intermediate","Theory","SAP S/4HANA Training System","Notes","","S/4HANA (ECC differences noted)","Not version specific","None","None","Level 3 - Implementation & Integration","Consultant","Short answer","0","Pending"
"TEST-001","TEST-001","Testing","Normal","[TEST-001] Write unit test scripts for finance configuration","**Objective:** Write unit test scripts for finance configuration

**Prerequisites:** THY-052

**Concepts:** Unit testing; String testing; Integration testing; UAT; Regression testing; Negative testing; Performance testing; Test scripts; Test evidence; Defect management

**Environment:** SAP S/4HANA Training System

### Steps
- [ ] Write scripts for document types, payment terms, tax codes, payment program and asset classes using the wiki template Test_Script
- [ ] Include preconditions, steps, expected result and accounting entries

### Acceptance criteria
- Scripts are executable by another student without questions

**Evidence required:** Test script + evidence

**Accounting impact:** For every posting, write the debit and credit lines and the effect on the financial statements.

**Troubleshooting:** Read the full message with its number. Record each error and its cause in the issue notes. If stuck for more than 30 minutes, set the status to Blocked and describe the blocker.

**Assessment:** Instructor checks that scripts are executable and evidence is complete. Type: Requirement analysis.

### Completion criteria
- Every step is done and every acceptance criterion is demonstrated
- Required evidence is attached to the issue
- The accounting impact is written down where a posting was made
- Actual time is logged against the issue
- Instructor Review is Approved and the status is Completed

**Estimated time:** 3 h

**Next task:** TEST-002","Testing","V26.0 Testing","MOD-38","THY-052","3","L3 - Intermediate","Testing","SAP S/4HANA Training System","Test script + evidence","","S/4HANA (ECC differences noted)","Not version specific","None","None","Level 3 - Implementation & Integration","Consultant","Requirement analysis","0","Pending"
"TEST-002","TEST-002","Testing","Normal","[TEST-002] Write integration test scripts for procure to pay and order to cash","**Objective:** Write integration test scripts for procure to pay and order to cash

**Prerequisites:** TEST-001

**Concepts:** Unit testing; String testing; Integration testing; UAT; Regression testing; Negative testing; Performance testing; Test scripts; Test evidence; Defect management

**Environment:** SAP S/4HANA Training System

### Steps
- [ ] Write end-to-end scripts covering logistics steps, accounting documents, payment and reporting
- [ ] Include negative cases

### Acceptance criteria
- Scripts cover every step with expected documents and at least three negative cases

**Evidence required:** Test script + evidence

**Accounting impact:** For every posting, write the debit and credit lines and the effect on the financial statements.

**Troubleshooting:** Read the full message with its number. Record each error and its cause in the issue notes. If stuck for more than 30 minutes, set the status to Blocked and describe the blocker.

**Assessment:** Instructor checks that scripts are executable and evidence is complete. Type: Requirement analysis.

### Completion criteria
- Every step is done and every acceptance criterion is demonstrated
- Required evidence is attached to the issue
- The accounting impact is written down where a posting was made
- Actual time is logged against the issue
- Instructor Review is Approved and the status is Completed

**Estimated time:** 4 h

**Next task:** LAB-048","Testing","V26.0 Testing","MOD-38","TEST-001","4","L3 - Intermediate","Testing","SAP S/4HANA Training System","Test script + evidence","","S/4HANA (ECC differences noted)","Not version specific","None","None","Level 3 - Implementation & Integration","Consultant","Requirement analysis","0","Pending"
"LAB-048","LAB-048","Lab","Normal","[LAB-048] Testing","**Objective:** Testing

**Prerequisites:** TEST-002

**Concepts:** Unit testing; String testing; Integration testing; UAT; Regression testing; Negative testing; Performance testing; Test scripts; Test evidence; Defect management

**Transaction codes:** FB03; SE16N (find the Fiori app for each in the apps reference library)

**Environment:** SAP S/4HANA Training System

### Steps
- [ ] Execute the scripts of another student
- [ ] Capture evidence with document numbers and screenshots
- [ ] Log defects with steps to reproduce and severity
- [ ] Retest after fixes

### Acceptance criteria
- Evidence exists for every step
- Defects are logged and retested

**Evidence required:** Document numbers + screenshots

**Accounting impact:** For every posting, write the debit and credit lines and the effect on the financial statements.

**Troubleshooting:** Read the full message with its number. Record each error and its cause in the issue notes. If stuck for more than 30 minutes, set the status to Blocked and describe the blocker.

**Assessment:** Instructor verifies the acceptance criteria from the evidence and may ask for a live demonstration. Type: Transaction execution.

### Completion criteria
- Every step is done and every acceptance criterion is demonstrated
- Required evidence is attached to the issue
- The accounting impact is written down where a posting was made
- Actual time is logged against the issue
- Instructor Review is Approved and the status is Completed

**Estimated time:** 4 h

**Next task:** TEST-003","Testing","V26.0 Testing","MOD-38","TEST-002","4","L3 - Intermediate","Guided Lab","SAP S/4HANA Training System","Document numbers + screenshots","FB03; SE16N","S/4HANA (ECC differences noted)","Not version specific","None","None","Level 3 - Implementation & Integration","Consultant","Transaction execution","0","Pending"
"TEST-003","TEST-003","Testing","Normal","[TEST-003] User acceptance testing and regression pack","**Objective:** User acceptance testing and regression pack

**Prerequisites:** LAB-048

**Concepts:** Unit testing; String testing; Integration testing; UAT; Regression testing; Negative testing; Performance testing; Test scripts; Test evidence; Defect management

**Environment:** SAP S/4HANA Training System

### Steps
- [ ] Prepare a user acceptance plan with business scenarios and sign-off
- [ ] Select a regression pack for a later change

### Acceptance criteria
- Plan and pack are delivered with sign-off sheet

**Evidence required:** Test script + evidence

**Accounting impact:** For every posting, write the debit and credit lines and the effect on the financial statements.

**Troubleshooting:** Read the full message with its number. Record each error and its cause in the issue notes. If stuck for more than 30 minutes, set the status to Blocked and describe the blocker.

**Assessment:** Instructor checks that scripts are executable and evidence is complete. Type: Requirement analysis.

### Completion criteria
- Every step is done and every acceptance criterion is demonstrated
- Required evidence is attached to the issue
- The accounting impact is written down where a posting was made
- Actual time is logged against the issue
- Instructor Review is Approved and the status is Completed

**Estimated time:** 3 h

**Next task:** ASM-026","Testing","V26.0 Testing","MOD-38","LAB-048","3","L3 - Intermediate","Testing","SAP S/4HANA Training System","Test script + evidence","","S/4HANA (ECC differences noted)","Not version specific","None","None","Level 3 - Implementation & Integration","Consultant","Requirement analysis","0","Pending"
"ASM-026","ASM-026","Assessment","High","[ASM-026] Phase 26 assessment: testing","**Objective:** Phase 26 assessment: testing

**Prerequisites:** TEST-003

**Concepts:** Unit testing; String testing; Integration testing; UAT; Regression testing; Negative testing; Performance testing; Test scripts; Test evidence; Defect management

**Environment:** SAP S/4HANA Training System

### Steps
- [ ] Write and execute a test script for an unseen requirement and report a defect properly

### Acceptance criteria
- Score of 70 or higher

**Evidence required:** Scored result

**Accounting impact:** For every posting, write the debit and credit lines and the effect on the financial statements.

**Troubleshooting:** Read the full message with its number. Record each error and its cause in the issue notes. If stuck for more than 30 minutes, set the status to Blocked and describe the blocker.

**Assessment:** Scored 0-100. Pass mark 70. Type: Requirement analysis.

### Completion criteria
- Every step is done and every acceptance criterion is demonstrated
- Required evidence is attached to the issue
- The accounting impact is written down where a posting was made
- Actual time is logged against the issue
- Instructor Review is Approved and the status is Completed

**Estimated time:** 2 h

**Next task:** Last task of this module","Testing","V26.0 Testing","MOD-38","TEST-003","2","L3 - Intermediate","Assessment","SAP S/4HANA Training System","Scored result","","S/4HANA (ECC differences noted)","Not version specific","None","None","Level 3 - Implementation & Integration","Consultant","Requirement analysis","0","Pending"
"REVIEW-26","REVIEW-26","Review","High","[REVIEW-26] Phase 26 gate review","**Objective:** Confirm that phase 26 (Testing) is complete.

### Checklist
- [ ] Every issue of the phase is Completed
- [ ] Evidence is attached to every issue
- [ ] Time is logged
- [ ] Assessment score is 70 or higher
- [ ] Configuration document is up to date

**Assessment:** Instructor confirms the checklist and records the gate decision.

**Estimated time:** 1 h","","V26.0 Testing","PHASE-26","ASM-026","1","","Review","","Instructor sign-off","","","","","","","","Review","0","Pending"
"PHASE-27","PHASE-27","Phase","Normal","[PHASE-27] Implementation","Phase 27 of 30. Version: V27.0 Implementation.

Modules: 4. Estimated hours: 67.

- MOD-39 Implementation Methodology
- MOD-40 Implementation Documentation
- MOD-41 SAP FICO Security Concepts
- MOD-42 Configuration Project: Global Manufacturing Pvt Ltd

The phase closes with the gate review REVIEW-27.","","V27.0 Implementation","EPIC","","","","","","","","","","","","","","","",""
"MOD-39","MOD-39","Module","Normal","[MOD-39] Implementation Methodology","**Topics:** ASAP concepts; SAP Activate; Fit-to-standard; Fit-gap; Explore; Realize; Deploy; Run; Project lifecycle from preparation to support; Configuration methodology from requirement to production

**Transaction codes:** SPRO; SE10; STMS

**Environment:** SAP S/4HANA Training System

**Tasks:** 4, 13 estimated hours.

- THY-053 ASAP and SAP Activate
- THY-054 How consultants configure: requirement to production
- IMPL-001 Fit-to-standard workshop and fit-gap document
- IMPL-002 IMG navigation and transport requests","Implementation","V27.0 Implementation","PHASE-27","","","","","SAP S/4HANA Training System","","SPRO; SE10; STMS","S/4HANA (ECC differences noted)","Not version specific","None","None","Level 3 - Implementation & Integration","Consultant","","",""
"THY-053","THY-053","Theory","Normal","[THY-053] ASAP and SAP Activate","**Objective:** ASAP and SAP Activate

**Prerequisites:** ASM-026

**Concepts:** ASAP concepts; SAP Activate; Fit-to-standard; Fit-gap; Explore; Realize; Deploy; Run; Project lifecycle from preparation to support; Configuration methodology from requirement to production

**Environment:** SAP S/4HANA Training System

### Steps
- [ ] Study ASAP phases at concept level
- [ ] Study SAP Activate: discover, prepare, explore, realize, deploy, run
- [ ] Study fit-to-standard workshops and the backlog
- [ ] Map the lifecycle: preparation, explore, design, configuration, development, testing, migration, training, cutover, go-live, hypercare, support

### Acceptance criteria
- Places twenty project activities in the right phase

**Evidence required:** Notes

**Accounting impact:** For every posting, write the debit and credit lines and the effect on the financial statements.

**Assessment:** Instructor checks the notes and asks short oral questions. Type: Short answer.

### Completion criteria
- Every step is done and every acceptance criterion is demonstrated
- Required evidence is attached to the issue
- The accounting impact is written down where a posting was made
- Actual time is logged against the issue
- Instructor Review is Approved and the status is Completed

**Estimated time:** 3 h

**Next task:** THY-054","Implementation","V27.0 Implementation","MOD-39","ASM-026","3","L3 - Intermediate","Theory","SAP S/4HANA Training System","Notes","","S/4HANA (ECC differences noted)","Not version specific","None","None","Level 3 - Implementation & Integration","Consultant","Short answer","0","Pending"
"THY-054","THY-054","Theory","Normal","[THY-054] How consultants configure: requirement to production","**Objective:** How consultants configure: requirement to production

**Prerequisites:** THY-053

**Concepts:** ASAP concepts; SAP Activate; Fit-to-standard; Fit-gap; Explore; Realize; Deploy; Run; Project lifecycle from preparation to support; Configuration methodology from requirement to production

**Environment:** SAP S/4HANA Training System

### Steps
- [ ] Study the chain: requirement, business process, gap analysis, configuration, unit test, integration test, user acceptance, transport, production
- [ ] Study customizing requests and transport of copies
- [ ] Study documentation at each step

### Acceptance criteria
- Describes the chain for one real requirement

**Evidence required:** Notes

**Accounting impact:** For every posting, write the debit and credit lines and the effect on the financial statements.

**Assessment:** Instructor checks the notes and asks short oral questions. Type: Short answer.

### Completion criteria
- Every step is done and every acceptance criterion is demonstrated
- Required evidence is attached to the issue
- The accounting impact is written down where a posting was made
- Actual time is logged against the issue
- Instructor Review is Approved and the status is Completed

**Estimated time:** 3 h

**Next task:** IMPL-001","Implementation","V27.0 Implementation","MOD-39","THY-053","3","L3 - Intermediate","Theory","SAP S/4HANA Training System","Notes","","S/4HANA (ECC differences noted)","Not version specific","None","None","Level 3 - Implementation & Integration","Consultant","Short answer","0","Pending"
"IMPL-001","IMPL-001","Implementation","Normal","[IMPL-001] Fit-to-standard workshop and fit-gap document","**Objective:** Fit-to-standard workshop and fit-gap document

**Prerequisites:** THY-054

**Concepts:** ASAP concepts; SAP Activate; Fit-to-standard; Fit-gap; Explore; Realize; Deploy; Run; Project lifecycle from preparation to support; Configuration methodology from requirement to production

**Environment:** SAP S/4HANA Training System

### Steps
- [ ] Run a mock workshop on payables for the course company
- [ ] Record fits, gaps and decisions
- [ ] Write the fit-gap document using the wiki template

### Acceptance criteria
- Fit-gap lists each requirement with fit, gap and proposed solution

**Evidence required:** Written deliverable

**Accounting impact:** For every posting, write the debit and credit lines and the effect on the financial statements.

**Troubleshooting:** Read the full message with its number. Record each error and its cause in the issue notes. If stuck for more than 30 minutes, set the status to Blocked and describe the blocker.

**Assessment:** Instructor reviews the deliverable as a project lead would. Type: Solution design.

### Completion criteria
- Every step is done and every acceptance criterion is demonstrated
- Required evidence is attached to the issue
- The accounting impact is written down where a posting was made
- Actual time is logged against the issue
- Instructor Review is Approved and the status is Completed

**Estimated time:** 4 h

**Next task:** IMPL-002","Implementation","V27.0 Implementation","MOD-39","THY-054","4","L3 - Intermediate","Implementation","SAP S/4HANA Training System","Written deliverable","","S/4HANA (ECC differences noted)","Not version specific","None","None","Level 3 - Implementation & Integration","Consultant","Solution design","0","Pending"
"IMPL-002","IMPL-002","Implementation","Normal","[IMPL-002] IMG navigation and transport requests","**Objective:** IMG navigation and transport requests

**Prerequisites:** IMPL-001

**Concepts:** ASAP concepts; SAP Activate; Fit-to-standard; Fit-gap; Explore; Realize; Deploy; Run; Project lifecycle from preparation to support; Configuration methodology from requirement to production

**Transaction codes:** SPRO; SE10 (find the Fiori app for each in the apps reference library)

**Environment:** SAP S/4HANA Training System

### Steps
- [ ] Navigate the implementation guide by area
- [ ] Find the activity for ten settings from their business meaning
- [ ] Save changes to a customizing request
- [ ] Display and release the request as directed

### Acceptance criteria
- Ten activities are located by reasoning, not memory
- A request holds the changes

**Evidence required:** Written deliverable

**Accounting impact:** For every posting, write the debit and credit lines and the effect on the financial statements.

**Troubleshooting:** Read the full message with its number. Record each error and its cause in the issue notes. If stuck for more than 30 minutes, set the status to Blocked and describe the blocker.

**Assessment:** Instructor reviews the deliverable as a project lead would. Type: Solution design.

### Completion criteria
- Every step is done and every acceptance criterion is demonstrated
- Required evidence is attached to the issue
- The accounting impact is written down where a posting was made
- Actual time is logged against the issue
- Instructor Review is Approved and the status is Completed

**Estimated time:** 3 h

**Next task:** Last task of this module","Implementation","V27.0 Implementation","MOD-39","IMPL-001","3","L3 - Intermediate","Implementation","SAP S/4HANA Training System","Written deliverable","SPRO; SE10","S/4HANA (ECC differences noted)","Not version specific","None","None","Level 3 - Implementation & Integration","Consultant","Solution design","0","Pending"
"MOD-40","MOD-40","Module","Normal","[MOD-40] Implementation Documentation","**Topics:** Business Blueprint; Fit-Gap document; Configuration document; Functional Specification; Test Script; Test Evidence; Cutover Plan; Data Migration Plan; Go-Live Checklist; Support Runbook; RCA; Training Material

**Transaction codes:** None

**Environment:** SAP S/4HANA Training System

**Tasks:** 5, 17 estimated hours.

- DOC-002 Business blueprint or design document for finance
- DOC-003 Configuration document
- DOC-004 Functional specification for an enhancement
- DOC-005 Cutover plan and go-live checklist
- DOC-006 Training material for end users","Implementation","V27.0 Implementation","PHASE-27","","","","","SAP S/4HANA Training System","","","S/4HANA (ECC differences noted)","Not version specific","None","None","Level 3 - Implementation & Integration","Consultant","","",""
"DOC-002","DOC-002","Documentation","Normal","[DOC-002] Business blueprint or design document for finance","**Objective:** Business blueprint or design document for finance

**Prerequisites:** IMPL-002

**Concepts:** Business Blueprint; Fit-Gap document; Configuration document; Functional Specification; Test Script; Test Evidence; Cutover Plan; Data Migration Plan; Go-Live Checklist; Support Runbook; RCA; Training Material

**Environment:** SAP S/4HANA Training System

### Steps
- [ ] Write the design for the course company: organization, master data, processes, reports, interfaces, controls

### Acceptance criteria
- Document follows the wiki template and covers every area

**Evidence required:** Written deliverable

**Accounting impact:** For every posting, write the debit and credit lines and the effect on the financial statements.

**Troubleshooting:** Read the full message with its number. Record each error and its cause in the issue notes. If stuck for more than 30 minutes, set the status to Blocked and describe the blocker.

**Assessment:** Instructor reviews the document for completeness and accuracy. Type: Review.

### Completion criteria
- Every step is done and every acceptance criterion is demonstrated
- Required evidence is attached to the issue
- The accounting impact is written down where a posting was made
- Actual time is logged against the issue
- Instructor Review is Approved and the status is Completed

**Estimated time:** 4 h

**Next task:** DOC-003","Implementation","V27.0 Implementation","MOD-40","IMPL-002","4","L3 - Intermediate","Documentation","SAP S/4HANA Training System","Written deliverable","","S/4HANA (ECC differences noted)","Not version specific","None","None","Level 3 - Implementation & Integration","Consultant","Review","0","Pending"
"DOC-003","DOC-003","Documentation","Normal","[DOC-003] Configuration document","**Objective:** Configuration document

**Prerequisites:** DOC-002

**Concepts:** Business Blueprint; Fit-Gap document; Configuration document; Functional Specification; Test Script; Test Evidence; Cutover Plan; Data Migration Plan; Go-Live Checklist; Support Runbook; RCA; Training Material

**Environment:** SAP S/4HANA Training System

### Steps
- [ ] Document every setting made so far with node, values and business reason

### Acceptance criteria
- Another consultant can rebuild the configuration from the document

**Evidence required:** Written deliverable

**Accounting impact:** For every posting, write the debit and credit lines and the effect on the financial statements.

**Troubleshooting:** Read the full message with its number. Record each error and its cause in the issue notes. If stuck for more than 30 minutes, set the status to Blocked and describe the blocker.

**Assessment:** Instructor reviews the document for completeness and accuracy. Type: Review.

### Completion criteria
- Every step is done and every acceptance criterion is demonstrated
- Required evidence is attached to the issue
- The accounting impact is written down where a posting was made
- Actual time is logged against the issue
- Instructor Review is Approved and the status is Completed

**Estimated time:** 3 h

**Next task:** DOC-004","Implementation","V27.0 Implementation","MOD-40","DOC-002","3","L3 - Intermediate","Documentation","SAP S/4HANA Training System","Written deliverable","","S/4HANA (ECC differences noted)","Not version specific","None","None","Level 3 - Implementation & Integration","Consultant","Review","0","Pending"
"DOC-004","DOC-004","Documentation","Normal","[DOC-004] Functional specification for an enhancement","**Objective:** Functional specification for an enhancement

**Prerequisites:** DOC-003

**Concepts:** Business Blueprint; Fit-Gap document; Configuration document; Functional Specification; Test Script; Test Evidence; Cutover Plan; Data Migration Plan; Go-Live Checklist; Support Runbook; RCA; Training Material

**Environment:** SAP S/4HANA Training System

### Steps
- [ ] Take a gap: a custom vendor aging layout or a validation
- [ ] Write purpose, logic, selection, output, authorization, test cases

### Acceptance criteria
- Specification is complete enough for a developer

**Evidence required:** Written deliverable

**Accounting impact:** For every posting, write the debit and credit lines and the effect on the financial statements.

**Troubleshooting:** Read the full message with its number. Record each error and its cause in the issue notes. If stuck for more than 30 minutes, set the status to Blocked and describe the blocker.

**Assessment:** Instructor reviews the document for completeness and accuracy. Type: Review.

### Completion criteria
- Every step is done and every acceptance criterion is demonstrated
- Required evidence is attached to the issue
- The accounting impact is written down where a posting was made
- Actual time is logged against the issue
- Instructor Review is Approved and the status is Completed

**Estimated time:** 3 h

**Next task:** DOC-005","Implementation","V27.0 Implementation","MOD-40","DOC-003","3","L3 - Intermediate","Documentation","SAP S/4HANA Training System","Written deliverable","","S/4HANA (ECC differences noted)","Not version specific","None","None","Level 3 - Implementation & Integration","Consultant","Review","0","Pending"
"DOC-005","DOC-005","Documentation","Normal","[DOC-005] Cutover plan and go-live checklist","**Objective:** Cutover plan and go-live checklist

**Prerequisites:** DOC-004

**Concepts:** Business Blueprint; Fit-Gap document; Configuration document; Functional Specification; Test Script; Test Evidence; Cutover Plan; Data Migration Plan; Go-Live Checklist; Support Runbook; RCA; Training Material

**Environment:** SAP S/4HANA Training System

### Steps
- [ ] Write the cutover sequence with timings, owners, dependencies and fallback
- [ ] Write the go-live checklist and hypercare plan

### Acceptance criteria
- Plan has a timed sequence and go or no-go criteria

**Evidence required:** Written deliverable

**Accounting impact:** For every posting, write the debit and credit lines and the effect on the financial statements.

**Troubleshooting:** Read the full message with its number. Record each error and its cause in the issue notes. If stuck for more than 30 minutes, set the status to Blocked and describe the blocker.

**Assessment:** Instructor reviews the document for completeness and accuracy. Type: Review.

### Completion criteria
- Every step is done and every acceptance criterion is demonstrated
- Required evidence is attached to the issue
- The accounting impact is written down where a posting was made
- Actual time is logged against the issue
- Instructor Review is Approved and the status is Completed

**Estimated time:** 4 h

**Next task:** DOC-006","Implementation","V27.0 Implementation","MOD-40","DOC-004","4","L3 - Intermediate","Documentation","SAP S/4HANA Training System","Written deliverable","","S/4HANA (ECC differences noted)","Not version specific","None","None","Level 3 - Implementation & Integration","Consultant","Review","0","Pending"
"DOC-006","DOC-006","Documentation","Normal","[DOC-006] Training material for end users","**Objective:** Training material for end users

**Prerequisites:** DOC-005

**Concepts:** Business Blueprint; Fit-Gap document; Configuration document; Functional Specification; Test Script; Test Evidence; Cutover Plan; Data Migration Plan; Go-Live Checklist; Support Runbook; RCA; Training Material

**Environment:** SAP S/4HANA Training System

### Steps
- [ ] Write a step guide for supplier invoice and payment with screenshots and common errors

### Acceptance criteria
- A new user can complete the process from the guide

**Evidence required:** Written deliverable

**Accounting impact:** For every posting, write the debit and credit lines and the effect on the financial statements.

**Troubleshooting:** Read the full message with its number. Record each error and its cause in the issue notes. If stuck for more than 30 minutes, set the status to Blocked and describe the blocker.

**Assessment:** Instructor reviews the document for completeness and accuracy. Type: Review.

### Completion criteria
- Every step is done and every acceptance criterion is demonstrated
- Required evidence is attached to the issue
- The accounting impact is written down where a posting was made
- Actual time is logged against the issue
- Instructor Review is Approved and the status is Completed

**Estimated time:** 3 h

**Next task:** Last task of this module","Implementation","V27.0 Implementation","MOD-40","DOC-005","3","L3 - Intermediate","Documentation","SAP S/4HANA Training System","Written deliverable","","S/4HANA (ECC differences noted)","Not version specific","None","None","Level 3 - Implementation & Integration","Consultant","Review","0","Pending"
"MOD-41","MOD-41","Module","Normal","[MOD-41] SAP FICO Security Concepts","**Topics:** Roles; Authorization; Organizational restrictions; Company code security; Business Partner authorization; Finance transaction authorization; Segregation of Duties; Audit controls

**Transaction codes:** SU53; SUIM; PFCG; SU01

**Environment:** SAP S/4HANA Training System

**Tasks:** 2, 5 estimated hours.

- THY-055 Functional security: roles, organizational levels and segregation of duties
- IMPL-003 Authorization failure analysis and role requirement","Implementation","V27.0 Implementation","PHASE-27","","","","","SAP S/4HANA Training System","","SU53; SUIM; PFCG; SU01","S/4HANA (ECC differences noted)","Not version specific","None","None","Level 3 - Implementation & Integration","Consultant","","",""
"THY-055","THY-055","Theory","Normal","[THY-055] Functional security: roles, organizational levels and segregation of duties","**Objective:** Functional security: roles, organizational levels and segregation of duties

**Prerequisites:** IMPL-002

**Concepts:** Roles; Authorization; Organizational restrictions; Company code security; Business Partner authorization; Finance transaction authorization; Segregation of Duties; Audit controls

**Environment:** SAP S/4HANA Training System

### Steps
- [ ] Study how finance roles restrict by company code, account type and document type
- [ ] Study business partner authorization groups
- [ ] Study segregation of duties conflicts in finance
- [ ] Study audit controls

### Acceptance criteria
- Lists five finance segregation conflicts and the control for each

**Evidence required:** Notes

**Accounting impact:** For every posting, write the debit and credit lines and the effect on the financial statements.

**Assessment:** Instructor checks the notes and asks short oral questions. Type: Short answer.

### Completion criteria
- Every step is done and every acceptance criterion is demonstrated
- Required evidence is attached to the issue
- The accounting impact is written down where a posting was made
- Actual time is logged against the issue
- Instructor Review is Approved and the status is Completed

**Estimated time:** 3 h

**Next task:** IMPL-003","Implementation","V27.0 Implementation","MOD-41","IMPL-002","3","L3 - Intermediate","Theory","SAP S/4HANA Training System","Notes","","S/4HANA (ECC differences noted)","Not version specific","None","None","Level 3 - Implementation & Integration","Consultant","Short answer","0","Pending"
"IMPL-003","IMPL-003","Implementation","Normal","[IMPL-003] Authorization failure analysis and role requirement","**Objective:** Authorization failure analysis and role requirement

**Prerequisites:** THY-055

**Concepts:** Roles; Authorization; Organizational restrictions; Company code security; Business Partner authorization; Finance transaction authorization; Segregation of Duties; Audit controls

**Transaction codes:** SU53; SUIM (find the Fiori app for each in the apps reference library)

**Environment:** SAP S/4HANA Training System

### Steps
- [ ] Reproduce an authorization failure with a restricted test user
- [ ] Read the failed check
- [ ] Write the role change request for the security team

### Acceptance criteria
- Failed object and values are identified
- Request is clear and minimal

**Evidence required:** Written deliverable

**Accounting impact:** For every posting, write the debit and credit lines and the effect on the financial statements.

**Troubleshooting:** Read the full message with its number. Record each error and its cause in the issue notes. If stuck for more than 30 minutes, set the status to Blocked and describe the blocker.

**Assessment:** Instructor reviews the deliverable as a project lead would. Type: Solution design.

### Completion criteria
- Every step is done and every acceptance criterion is demonstrated
- Required evidence is attached to the issue
- The accounting impact is written down where a posting was made
- Actual time is logged against the issue
- Instructor Review is Approved and the status is Completed

**Estimated time:** 2 h

**Next task:** Last task of this module","Implementation","V27.0 Implementation","MOD-41","THY-055","2","L3 - Intermediate","Implementation","SAP S/4HANA Training System","Written deliverable","SU53; SUIM","S/4HANA (ECC differences noted)","Not version specific","None","None","Level 3 - Implementation & Integration","Consultant","Solution design","0","Pending"
"MOD-42","MOD-42","Module","Normal","[MOD-42] Configuration Project: Global Manufacturing Pvt Ltd","**Topics:** Company; Company code; Chart of accounts; Fiscal year; Posting period; Currency; Document types; Number ranges; Tax; AP; AR; Assets; Banks; CO; Cost centers; Profit centers

**Transaction codes:** SPRO

**Environment:** SAP S/4HANA Training System

**Tasks:** 4, 31 estimated hours.

- PROJECT-003 Configuration project part 1: enterprise structure and general ledger
- PROJECT-004 Configuration project part 2: tax, payables, receivables, banks and assets
- PROJECT-005 Configuration project part 3: controlling, cost centres and profit centres
- ASM-027 Phase 27 assessment: implementation","Implementation","V27.0 Implementation","PHASE-27","","","","","SAP S/4HANA Training System","","SPRO","S/4HANA (ECC differences noted)","Same concept as ECC","Record to Report","None","Level 3 - Implementation & Integration","Consultant","","",""
"PROJECT-003","PROJECT-003","Project","Normal","[PROJECT-003] Configuration project part 1: enterprise structure and general ledger","**Objective:** Configuration project part 1: enterprise structure and general ledger

**Prerequisites:** DOC-006, IMPL-003, ASM-017

**Concepts:** Company; Company code; Chart of accounts; Fiscal year; Posting period; Currency; Document types; Number ranges; Tax; AP; AR; Assets; Banks; CO; Cost centers; Profit centers

**Business process:** Record to Report

**Environment:** SAP S/4HANA Training System

### Steps
- [ ] Configure company, company code, chart of accounts, fiscal year, posting periods, currency, document types and number ranges for a new company code from the project brief
- [ ] Unit test
- [ ] Document

### Acceptance criteria
- A journal entry posts in the new company code
- Configuration document and unit tests are delivered

**Evidence required:** Project documentation

**Accounting impact:** For every posting, write the debit and credit lines and the effect on the financial statements.

**Troubleshooting:** Read the full message with its number. Record each error and its cause in the issue notes. If stuck for more than 30 minutes, set the status to Blocked and describe the blocker.

**Assessment:** Scored 0-100 on working result, tests and documentation. Type: Project.

### Completion criteria
- Every step is done and every acceptance criterion is demonstrated
- Required evidence is attached to the issue
- The accounting impact is written down where a posting was made
- Actual time is logged against the issue
- Instructor Review is Approved and the status is Completed

**Estimated time:** 10 h

**Next task:** PROJECT-004","Implementation","V27.0 Implementation","MOD-42","DOC-006, IMPL-003, ASM-017","10","L4 - Advanced","Project","SAP S/4HANA Training System","Project documentation","","S/4HANA (ECC differences noted)","Same concept as ECC","Record to Report","None","Level 3 - Implementation & Integration","Consultant","Project","1","Pending"
"PROJECT-004","PROJECT-004","Project","Normal","[PROJECT-004] Configuration project part 2: tax, payables, receivables, banks and assets","**Objective:** Configuration project part 2: tax, payables, receivables, banks and assets

**Prerequisites:** PROJECT-003

**Concepts:** Company; Company code; Chart of accounts; Fiscal year; Posting period; Currency; Document types; Number ranges; Tax; AP; AR; Assets; Banks; CO; Cost centers; Profit centers

**Business process:** Record to Report

**Environment:** SAP S/4HANA Training System

### Steps
- [ ] Configure tax, supplier and customer settings, house bank and payment program, asset accounting
- [ ] Unit test each
- [ ] Document

### Acceptance criteria
- Invoice, payment run and asset acquisition work in the new company code

**Evidence required:** Project documentation

**Accounting impact:** For every posting, write the debit and credit lines and the effect on the financial statements.

**Troubleshooting:** Read the full message with its number. Record each error and its cause in the issue notes. If stuck for more than 30 minutes, set the status to Blocked and describe the blocker.

**Assessment:** Scored 0-100 on working result, tests and documentation. Type: Project.

### Completion criteria
- Every step is done and every acceptance criterion is demonstrated
- Required evidence is attached to the issue
- The accounting impact is written down where a posting was made
- Actual time is logged against the issue
- Instructor Review is Approved and the status is Completed

**Estimated time:** 10 h

**Next task:** PROJECT-005","Implementation","V27.0 Implementation","MOD-42","PROJECT-003","10","L4 - Advanced","Project","SAP S/4HANA Training System","Project documentation","","S/4HANA (ECC differences noted)","Same concept as ECC","Record to Report","None","Level 3 - Implementation & Integration","Consultant","Project","1","Pending"
"PROJECT-005","PROJECT-005","Project","Normal","[PROJECT-005] Configuration project part 3: controlling, cost centres and profit centres","**Objective:** Configuration project part 3: controlling, cost centres and profit centres

**Prerequisites:** PROJECT-004

**Concepts:** Company; Company code; Chart of accounts; Fiscal year; Posting period; Currency; Document types; Number ranges; Tax; AP; AR; Assets; Banks; CO; Cost centers; Profit centers

**Business process:** Record to Report

**Environment:** SAP S/4HANA Training System

### Steps
- [ ] Configure controlling assignment, cost elements, cost centres, profit centres and one allocation
- [ ] Run an integration test across FI and CO
- [ ] Document

### Acceptance criteria
- Integration test passes
- Reports show cost and profit centre results

**Evidence required:** Project documentation

**Accounting impact:** For every posting, write the debit and credit lines and the effect on the financial statements.

**Troubleshooting:** Read the full message with its number. Record each error and its cause in the issue notes. If stuck for more than 30 minutes, set the status to Blocked and describe the blocker.

**Assessment:** Scored 0-100 on working result, tests and documentation. Type: Project.

### Completion criteria
- Every step is done and every acceptance criterion is demonstrated
- Required evidence is attached to the issue
- The accounting impact is written down where a posting was made
- Actual time is logged against the issue
- Instructor Review is Approved and the status is Completed

**Estimated time:** 8 h

**Next task:** ASM-027","Implementation","V27.0 Implementation","MOD-42","PROJECT-004","8","L4 - Advanced","Project","SAP S/4HANA Training System","Project documentation","","S/4HANA (ECC differences noted)","Same concept as ECC","Record to Report","None","Level 3 - Implementation & Integration","Consultant","Project","1","Pending"
"ASM-027","ASM-027","Assessment","High","[ASM-027] Phase 27 assessment: implementation","**Objective:** Phase 27 assessment: implementation

**Prerequisites:** PROJECT-005

**Concepts:** Company; Company code; Chart of accounts; Fiscal year; Posting period; Currency; Document types; Number ranges; Tax; AP; AR; Assets; Banks; CO; Cost centers; Profit centers

**Business process:** Record to Report

**Environment:** SAP S/4HANA Training System

### Steps
- [ ] Present the configuration project and defend three design decisions

### Acceptance criteria
- Score of 70 or higher

**Evidence required:** Scored result

**Accounting impact:** For every posting, write the debit and credit lines and the effect on the financial statements.

**Troubleshooting:** Read the full message with its number. Record each error and its cause in the issue notes. If stuck for more than 30 minutes, set the status to Blocked and describe the blocker.

**Assessment:** Scored 0-100. Pass mark 70. Type: Solution design.

### Completion criteria
- Every step is done and every acceptance criterion is demonstrated
- Required evidence is attached to the issue
- The accounting impact is written down where a posting was made
- Actual time is logged against the issue
- Instructor Review is Approved and the status is Completed

**Estimated time:** 3 h

**Next task:** Last task of this module","Implementation","V27.0 Implementation","MOD-42","PROJECT-005","3","L4 - Advanced","Assessment","SAP S/4HANA Training System","Scored result","","S/4HANA (ECC differences noted)","Same concept as ECC","Record to Report","None","Level 3 - Implementation & Integration","Consultant","Solution design","0","Pending"
"REVIEW-27","REVIEW-27","Review","High","[REVIEW-27] Phase 27 gate review","**Objective:** Confirm that phase 27 (Implementation) is complete.

### Checklist
- [ ] Every issue of the phase is Completed
- [ ] Evidence is attached to every issue
- [ ] Time is logged
- [ ] Assessment score is 70 or higher
- [ ] Configuration document is up to date

**Assessment:** Instructor confirms the checklist and records the gate decision.

**Estimated time:** 1 h","","V27.0 Implementation","PHASE-27","IMPL-002, DOC-006, IMPL-003, ASM-027","1","","Review","","Instructor sign-off","","","","","","","","Review","0","Pending"
"PHASE-28","PHASE-28","Phase","Normal","[PHASE-28] Production Support","Phase 28 of 30. Version: V28.0 Production Support.

Modules: 2. Estimated hours: 41.

- MOD-43 Production Support
- MOD-44 Troubleshooting

The phase closes with the gate review REVIEW-28.","","V28.0 Production Support","EPIC","","","","","","","","","","","","","","","",""
"MOD-43","MOD-43","Module","Normal","[MOD-43] Production Support","**Topics:** Incident management; Problem management; Change management; Root cause analysis; SLA; Priority; Severity; Functional analysis; Ticket lifecycle

**Transaction codes:** SM37; SM21; ST22; SU53; SE16N; STMS

**Environment:** SAP S/4HANA Training System

**Tasks:** 4, 17 estimated hours.

- THY-056 Support processes: incident, problem, change, priority and SLA
- LAB-049 Production Support
- SUP-001 Support ticket exercises: ten tickets
- DOC-007 Root cause analysis report and support runbook","Support","V28.0 Production Support","PHASE-28","","","","","SAP S/4HANA Training System","","SM37; SM21; ST22; SU53; SE16N; STMS","S/4HANA (ECC differences noted)","Not version specific","None","None","Level 3 - Implementation & Integration","Consultant","","",""
"THY-056","THY-056","Theory","Normal","[THY-056] Support processes: incident, problem, change, priority and SLA","**Objective:** Support processes: incident, problem, change, priority and SLA

**Prerequisites:** ASM-027

**Concepts:** Incident management; Problem management; Change management; Root cause analysis; SLA; Priority; Severity; Functional analysis; Ticket lifecycle

**Environment:** SAP S/4HANA Training System

### Steps
- [ ] Study the ticket lifecycle
- [ ] Study incident versus problem versus change
- [ ] Study priority, severity and service levels
- [ ] Study how to analyse functionally before escalating

### Acceptance criteria
- Classifies ten tickets by type and priority

**Evidence required:** Notes

**Accounting impact:** For every posting, write the debit and credit lines and the effect on the financial statements.

**Assessment:** Instructor checks the notes and asks short oral questions. Type: Short answer.

### Completion criteria
- Every step is done and every acceptance criterion is demonstrated
- Required evidence is attached to the issue
- The accounting impact is written down where a posting was made
- Actual time is logged against the issue
- Instructor Review is Approved and the status is Completed

**Estimated time:** 3 h

**Next task:** LAB-049","Support","V28.0 Production Support","MOD-43","ASM-027","3","L3 - Intermediate","Theory","SAP S/4HANA Training System","Notes","","S/4HANA (ECC differences noted)","Not version specific","None","None","Level 3 - Implementation & Integration","Consultant","Short answer","0","Pending"
"LAB-049","LAB-049","Lab","Normal","[LAB-049] Production Support","**Objective:** Production Support

**Prerequisites:** THY-056

**Concepts:** Incident management; Problem management; Change management; Root cause analysis; SLA; Priority; Severity; Functional analysis; Ticket lifecycle

**Transaction codes:** SM37; SM21; ST22; SU53 (find the Fiori app for each in the apps reference library)

**Environment:** SAP S/4HANA Training System

### Steps
- [ ] Use job overview, system log and dump analysis at a functional level
- [ ] Read a failed job log
- [ ] Analyse an authorization failure
- [ ] Decide what to resolve and what to hand over

### Acceptance criteria
- Each tool is used on a prepared case with a written conclusion

**Evidence required:** Document numbers + screenshots

**Accounting impact:** For every posting, write the debit and credit lines and the effect on the financial statements.

**Troubleshooting:** Read the full message with its number. Record each error and its cause in the issue notes. If stuck for more than 30 minutes, set the status to Blocked and describe the blocker.

**Assessment:** Instructor verifies the acceptance criteria from the evidence and may ask for a live demonstration. Type: Transaction execution.

### Completion criteria
- Every step is done and every acceptance criterion is demonstrated
- Required evidence is attached to the issue
- The accounting impact is written down where a posting was made
- Actual time is logged against the issue
- Instructor Review is Approved and the status is Completed

**Estimated time:** 4 h

**Next task:** SUP-001","Support","V28.0 Production Support","MOD-43","THY-056","4","L3 - Intermediate","Guided Lab","SAP S/4HANA Training System","Document numbers + screenshots","SM37; SM21; ST22; SU53","S/4HANA (ECC differences noted)","Not version specific","None","None","Level 3 - Implementation & Integration","Consultant","Transaction execution","0","Pending"
"SUP-001","SUP-001","Support","Normal","[SUP-001] Support ticket exercises: ten tickets","**Objective:** Support ticket exercises: ten tickets

**Prerequisites:** LAB-049

**Concepts:** Incident management; Problem management; Change management; Root cause analysis; SLA; Priority; Severity; Functional analysis; Ticket lifecycle

**Environment:** SAP S/4HANA Training System

### Steps
- [ ] Work ten instructor tickets from receipt to closure
- [ ] For each record analysis, solution, communication to the user and closure notes
- [ ] Meet the service level

### Acceptance criteria
- Ten tickets are closed with complete notes within the service level

**Evidence required:** Ticket notes

**Accounting impact:** For every posting, write the debit and credit lines and the effect on the financial statements.

**Troubleshooting:** Read the full message with its number. Record each error and its cause in the issue notes. If stuck for more than 30 minutes, set the status to Blocked and describe the blocker.

**Assessment:** Instructor checks analysis, solution, communication and closure notes. Type: Troubleshooting.

### Completion criteria
- Every step is done and every acceptance criterion is demonstrated
- Required evidence is attached to the issue
- The accounting impact is written down where a posting was made
- Actual time is logged against the issue
- Instructor Review is Approved and the status is Completed

**Estimated time:** 6 h

**Next task:** DOC-007","Support","V28.0 Production Support","MOD-43","LAB-049","6","L3 - Intermediate","Support","SAP S/4HANA Training System","Ticket notes","","S/4HANA (ECC differences noted)","Not version specific","None","None","Level 3 - Implementation & Integration","Consultant","Troubleshooting","0","Pending"
"DOC-007","DOC-007","Documentation","Normal","[DOC-007] Root cause analysis report and support runbook","**Objective:** Root cause analysis report and support runbook

**Prerequisites:** SUP-001

**Concepts:** Incident management; Problem management; Change management; Root cause analysis; SLA; Priority; Severity; Functional analysis; Ticket lifecycle

**Environment:** SAP S/4HANA Training System

### Steps
- [ ] Write a root cause analysis for a repeated incident with timeline, cause, corrective and preventive action
- [ ] Write a runbook for month-end support

### Acceptance criteria
- Both documents follow the wiki templates

**Evidence required:** Written deliverable

**Accounting impact:** For every posting, write the debit and credit lines and the effect on the financial statements.

**Troubleshooting:** Read the full message with its number. Record each error and its cause in the issue notes. If stuck for more than 30 minutes, set the status to Blocked and describe the blocker.

**Assessment:** Instructor reviews the document for completeness and accuracy. Type: Review.

### Completion criteria
- Every step is done and every acceptance criterion is demonstrated
- Required evidence is attached to the issue
- The accounting impact is written down where a posting was made
- Actual time is logged against the issue
- Instructor Review is Approved and the status is Completed

**Estimated time:** 4 h

**Next task:** Last task of this module","Support","V28.0 Production Support","MOD-43","SUP-001","4","L3 - Intermediate","Documentation","SAP S/4HANA Training System","Written deliverable","","S/4HANA (ECC differences noted)","Not version specific","None","None","Level 3 - Implementation & Integration","Consultant","Review","0","Pending"
"MOD-44","MOD-44","Module","Normal","[MOD-44] Troubleshooting","**Topics:** Posting period closed; Account cannot be posted; Missing tax code; Incorrect reconciliation account; Vendor invoice error; Customer payment issue; Automatic payment failure; Asset depreciation error; GR/IR issue; Cost center error; Profit center error; Document splitting error; Currency issue; Exchange rate issue; Account determination error; Configuration transport issue

**Transaction codes:** FB03; OB52; OBYC; FBZP; AFAB; GSP_KD; OB08; SE10; STMS

**Environment:** SAP S/4HANA Training System

**Tasks:** 13, 23 estimated hours.

- THY-057 Troubleshooting method and the eight-section report
- TSH-043 Scenario 43: configuration transport issue, setting missing in the target system
- TSH-044 Scenario 44: document posts in the wrong period or year
- TSH-045 Scenario 45: cash discount posts to an unexpected account
- TSH-046 Scenario 46: clearing creates an exchange rate difference
- TSH-047 Scenario 47: recurring entry program does not post
- TSH-048 Scenario 48: user cannot post above an amount
- TSH-049 Scenario 49: balance sheet does not balance by profit centre
- TSH-050 Scenario 50: depreciation posted but cost centre report is empty
- TSH-051 Scenario 51: payment run posts but no payment file is created
- TSH-052 Scenario 52: financial statement shows unassigned accounts
- TSH-053 Scenario 53: month-end multi-fault case
- ASM-028 Troubleshooting assessment","Support","V28.0 Production Support","PHASE-28","","","","","SAP S/4HANA Training System","","FB03; OB52; OBYC; FBZP; AFAB; GSP_KD; OB08; SE10; STMS","S/4HANA (ECC differences noted)","Not version specific","None","None","Level 3 - Implementation & Integration","Consultant","","",""
"THY-057","THY-057","Theory","Normal","[THY-057] Troubleshooting method and the eight-section report","**Objective:** Troubleshooting method and the eight-section report

**Prerequisites:** DOC-007

**Concepts:** Posting period closed; Account cannot be posted; Missing tax code; Incorrect reconciliation account; Vendor invoice error; Customer payment issue; Automatic payment failure; Asset depreciation error; GR/IR issue; Cost center error; Profit center error; Document splitting error; Currency issue; Exchange rate issue; Account determination error; Configuration transport issue

**Environment:** SAP S/4HANA Training System

### Steps
- [ ] Study the method: read the full message with its number, reproduce, find the configuration or master data behind it, fix, validate, prevent
- [ ] Study the report: problem, business impact, evidence, root cause, configuration, fix, validation, prevention

### Acceptance criteria
- Applies the method to a written case

**Evidence required:** Notes

**Accounting impact:** For every posting, write the debit and credit lines and the effect on the financial statements.

**Assessment:** Instructor checks the notes and asks short oral questions. Type: Short answer.

### Completion criteria
- Every step is done and every acceptance criterion is demonstrated
- Required evidence is attached to the issue
- The accounting impact is written down where a posting was made
- Actual time is logged against the issue
- Instructor Review is Approved and the status is Completed

**Estimated time:** 2 h

**Next task:** TSH-043","Support","V28.0 Production Support","MOD-44","DOC-007","2","L4 - Advanced","Theory","SAP S/4HANA Training System","Notes","","S/4HANA (ECC differences noted)","Not version specific","None","None","Level 3 - Implementation & Integration","Consultant","Short answer","0","Pending"
"TSH-043","TSH-043","Troubleshooting","Normal","[TSH-043] Scenario 43: configuration transport issue, setting missing in the target system","**Objective:** Scenario 43: configuration transport issue, setting missing in the target system

**Prerequisites:** THY-057

**Concepts:** Posting period closed; Account cannot be posted; Missing tax code; Incorrect reconciliation account; Vendor invoice error; Customer payment issue; Automatic payment failure; Asset depreciation error; GR/IR issue; Cost center error; Profit center error; Document splitting error; Currency issue; Exchange rate issue; Account determination error; Configuration transport issue

**Transaction codes:** FB03; OB52; OBYC; FBZP; AFAB; GSP_KD; OB08; SE10; STMS (find the Fiori app for each in the apps reference library)

**Environment:** SAP S/4HANA Training System

### Steps
- [ ] Reproduce the error in the training client (instructor-prepared)
- [ ] Record the exact message number and text, and the business impact
- [ ] Compare the setting across systems
- [ ] Find the request and its import status
- [ ] Identify dependent requests
- [ ] Apply the fix
- [ ] Re-run the original transaction to validate
- [ ] Write the eight-section report: problem, business impact, evidence, root cause, configuration, fix, validation, prevention

### Acceptance criteria
- The original transaction now works
- Root cause is shown in configuration or master data
- Report has all eight sections

**Evidence required:** Root cause report

**Accounting impact:** For every posting, write the debit and credit lines and the effect on the financial statements.

**Assessment:** Instructor grades the eight-section report. Type: Troubleshooting.

### Completion criteria
- Every step is done and every acceptance criterion is demonstrated
- Required evidence is attached to the issue
- The accounting impact is written down where a posting was made
- Actual time is logged against the issue
- Instructor Review is Approved and the status is Completed

**Estimated time:** 2 h

**Next task:** TSH-044","Support","V28.0 Production Support","MOD-44","THY-057","2","L4 - Advanced","Troubleshooting","SAP S/4HANA Training System","Root cause report","FB03; OB52; OBYC; FBZP; AFAB; GSP_KD; OB08; SE10; STMS","S/4HANA (ECC differences noted)","Not version specific","None","None","Level 3 - Implementation & Integration","Consultant","Troubleshooting","0","Pending"
"TSH-044","TSH-044","Troubleshooting","Normal","[TSH-044] Scenario 44: document posts in the wrong period or year","**Objective:** Scenario 44: document posts in the wrong period or year

**Prerequisites:** TSH-043

**Concepts:** Posting period closed; Account cannot be posted; Missing tax code; Incorrect reconciliation account; Vendor invoice error; Customer payment issue; Automatic payment failure; Asset depreciation error; GR/IR issue; Cost center error; Profit center error; Document splitting error; Currency issue; Exchange rate issue; Account determination error; Configuration transport issue

**Transaction codes:** FB03; OB52; OBYC; FBZP; AFAB; GSP_KD; OB08; SE10; STMS (find the Fiori app for each in the apps reference library)

**Environment:** SAP S/4HANA Training System

### Steps
- [ ] Reproduce the error in the training client (instructor-prepared)
- [ ] Record the exact message number and text, and the business impact
- [ ] Check fiscal year variant and posting date
- [ ] Explain year-dependent variants
- [ ] Apply the fix
- [ ] Re-run the original transaction to validate
- [ ] Write the eight-section report: problem, business impact, evidence, root cause, configuration, fix, validation, prevention

### Acceptance criteria
- The original transaction now works
- Root cause is shown in configuration or master data
- Report has all eight sections

**Evidence required:** Root cause report

**Accounting impact:** For every posting, write the debit and credit lines and the effect on the financial statements.

**Assessment:** Instructor grades the eight-section report. Type: Troubleshooting.

### Completion criteria
- Every step is done and every acceptance criterion is demonstrated
- Required evidence is attached to the issue
- The accounting impact is written down where a posting was made
- Actual time is logged against the issue
- Instructor Review is Approved and the status is Completed

**Estimated time:** 1 h

**Next task:** TSH-045","Support","V28.0 Production Support","MOD-44","TSH-043","1","L4 - Advanced","Troubleshooting","SAP S/4HANA Training System","Root cause report","FB03; OB52; OBYC; FBZP; AFAB; GSP_KD; OB08; SE10; STMS","S/4HANA (ECC differences noted)","Not version specific","None","None","Level 3 - Implementation & Integration","Consultant","Troubleshooting","0","Pending"
"TSH-045","TSH-045","Troubleshooting","Normal","[TSH-045] Scenario 45: cash discount posts to an unexpected account","**Objective:** Scenario 45: cash discount posts to an unexpected account

**Prerequisites:** TSH-044

**Concepts:** Posting period closed; Account cannot be posted; Missing tax code; Incorrect reconciliation account; Vendor invoice error; Customer payment issue; Automatic payment failure; Asset depreciation error; GR/IR issue; Cost center error; Profit center error; Document splitting error; Currency issue; Exchange rate issue; Account determination error; Configuration transport issue

**Transaction codes:** FB03; OB52; OBYC; FBZP; AFAB; GSP_KD; OB08; SE10; STMS (find the Fiori app for each in the apps reference library)

**Environment:** SAP S/4HANA Training System

### Steps
- [ ] Reproduce the error in the training client (instructor-prepared)
- [ ] Record the exact message number and text, and the business impact
- [ ] Check automatic postings for discount received and given
- [ ] Apply the fix
- [ ] Re-run the original transaction to validate
- [ ] Write the eight-section report: problem, business impact, evidence, root cause, configuration, fix, validation, prevention

### Acceptance criteria
- The original transaction now works
- Root cause is shown in configuration or master data
- Report has all eight sections

**Evidence required:** Root cause report

**Accounting impact:** For every posting, write the debit and credit lines and the effect on the financial statements.

**Assessment:** Instructor grades the eight-section report. Type: Troubleshooting.

### Completion criteria
- Every step is done and every acceptance criterion is demonstrated
- Required evidence is attached to the issue
- The accounting impact is written down where a posting was made
- Actual time is logged against the issue
- Instructor Review is Approved and the status is Completed

**Estimated time:** 1 h

**Next task:** TSH-046","Support","V28.0 Production Support","MOD-44","TSH-044","1","L4 - Advanced","Troubleshooting","SAP S/4HANA Training System","Root cause report","FB03; OB52; OBYC; FBZP; AFAB; GSP_KD; OB08; SE10; STMS","S/4HANA (ECC differences noted)","Not version specific","None","None","Level 3 - Implementation & Integration","Consultant","Troubleshooting","0","Pending"
"TSH-046","TSH-046","Troubleshooting","Normal","[TSH-046] Scenario 46: clearing creates an exchange rate difference","**Objective:** Scenario 46: clearing creates an exchange rate difference

**Prerequisites:** TSH-045

**Concepts:** Posting period closed; Account cannot be posted; Missing tax code; Incorrect reconciliation account; Vendor invoice error; Customer payment issue; Automatic payment failure; Asset depreciation error; GR/IR issue; Cost center error; Profit center error; Document splitting error; Currency issue; Exchange rate issue; Account determination error; Configuration transport issue

**Transaction codes:** FB03; OB52; OBYC; FBZP; AFAB; GSP_KD; OB08; SE10; STMS (find the Fiori app for each in the apps reference library)

**Environment:** SAP S/4HANA Training System

### Steps
- [ ] Reproduce the error in the training client (instructor-prepared)
- [ ] Record the exact message number and text, and the business impact
- [ ] Compare rates at invoice and payment
- [ ] Check realized difference accounts
- [ ] Apply the fix
- [ ] Re-run the original transaction to validate
- [ ] Write the eight-section report: problem, business impact, evidence, root cause, configuration, fix, validation, prevention

### Acceptance criteria
- The original transaction now works
- Root cause is shown in configuration or master data
- Report has all eight sections

**Evidence required:** Root cause report

**Accounting impact:** For every posting, write the debit and credit lines and the effect on the financial statements.

**Assessment:** Instructor grades the eight-section report. Type: Troubleshooting.

### Completion criteria
- Every step is done and every acceptance criterion is demonstrated
- Required evidence is attached to the issue
- The accounting impact is written down where a posting was made
- Actual time is logged against the issue
- Instructor Review is Approved and the status is Completed

**Estimated time:** 2 h

**Next task:** TSH-047","Support","V28.0 Production Support","MOD-44","TSH-045","2","L4 - Advanced","Troubleshooting","SAP S/4HANA Training System","Root cause report","FB03; OB52; OBYC; FBZP; AFAB; GSP_KD; OB08; SE10; STMS","S/4HANA (ECC differences noted)","Not version specific","None","None","Level 3 - Implementation & Integration","Consultant","Troubleshooting","0","Pending"
"TSH-047","TSH-047","Troubleshooting","Normal","[TSH-047] Scenario 47: recurring entry program does not post","**Objective:** Scenario 47: recurring entry program does not post

**Prerequisites:** TSH-046

**Concepts:** Posting period closed; Account cannot be posted; Missing tax code; Incorrect reconciliation account; Vendor invoice error; Customer payment issue; Automatic payment failure; Asset depreciation error; GR/IR issue; Cost center error; Profit center error; Document splitting error; Currency issue; Exchange rate issue; Account determination error; Configuration transport issue

**Transaction codes:** FB03; OB52; OBYC; FBZP; AFAB; GSP_KD; OB08; SE10; STMS (find the Fiori app for each in the apps reference library)

**Environment:** SAP S/4HANA Training System

### Steps
- [ ] Reproduce the error in the training client (instructor-prepared)
- [ ] Record the exact message number and text, and the business impact
- [ ] Check next run date, run schedule and the batch input session
- [ ] Apply the fix
- [ ] Re-run the original transaction to validate
- [ ] Write the eight-section report: problem, business impact, evidence, root cause, configuration, fix, validation, prevention

### Acceptance criteria
- The original transaction now works
- Root cause is shown in configuration or master data
- Report has all eight sections

**Evidence required:** Root cause report

**Accounting impact:** For every posting, write the debit and credit lines and the effect on the financial statements.

**Assessment:** Instructor grades the eight-section report. Type: Troubleshooting.

### Completion criteria
- Every step is done and every acceptance criterion is demonstrated
- Required evidence is attached to the issue
- The accounting impact is written down where a posting was made
- Actual time is logged against the issue
- Instructor Review is Approved and the status is Completed

**Estimated time:** 1 h

**Next task:** TSH-048","Support","V28.0 Production Support","MOD-44","TSH-046","1","L4 - Advanced","Troubleshooting","SAP S/4HANA Training System","Root cause report","FB03; OB52; OBYC; FBZP; AFAB; GSP_KD; OB08; SE10; STMS","S/4HANA (ECC differences noted)","Not version specific","None","None","Level 3 - Implementation & Integration","Consultant","Troubleshooting","0","Pending"
"TSH-048","TSH-048","Troubleshooting","Normal","[TSH-048] Scenario 48: user cannot post above an amount","**Objective:** Scenario 48: user cannot post above an amount

**Prerequisites:** TSH-047

**Concepts:** Posting period closed; Account cannot be posted; Missing tax code; Incorrect reconciliation account; Vendor invoice error; Customer payment issue; Automatic payment failure; Asset depreciation error; GR/IR issue; Cost center error; Profit center error; Document splitting error; Currency issue; Exchange rate issue; Account determination error; Configuration transport issue

**Transaction codes:** FB03; OB52; OBYC; FBZP; AFAB; GSP_KD; OB08; SE10; STMS (find the Fiori app for each in the apps reference library)

**Environment:** SAP S/4HANA Training System

### Steps
- [ ] Reproduce the error in the training client (instructor-prepared)
- [ ] Record the exact message number and text, and the business impact
- [ ] Check employee tolerance group assignment and limits
- [ ] Apply the fix
- [ ] Re-run the original transaction to validate
- [ ] Write the eight-section report: problem, business impact, evidence, root cause, configuration, fix, validation, prevention

### Acceptance criteria
- The original transaction now works
- Root cause is shown in configuration or master data
- Report has all eight sections

**Evidence required:** Root cause report

**Accounting impact:** For every posting, write the debit and credit lines and the effect on the financial statements.

**Assessment:** Instructor grades the eight-section report. Type: Troubleshooting.

### Completion criteria
- Every step is done and every acceptance criterion is demonstrated
- Required evidence is attached to the issue
- The accounting impact is written down where a posting was made
- Actual time is logged against the issue
- Instructor Review is Approved and the status is Completed

**Estimated time:** 1 h

**Next task:** TSH-049","Support","V28.0 Production Support","MOD-44","TSH-047","1","L4 - Advanced","Troubleshooting","SAP S/4HANA Training System","Root cause report","FB03; OB52; OBYC; FBZP; AFAB; GSP_KD; OB08; SE10; STMS","S/4HANA (ECC differences noted)","Not version specific","None","None","Level 3 - Implementation & Integration","Consultant","Troubleshooting","0","Pending"
"TSH-049","TSH-049","Troubleshooting","Normal","[TSH-049] Scenario 49: balance sheet does not balance by profit centre","**Objective:** Scenario 49: balance sheet does not balance by profit centre

**Prerequisites:** TSH-048

**Concepts:** Posting period closed; Account cannot be posted; Missing tax code; Incorrect reconciliation account; Vendor invoice error; Customer payment issue; Automatic payment failure; Asset depreciation error; GR/IR issue; Cost center error; Profit center error; Document splitting error; Currency issue; Exchange rate issue; Account determination error; Configuration transport issue

**Transaction codes:** FB03; OB52; OBYC; FBZP; AFAB; GSP_KD; OB08; SE10; STMS (find the Fiori app for each in the apps reference library)

**Environment:** SAP S/4HANA Training System

### Steps
- [ ] Reproduce the error in the training client (instructor-prepared)
- [ ] Record the exact message number and text, and the business impact
- [ ] Find documents without profit centre
- [ ] Check splitting and default assignments
- [ ] Apply the fix
- [ ] Re-run the original transaction to validate
- [ ] Write the eight-section report: problem, business impact, evidence, root cause, configuration, fix, validation, prevention

### Acceptance criteria
- The original transaction now works
- Root cause is shown in configuration or master data
- Report has all eight sections

**Evidence required:** Root cause report

**Accounting impact:** For every posting, write the debit and credit lines and the effect on the financial statements.

**Assessment:** Instructor grades the eight-section report. Type: Troubleshooting.

### Completion criteria
- Every step is done and every acceptance criterion is demonstrated
- Required evidence is attached to the issue
- The accounting impact is written down where a posting was made
- Actual time is logged against the issue
- Instructor Review is Approved and the status is Completed

**Estimated time:** 2 h

**Next task:** TSH-050","Support","V28.0 Production Support","MOD-44","TSH-048","2","L4 - Advanced","Troubleshooting","SAP S/4HANA Training System","Root cause report","FB03; OB52; OBYC; FBZP; AFAB; GSP_KD; OB08; SE10; STMS","S/4HANA (ECC differences noted)","Not version specific","None","None","Level 3 - Implementation & Integration","Consultant","Troubleshooting","0","Pending"
"TSH-050","TSH-050","Troubleshooting","Normal","[TSH-050] Scenario 50: depreciation posted but cost centre report is empty","**Objective:** Scenario 50: depreciation posted but cost centre report is empty

**Prerequisites:** TSH-049

**Concepts:** Posting period closed; Account cannot be posted; Missing tax code; Incorrect reconciliation account; Vendor invoice error; Customer payment issue; Automatic payment failure; Asset depreciation error; GR/IR issue; Cost center error; Profit center error; Document splitting error; Currency issue; Exchange rate issue; Account determination error; Configuration transport issue

**Transaction codes:** FB03; OB52; OBYC; FBZP; AFAB; GSP_KD; OB08; SE10; STMS (find the Fiori app for each in the apps reference library)

**Environment:** SAP S/4HANA Training System

### Steps
- [ ] Reproduce the error in the training client (instructor-prepared)
- [ ] Record the exact message number and text, and the business impact
- [ ] Check cost centre on the asset time-dependent data and the depreciation account type
- [ ] Apply the fix
- [ ] Re-run the original transaction to validate
- [ ] Write the eight-section report: problem, business impact, evidence, root cause, configuration, fix, validation, prevention

### Acceptance criteria
- The original transaction now works
- Root cause is shown in configuration or master data
- Report has all eight sections

**Evidence required:** Root cause report

**Accounting impact:** For every posting, write the debit and credit lines and the effect on the financial statements.

**Assessment:** Instructor grades the eight-section report. Type: Troubleshooting.

### Completion criteria
- Every step is done and every acceptance criterion is demonstrated
- Required evidence is attached to the issue
- The accounting impact is written down where a posting was made
- Actual time is logged against the issue
- Instructor Review is Approved and the status is Completed

**Estimated time:** 1 h

**Next task:** TSH-051","Support","V28.0 Production Support","MOD-44","TSH-049","1","L4 - Advanced","Troubleshooting","SAP S/4HANA Training System","Root cause report","FB03; OB52; OBYC; FBZP; AFAB; GSP_KD; OB08; SE10; STMS","S/4HANA (ECC differences noted)","Not version specific","None","None","Level 3 - Implementation & Integration","Consultant","Troubleshooting","0","Pending"
"TSH-051","TSH-051","Troubleshooting","Normal","[TSH-051] Scenario 51: payment run posts but no payment file is created","**Objective:** Scenario 51: payment run posts but no payment file is created

**Prerequisites:** TSH-050

**Concepts:** Posting period closed; Account cannot be posted; Missing tax code; Incorrect reconciliation account; Vendor invoice error; Customer payment issue; Automatic payment failure; Asset depreciation error; GR/IR issue; Cost center error; Profit center error; Document splitting error; Currency issue; Exchange rate issue; Account determination error; Configuration transport issue

**Transaction codes:** FB03; OB52; OBYC; FBZP; AFAB; GSP_KD; OB08; SE10; STMS (find the Fiori app for each in the apps reference library)

**Environment:** SAP S/4HANA Training System

### Steps
- [ ] Reproduce the error in the training client (instructor-prepared)
- [ ] Record the exact message number and text, and the business impact
- [ ] Check payment medium format, variant and the output log
- [ ] Apply the fix
- [ ] Re-run the original transaction to validate
- [ ] Write the eight-section report: problem, business impact, evidence, root cause, configuration, fix, validation, prevention

### Acceptance criteria
- The original transaction now works
- Root cause is shown in configuration or master data
- Report has all eight sections

**Evidence required:** Root cause report

**Accounting impact:** For every posting, write the debit and credit lines and the effect on the financial statements.

**Assessment:** Instructor grades the eight-section report. Type: Troubleshooting.

### Completion criteria
- Every step is done and every acceptance criterion is demonstrated
- Required evidence is attached to the issue
- The accounting impact is written down where a posting was made
- Actual time is logged against the issue
- Instructor Review is Approved and the status is Completed

**Estimated time:** 2 h

**Next task:** TSH-052","Support","V28.0 Production Support","MOD-44","TSH-050","2","L4 - Advanced","Troubleshooting","SAP S/4HANA Training System","Root cause report","FB03; OB52; OBYC; FBZP; AFAB; GSP_KD; OB08; SE10; STMS","S/4HANA (ECC differences noted)","Not version specific","None","None","Level 3 - Implementation & Integration","Consultant","Troubleshooting","0","Pending"
"TSH-052","TSH-052","Troubleshooting","Normal","[TSH-052] Scenario 52: financial statement shows unassigned accounts","**Objective:** Scenario 52: financial statement shows unassigned accounts

**Prerequisites:** TSH-051

**Concepts:** Posting period closed; Account cannot be posted; Missing tax code; Incorrect reconciliation account; Vendor invoice error; Customer payment issue; Automatic payment failure; Asset depreciation error; GR/IR issue; Cost center error; Profit center error; Document splitting error; Currency issue; Exchange rate issue; Account determination error; Configuration transport issue

**Transaction codes:** FB03; OB52; OBYC; FBZP; AFAB; GSP_KD; OB08; SE10; STMS (find the Fiori app for each in the apps reference library)

**Environment:** SAP S/4HANA Training System

### Steps
- [ ] Reproduce the error in the training client (instructor-prepared)
- [ ] Record the exact message number and text, and the business impact
- [ ] List unassigned accounts and assign them in the statement version
- [ ] Apply the fix
- [ ] Re-run the original transaction to validate
- [ ] Write the eight-section report: problem, business impact, evidence, root cause, configuration, fix, validation, prevention

### Acceptance criteria
- The original transaction now works
- Root cause is shown in configuration or master data
- Report has all eight sections

**Evidence required:** Root cause report

**Accounting impact:** For every posting, write the debit and credit lines and the effect on the financial statements.

**Assessment:** Instructor grades the eight-section report. Type: Troubleshooting.

### Completion criteria
- Every step is done and every acceptance criterion is demonstrated
- Required evidence is attached to the issue
- The accounting impact is written down where a posting was made
- Actual time is logged against the issue
- Instructor Review is Approved and the status is Completed

**Estimated time:** 1 h

**Next task:** TSH-053","Support","V28.0 Production Support","MOD-44","TSH-051","1","L4 - Advanced","Troubleshooting","SAP S/4HANA Training System","Root cause report","FB03; OB52; OBYC; FBZP; AFAB; GSP_KD; OB08; SE10; STMS","S/4HANA (ECC differences noted)","Not version specific","None","None","Level 3 - Implementation & Integration","Consultant","Troubleshooting","0","Pending"
"TSH-053","TSH-053","Troubleshooting","Normal","[TSH-053] Scenario 53: month-end multi-fault case","**Objective:** Scenario 53: month-end multi-fault case

**Prerequisites:** TSH-052

**Concepts:** Posting period closed; Account cannot be posted; Missing tax code; Incorrect reconciliation account; Vendor invoice error; Customer payment issue; Automatic payment failure; Asset depreciation error; GR/IR issue; Cost center error; Profit center error; Document splitting error; Currency issue; Exchange rate issue; Account determination error; Configuration transport issue

**Transaction codes:** FB03; OB52; OBYC; FBZP; AFAB; GSP_KD; OB08; SE10; STMS (find the Fiori app for each in the apps reference library)

**Environment:** SAP S/4HANA Training System

### Steps
- [ ] Reproduce the error in the training client (instructor-prepared)
- [ ] Record the exact message number and text, and the business impact
- [ ] Take the instructor company with four faults across payables, assets, tax and controlling
- [ ] Resolve each in order of business impact
- [ ] Write one report per fault
- [ ] Apply the fix
- [ ] Re-run the original transaction to validate
- [ ] Write the eight-section report: problem, business impact, evidence, root cause, configuration, fix, validation, prevention

### Acceptance criteria
- The original transaction now works
- Root cause is shown in configuration or master data
- Report has all eight sections

**Evidence required:** Root cause report

**Accounting impact:** For every posting, write the debit and credit lines and the effect on the financial statements.

**Assessment:** Instructor grades the eight-section report. Type: Troubleshooting.

### Completion criteria
- Every step is done and every acceptance criterion is demonstrated
- Required evidence is attached to the issue
- The accounting impact is written down where a posting was made
- Actual time is logged against the issue
- Instructor Review is Approved and the status is Completed

**Estimated time:** 4 h

**Next task:** ASM-028","Support","V28.0 Production Support","MOD-44","TSH-052","4","L4 - Advanced","Troubleshooting","SAP S/4HANA Training System","Root cause report","FB03; OB52; OBYC; FBZP; AFAB; GSP_KD; OB08; SE10; STMS","S/4HANA (ECC differences noted)","Not version specific","None","None","Level 3 - Implementation & Integration","Consultant","Troubleshooting","0","Pending"
"ASM-028","ASM-028","Assessment","High","[ASM-028] Troubleshooting assessment","**Objective:** Troubleshooting assessment

**Prerequisites:** TSH-053

**Concepts:** Posting period closed; Account cannot be posted; Missing tax code; Incorrect reconciliation account; Vendor invoice error; Customer payment issue; Automatic payment failure; Asset depreciation error; GR/IR issue; Cost center error; Profit center error; Document splitting error; Currency issue; Exchange rate issue; Account determination error; Configuration transport issue

**Environment:** SAP S/4HANA Training System

### Steps
- [ ] Diagnose five unseen issues and deliver an eight-section report for each

### Acceptance criteria
- Score of 70 or higher

**Evidence required:** Scored result

**Accounting impact:** For every posting, write the debit and credit lines and the effect on the financial statements.

**Troubleshooting:** Read the full message with its number. Record each error and its cause in the issue notes. If stuck for more than 30 minutes, set the status to Blocked and describe the blocker.

**Assessment:** Scored 0-100. Pass mark 70. Type: Troubleshooting.

### Completion criteria
- Every step is done and every acceptance criterion is demonstrated
- Required evidence is attached to the issue
- The accounting impact is written down where a posting was made
- Actual time is logged against the issue
- Instructor Review is Approved and the status is Completed

**Estimated time:** 3 h

**Next task:** Last task of this module","Support","V28.0 Production Support","MOD-44","TSH-053","3","L4 - Advanced","Assessment","SAP S/4HANA Training System","Scored result","","S/4HANA (ECC differences noted)","Not version specific","None","None","Level 3 - Implementation & Integration","Consultant","Troubleshooting","0","Pending"
"REVIEW-28","REVIEW-28","Review","High","[REVIEW-28] Phase 28 gate review","**Objective:** Confirm that phase 28 (Production Support) is complete.

### Checklist
- [ ] Every issue of the phase is Completed
- [ ] Evidence is attached to every issue
- [ ] Time is logged
- [ ] Assessment score is 70 or higher
- [ ] Configuration document is up to date

**Assessment:** Instructor confirms the checklist and records the gate decision.

**Estimated time:** 1 h","","V28.0 Production Support","PHASE-28","DOC-007, ASM-028","1","","Review","","Instructor sign-off","","","","","","","","Review","0","Pending"
"PHASE-29","PHASE-29","Phase","Normal","[PHASE-29] Advanced Consulting","Phase 29 of 30. Version: V29.0 Advanced Consulting.

Modules: 5. Estimated hours: 81.

- MOD-45 End-to-End Business Scenarios
- MOD-46 Transaction Code Curriculum
- MOD-47 Master Data Reference
- MOD-48 Solution Design and Finance Architecture
- MOD-49 Interview Preparation

The phase closes with the gate review REVIEW-29.","","V29.0 Advanced Consulting","EPIC","","","","","","","","","","","","","","","",""
"MOD-45","MOD-45","Module","Normal","[MOD-45] End-to-End Business Scenarios","**Topics:** Procure to Pay; Order to Cash; Record to Report; Asset Lifecycle; Financial Closing; Cost Center Accounting; Profit Center Accounting; Product Costing; Profitability Analysis; FI and CO impact at every step

**Transaction codes:** ME21N; MIGO; MIRO; F110; VA01; VL01N; VF01; F-28; AFAB; F.01

**Environment:** SAP S/4HANA Training System

**Tasks:** 9, 36 estimated hours.

- SCN-001 Scenario 1: Procure to Pay
- SCN-002 Scenario 2: Order to Cash
- SCN-003 Scenario 3: Record to Report
- SCN-004 Scenario 4: Asset Lifecycle
- SCN-005 Scenario 5: Financial Closing
- SCN-006 Scenario 6: Cost Center Accounting
- SCN-007 Scenario 7: Profit Center Accounting
- SCN-008 Scenario 8: Product Costing
- SCN-009 Scenario 9: Profitability Analysis","Business Scenarios","V29.0 Advanced Consulting","PHASE-29","","","","","SAP S/4HANA Training System","","ME21N; MIGO; MIRO; F110; VA01; VL01N; VF01; F-28; AFAB; F.01","S/4HANA (ECC differences noted)","Same concept as ECC","Record to Report","MM","Level 3 - Implementation & Integration","Consultant","","",""
"SCN-001","SCN-001","Scenario","Normal","[SCN-001] Scenario 1: Procure to Pay","**Objective:** Scenario 1: Procure to Pay

**Prerequisites:** ASM-028

**Concepts:** Procure to Pay; Order to Cash; Record to Report; Asset Lifecycle; Financial Closing; Cost Center Accounting; Profit Center Accounting; Product Costing; Profitability Analysis; FI and CO impact at every step

**Business process:** Record to Report

**Environment:** SAP S/4HANA Training System

### Steps
- [ ] Run vendor, requisition, purchase order, goods receipt, invoice receipt, payment, vendor clearing and reporting
- [ ] State the FI and CO impact of each step with document numbers

### Acceptance criteria
- Every step has its accounting document and impact explained
- Reports reflect the cycle

**Evidence required:** Process document + document numbers

**Accounting impact:** For every posting, write the debit and credit lines and the effect on the financial statements.

**Troubleshooting:** Read the full message with its number. Record each error and its cause in the issue notes. If stuck for more than 30 minutes, set the status to Blocked and describe the blocker.

**Assessment:** Scenario assessment: understand requirement, identify process, identify configuration, execute, validate accounting impact, document. Type: Scenario.

### Completion criteria
- Every step is done and every acceptance criterion is demonstrated
- Required evidence is attached to the issue
- The accounting impact is written down where a posting was made
- Actual time is logged against the issue
- Instructor Review is Approved and the status is Completed

**Estimated time:** 5 h

**Next task:** SCN-002","Business Scenarios","V29.0 Advanced Consulting","MOD-45","ASM-028","5","L4 - Advanced","End-to-End Scenario","SAP S/4HANA Training System","Process document + document numbers","","S/4HANA (ECC differences noted)","Same concept as ECC","Record to Report","MM","Level 3 - Implementation & Integration","Consultant","Scenario","1","Pending"
"SCN-002","SCN-002","Scenario","Normal","[SCN-002] Scenario 2: Order to Cash","**Objective:** Scenario 2: Order to Cash

**Prerequisites:** SCN-001

**Concepts:** Procure to Pay; Order to Cash; Record to Report; Asset Lifecycle; Financial Closing; Cost Center Accounting; Profit Center Accounting; Product Costing; Profitability Analysis; FI and CO impact at every step

**Business process:** Record to Report

**Environment:** SAP S/4HANA Training System

### Steps
- [ ] Run customer, sales order, delivery, goods issue, billing, accounting, incoming payment, clearing and reporting
- [ ] State the FI and CO impact of each step

### Acceptance criteria
- Every step has its accounting document and impact explained

**Evidence required:** Process document + document numbers

**Accounting impact:** For every posting, write the debit and credit lines and the effect on the financial statements.

**Troubleshooting:** Read the full message with its number. Record each error and its cause in the issue notes. If stuck for more than 30 minutes, set the status to Blocked and describe the blocker.

**Assessment:** Scenario assessment: understand requirement, identify process, identify configuration, execute, validate accounting impact, document. Type: Scenario.

### Completion criteria
- Every step is done and every acceptance criterion is demonstrated
- Required evidence is attached to the issue
- The accounting impact is written down where a posting was made
- Actual time is logged against the issue
- Instructor Review is Approved and the status is Completed

**Estimated time:** 5 h

**Next task:** SCN-003","Business Scenarios","V29.0 Advanced Consulting","MOD-45","SCN-001","5","L4 - Advanced","End-to-End Scenario","SAP S/4HANA Training System","Process document + document numbers","","S/4HANA (ECC differences noted)","Same concept as ECC","Record to Report","MM","Level 3 - Implementation & Integration","Consultant","Scenario","1","Pending"
"SCN-003","SCN-003","Scenario","Normal","[SCN-003] Scenario 3: Record to Report","**Objective:** Scenario 3: Record to Report

**Prerequisites:** SCN-002

**Concepts:** Procure to Pay; Order to Cash; Record to Report; Asset Lifecycle; Financial Closing; Cost Center Accounting; Profit Center Accounting; Product Costing; Profitability Analysis; FI and CO impact at every step

**Business process:** Record to Report

**Environment:** SAP S/4HANA Training System

### Steps
- [ ] Run transactions, journal entries, subledgers, general ledger, adjustments, closing, financial statements and reporting for one period

### Acceptance criteria
- Statements are produced and traced back to source transactions

**Evidence required:** Process document + document numbers

**Accounting impact:** For every posting, write the debit and credit lines and the effect on the financial statements.

**Troubleshooting:** Read the full message with its number. Record each error and its cause in the issue notes. If stuck for more than 30 minutes, set the status to Blocked and describe the blocker.

**Assessment:** Scenario assessment: understand requirement, identify process, identify configuration, execute, validate accounting impact, document. Type: Scenario.

### Completion criteria
- Every step is done and every acceptance criterion is demonstrated
- Required evidence is attached to the issue
- The accounting impact is written down where a posting was made
- Actual time is logged against the issue
- Instructor Review is Approved and the status is Completed

**Estimated time:** 5 h

**Next task:** SCN-004","Business Scenarios","V29.0 Advanced Consulting","MOD-45","SCN-002","5","L4 - Advanced","End-to-End Scenario","SAP S/4HANA Training System","Process document + document numbers","","S/4HANA (ECC differences noted)","Same concept as ECC","Record to Report","MM","Level 3 - Implementation & Integration","Consultant","Scenario","1","Pending"
"SCN-004","SCN-004","Scenario","Normal","[SCN-004] Scenario 4: Asset Lifecycle","**Objective:** Scenario 4: Asset Lifecycle

**Prerequisites:** SCN-003

**Concepts:** Procure to Pay; Order to Cash; Record to Report; Asset Lifecycle; Financial Closing; Cost Center Accounting; Profit Center Accounting; Product Costing; Profitability Analysis; FI and CO impact at every step

**Business process:** Record to Report

**Environment:** SAP S/4HANA Training System

### Steps
- [ ] Run asset request, purchase, capitalization, depreciation, transfer and retirement with reports

### Acceptance criteria
- Asset history sheet reflects every step

**Evidence required:** Process document + document numbers

**Accounting impact:** For every posting, write the debit and credit lines and the effect on the financial statements.

**Troubleshooting:** Read the full message with its number. Record each error and its cause in the issue notes. If stuck for more than 30 minutes, set the status to Blocked and describe the blocker.

**Assessment:** Scenario assessment: understand requirement, identify process, identify configuration, execute, validate accounting impact, document. Type: Scenario.

### Completion criteria
- Every step is done and every acceptance criterion is demonstrated
- Required evidence is attached to the issue
- The accounting impact is written down where a posting was made
- Actual time is logged against the issue
- Instructor Review is Approved and the status is Completed

**Estimated time:** 4 h

**Next task:** SCN-005","Business Scenarios","V29.0 Advanced Consulting","MOD-45","SCN-003","4","L4 - Advanced","End-to-End Scenario","SAP S/4HANA Training System","Process document + document numbers","","S/4HANA (ECC differences noted)","Same concept as ECC","Record to Report","MM","Level 3 - Implementation & Integration","Consultant","Scenario","1","Pending"
"SCN-005","SCN-005","Scenario","Normal","[SCN-005] Scenario 5: Financial Closing","**Objective:** Scenario 5: Financial Closing

**Prerequisites:** SCN-004

**Concepts:** Procure to Pay; Order to Cash; Record to Report; Asset Lifecycle; Financial Closing; Cost Center Accounting; Profit Center Accounting; Product Costing; Profitability Analysis; FI and CO impact at every step

**Business process:** Record to Report

**Environment:** SAP S/4HANA Training System

### Steps
- [ ] Run a compressed month-end and year-end with checklist and evidence

### Acceptance criteria
- Checklist is complete and statements are produced

**Evidence required:** Process document + document numbers

**Accounting impact:** For every posting, write the debit and credit lines and the effect on the financial statements.

**Troubleshooting:** Read the full message with its number. Record each error and its cause in the issue notes. If stuck for more than 30 minutes, set the status to Blocked and describe the blocker.

**Assessment:** Scenario assessment: understand requirement, identify process, identify configuration, execute, validate accounting impact, document. Type: Scenario.

### Completion criteria
- Every step is done and every acceptance criterion is demonstrated
- Required evidence is attached to the issue
- The accounting impact is written down where a posting was made
- Actual time is logged against the issue
- Instructor Review is Approved and the status is Completed

**Estimated time:** 4 h

**Next task:** SCN-006","Business Scenarios","V29.0 Advanced Consulting","MOD-45","SCN-004","4","L4 - Advanced","End-to-End Scenario","SAP S/4HANA Training System","Process document + document numbers","","S/4HANA (ECC differences noted)","Same concept as ECC","Record to Report","MM","Level 3 - Implementation & Integration","Consultant","Scenario","1","Pending"
"SCN-006","SCN-006","Scenario","Normal","[SCN-006] Scenario 6: Cost Center Accounting","**Objective:** Scenario 6: Cost Center Accounting

**Prerequisites:** SCN-005

**Concepts:** Procure to Pay; Order to Cash; Record to Report; Asset Lifecycle; Financial Closing; Cost Center Accounting; Profit Center Accounting; Product Costing; Profitability Analysis; FI and CO impact at every step

**Business process:** Record to Report

**Environment:** SAP S/4HANA Training System

### Steps
- [ ] Run plan, actual, allocation and variance reporting

### Acceptance criteria
- Variances are explained

**Evidence required:** Process document + document numbers

**Accounting impact:** For every posting, write the debit and credit lines and the effect on the financial statements.

**Troubleshooting:** Read the full message with its number. Record each error and its cause in the issue notes. If stuck for more than 30 minutes, set the status to Blocked and describe the blocker.

**Assessment:** Scenario assessment: understand requirement, identify process, identify configuration, execute, validate accounting impact, document. Type: Scenario.

### Completion criteria
- Every step is done and every acceptance criterion is demonstrated
- Required evidence is attached to the issue
- The accounting impact is written down where a posting was made
- Actual time is logged against the issue
- Instructor Review is Approved and the status is Completed

**Estimated time:** 3 h

**Next task:** SCN-007","Business Scenarios","V29.0 Advanced Consulting","MOD-45","SCN-005","3","L4 - Advanced","End-to-End Scenario","SAP S/4HANA Training System","Process document + document numbers","","S/4HANA (ECC differences noted)","Same concept as ECC","Record to Report","MM","Level 3 - Implementation & Integration","Consultant","Scenario","1","Pending"
"SCN-007","SCN-007","Scenario","Normal","[SCN-007] Scenario 7: Profit Center Accounting","**Objective:** Scenario 7: Profit Center Accounting

**Prerequisites:** SCN-006

**Concepts:** Procure to Pay; Order to Cash; Record to Report; Asset Lifecycle; Financial Closing; Cost Center Accounting; Profit Center Accounting; Product Costing; Profitability Analysis; FI and CO impact at every step

**Business process:** Record to Report

**Environment:** SAP S/4HANA Training System

### Steps
- [ ] Run postings across profit centres and produce profit and loss and balance sheet by profit centre

### Acceptance criteria
- Profit centre statements balance

**Evidence required:** Process document + document numbers

**Accounting impact:** For every posting, write the debit and credit lines and the effect on the financial statements.

**Troubleshooting:** Read the full message with its number. Record each error and its cause in the issue notes. If stuck for more than 30 minutes, set the status to Blocked and describe the blocker.

**Assessment:** Scenario assessment: understand requirement, identify process, identify configuration, execute, validate accounting impact, document. Type: Scenario.

### Completion criteria
- Every step is done and every acceptance criterion is demonstrated
- Required evidence is attached to the issue
- The accounting impact is written down where a posting was made
- Actual time is logged against the issue
- Instructor Review is Approved and the status is Completed

**Estimated time:** 3 h

**Next task:** SCN-008","Business Scenarios","V29.0 Advanced Consulting","MOD-45","SCN-006","3","L4 - Advanced","End-to-End Scenario","SAP S/4HANA Training System","Process document + document numbers","","S/4HANA (ECC differences noted)","Same concept as ECC","Record to Report","MM","Level 3 - Implementation & Integration","Consultant","Scenario","1","Pending"
"SCN-008","SCN-008","Scenario","Normal","[SCN-008] Scenario 8: Product Costing","**Objective:** Scenario 8: Product Costing

**Prerequisites:** SCN-007

**Concepts:** Procure to Pay; Order to Cash; Record to Report; Asset Lifecycle; Financial Closing; Cost Center Accounting; Profit Center Accounting; Product Costing; Profitability Analysis; FI and CO impact at every step

**Business process:** Record to Report

**Environment:** SAP S/4HANA Training System

### Steps
- [ ] Run cost estimate, production, variance and settlement

### Acceptance criteria
- Value flow is documented

**Evidence required:** Process document + document numbers

**Accounting impact:** For every posting, write the debit and credit lines and the effect on the financial statements.

**Troubleshooting:** Read the full message with its number. Record each error and its cause in the issue notes. If stuck for more than 30 minutes, set the status to Blocked and describe the blocker.

**Assessment:** Scenario assessment: understand requirement, identify process, identify configuration, execute, validate accounting impact, document. Type: Scenario.

### Completion criteria
- Every step is done and every acceptance criterion is demonstrated
- Required evidence is attached to the issue
- The accounting impact is written down where a posting was made
- Actual time is logged against the issue
- Instructor Review is Approved and the status is Completed

**Estimated time:** 4 h

**Next task:** SCN-009","Business Scenarios","V29.0 Advanced Consulting","MOD-45","SCN-007","4","L4 - Advanced","End-to-End Scenario","SAP S/4HANA Training System","Process document + document numbers","","S/4HANA (ECC differences noted)","Same concept as ECC","Record to Report","MM","Level 3 - Implementation & Integration","Consultant","Scenario","1","Pending"
"SCN-009","SCN-009","Scenario","Normal","[SCN-009] Scenario 9: Profitability Analysis","**Objective:** Scenario 9: Profitability Analysis

**Prerequisites:** SCN-008

**Concepts:** Procure to Pay; Order to Cash; Record to Report; Asset Lifecycle; Financial Closing; Cost Center Accounting; Profit Center Accounting; Product Costing; Profitability Analysis; FI and CO impact at every step

**Business process:** Record to Report

**Environment:** SAP S/4HANA Training System

### Steps
- [ ] Run sales, cost of goods sold, overhead allocation and margin reporting

### Acceptance criteria
- Margin report is explained by characteristic

**Evidence required:** Process document + document numbers

**Accounting impact:** For every posting, write the debit and credit lines and the effect on the financial statements.

**Troubleshooting:** Read the full message with its number. Record each error and its cause in the issue notes. If stuck for more than 30 minutes, set the status to Blocked and describe the blocker.

**Assessment:** Scenario assessment: understand requirement, identify process, identify configuration, execute, validate accounting impact, document. Type: Scenario.

### Completion criteria
- Every step is done and every acceptance criterion is demonstrated
- Required evidence is attached to the issue
- The accounting impact is written down where a posting was made
- Actual time is logged against the issue
- Instructor Review is Approved and the status is Completed

**Estimated time:** 3 h

**Next task:** Last task of this module","Business Scenarios","V29.0 Advanced Consulting","MOD-45","SCN-008","3","L4 - Advanced","End-to-End Scenario","SAP S/4HANA Training System","Process document + document numbers","","S/4HANA (ECC differences noted)","Same concept as ECC","Record to Report","MM","Level 3 - Implementation & Integration","Consultant","Scenario","1","Pending"
"MOD-46","MOD-46","Module","Normal","[MOD-46] Transaction Code Curriculum","**Topics:** General: SPRO, SE16N, SE38, SU01, PFCG, ST22, SM37, SM21, STMS; FI: General Ledger, AP, AR, Asset, Bank, Closing; CO: Cost Center, Internal Order, Profit Center, Product Costing, CO-PA; For each: purpose, when used, input, output, business scenario, common errors

**Transaction codes:** SPRO; SE16N; SE38; SU01; PFCG; ST22; SM37; SM21; STMS

**Environment:** SAP S/4HANA Training System

**Tasks:** 2, 9 estimated hours.

- DOC-008 Transaction reference: general and FI
- DOC-009 Transaction reference: CO and integration","Business Scenarios","V29.0 Advanced Consulting","PHASE-29","","","","","SAP S/4HANA Training System","","SPRO; SE16N; SE38; SU01; PFCG; ST22; SM37; SM21; STMS","S/4HANA (ECC differences noted)","Not version specific","None","None","Level 3 - Implementation & Integration","Consultant","","",""
"DOC-008","DOC-008","Documentation","Normal","[DOC-008] Transaction reference: general and FI","**Objective:** Transaction reference: general and FI

**Prerequisites:** SCN-009

**Concepts:** General: SPRO, SE16N, SE38, SU01, PFCG, ST22, SM37, SM21, STMS; FI: General Ledger, AP, AR, Asset, Bank, Closing; CO: Cost Center, Internal Order, Profit Center, Product Costing, CO-PA; For each: purpose, when used, input, output, business scenario, common errors

**Environment:** SAP S/4HANA Training System

### Steps
- [ ] For each important general and FI transaction used in the course write: purpose, when used, input, output, business scenario, common errors
- [ ] Group by function: general ledger, payables, receivables, assets, bank, closing

### Acceptance criteria
- Reference covers every transaction used in phases 2 to 11 in the six-part format

**Evidence required:** Written deliverable

**Accounting impact:** For every posting, write the debit and credit lines and the effect on the financial statements.

**Troubleshooting:** Read the full message with its number. Record each error and its cause in the issue notes. If stuck for more than 30 minutes, set the status to Blocked and describe the blocker.

**Assessment:** Instructor reviews the document for completeness and accuracy. Type: Review.

### Completion criteria
- Every step is done and every acceptance criterion is demonstrated
- Required evidence is attached to the issue
- The accounting impact is written down where a posting was made
- Actual time is logged against the issue
- Instructor Review is Approved and the status is Completed

**Estimated time:** 5 h

**Next task:** DOC-009","Business Scenarios","V29.0 Advanced Consulting","MOD-46","SCN-009","5","L2 - Basic","Documentation","SAP S/4HANA Training System","Written deliverable","","S/4HANA (ECC differences noted)","Not version specific","None","None","Level 3 - Implementation & Integration","Consultant","Review","0","Pending"
"DOC-009","DOC-009","Documentation","Normal","[DOC-009] Transaction reference: CO and integration","**Objective:** Transaction reference: CO and integration

**Prerequisites:** DOC-008

**Concepts:** General: SPRO, SE16N, SE38, SU01, PFCG, ST22, SM37, SM21, STMS; FI: General Ledger, AP, AR, Asset, Bank, Closing; CO: Cost Center, Internal Order, Profit Center, Product Costing, CO-PA; For each: purpose, when used, input, output, business scenario, common errors

**Environment:** SAP S/4HANA Training System

### Steps
- [ ] Do the same for cost centre, internal order, profit centre, product costing, profitability and integration transactions

### Acceptance criteria
- Reference covers every transaction used in phases 12 to 20

**Evidence required:** Written deliverable

**Accounting impact:** For every posting, write the debit and credit lines and the effect on the financial statements.

**Troubleshooting:** Read the full message with its number. Record each error and its cause in the issue notes. If stuck for more than 30 minutes, set the status to Blocked and describe the blocker.

**Assessment:** Instructor reviews the document for completeness and accuracy. Type: Review.

### Completion criteria
- Every step is done and every acceptance criterion is demonstrated
- Required evidence is attached to the issue
- The accounting impact is written down where a posting was made
- Actual time is logged against the issue
- Instructor Review is Approved and the status is Completed

**Estimated time:** 4 h

**Next task:** Last task of this module","Business Scenarios","V29.0 Advanced Consulting","MOD-46","DOC-008","4","L2 - Basic","Documentation","SAP S/4HANA Training System","Written deliverable","","S/4HANA (ECC differences noted)","Not version specific","None","None","Level 3 - Implementation & Integration","Consultant","Review","0","Pending"
"MOD-47","MOD-47","Module","Normal","[MOD-47] Master Data Reference","**Topics:** FI: G/L, Customer, Vendor, Bank, Asset; CO: Cost center, Profit center, Internal order, Activity type, Statistical key figure; For each: purpose, structure, creation, change, display, integration, common errors

**Transaction codes:** FS00; BP; FI12; AS01; KS01; KE51; KO01; KL01; KK01

**Environment:** SAP S/4HANA Training System

**Tasks:** 1, 5 estimated hours.

- DOC-010 Master data reference for FI and CO","Business Scenarios","V29.0 Advanced Consulting","PHASE-29","","","","","SAP S/4HANA Training System","","FS00; BP; FI12; AS01; KS01; KE51; KO01; KL01; KK01","S/4HANA (ECC differences noted)","Same concept as ECC","None","None","Level 3 - Implementation & Integration","Consultant","","",""
"DOC-010","DOC-010","Documentation","Normal","[DOC-010] Master data reference for FI and CO","**Objective:** Master data reference for FI and CO

**Prerequisites:** DOC-009

**Concepts:** FI: G/L, Customer, Vendor, Bank, Asset; CO: Cost center, Profit center, Internal order, Activity type, Statistical key figure; For each: purpose, structure, creation, change, display, integration, common errors

**Environment:** SAP S/4HANA Training System

### Steps
- [ ] For each master data object write: purpose, structure, creation, change, display, integration and common errors

### Acceptance criteria
- All ten objects are covered in the seven-part format

**Evidence required:** Written deliverable

**Accounting impact:** For every posting, write the debit and credit lines and the effect on the financial statements.

**Troubleshooting:** Read the full message with its number. Record each error and its cause in the issue notes. If stuck for more than 30 minutes, set the status to Blocked and describe the blocker.

**Assessment:** Instructor reviews the document for completeness and accuracy. Type: Review.

### Completion criteria
- Every step is done and every acceptance criterion is demonstrated
- Required evidence is attached to the issue
- The accounting impact is written down where a posting was made
- Actual time is logged against the issue
- Instructor Review is Approved and the status is Completed

**Estimated time:** 5 h

**Next task:** Last task of this module","Business Scenarios","V29.0 Advanced Consulting","MOD-47","DOC-009","5","L2 - Basic","Documentation","SAP S/4HANA Training System","Written deliverable","","S/4HANA (ECC differences noted)","Same concept as ECC","None","None","Level 3 - Implementation & Integration","Consultant","Review","0","Pending"
"MOD-48","MOD-48","Module","Normal","[MOD-48] Solution Design and Finance Architecture","**Topics:** Central Finance concepts; Group Reporting concepts; SAP S/4HANA migration; Finance architecture; Advanced configuration; Solution design

**Transaction codes:** SPRO

**Environment:** SAP S/4HANA Training System

**Tasks:** 3, 12 estimated hours.

- THY-058 Central Finance and Group Reporting concepts
- IMPL-004 Solution design for a multi-country rollout
- IMPL-005 Validations, substitutions and advanced configuration","S/4HANA","V29.0 Advanced Consulting","PHASE-29","","","","","SAP S/4HANA Training System","","SPRO","S/4HANA (ECC differences noted)","New in S/4HANA","None","None","Level 4 - S/4HANA Finance Expert","S/4HANA","","",""
"THY-058","THY-058","Theory","Normal","[THY-058] Central Finance and Group Reporting concepts","**Objective:** Central Finance and Group Reporting concepts

**Prerequisites:** DOC-010, ASM-021

**Concepts:** Central Finance concepts; Group Reporting concepts; SAP S/4HANA migration; Finance architecture; Advanced configuration; Solution design

**Environment:** SAP S/4HANA Training System

### Steps
- [ ] Study what Central Finance replicates and when it is used
- [ ] Study group reporting: consolidation units, eliminations and data flow
- [ ] Study where each sits in a finance landscape

### Acceptance criteria
- Explains a use case for each and what it does not do

**Evidence required:** Notes

**Accounting impact:** For every posting, write the debit and credit lines and the effect on the financial statements.

**Assessment:** Instructor checks the notes and asks short oral questions. Type: Short answer.

### Completion criteria
- Every step is done and every acceptance criterion is demonstrated
- Required evidence is attached to the issue
- The accounting impact is written down where a posting was made
- Actual time is logged against the issue
- Instructor Review is Approved and the status is Completed

**Estimated time:** 3 h

**Next task:** IMPL-004","S/4HANA","V29.0 Advanced Consulting","MOD-48","DOC-010, ASM-021","3","L5 - Expert","Theory","SAP S/4HANA Training System","Notes","","S/4HANA (ECC differences noted)","New in S/4HANA","None","None","Level 4 - S/4HANA Finance Expert","S/4HANA","Short answer","0","Pending"
"IMPL-004","IMPL-004","Implementation","Normal","[IMPL-004] Solution design for a multi-country rollout","**Objective:** Solution design for a multi-country rollout

**Prerequisites:** THY-058

**Concepts:** Central Finance concepts; Group Reporting concepts; SAP S/4HANA migration; Finance architecture; Advanced configuration; Solution design

**Environment:** SAP S/4HANA Training System

### Steps
- [ ] Take a requirement: three countries, two accounting principles, shared services
- [ ] Design organization, ledgers, currencies, chart of accounts, tax and intercompany
- [ ] State options and decisions

### Acceptance criteria
- Design document justifies each decision with alternatives

**Evidence required:** Written deliverable

**Accounting impact:** For every posting, write the debit and credit lines and the effect on the financial statements.

**Troubleshooting:** Read the full message with its number. Record each error and its cause in the issue notes. If stuck for more than 30 minutes, set the status to Blocked and describe the blocker.

**Assessment:** Instructor reviews the deliverable as a project lead would. Type: Solution design.

### Completion criteria
- Every step is done and every acceptance criterion is demonstrated
- Required evidence is attached to the issue
- The accounting impact is written down where a posting was made
- Actual time is logged against the issue
- Instructor Review is Approved and the status is Completed

**Estimated time:** 6 h

**Next task:** IMPL-005","S/4HANA","V29.0 Advanced Consulting","MOD-48","THY-058","6","L5 - Expert","Implementation","SAP S/4HANA Training System","Written deliverable","","S/4HANA (ECC differences noted)","New in S/4HANA","None","None","Level 4 - S/4HANA Finance Expert","S/4HANA","Solution design","0","Pending"
"IMPL-005","IMPL-005","Implementation","Normal","[IMPL-005] Validations, substitutions and advanced configuration","**Objective:** Validations, substitutions and advanced configuration

**Prerequisites:** IMPL-004

**Concepts:** Central Finance concepts; Group Reporting concepts; SAP S/4HANA migration; Finance architecture; Advanced configuration; Solution design

**Transaction codes:** GGB0; GGB1; OB28; OBBH (find the Fiori app for each in the apps reference library)

**Environment:** SAP S/4HANA Training System

### Steps
- [ ] Create a validation that blocks a wrong combination
- [ ] Create a substitution that fills a field
- [ ] Activate and test
- [ ] Explain when to prefer standard settings

### Acceptance criteria
- Validation and substitution work and are documented

**Evidence required:** Written deliverable

**Accounting impact:** For every posting, write the debit and credit lines and the effect on the financial statements.

**Troubleshooting:** Read the full message with its number. Record each error and its cause in the issue notes. If stuck for more than 30 minutes, set the status to Blocked and describe the blocker.

**Assessment:** Instructor reviews the deliverable as a project lead would. Type: Solution design.

### Completion criteria
- Every step is done and every acceptance criterion is demonstrated
- Required evidence is attached to the issue
- The accounting impact is written down where a posting was made
- Actual time is logged against the issue
- Instructor Review is Approved and the status is Completed

**Estimated time:** 3 h

**Next task:** Last task of this module","S/4HANA","V29.0 Advanced Consulting","MOD-48","IMPL-004","3","L5 - Expert","Implementation","SAP S/4HANA Training System","Written deliverable","GGB0; GGB1; OB28; OBBH","S/4HANA (ECC differences noted)","New in S/4HANA","None","None","Level 4 - S/4HANA Finance Expert","S/4HANA","Solution design","0","Pending"
"MOD-49","MOD-49","Module","Normal","[MOD-49] Interview Preparation","**Topics:** Basic, intermediate, advanced, scenario-based, configuration, integration, troubleshooting and S/4HANA questions; Senior consultant: architecture, solution design, fit-gap, integration, migration, cutover, production support, RCA, client handling; Resume preparation; Project explanation

**Transaction codes:** None

**Environment:** SAP S/4HANA Training System

**Tasks:** 5, 18 estimated hours.

- DOC-011 Interview bank: basic and intermediate
- DOC-012 Interview bank: advanced, configuration, integration and S/4HANA
- DOC-013 Interview bank: scenario-based and senior consultant
- DOC-014 Resume and project explanation
- ASM-029 Mock interviews: functional, configuration and client","Career","V29.0 Advanced Consulting","PHASE-29","","","","","SAP S/4HANA Training System","","","S/4HANA (ECC differences noted)","Not version specific","None","None","Level 3 - Implementation & Integration","Consultant","","",""
"DOC-011","DOC-011","Documentation","Normal","[DOC-011] Interview bank: basic and intermediate","**Objective:** Interview bank: basic and intermediate

**Prerequisites:** IMPL-005

**Concepts:** Basic, intermediate, advanced, scenario-based, configuration, integration, troubleshooting and S/4HANA questions; Senior consultant: architecture, solution design, fit-gap, integration, migration, cutover, production support, RCA, client handling; Resume preparation; Project explanation

**Environment:** SAP S/4HANA Training System

### Steps
- [ ] Write and answer questions on accounting, enterprise structure, general ledger, payables, receivables, assets, bank and controlling

### Acceptance criteria
- At least 80 questions with answers

**Evidence required:** Written deliverable

**Accounting impact:** For every posting, write the debit and credit lines and the effect on the financial statements.

**Troubleshooting:** Read the full message with its number. Record each error and its cause in the issue notes. If stuck for more than 30 minutes, set the status to Blocked and describe the blocker.

**Assessment:** Instructor reviews the document for completeness and accuracy. Type: Review.

### Completion criteria
- Every step is done and every acceptance criterion is demonstrated
- Required evidence is attached to the issue
- The accounting impact is written down where a posting was made
- Actual time is logged against the issue
- Instructor Review is Approved and the status is Completed

**Estimated time:** 4 h

**Next task:** DOC-012","Career","V29.0 Advanced Consulting","MOD-49","IMPL-005","4","L2 - Basic","Documentation","SAP S/4HANA Training System","Written deliverable","","S/4HANA (ECC differences noted)","Not version specific","None","None","Level 3 - Implementation & Integration","Consultant","Review","0","Pending"
"DOC-012","DOC-012","Documentation","Normal","[DOC-012] Interview bank: advanced, configuration, integration and S/4HANA","**Objective:** Interview bank: advanced, configuration, integration and S/4HANA

**Prerequisites:** DOC-011

**Concepts:** Basic, intermediate, advanced, scenario-based, configuration, integration, troubleshooting and S/4HANA questions; Senior consultant: architecture, solution design, fit-gap, integration, migration, cutover, production support, RCA, client handling; Resume preparation; Project explanation

**Environment:** SAP S/4HANA Training System

### Steps
- [ ] Write and answer advanced, configuration, integration, troubleshooting and S/4HANA questions

### Acceptance criteria
- At least 60 questions with answers

**Evidence required:** Written deliverable

**Accounting impact:** For every posting, write the debit and credit lines and the effect on the financial statements.

**Troubleshooting:** Read the full message with its number. Record each error and its cause in the issue notes. If stuck for more than 30 minutes, set the status to Blocked and describe the blocker.

**Assessment:** Instructor reviews the document for completeness and accuracy. Type: Review.

### Completion criteria
- Every step is done and every acceptance criterion is demonstrated
- Required evidence is attached to the issue
- The accounting impact is written down where a posting was made
- Actual time is logged against the issue
- Instructor Review is Approved and the status is Completed

**Estimated time:** 4 h

**Next task:** DOC-013","Career","V29.0 Advanced Consulting","MOD-49","DOC-011","4","L2 - Basic","Documentation","SAP S/4HANA Training System","Written deliverable","","S/4HANA (ECC differences noted)","Not version specific","None","None","Level 3 - Implementation & Integration","Consultant","Review","0","Pending"
"DOC-013","DOC-013","Documentation","Normal","[DOC-013] Interview bank: scenario-based and senior consultant","**Objective:** Interview bank: scenario-based and senior consultant

**Prerequisites:** DOC-012

**Concepts:** Basic, intermediate, advanced, scenario-based, configuration, integration, troubleshooting and S/4HANA questions; Senior consultant: architecture, solution design, fit-gap, integration, migration, cutover, production support, RCA, client handling; Resume preparation; Project explanation

**Environment:** SAP S/4HANA Training System

### Steps
- [ ] Write and solve scenarios on architecture, solution design, fit-gap, integration, migration, cutover, production support, root cause analysis and client handling

### Acceptance criteria
- At least 30 scenarios with worked answers

**Evidence required:** Written deliverable

**Accounting impact:** For every posting, write the debit and credit lines and the effect on the financial statements.

**Troubleshooting:** Read the full message with its number. Record each error and its cause in the issue notes. If stuck for more than 30 minutes, set the status to Blocked and describe the blocker.

**Assessment:** Instructor reviews the document for completeness and accuracy. Type: Review.

### Completion criteria
- Every step is done and every acceptance criterion is demonstrated
- Required evidence is attached to the issue
- The accounting impact is written down where a posting was made
- Actual time is logged against the issue
- Instructor Review is Approved and the status is Completed

**Estimated time:** 4 h

**Next task:** DOC-014","Career","V29.0 Advanced Consulting","MOD-49","DOC-012","4","L2 - Basic","Documentation","SAP S/4HANA Training System","Written deliverable","","S/4HANA (ECC differences noted)","Not version specific","None","None","Level 3 - Implementation & Integration","Consultant","Review","0","Pending"
"DOC-014","DOC-014","Documentation","Normal","[DOC-014] Resume and project explanation","**Objective:** Resume and project explanation

**Prerequisites:** DOC-013

**Concepts:** Basic, intermediate, advanced, scenario-based, configuration, integration, troubleshooting and S/4HANA questions; Senior consultant: architecture, solution design, fit-gap, integration, migration, cutover, production support, RCA, client handling; Resume preparation; Project explanation

**Environment:** SAP S/4HANA Training System

### Steps
- [ ] Write the resume with the course projects described as implementation and support experience honestly labelled as training
- [ ] Prepare a five-minute project explanation

### Acceptance criteria
- Resume and explanation are reviewed by the instructor

**Evidence required:** Written deliverable

**Accounting impact:** For every posting, write the debit and credit lines and the effect on the financial statements.

**Troubleshooting:** Read the full message with its number. Record each error and its cause in the issue notes. If stuck for more than 30 minutes, set the status to Blocked and describe the blocker.

**Assessment:** Instructor reviews the document for completeness and accuracy. Type: Review.

### Completion criteria
- Every step is done and every acceptance criterion is demonstrated
- Required evidence is attached to the issue
- The accounting impact is written down where a posting was made
- Actual time is logged against the issue
- Instructor Review is Approved and the status is Completed

**Estimated time:** 3 h

**Next task:** ASM-029","Career","V29.0 Advanced Consulting","MOD-49","DOC-013","3","L2 - Basic","Documentation","SAP S/4HANA Training System","Written deliverable","","S/4HANA (ECC differences noted)","Not version specific","None","None","Level 3 - Implementation & Integration","Consultant","Review","0","Pending"
"ASM-029","ASM-029","Assessment","High","[ASM-029] Mock interviews: functional, configuration and client","**Objective:** Mock interviews: functional, configuration and client

**Prerequisites:** DOC-014

**Concepts:** Basic, intermediate, advanced, scenario-based, configuration, integration, troubleshooting and S/4HANA questions; Senior consultant: architecture, solution design, fit-gap, integration, migration, cutover, production support, RCA, client handling; Resume preparation; Project explanation

**Environment:** SAP S/4HANA Training System

### Steps
- [ ] Take three mock interviews: functional, configuration and client-facing

### Acceptance criteria
- Score of 70 or higher

**Evidence required:** Scored result

**Accounting impact:** For every posting, write the debit and credit lines and the effect on the financial statements.

**Troubleshooting:** Read the full message with its number. Record each error and its cause in the issue notes. If stuck for more than 30 minutes, set the status to Blocked and describe the blocker.

**Assessment:** Scored 0-100. Pass mark 70. Type: Solution design.

### Completion criteria
- Every step is done and every acceptance criterion is demonstrated
- Required evidence is attached to the issue
- The accounting impact is written down where a posting was made
- Actual time is logged against the issue
- Instructor Review is Approved and the status is Completed

**Estimated time:** 3 h

**Next task:** Last task of this module","Career","V29.0 Advanced Consulting","MOD-49","DOC-014","3","L2 - Basic","Assessment","SAP S/4HANA Training System","Scored result","","S/4HANA (ECC differences noted)","Not version specific","None","None","Level 3 - Implementation & Integration","Consultant","Solution design","0","Pending"
"REVIEW-29","REVIEW-29","Review","High","[REVIEW-29] Phase 29 gate review","**Objective:** Confirm that phase 29 (Advanced Consulting) is complete.

### Checklist
- [ ] Every issue of the phase is Completed
- [ ] Evidence is attached to every issue
- [ ] Time is logged
- [ ] Assessment score is 70 or higher
- [ ] Configuration document is up to date

**Assessment:** Instructor confirms the checklist and records the gate decision.

**Estimated time:** 1 h","","V29.0 Advanced Consulting","PHASE-29","SCN-009, DOC-009, DOC-010, IMPL-005, ASM-029","1","","Review","","Instructor sign-off","","","","","","","","Review","0","Pending"
"PHASE-30","PHASE-30","Phase","Normal","[PHASE-30] Final Capstone","Phase 30 of 30. Version: V30.0 Final Capstone.

Modules: 1. Estimated hours: 88.

- MOD-50 Capstone: Implement a Complete SAP FICO Solution for Global Manufacturing Corporation

The phase closes with the gate review REVIEW-30.","","V30.0 Final Capstone","EPIC","","","","","","","","","","","","","","","",""
"MOD-50","MOD-50","Module","Normal","[MOD-50] Capstone: Implement a Complete SAP FICO Solution for Global Manufacturing Corporation","**Topics:** FI: company code, GL, AP, AR, asset, bank, tax, closing; CO: cost centers, profit centers, internal orders, product costing, CO-PA; Integration: MM, SD, AA; S/4HANA: Business Partner, Universal Journal, Fiori, New Asset Accounting; Processes: Procure to Pay, Order to Cash, Record to Report, Asset Lifecycle, Financial Closing, Management Accounting

**Transaction codes:** SPRO; BP; F110; AFAB; CK11N; KE30; LTMC

**Environment:** SAP S/4HANA Training System

**Tasks:** 13, 87 estimated hours.

- CAP-001 Business requirements and organizational structure
- CAP-002 Master-data design and business-process document
- CAP-003 FI configuration
- CAP-004 CO configuration
- CAP-005 Integration configuration and S/4HANA settings
- CAP-006 Configuration document
- CAP-007 Test scripts, unit testing and integration testing
- CAP-008 User acceptance testing
- CAP-009 Execute the business processes: P2P, O2C, R2R, asset lifecycle, closing and management accounting
- CAP-010 Migration plan, cutover plan and go-live checklist
- CAP-011 Support runbook and troubleshooting guide
- CAP-012 Final project documentation and executive presentation
- ASM-030 Final assessment","Capstone","V30.0 Final Capstone","PHASE-30","","","","","SAP S/4HANA Training System","","SPRO; BP; F110; AFAB; CK11N; KE30; LTMC","S/4HANA (ECC differences noted)","Same concept as ECC","Record to Report","MM","Level 4 - S/4HANA Finance Expert","Consultant","","",""
"CAP-001","CAP-001","Capstone","High","[CAP-001] Business requirements and organizational structure","**Objective:** Business requirements and organizational structure

**Prerequisites:** ASM-029, ASM-025

**Concepts:** FI: company code, GL, AP, AR, asset, bank, tax, closing; CO: cost centers, profit centers, internal orders, product costing, CO-PA; Integration: MM, SD, AA; S/4HANA: Business Partner, Universal Journal, Fiori, New Asset Accounting; Processes: Procure to Pay, Order to Cash, Record to Report, Asset Lifecycle, Financial Closing, Management Accounting

**Business process:** Record to Report

**Environment:** SAP S/4HANA Training System

### Steps
- [ ] Write business requirements for Global Manufacturing Corporation
- [ ] Design the organizational structure
- [ ] Get instructor approval

### Acceptance criteria
- Requirements are testable
- Structure diagram is approved

**Evidence required:** Project documentation

**Accounting impact:** For every posting, write the debit and credit lines and the effect on the financial statements.

**Troubleshooting:** Read the full message with its number. Record each error and its cause in the issue notes. If stuck for more than 30 minutes, set the status to Blocked and describe the blocker.

**Assessment:** Scored 0-100 against the capstone rubric. Type: Project.

### Completion criteria
- Every step is done and every acceptance criterion is demonstrated
- Required evidence is attached to the issue
- The accounting impact is written down where a posting was made
- Actual time is logged against the issue
- Instructor Review is Approved and the status is Completed

**Estimated time:** 6 h

**Next task:** CAP-002","Capstone","V30.0 Final Capstone","MOD-50","ASM-029, ASM-025","6","L5 - Expert","Capstone","SAP S/4HANA Training System","Project documentation","","S/4HANA (ECC differences noted)","Same concept as ECC","Record to Report","MM","Level 4 - S/4HANA Finance Expert","Consultant","Project","1","Pending"
"CAP-002","CAP-002","Capstone","High","[CAP-002] Master-data design and business-process document","**Objective:** Master-data design and business-process document

**Prerequisites:** CAP-001

**Concepts:** FI: company code, GL, AP, AR, asset, bank, tax, closing; CO: cost centers, profit centers, internal orders, product costing, CO-PA; Integration: MM, SD, AA; S/4HANA: Business Partner, Universal Journal, Fiori, New Asset Accounting; Processes: Procure to Pay, Order to Cash, Record to Report, Asset Lifecycle, Financial Closing, Management Accounting

**Business process:** Record to Report

**Environment:** SAP S/4HANA Training System

### Steps
- [ ] Design master data for general ledger, partners, assets, banks, cost and profit centres
- [ ] Write the business-process document for the six processes

### Acceptance criteria
- Design and process document cover every object and process

**Evidence required:** Project documentation

**Accounting impact:** For every posting, write the debit and credit lines and the effect on the financial statements.

**Troubleshooting:** Read the full message with its number. Record each error and its cause in the issue notes. If stuck for more than 30 minutes, set the status to Blocked and describe the blocker.

**Assessment:** Scored 0-100 against the capstone rubric. Type: Project.

### Completion criteria
- Every step is done and every acceptance criterion is demonstrated
- Required evidence is attached to the issue
- The accounting impact is written down where a posting was made
- Actual time is logged against the issue
- Instructor Review is Approved and the status is Completed

**Estimated time:** 6 h

**Next task:** CAP-003","Capstone","V30.0 Final Capstone","MOD-50","CAP-001","6","L5 - Expert","Capstone","SAP S/4HANA Training System","Project documentation","","S/4HANA (ECC differences noted)","Same concept as ECC","Record to Report","MM","Level 4 - S/4HANA Finance Expert","Consultant","Project","1","Pending"
"CAP-003","CAP-003","Capstone","High","[CAP-003] FI configuration","**Objective:** FI configuration

**Prerequisites:** CAP-002

**Concepts:** FI: company code, GL, AP, AR, asset, bank, tax, closing; CO: cost centers, profit centers, internal orders, product costing, CO-PA; Integration: MM, SD, AA; S/4HANA: Business Partner, Universal Journal, Fiori, New Asset Accounting; Processes: Procure to Pay, Order to Cash, Record to Report, Asset Lifecycle, Financial Closing, Management Accounting

**Business process:** Record to Report

**Environment:** SAP S/4HANA Training System

### Steps
- [ ] Configure company code, general ledger, payables, receivables, assets, bank, tax and closing settings

### Acceptance criteria
- Unit tests pass for every FI area

**Evidence required:** Project documentation

**Accounting impact:** For every posting, write the debit and credit lines and the effect on the financial statements.

**Troubleshooting:** Read the full message with its number. Record each error and its cause in the issue notes. If stuck for more than 30 minutes, set the status to Blocked and describe the blocker.

**Assessment:** Scored 0-100 against the capstone rubric. Type: Project.

### Completion criteria
- Every step is done and every acceptance criterion is demonstrated
- Required evidence is attached to the issue
- The accounting impact is written down where a posting was made
- Actual time is logged against the issue
- Instructor Review is Approved and the status is Completed

**Estimated time:** 12 h

**Next task:** CAP-004","Capstone","V30.0 Final Capstone","MOD-50","CAP-002","12","L5 - Expert","Capstone","SAP S/4HANA Training System","Project documentation","","S/4HANA (ECC differences noted)","Same concept as ECC","Record to Report","MM","Level 4 - S/4HANA Finance Expert","Consultant","Project","1","Pending"
"CAP-004","CAP-004","Capstone","High","[CAP-004] CO configuration","**Objective:** CO configuration

**Prerequisites:** CAP-003

**Concepts:** FI: company code, GL, AP, AR, asset, bank, tax, closing; CO: cost centers, profit centers, internal orders, product costing, CO-PA; Integration: MM, SD, AA; S/4HANA: Business Partner, Universal Journal, Fiori, New Asset Accounting; Processes: Procure to Pay, Order to Cash, Record to Report, Asset Lifecycle, Financial Closing, Management Accounting

**Business process:** Record to Report

**Environment:** SAP S/4HANA Training System

### Steps
- [ ] Configure cost centres, profit centres, internal orders, product costing and profitability analysis

### Acceptance criteria
- Unit tests pass for every CO area

**Evidence required:** Project documentation

**Accounting impact:** For every posting, write the debit and credit lines and the effect on the financial statements.

**Troubleshooting:** Read the full message with its number. Record each error and its cause in the issue notes. If stuck for more than 30 minutes, set the status to Blocked and describe the blocker.

**Assessment:** Scored 0-100 against the capstone rubric. Type: Project.

### Completion criteria
- Every step is done and every acceptance criterion is demonstrated
- Required evidence is attached to the issue
- The accounting impact is written down where a posting was made
- Actual time is logged against the issue
- Instructor Review is Approved and the status is Completed

**Estimated time:** 10 h

**Next task:** CAP-005","Capstone","V30.0 Final Capstone","MOD-50","CAP-003","10","L5 - Expert","Capstone","SAP S/4HANA Training System","Project documentation","","S/4HANA (ECC differences noted)","Same concept as ECC","Record to Report","MM","Level 4 - S/4HANA Finance Expert","Consultant","Project","1","Pending"
"CAP-005","CAP-005","Capstone","High","[CAP-005] Integration configuration and S/4HANA settings","**Objective:** Integration configuration and S/4HANA settings

**Prerequisites:** CAP-004

**Concepts:** FI: company code, GL, AP, AR, asset, bank, tax, closing; CO: cost centers, profit centers, internal orders, product costing, CO-PA; Integration: MM, SD, AA; S/4HANA: Business Partner, Universal Journal, Fiori, New Asset Accounting; Processes: Procure to Pay, Order to Cash, Record to Report, Asset Lifecycle, Financial Closing, Management Accounting

**Business process:** Record to Report

**Environment:** SAP S/4HANA Training System

### Steps
- [ ] Configure account determination for MM and SD and asset integration
- [ ] Configure business partner, ledgers and new asset accounting settings

### Acceptance criteria
- Integration postings create correct accounting documents

**Evidence required:** Project documentation

**Accounting impact:** For every posting, write the debit and credit lines and the effect on the financial statements.

**Troubleshooting:** Read the full message with its number. Record each error and its cause in the issue notes. If stuck for more than 30 minutes, set the status to Blocked and describe the blocker.

**Assessment:** Scored 0-100 against the capstone rubric. Type: Project.

### Completion criteria
- Every step is done and every acceptance criterion is demonstrated
- Required evidence is attached to the issue
- The accounting impact is written down where a posting was made
- Actual time is logged against the issue
- Instructor Review is Approved and the status is Completed

**Estimated time:** 8 h

**Next task:** CAP-006","Capstone","V30.0 Final Capstone","MOD-50","CAP-004","8","L5 - Expert","Capstone","SAP S/4HANA Training System","Project documentation","","S/4HANA (ECC differences noted)","Same concept as ECC","Record to Report","MM","Level 4 - S/4HANA Finance Expert","Consultant","Project","1","Pending"
"CAP-006","CAP-006","Capstone","High","[CAP-006] Configuration document","**Objective:** Configuration document

**Prerequisites:** CAP-005

**Concepts:** FI: company code, GL, AP, AR, asset, bank, tax, closing; CO: cost centers, profit centers, internal orders, product costing, CO-PA; Integration: MM, SD, AA; S/4HANA: Business Partner, Universal Journal, Fiori, New Asset Accounting; Processes: Procure to Pay, Order to Cash, Record to Report, Asset Lifecycle, Financial Closing, Management Accounting

**Business process:** Record to Report

**Environment:** SAP S/4HANA Training System

### Steps
- [ ] Deliver the complete configuration document with business reasons

### Acceptance criteria
- Document allows a rebuild

**Evidence required:** Project documentation

**Accounting impact:** For every posting, write the debit and credit lines and the effect on the financial statements.

**Troubleshooting:** Read the full message with its number. Record each error and its cause in the issue notes. If stuck for more than 30 minutes, set the status to Blocked and describe the blocker.

**Assessment:** Scored 0-100 against the capstone rubric. Type: Project.

### Completion criteria
- Every step is done and every acceptance criterion is demonstrated
- Required evidence is attached to the issue
- The accounting impact is written down where a posting was made
- Actual time is logged against the issue
- Instructor Review is Approved and the status is Completed

**Estimated time:** 5 h

**Next task:** CAP-007","Capstone","V30.0 Final Capstone","MOD-50","CAP-005","5","L5 - Expert","Capstone","SAP S/4HANA Training System","Project documentation","","S/4HANA (ECC differences noted)","Same concept as ECC","Record to Report","MM","Level 4 - S/4HANA Finance Expert","Consultant","Project","1","Pending"
"CAP-007","CAP-007","Capstone","High","[CAP-007] Test scripts, unit testing and integration testing","**Objective:** Test scripts, unit testing and integration testing

**Prerequisites:** CAP-006

**Concepts:** FI: company code, GL, AP, AR, asset, bank, tax, closing; CO: cost centers, profit centers, internal orders, product costing, CO-PA; Integration: MM, SD, AA; S/4HANA: Business Partner, Universal Journal, Fiori, New Asset Accounting; Processes: Procure to Pay, Order to Cash, Record to Report, Asset Lifecycle, Financial Closing, Management Accounting

**Business process:** Record to Report

**Environment:** SAP S/4HANA Training System

### Steps
- [ ] Write test scripts
- [ ] Execute unit and integration tests with evidence
- [ ] Log and fix defects

### Acceptance criteria
- Evidence exists for every script
- No open critical defect

**Evidence required:** Project documentation

**Accounting impact:** For every posting, write the debit and credit lines and the effect on the financial statements.

**Troubleshooting:** Read the full message with its number. Record each error and its cause in the issue notes. If stuck for more than 30 minutes, set the status to Blocked and describe the blocker.

**Assessment:** Scored 0-100 against the capstone rubric. Type: Project.

### Completion criteria
- Every step is done and every acceptance criterion is demonstrated
- Required evidence is attached to the issue
- The accounting impact is written down where a posting was made
- Actual time is logged against the issue
- Instructor Review is Approved and the status is Completed

**Estimated time:** 8 h

**Next task:** CAP-008","Capstone","V30.0 Final Capstone","MOD-50","CAP-006","8","L5 - Expert","Capstone","SAP S/4HANA Training System","Project documentation","","S/4HANA (ECC differences noted)","Same concept as ECC","Record to Report","MM","Level 4 - S/4HANA Finance Expert","Consultant","Project","1","Pending"
"CAP-008","CAP-008","Capstone","High","[CAP-008] User acceptance testing","**Objective:** User acceptance testing

**Prerequisites:** CAP-007

**Concepts:** FI: company code, GL, AP, AR, asset, bank, tax, closing; CO: cost centers, profit centers, internal orders, product costing, CO-PA; Integration: MM, SD, AA; S/4HANA: Business Partner, Universal Journal, Fiori, New Asset Accounting; Processes: Procure to Pay, Order to Cash, Record to Report, Asset Lifecycle, Financial Closing, Management Accounting

**Business process:** Record to Report

**Environment:** SAP S/4HANA Training System

### Steps
- [ ] Run acceptance testing with another student as business user
- [ ] Obtain sign-off

### Acceptance criteria
- Sign-off is recorded

**Evidence required:** Project documentation

**Accounting impact:** For every posting, write the debit and credit lines and the effect on the financial statements.

**Troubleshooting:** Read the full message with its number. Record each error and its cause in the issue notes. If stuck for more than 30 minutes, set the status to Blocked and describe the blocker.

**Assessment:** Scored 0-100 against the capstone rubric. Type: Project.

### Completion criteria
- Every step is done and every acceptance criterion is demonstrated
- Required evidence is attached to the issue
- The accounting impact is written down where a posting was made
- Actual time is logged against the issue
- Instructor Review is Approved and the status is Completed

**Estimated time:** 4 h

**Next task:** CAP-009","Capstone","V30.0 Final Capstone","MOD-50","CAP-007","4","L5 - Expert","Capstone","SAP S/4HANA Training System","Project documentation","","S/4HANA (ECC differences noted)","Same concept as ECC","Record to Report","MM","Level 4 - S/4HANA Finance Expert","Consultant","Project","1","Pending"
"CAP-009","CAP-009","Capstone","High","[CAP-009] Execute the business processes: P2P, O2C, R2R, asset lifecycle, closing and management accounting","**Objective:** Execute the business processes: P2P, O2C, R2R, asset lifecycle, closing and management accounting

**Prerequisites:** CAP-008

**Concepts:** FI: company code, GL, AP, AR, asset, bank, tax, closing; CO: cost centers, profit centers, internal orders, product costing, CO-PA; Integration: MM, SD, AA; S/4HANA: Business Partner, Universal Journal, Fiori, New Asset Accounting; Processes: Procure to Pay, Order to Cash, Record to Report, Asset Lifecycle, Financial Closing, Management Accounting

**Business process:** Record to Report

**Environment:** SAP S/4HANA Training System

### Steps
- [ ] Execute the six processes end to end in the configured company
- [ ] Use Fiori for at least one step of each
- [ ] Produce the reports

### Acceptance criteria
- Every process completes with correct accounting impact

**Evidence required:** Project documentation

**Accounting impact:** For every posting, write the debit and credit lines and the effect on the financial statements.

**Troubleshooting:** Read the full message with its number. Record each error and its cause in the issue notes. If stuck for more than 30 minutes, set the status to Blocked and describe the blocker.

**Assessment:** Scored 0-100 against the capstone rubric. Type: Project.

### Completion criteria
- Every step is done and every acceptance criterion is demonstrated
- Required evidence is attached to the issue
- The accounting impact is written down where a posting was made
- Actual time is logged against the issue
- Instructor Review is Approved and the status is Completed

**Estimated time:** 10 h

**Next task:** CAP-010","Capstone","V30.0 Final Capstone","MOD-50","CAP-008","10","L5 - Expert","Capstone","SAP S/4HANA Training System","Project documentation","","S/4HANA (ECC differences noted)","Same concept as ECC","Record to Report","MM","Level 4 - S/4HANA Finance Expert","Consultant","Project","1","Pending"
"CAP-010","CAP-010","Capstone","High","[CAP-010] Migration plan, cutover plan and go-live checklist","**Objective:** Migration plan, cutover plan and go-live checklist

**Prerequisites:** CAP-009

**Concepts:** FI: company code, GL, AP, AR, asset, bank, tax, closing; CO: cost centers, profit centers, internal orders, product costing, CO-PA; Integration: MM, SD, AA; S/4HANA: Business Partner, Universal Journal, Fiori, New Asset Accounting; Processes: Procure to Pay, Order to Cash, Record to Report, Asset Lifecycle, Financial Closing, Management Accounting

**Business process:** Record to Report

**Environment:** SAP S/4HANA Training System

### Steps
- [ ] Write the migration plan
- [ ] Load sample opening data
- [ ] Write the cutover plan and go-live checklist

### Acceptance criteria
- Loaded balances reconcile
- Plans are complete

**Evidence required:** Project documentation

**Accounting impact:** For every posting, write the debit and credit lines and the effect on the financial statements.

**Troubleshooting:** Read the full message with its number. Record each error and its cause in the issue notes. If stuck for more than 30 minutes, set the status to Blocked and describe the blocker.

**Assessment:** Scored 0-100 against the capstone rubric. Type: Project.

### Completion criteria
- Every step is done and every acceptance criterion is demonstrated
- Required evidence is attached to the issue
- The accounting impact is written down where a posting was made
- Actual time is logged against the issue
- Instructor Review is Approved and the status is Completed

**Estimated time:** 6 h

**Next task:** CAP-011","Capstone","V30.0 Final Capstone","MOD-50","CAP-009","6","L5 - Expert","Capstone","SAP S/4HANA Training System","Project documentation","","S/4HANA (ECC differences noted)","Same concept as ECC","Record to Report","MM","Level 4 - S/4HANA Finance Expert","Consultant","Project","1","Pending"
"CAP-011","CAP-011","Capstone","High","[CAP-011] Support runbook and troubleshooting guide","**Objective:** Support runbook and troubleshooting guide

**Prerequisites:** CAP-010

**Concepts:** FI: company code, GL, AP, AR, asset, bank, tax, closing; CO: cost centers, profit centers, internal orders, product costing, CO-PA; Integration: MM, SD, AA; S/4HANA: Business Partner, Universal Journal, Fiori, New Asset Accounting; Processes: Procure to Pay, Order to Cash, Record to Report, Asset Lifecycle, Financial Closing, Management Accounting

**Business process:** Record to Report

**Environment:** SAP S/4HANA Training System

### Steps
- [ ] Write the support runbook and the troubleshooting guide for the solution

### Acceptance criteria
- Documents cover the main processes and the common errors

**Evidence required:** Project documentation

**Accounting impact:** For every posting, write the debit and credit lines and the effect on the financial statements.

**Troubleshooting:** Read the full message with its number. Record each error and its cause in the issue notes. If stuck for more than 30 minutes, set the status to Blocked and describe the blocker.

**Assessment:** Scored 0-100 against the capstone rubric. Type: Project.

### Completion criteria
- Every step is done and every acceptance criterion is demonstrated
- Required evidence is attached to the issue
- The accounting impact is written down where a posting was made
- Actual time is logged against the issue
- Instructor Review is Approved and the status is Completed

**Estimated time:** 4 h

**Next task:** CAP-012","Capstone","V30.0 Final Capstone","MOD-50","CAP-010","4","L5 - Expert","Capstone","SAP S/4HANA Training System","Project documentation","","S/4HANA (ECC differences noted)","Same concept as ECC","Record to Report","MM","Level 4 - S/4HANA Finance Expert","Consultant","Project","1","Pending"
"CAP-012","CAP-012","Capstone","High","[CAP-012] Final project documentation and executive presentation","**Objective:** Final project documentation and executive presentation

**Prerequisites:** CAP-011

**Concepts:** FI: company code, GL, AP, AR, asset, bank, tax, closing; CO: cost centers, profit centers, internal orders, product costing, CO-PA; Integration: MM, SD, AA; S/4HANA: Business Partner, Universal Journal, Fiori, New Asset Accounting; Processes: Procure to Pay, Order to Cash, Record to Report, Asset Lifecycle, Financial Closing, Management Accounting

**Business process:** Record to Report

**Environment:** SAP S/4HANA Training System

### Steps
- [ ] Assemble the final project documentation
- [ ] Present to the instructor as steering committee

### Acceptance criteria
- Documentation is complete
- Presentation covers scope, design, results and risks

**Evidence required:** Project documentation

**Accounting impact:** For every posting, write the debit and credit lines and the effect on the financial statements.

**Troubleshooting:** Read the full message with its number. Record each error and its cause in the issue notes. If stuck for more than 30 minutes, set the status to Blocked and describe the blocker.

**Assessment:** Scored 0-100 against the capstone rubric. Type: Project.

### Completion criteria
- Every step is done and every acceptance criterion is demonstrated
- Required evidence is attached to the issue
- The accounting impact is written down where a posting was made
- Actual time is logged against the issue
- Instructor Review is Approved and the status is Completed

**Estimated time:** 5 h

**Next task:** ASM-030","Capstone","V30.0 Final Capstone","MOD-50","CAP-011","5","L5 - Expert","Capstone","SAP S/4HANA Training System","Project documentation","","S/4HANA (ECC differences noted)","Same concept as ECC","Record to Report","MM","Level 4 - S/4HANA Finance Expert","Consultant","Project","1","Pending"
"ASM-030","ASM-030","Assessment","High","[ASM-030] Final assessment","**Objective:** Final assessment

**Prerequisites:** CAP-012

**Concepts:** FI: company code, GL, AP, AR, asset, bank, tax, closing; CO: cost centers, profit centers, internal orders, product costing, CO-PA; Integration: MM, SD, AA; S/4HANA: Business Partner, Universal Journal, Fiori, New Asset Accounting; Processes: Procure to Pay, Order to Cash, Record to Report, Asset Lifecycle, Financial Closing, Management Accounting

**Business process:** Record to Report

**Environment:** SAP S/4HANA Training System

### Steps
- [ ] Instructor evaluation against the capstone rubric with an oral examination

### Acceptance criteria
- Score of 70 or higher

**Evidence required:** Scored result

**Accounting impact:** For every posting, write the debit and credit lines and the effect on the financial statements.

**Troubleshooting:** Read the full message with its number. Record each error and its cause in the issue notes. If stuck for more than 30 minutes, set the status to Blocked and describe the blocker.

**Assessment:** Scored 0-100. Pass mark 70. Type: Solution design.

### Completion criteria
- Every step is done and every acceptance criterion is demonstrated
- Required evidence is attached to the issue
- The accounting impact is written down where a posting was made
- Actual time is logged against the issue
- Instructor Review is Approved and the status is Completed

**Estimated time:** 3 h

**Next task:** Last task of this module","Capstone","V30.0 Final Capstone","MOD-50","CAP-012","3","L5 - Expert","Assessment","SAP S/4HANA Training System","Scored result","","S/4HANA (ECC differences noted)","Same concept as ECC","Record to Report","MM","Level 4 - S/4HANA Finance Expert","Consultant","Solution design","0","Pending"
"REVIEW-30","REVIEW-30","Review","High","[REVIEW-30] Phase 30 gate review","**Objective:** Confirm that phase 30 (Final Capstone) is complete.

### Checklist
- [ ] Every issue of the phase is Completed
- [ ] Evidence is attached to every issue
- [ ] Time is logged
- [ ] Assessment score is 70 or higher
- [ ] Configuration document is up to date

**Assessment:** Instructor confirms the checklist and records the gate decision.

**Estimated time:** 1 h","","V30.0 Final Capstone","PHASE-30","ASM-030","1","","Review","","Instructor sign-off","","","","","","","","Review","0","Pending"
