"Unique ID","Curriculum ID","Tracker","Priority","Subject","Description","Category","Target version","Parent","Blocked by","Estimated hours","Level","Module","SAP Area","Business Process","Configuration Required","Integration Area","Difficulty","Lab Required","Assessment Required","Interview Topic","Project Name","Environment","SAP Version","ECC/S4HANA","Deliverable","Evidence","Business Scenario","Transaction Code","Instructor Review"
"EPIC","EPIC","Epic","Normal","[EPIC] SAP MM Complete Training Programme","Top-level issue for the whole programme: 42 modules, 67 topics, 381 tasks, 998 estimated hours.

Progress and time roll up from all modules.","","V13 - Capstone","","","","","","","","","","","","","","","","","","","","","",""
"MOD-01","MOD-01","Module","Normal","[MOD-01] 01 Foundation","Module 01 of 42. Level 1 - Foundation. Version: V01 - SAP Foundation.

Topics: 7. Estimated hours: 45.

- TOPIC-001 ERP, SAP and the Role of MM
- TOPIC-002 Procurement and Inventory Lifecycles
- TOPIC-003 Procurement Business Basics
- TOPIC-004 Inventory Business Basics
- TOPIC-005 Accounting Basics for MM
- TOPIC-006 SAP Navigation: GUI and Fiori
- TOPIC-007 MM Document Flow

The module closes with the gate review REVIEW-01.","","V01 - SAP Foundation","EPIC","","","Level 1 - Foundation","01 Foundation","","","","","","","","","","","","","","","","",""
"TOPIC-001","TOPIC-001","Topic","Normal","[TOPIC-001] ERP, SAP and the Role of MM","**Topics:** What is ERP; What is SAP; SAP ECC vs SAP S/4HANA; SAP modules overview; SAP MM role in an organization; Master data; Transactional data; Configuration vs master data; Customizing vs transaction processing; SAP terminology

**Transaction codes:** None

**Fiori apps:** None listed

**Environment:** Workbook

**Tasks:** 2, 5 estimated hours.

- THY-001 ERP, SAP and the SAP modules
- THY-002 Master data, transactional data, configuration and customizing","Foundation","V01 - SAP Foundation","MOD-01","","","Level 1 - Foundation","01 Foundation","Foundation","None","","None","","","","Basic MM","","Workbook","","Not system specific","","","","",""
"THY-001","THY-001","Theory","Normal","[THY-001] ERP, SAP and the SAP modules","**Objective:** ERP, SAP and the SAP modules

**Prerequisites:** None (entry point)

**Concepts:** What is ERP; What is SAP; SAP ECC vs SAP S/4HANA; SAP modules overview; SAP MM role in an organization; Master data; Transactional data; Configuration vs master data; Customizing vs transaction processing; SAP terminology

**Environment:** Workbook

### Steps
- [ ] Study what an ERP integrates and why one database matters
- [ ] Study the main SAP modules and what each owns: FI, CO, MM, SD, PP, QM, WM/EWM
- [ ] Compare ECC and S/4HANA at a functional level
- [ ] Place MM between demand, suppliers, stock and finance

### Expected Result
- Draws the module map with the hand-over points of MM
- Lists five ECC versus S/4HANA differences

**Evidence:** Notes

**Deliverable:** Study notes

**Assessment:** Instructor checks the notes and asks short oral questions.

### Completion criteria
- Every step is done and the expected result is demonstrated
- Evidence is attached to the issue and the deliverable is in your workbook or document set
- Accounting and integration impact are written down where documents were created
- Actual time is logged against the issue
- Instructor Review is Approved and the status is Completed

**Estimated time:** 3 h

**Next task:** THY-002","Foundation","V01 - SAP Foundation","TOPIC-001","","3","Level 1 - Foundation","01 Foundation","Foundation","None","0","None","L1 - Beginner","0","0","Basic MM","","Workbook","","Not system specific","Study notes","Notes","","","Pending"
"THY-002","THY-002","Theory","Normal","[THY-002] Master data, transactional data, configuration and customizing","**Objective:** Master data, transactional data, configuration and customizing

**Prerequisites:** THY-001

**Concepts:** What is ERP; What is SAP; SAP ECC vs SAP S/4HANA; SAP modules overview; SAP MM role in an organization; Master data; Transactional data; Configuration vs master data; Customizing vs transaction processing; SAP terminology

**Environment:** Workbook

### Steps
- [ ] Study the difference between master data, transactional data and configuration with procurement examples
- [ ] Study customizing versus transaction processing and who does each
- [ ] Build a glossary of thirty SAP terms

### Expected Result
- Classifies twenty items correctly as master data, transaction or configuration
- Glossary is delivered

**Evidence:** Notes

**Deliverable:** Glossary of SAP terms

**Assessment:** Instructor checks the notes and asks short oral questions.

### Completion criteria
- Every step is done and the expected result is demonstrated
- Evidence is attached to the issue and the deliverable is in your workbook or document set
- Accounting and integration impact are written down where documents were created
- Actual time is logged against the issue
- Instructor Review is Approved and the status is Completed

**Estimated time:** 2 h

**Next task:** Last task of this topic","Foundation","V01 - SAP Foundation","TOPIC-001","THY-001","2","Level 1 - Foundation","01 Foundation","Foundation","None","0","None","L1 - Beginner","0","0","Basic MM","","Workbook","","Not system specific","Glossary of SAP terms","Notes","","","Pending"
"TOPIC-002","TOPIC-002","Topic","Normal","[TOPIC-002] Procurement and Inventory Lifecycles","**Topics:** Procure-to-Pay; Source-to-Pay; Purchase-to-Pay; Inventory lifecycle; Material lifecycle; Supplier lifecycle; Procurement lifecycle

**Transaction codes:** None

**Fiori apps:** None listed

**Environment:** Workbook

**Tasks:** 2, 5 estimated hours.

- THY-003 Procure-to-Pay, Source-to-Pay and Purchase-to-Pay
- THY-004 Material, supplier, inventory and procurement lifecycles","Foundation","V01 - SAP Foundation","MOD-01","","","Level 1 - Foundation","01 Foundation","Foundation","Procure to Pay","","None","","","","Basic MM","","Workbook","","Not system specific","","","","",""
"THY-003","THY-003","Theory","Normal","[THY-003] Procure-to-Pay, Source-to-Pay and Purchase-to-Pay","**Objective:** Procure-to-Pay, Source-to-Pay and Purchase-to-Pay

**Prerequisites:** THY-002

**Concepts:** Procure-to-Pay; Source-to-Pay; Purchase-to-Pay; Inventory lifecycle; Material lifecycle; Supplier lifecycle; Procurement lifecycle

**Environment:** Workbook

### Steps
- [ ] Study the steps of Procure-to-Pay from requirement to payment
- [ ] Study what Source-to-Pay adds in front: supplier discovery, qualification, sourcing and contracts
- [ ] Study how the terms are used in companies

### Expected Result
- Draws Procure-to-Pay and Source-to-Pay from memory
- Explains the difference in two sentences

**Evidence:** Notes

**Deliverable:** Study notes

**Assessment:** Instructor checks the notes and asks short oral questions.

### Completion criteria
- Every step is done and the expected result is demonstrated
- Evidence is attached to the issue and the deliverable is in your workbook or document set
- Accounting and integration impact are written down where documents were created
- Actual time is logged against the issue
- Instructor Review is Approved and the status is Completed

**Estimated time:** 3 h

**Next task:** THY-004","Foundation","V01 - SAP Foundation","TOPIC-002","THY-002","3","Level 1 - Foundation","01 Foundation","Foundation","Procure to Pay","0","None","L1 - Beginner","0","0","Basic MM","","Workbook","","Not system specific","Study notes","Notes","","","Pending"
"THY-004","THY-004","Theory","Normal","[THY-004] Material, supplier, inventory and procurement lifecycles","**Objective:** Material, supplier, inventory and procurement lifecycles

**Prerequisites:** THY-003

**Concepts:** Procure-to-Pay; Source-to-Pay; Purchase-to-Pay; Inventory lifecycle; Material lifecycle; Supplier lifecycle; Procurement lifecycle

**Environment:** Workbook

### Steps
- [ ] Study the life of a material from creation to discontinuation
- [ ] Study the life of a supplier from qualification to blocking
- [ ] Study the life of stock from receipt to consumption or sale

### Expected Result
- Draws each lifecycle with the events that change its state

**Evidence:** Notes

**Deliverable:** Study notes

**Assessment:** Instructor checks the notes and asks short oral questions.

### Completion criteria
- Every step is done and the expected result is demonstrated
- Evidence is attached to the issue and the deliverable is in your workbook or document set
- Accounting and integration impact are written down where documents were created
- Actual time is logged against the issue
- Instructor Review is Approved and the status is Completed

**Estimated time:** 2 h

**Next task:** Last task of this topic","Foundation","V01 - SAP Foundation","TOPIC-002","THY-003","2","Level 1 - Foundation","01 Foundation","Foundation","Procure to Pay","0","None","L1 - Beginner","0","0","Basic MM","","Workbook","","Not system specific","Study notes","Notes","","","Pending"
"TOPIC-003","TOPIC-003","Topic","Normal","[TOPIC-003] Procurement Business Basics","**Topics:** Purchase requisition; Request for quotation; Quotation; Vendor/supplier; Purchase order; Goods receipt; Invoice; Payment; Purchase return; Credit memo; Debit memo; Contract; Scheduling agreement; Source determination

**Transaction codes:** None

**Fiori apps:** None listed

**Environment:** Workbook

**Tasks:** 2, 5 estimated hours.

- THY-005 Procurement documents and why each exists
- EX-001 Read real procurement documents","Foundation","V01 - SAP Foundation","MOD-01","","","Level 1 - Foundation","01 Foundation","Foundation","Procure to Pay","","None","","","","Basic MM","","Workbook","","Not system specific","","","","",""
"THY-005","THY-005","Theory","Normal","[THY-005] Procurement documents and why each exists","**Objective:** Procurement documents and why each exists

**Prerequisites:** THY-004

**Concepts:** Purchase requisition; Request for quotation; Quotation; Vendor/supplier; Purchase order; Goods receipt; Invoice; Payment; Purchase return; Credit memo; Debit memo; Contract; Scheduling agreement; Source determination

**Environment:** Workbook

### Steps
- [ ] Study requisition, request for quotation, quotation, purchase order, goods receipt, invoice and payment with a real company example
- [ ] Study contract and scheduling agreement as long-term agreements
- [ ] Study purchase return, credit memo and debit memo
- [ ] Study source determination as the choice of supplier

### Expected Result
- Explains each document with who creates it and who approves it
- Orders the documents of one purchase correctly

**Evidence:** Notes

**Deliverable:** Study notes

**Assessment:** Instructor checks the notes and asks short oral questions.

### Completion criteria
- Every step is done and the expected result is demonstrated
- Evidence is attached to the issue and the deliverable is in your workbook or document set
- Accounting and integration impact are written down where documents were created
- Actual time is logged against the issue
- Instructor Review is Approved and the status is Completed

**Estimated time:** 3 h

**Next task:** EX-001","Foundation","V01 - SAP Foundation","TOPIC-003","THY-004","3","Level 1 - Foundation","01 Foundation","Foundation","Procure to Pay","0","None","L1 - Beginner","0","0","Basic MM","","Workbook","","Not system specific","Study notes","Notes","","","Pending"
"EX-001","EX-001","Practical Exercise","Normal","[EX-001] Read real procurement documents","**Objective:** Read real procurement documents

**Business Scenario:** A buyer receives a paper file for one purchase and must check that the documents agree.

**Prerequisites:** THY-005

**Concepts:** Purchase requisition; Request for quotation; Quotation; Vendor/supplier; Purchase order; Goods receipt; Invoice; Payment; Purchase return; Credit memo; Debit memo; Contract; Scheduling agreement; Source determination

**Environment:** Workbook

### Steps
- [ ] Take the workbook set of requisition, quotation, purchase order, delivery note and supplier invoice
- [ ] Identify supplier, items, quantities, prices, taxes and terms on each
- [ ] Find the references that link them
- [ ] Mark every disagreement between the documents

### Expected Result
- Every field is identified
- All planted disagreements are found

**Evidence:** Worked result + screenshots

**Deliverable:** Annotated document set

**Assessment:** Instructor checks the worked result.

### Completion criteria
- Every step is done and the expected result is demonstrated
- Evidence is attached to the issue and the deliverable is in your workbook or document set
- Accounting and integration impact are written down where documents were created
- Actual time is logged against the issue
- Instructor Review is Approved and the status is Completed

**Estimated time:** 2 h

**Next task:** Last task of this topic","Foundation","V01 - SAP Foundation","TOPIC-003","THY-005","2","Level 1 - Foundation","01 Foundation","Foundation","Procure to Pay","0","None","L1 - Beginner","0","0","Basic MM","","Workbook","","Not system specific","Annotated document set","Worked result + screenshots","A buyer receives a paper file for one purchase and must check that the documents agree.","","Pending"
"TOPIC-004","TOPIC-004","Topic","Normal","[TOPIC-004] Inventory Business Basics","**Topics:** Stock; Unrestricted stock; Quality inspection stock; Blocked stock; Plant stock; Storage location stock; Batch stock; Special stock; Consignment stock; Stock transfer; Goods receipt; Goods issue; Transfer posting; Physical inventory

**Transaction codes:** None

**Fiori apps:** None listed

**Environment:** Workbook

**Tasks:** 2, 5 estimated hours.

- THY-006 Stock, stock types and stock levels
- EX-002 Stock card exercise","Foundation","V01 - SAP Foundation","MOD-01","","","Level 1 - Foundation","01 Foundation","Foundation","Inventory Management","","None","","","","Basic MM","","Workbook","","Not system specific","","","","",""
"THY-006","THY-006","Theory","Normal","[THY-006] Stock, stock types and stock levels","**Objective:** Stock, stock types and stock levels

**Prerequisites:** EX-001

**Concepts:** Stock; Unrestricted stock; Quality inspection stock; Blocked stock; Plant stock; Storage location stock; Batch stock; Special stock; Consignment stock; Stock transfer; Goods receipt; Goods issue; Transfer posting; Physical inventory

**Environment:** Workbook

### Steps
- [ ] Study unrestricted, quality inspection and blocked stock and what each allows
- [ ] Study stock by plant, storage location and batch
- [ ] Study special stocks and who owns consignment stock
- [ ] Study receipt, issue, transfer posting, stock transfer and physical inventory as the events that change stock

### Expected Result
- Explains which stock types can be issued
- States the owner of consignment stock

**Evidence:** Notes

**Deliverable:** Study notes

**Assessment:** Instructor checks the notes and asks short oral questions.

### Completion criteria
- Every step is done and the expected result is demonstrated
- Evidence is attached to the issue and the deliverable is in your workbook or document set
- Accounting and integration impact are written down where documents were created
- Actual time is logged against the issue
- Instructor Review is Approved and the status is Completed

**Estimated time:** 3 h

**Next task:** EX-002","Foundation","V01 - SAP Foundation","TOPIC-004","EX-001","3","Level 1 - Foundation","01 Foundation","Foundation","Inventory Management","0","None","L1 - Beginner","0","0","Basic MM","","Workbook","","Not system specific","Study notes","Notes","","","Pending"
"EX-002","EX-002","Practical Exercise","Normal","[EX-002] Stock card exercise","**Objective:** Stock card exercise

**Business Scenario:** A storekeeper keeps a manual stock card for one material for a month.

**Prerequisites:** THY-006

**Concepts:** Stock; Unrestricted stock; Quality inspection stock; Blocked stock; Plant stock; Storage location stock; Batch stock; Special stock; Consignment stock; Stock transfer; Goods receipt; Goods issue; Transfer posting; Physical inventory

**Environment:** Workbook

### Steps
- [ ] Post twenty workbook events to a stock card by stock type and storage location
- [ ] Calculate the closing stock
- [ ] Compare with the counted quantity and explain the difference

### Expected Result
- Closing stock by type and location is correct
- Difference is explained

**Evidence:** Worked result + screenshots

**Deliverable:** Completed stock card

**Assessment:** Instructor checks the worked result.

### Completion criteria
- Every step is done and the expected result is demonstrated
- Evidence is attached to the issue and the deliverable is in your workbook or document set
- Accounting and integration impact are written down where documents were created
- Actual time is logged against the issue
- Instructor Review is Approved and the status is Completed

**Estimated time:** 2 h

**Next task:** Last task of this topic","Foundation","V01 - SAP Foundation","TOPIC-004","THY-006","2","Level 1 - Foundation","01 Foundation","Foundation","Inventory Management","0","None","L1 - Beginner","0","0","Basic MM","","Workbook","","Not system specific","Completed stock card","Worked result + screenshots","A storekeeper keeps a manual stock card for one material for a month.","","Pending"
"TOPIC-005","TOPIC-005","Topic","Normal","[TOPIC-005] Accounting Basics for MM","**Topics:** Asset; Liability; Expense; Revenue; Inventory value; GR/IR; Accounts payable; General ledger; Cost center; Profit center; Purchase price; Material valuation; Consumption posting; Why MM transactions create FI accounting documents

**Transaction codes:** None

**Fiori apps:** None listed

**Environment:** Workbook

**Tasks:** 3, 8 estimated hours.

- THY-007 Accounts, debit and credit for procurement people
- THY-008 Why MM transactions create accounting documents
- EX-003 Journal entries for a purchase cycle","Foundation","V01 - SAP Foundation","MOD-01","","","Level 1 - Foundation","01 Foundation","Foundation","Procure to Pay","","FI","","","","Basic MM","","Workbook","","Not system specific","","","","",""
"THY-007","THY-007","Theory","Normal","[THY-007] Accounts, debit and credit for procurement people","**Objective:** Accounts, debit and credit for procurement people

**Prerequisites:** EX-002

**Concepts:** Asset; Liability; Expense; Revenue; Inventory value; GR/IR; Accounts payable; General ledger; Cost center; Profit center; Purchase price; Material valuation; Consumption posting; Why MM transactions create FI accounting documents

**Environment:** Workbook

### Steps
- [ ] Study asset, liability, expense and revenue and the debit and credit rule
- [ ] Study the general ledger, accounts payable as a subledger, cost centre and profit centre
- [ ] Study inventory as an asset and consumption as an expense

### Expected Result
- Classifies twenty accounts
- Explains why stock is an asset and consumption an expense

**Evidence:** Notes

**Deliverable:** Study notes

**Assessment:** Instructor checks the notes and asks short oral questions.

### Completion criteria
- Every step is done and the expected result is demonstrated
- Evidence is attached to the issue and the deliverable is in your workbook or document set
- Accounting and integration impact are written down where documents were created
- Actual time is logged against the issue
- Instructor Review is Approved and the status is Completed

**Estimated time:** 3 h

**Next task:** THY-008","Foundation","V01 - SAP Foundation","TOPIC-005","EX-002","3","Level 1 - Foundation","01 Foundation","Foundation","Procure to Pay","0","FI","L1 - Beginner","0","0","Basic MM","","Workbook","","Not system specific","Study notes","Notes","","","Pending"
"THY-008","THY-008","Theory","Normal","[THY-008] Why MM transactions create accounting documents","**Objective:** Why MM transactions create accounting documents

**Prerequisites:** THY-007

**Concepts:** Asset; Liability; Expense; Revenue; Inventory value; GR/IR; Accounts payable; General ledger; Cost center; Profit center; Purchase price; Material valuation; Consumption posting; Why MM transactions create FI accounting documents

**Environment:** Workbook

### Steps
- [ ] Study what a goods receipt does to inventory value
- [ ] Study the GR/IR clearing account as the bridge between goods receipt and invoice
- [ ] Study what the invoice does to the supplier liability and what payment does
- [ ] Study purchase price and material valuation at concept level

### Expected Result
- Writes the entries for goods receipt, invoice and payment of one purchase
- Explains when GR/IR has a balance

**Evidence:** Notes

**Deliverable:** Study notes

**Assessment:** Instructor checks the notes and asks short oral questions.

### Completion criteria
- Every step is done and the expected result is demonstrated
- Evidence is attached to the issue and the deliverable is in your workbook or document set
- Accounting and integration impact are written down where documents were created
- Actual time is logged against the issue
- Instructor Review is Approved and the status is Completed

**Estimated time:** 2 h

**Next task:** EX-003","Foundation","V01 - SAP Foundation","TOPIC-005","THY-007","2","Level 1 - Foundation","01 Foundation","Foundation","Procure to Pay","0","FI","L1 - Beginner","0","0","Basic MM","","Workbook","","Not system specific","Study notes","Notes","","","Pending"
"EX-003","EX-003","Practical Exercise","Normal","[EX-003] Journal entries for a purchase cycle","**Objective:** Journal entries for a purchase cycle

**Business Scenario:** A trainee accountant must book ten purchases by hand before seeing them in SAP.

**Prerequisites:** THY-008

**Concepts:** Asset; Liability; Expense; Revenue; Inventory value; GR/IR; Accounts payable; General ledger; Cost center; Profit center; Purchase price; Material valuation; Consumption posting; Why MM transactions create FI accounting documents

**Environment:** Workbook

### Steps
- [ ] For ten workbook cases write the entries for goods receipt, invoice, payment, return and consumption to a cost centre
- [ ] Show the GR/IR balance after each step

### Expected Result
- At least nine of ten cases are correct
- GR/IR is zero where receipt and invoice match

**Evidence:** Worked result + screenshots

**Deliverable:** Worked journal entries

**Assessment:** Instructor checks the worked result.

### Completion criteria
- Every step is done and the expected result is demonstrated
- Evidence is attached to the issue and the deliverable is in your workbook or document set
- Accounting and integration impact are written down where documents were created
- Actual time is logged against the issue
- Instructor Review is Approved and the status is Completed

**Estimated time:** 3 h

**Next task:** Last task of this topic","Foundation","V01 - SAP Foundation","TOPIC-005","THY-008","3","Level 1 - Foundation","01 Foundation","Foundation","Procure to Pay","0","FI","L1 - Beginner","0","0","Basic MM","","Workbook","","Not system specific","Worked journal entries","Worked result + screenshots","A trainee accountant must book ten purchases by hand before seeing them in SAP.","","Pending"
"TOPIC-006","TOPIC-006","Topic","Normal","[TOPIC-006] SAP Navigation: GUI and Fiori","**Topics:** SAP GUI; SAP Fiori; SAP navigation; Easy Access menu; Transaction codes; Sessions; Favourites; Help; Document display

**Transaction codes:** ME23N; MMBE; MM03; MB03; SU3

**Fiori apps:** My Home; App Finder; Manage Purchase Orders; Stock - Single Material

**Environment:** SAP S/4HANA Training System

**Tasks:** 3, 9 estimated hours.

- EX-004 Access the training system
- EX-005 SAP GUI and Fiori navigation for materials management
- MM-LAB-001 Complete Procure-to-Pay","Foundation","V01 - SAP Foundation","MOD-01","","","Level 1 - Foundation","01 Foundation","Foundation","None","","None","","","","Basic MM","","SAP S/4HANA Training System","S/4HANA (ECC differences noted)","ECC and S/4HANA","","","","ME23N; MMBE; MM03; MB03; SU3",""
"EX-004","EX-004","Practical Exercise","Normal","[EX-004] Access the training system","**Objective:** Access the training system

**Prerequisites:** EX-003

**Concepts:** SAP GUI; SAP Fiori; SAP navigation; Easy Access menu; Transaction codes; Sessions; Favourites; Help; Document display

**Fiori apps:** My Home; App Finder; Manage Purchase Orders; Stock - Single Material

**Environment:** SAP S/4HANA Training System

### Steps
- [ ] Obtain access to an S/4HANA training or practice system
- [ ] Log on with SAP GUI and the Fiori launchpad
- [ ] Record system, client, release and user
- [ ] Change the initial password and maintain user defaults

### Expected Result
- Logon works by both interfaces
- System details are recorded

**Evidence:** Worked result + screenshots

**Deliverable:** Exercise sheet

**Assessment:** Instructor checks the worked result.

### Completion criteria
- Every step is done and the expected result is demonstrated
- Evidence is attached to the issue and the deliverable is in your workbook or document set
- Accounting and integration impact are written down where documents were created
- Actual time is logged against the issue
- Instructor Review is Approved and the status is Completed

**Estimated time:** 2 h

**Next task:** EX-005","Foundation","V01 - SAP Foundation","TOPIC-006","EX-003","2","Level 1 - Foundation","01 Foundation","Foundation","None","0","None","L1 - Beginner","0","0","Basic MM","","SAP S/4HANA Training System","S/4HANA (ECC differences noted)","ECC and S/4HANA","Exercise sheet","Worked result + screenshots","","","Pending"
"EX-005","EX-005","Practical Exercise","Normal","[EX-005] SAP GUI and Fiori navigation for materials management","**Objective:** SAP GUI and Fiori navigation for materials management

**Prerequisites:** EX-004

**Concepts:** SAP GUI; SAP Fiori; SAP navigation; Easy Access menu; Transaction codes; Sessions; Favourites; Help; Document display

**Transaction codes:** ME23N; MMBE; MM03 (SAP GUI; use the Fiori app for the same function where one exists)

**Fiori apps:** My Home; App Finder; Manage Purchase Orders; Stock - Single Material

**Environment:** SAP S/4HANA Training System

### Steps
- [ ] Navigate the Logistics > Materials Management menu
- [ ] Use the command field with /n and /o and work in two sessions
- [ ] Build favourites for purchasing, inventory and invoice verification
- [ ] Display a purchase order, a material and a stock overview
- [ ] Find the same in Fiori with the app finder
- [ ] Use F1 and F4 help

### Expected Result
- Opens a transaction by menu, code and favourite
- Shows one purchase order in GUI and Fiori

**Evidence:** Worked result + screenshots

**Deliverable:** Exercise sheet

**Assessment:** Instructor checks the worked result.

### Completion criteria
- Every step is done and the expected result is demonstrated
- Evidence is attached to the issue and the deliverable is in your workbook or document set
- Accounting and integration impact are written down where documents were created
- Actual time is logged against the issue
- Instructor Review is Approved and the status is Completed

**Estimated time:** 3 h

**Next task:** MM-LAB-001","Foundation","V01 - SAP Foundation","TOPIC-006","EX-004","3","Level 1 - Foundation","01 Foundation","Foundation","None","0","None","L1 - Beginner","0","0","Basic MM","","SAP S/4HANA Training System","S/4HANA (ECC differences noted)","ECC and S/4HANA","Exercise sheet","Worked result + screenshots","","ME23N; MMBE; MM03","Pending"
"MM-LAB-001","MM-LAB-001","Business Process Lab","Normal","[MM-LAB-001] Complete Procure-to-Pay","**LAB ID:** MM-LAB-001

**Title:** Complete Procure-to-Pay

**Objective:** Execute the business process - Complete Procure-to-Pay - and validate documents, stock and accounting.

**Business Scenario:** A manufacturing company requires raw material from an approved supplier. This first run follows the instructor's step sheet in the prepared organization so that the whole flow is seen once before each part is studied.

**Prerequisites:** EX-005

**Required Configuration:** Prepared by the instructor: plant, storage location, purchasing organization and group, open posting period, account determination

**Master Data:** One raw material and one supplier, created by the student from the step sheet

**Transaction codes:** MM01; BP; ME51N; ME21N; MIGO; MIRO; FB03 (SAP GUI; use the Fiori app for the same function where one exists)

**Fiori apps:** My Home; App Finder; Manage Purchase Orders; Stock - Single Material

### Procedure
- [ ] Create the raw material with purchasing and accounting views
- [ ] Create the supplier as a business partner
- [ ] Create a purchase requisition
- [ ] Convert it to a purchase order
- [ ] Post the goods receipt
- [ ] Post the invoice receipt
- [ ] Display the purchase order history, the material document and both accounting documents

### Expected Result
- Purchase order history shows goods receipt and invoice
- Stock increased by the received quantity
- Two accounting documents exist

**Accounting Impact:** Goods receipt: inventory debit, GR/IR clearing credit. Invoice: GR/IR clearing debit, input tax debit, supplier credit.

**Integration Impact:** MM to FI through the material and invoice documents

**Troubleshooting:** Read the full message with its number. Check master data, then configuration, then authorization, then integration. Record each error and its cause in your issue log. If stuck for more than 30 minutes, set the status to Blocked and describe the blocker.

**Validation:** Display the documents created (purchasing document history, material document, accounting document, stock) and compare them with the expected result.

**Evidence:** Document numbers + screenshots

**Deliverable:** Step sheet with all document numbers

**Assessment:** Instructor verifies the expected result from the documents and may ask for a live demonstration.

### Completion criteria
- Every step is done and the expected result is demonstrated
- Evidence is attached to the issue and the deliverable is in your workbook or document set
- Accounting and integration impact are written down where documents were created
- Actual time is logged against the issue
- Instructor Review is Approved and the status is Completed

**Estimated time:** 4 h

**Next task:** Last task of this topic","Foundation","V01 - SAP Foundation","TOPIC-006","EX-005","4","Level 1 - Foundation","01 Foundation","Foundation","None","1","None","L1 - Beginner","1","0","Basic MM","","SAP S/4HANA Training System","S/4HANA (ECC differences noted)","ECC and S/4HANA","Step sheet with all document numbers","Document numbers + screenshots","A manufacturing company requires raw material from an approved supplier. This first run follows the instructor's step sheet in the prepared organization so that the whole flow is seen once before each part is studied.","MM01; BP; ME51N; ME21N; MIGO; MIRO; FB03","Pending"
"TOPIC-007","TOPIC-007","Topic","Normal","[TOPIC-007] MM Document Flow","**Topics:** Purchase requisition; RFQ; Quotation; Purchase order; Goods receipt; Material document; Accounting document; Invoice receipt; Supplier payment; For each document: what is generated, why, which module owns it, what data changes, what accounting impact occurs, how to troubleshoot it

**Transaction codes:** ME23N; MB03; FB03; MIR4

**Fiori apps:** None listed

**Environment:** SAP S/4HANA Training System

**Tasks:** 3, 7 estimated hours.

- THY-009 The MM document flow
- EX-006 Document-flow exercise 1: trace the first purchase
- ASM-001 Foundation assessment: SAP basics, procurement basics and accounting basics","Foundation","V01 - SAP Foundation","MOD-01","","","Level 1 - Foundation","01 Foundation","Foundation","Procure to Pay","","FI","","","","Basic MM","","SAP S/4HANA Training System","S/4HANA (ECC differences noted)","ECC and S/4HANA","","","","ME23N; MB03; FB03; MIR4",""
"THY-009","THY-009","Theory","Normal","[THY-009] The MM document flow","**Objective:** The MM document flow

**Prerequisites:** MM-LAB-001

**Concepts:** Purchase requisition; RFQ; Quotation; Purchase order; Goods receipt; Material document; Accounting document; Invoice receipt; Supplier payment; For each document: what is generated, why, which module owns it, what data changes, what accounting impact occurs, how to troubleshoot it

**Environment:** SAP S/4HANA Training System

### Steps
- [ ] Study the chain requisition, request for quotation, quotation, purchase order, goods receipt, material document, accounting document, invoice receipt, accounting document, supplier payment
- [ ] For each note the owning module, the data changed and the accounting impact

### Expected Result
- Completes the document-flow table for all ten documents

**Evidence:** Notes

**Deliverable:** Study notes

**Assessment:** Instructor checks the notes and asks short oral questions.

### Completion criteria
- Every step is done and the expected result is demonstrated
- Evidence is attached to the issue and the deliverable is in your workbook or document set
- Accounting and integration impact are written down where documents were created
- Actual time is logged against the issue
- Instructor Review is Approved and the status is Completed

**Estimated time:** 2 h

**Next task:** EX-006","Foundation","V01 - SAP Foundation","TOPIC-007","MM-LAB-001","2","Level 1 - Foundation","01 Foundation","Foundation","Procure to Pay","0","FI","L1 - Beginner","0","0","Basic MM","","SAP S/4HANA Training System","S/4HANA (ECC differences noted)","ECC and S/4HANA","Study notes","Notes","","","Pending"
"EX-006","EX-006","Practical Exercise","Normal","[EX-006] Document-flow exercise 1: trace the first purchase","**Objective:** Document-flow exercise 1: trace the first purchase

**Business Scenario:** An auditor asks for every document behind one purchase.

**Prerequisites:** THY-009

**Concepts:** Purchase requisition; RFQ; Quotation; Purchase order; Goods receipt; Material document; Accounting document; Invoice receipt; Supplier payment; For each document: what is generated, why, which module owns it, what data changes, what accounting impact occurs, how to troubleshoot it

**Transaction codes:** ME23N; MB03; FB03; MIR4 (SAP GUI; use the Fiori app for the same function where one exists)

**Environment:** SAP S/4HANA Training System

### Steps
- [ ] Start from the purchase order of the first lab
- [ ] Use the purchase order history to reach the material document and the invoice
- [ ] From each reach the accounting document
- [ ] Draw the flow with numbers, owner module, data changed and accounting impact

### Expected Result
- Flow diagram has every document number
- Accounting impact is stated for each

**Evidence:** Worked result + screenshots

**Deliverable:** Document-flow diagram

**Assessment:** Instructor checks the worked result.

### Completion criteria
- Every step is done and the expected result is demonstrated
- Evidence is attached to the issue and the deliverable is in your workbook or document set
- Accounting and integration impact are written down where documents were created
- Actual time is logged against the issue
- Instructor Review is Approved and the status is Completed

**Estimated time:** 2 h

**Next task:** ASM-001","Foundation","V01 - SAP Foundation","TOPIC-007","THY-009","2","Level 1 - Foundation","01 Foundation","Foundation","Procure to Pay","0","FI","L1 - Beginner","0","0","Basic MM","","SAP S/4HANA Training System","S/4HANA (ECC differences noted)","ECC and S/4HANA","Document-flow diagram","Worked result + screenshots","An auditor asks for every document behind one purchase.","ME23N; MB03; FB03; MIR4","Pending"
"ASM-001","ASM-001","Assessment","High","[ASM-001] Foundation assessment: SAP basics, procurement basics and accounting basics","**Objective:** Foundation assessment: SAP basics, procurement basics and accounting basics

**Prerequisites:** EX-006

**Concepts:** Purchase requisition; RFQ; Quotation; Purchase order; Goods receipt; Material document; Accounting document; Invoice receipt; Supplier payment; For each document: what is generated, why, which module owns it, what data changes, what accounting impact occurs, how to troubleshoot it

**Environment:** SAP S/4HANA Training System

### Steps
- [ ] Answer the three question sets and solve two paper cases

### Expected Result
- Score of 70 or higher

**Evidence:** Scored result

**Deliverable:** Scored assessment

**Assessment:** Scored 0-100 in the Score field. Pass mark 70.

### Completion criteria
- Every step is done and the expected result is demonstrated
- Evidence is attached to the issue and the deliverable is in your workbook or document set
- Accounting and integration impact are written down where documents were created
- Actual time is logged against the issue
- Instructor Review is Approved and the status is Completed

**Estimated time:** 3 h

**Next task:** Last task of this topic","Foundation","V01 - SAP Foundation","TOPIC-007","EX-006","3","Level 1 - Foundation","01 Foundation","Foundation","Procure to Pay","0","FI","L1 - Beginner","0","1","Basic MM","","SAP S/4HANA Training System","S/4HANA (ECC differences noted)","ECC and S/4HANA","Scored assessment","Scored result","","","Pending"
"REVIEW-01","REVIEW-01","Review","High","[REVIEW-01] Module 01 gate review","**Objective:** Confirm that module 01 (Foundation) is complete.

### Checklist
- [ ] Every issue of the module is Completed
- [ ] Evidence is attached to every issue
- [ ] Time is logged
- [ ] Assessment score is 70 or higher
- [ ] Configuration workbook, master-data workbook and issue log are up to date

**Assessment:** Instructor confirms the checklist and records the gate decision.

**Estimated time:** 1 h","","V01 - SAP Foundation","MOD-01","THY-002, THY-004, EX-001, EX-002, EX-003, MM-LAB-001, ASM-001","1","Level 1 - Foundation","01 Foundation","","","0","","","0","1","","","","","","Gate decision","Instructor sign-off","","","Pending"
"MOD-02","MOD-02","Module","Normal","[MOD-02] 02 Organizational Structure","Module 02 of 42. Level 2 - SAP MM Core. Version: V02 - MM Core.

Topics: 1. Estimated hours: 19.

- TOPIC-008 SAP MM Organizational Structure

The module closes with the gate review REVIEW-02.","","V02 - MM Core","EPIC","","","Level 2 - SAP MM Core","02 Organizational Structure","","","","","","","","","","","","","","","","",""
"TOPIC-008","TOPIC-008","Topic","Normal","[TOPIC-008] SAP MM Organizational Structure","**Topics:** Client; Company; Company code; Plant; Storage location; Purchasing organization; Purchasing group; Valuation area; Assignment relationships; Organizational models

**Transaction codes:** OX15; OX02; OX10; OX09; OX08; OME4; OX18; OX01; OX17; OMSY; OMWM

**Fiori apps:** None listed

**Environment:** SAP S/4HANA Training System

**Tasks:** 8, 18 estimated hours.

- THY-010 Organizational units and their meaning
- THY-011 Organizational models for purchasing
- MM-LAB-002 Create company, company code and plant
- MM-LAB-003 Create storage locations
- MM-LAB-004 Create purchasing organization and purchasing groups
- MM-LAB-005 Make the plant ready for materials management
- INC-001 Incident 01: Plant cannot be selected in purchasing
- ASM-002 Organizational structure assessment","Enterprise Structure","V02 - MM Core","MOD-02","","","Level 2 - SAP MM Core","02 Organizational Structure","Enterprise Structure","None","","FI","","","","Basic MM","","SAP S/4HANA Training System","S/4HANA (ECC differences noted)","ECC and S/4HANA","","","","OX15; OX02; OX10; OX09; OX08; OME4; OX18; OX01; OX17; OMSY; OMWM",""
"THY-010","THY-010","Theory","Normal","[THY-010] Organizational units and their meaning","**Objective:** Organizational units and their meaning

**Prerequisites:** ASM-001

**Concepts:** Client; Company; Company code; Plant; Storage location; Purchasing organization; Purchasing group; Valuation area; Assignment relationships; Organizational models

**Environment:** SAP S/4HANA Training System

### Steps
- [ ] Study client, company, company code, plant and storage location as one chain
- [ ] Study purchasing organization and purchasing group as the second chain
- [ ] Study valuation area and why it is the plant
- [ ] Draw both hierarchies

### Expected Result
- Draws Client > Company > Company Code > Plant > Storage Location and Client > Purchasing Organization > Purchasing Group
- Explains what each unit controls

**Evidence:** Notes

**Deliverable:** Study notes

**Assessment:** Instructor checks the notes and asks short oral questions.

### Completion criteria
- Every step is done and the expected result is demonstrated
- Evidence is attached to the issue and the deliverable is in your workbook or document set
- Accounting and integration impact are written down where documents were created
- Actual time is logged against the issue
- Instructor Review is Approved and the status is Completed

**Estimated time:** 3 h

**Next task:** THY-011","Enterprise Structure","V02 - MM Core","TOPIC-008","ASM-001","3","Level 2 - SAP MM Core","02 Organizational Structure","Enterprise Structure","None","0","FI","L2 - Basic","0","0","Basic MM","","SAP S/4HANA Training System","S/4HANA (ECC differences noted)","ECC and S/4HANA","Study notes","Notes","","","Pending"
"THY-011","THY-011","Theory","Normal","[THY-011] Organizational models for purchasing","**Objective:** Organizational models for purchasing

**Prerequisites:** THY-010

**Concepts:** Client; Company; Company code; Plant; Storage location; Purchasing organization; Purchasing group; Valuation area; Assignment relationships; Organizational models

**Environment:** SAP S/4HANA Training System

### Steps
- [ ] Study plant-specific, cross-plant and cross-company-code purchasing and the reference purchasing organization
- [ ] Study when each is chosen and what it means for contracts and conditions

### Expected Result
- Chooses a model for three company descriptions and justifies it

**Evidence:** Notes

**Deliverable:** Study notes

**Assessment:** Instructor checks the notes and asks short oral questions.

### Completion criteria
- Every step is done and the expected result is demonstrated
- Evidence is attached to the issue and the deliverable is in your workbook or document set
- Accounting and integration impact are written down where documents were created
- Actual time is logged against the issue
- Instructor Review is Approved and the status is Completed

**Estimated time:** 2 h

**Next task:** MM-LAB-002","Enterprise Structure","V02 - MM Core","TOPIC-008","THY-010","2","Level 2 - SAP MM Core","02 Organizational Structure","Enterprise Structure","None","0","FI","L2 - Basic","0","0","Basic MM","","SAP S/4HANA Training System","S/4HANA (ECC differences noted)","ECC and S/4HANA","Study notes","Notes","","","Pending"
"MM-LAB-002","MM-LAB-002","Configuration Lab","Normal","[MM-LAB-002] Create company, company code and plant","**LAB ID:** MM-LAB-002

**Title:** Create company, company code and plant

**Objective:** Configure - Create company, company code and plant - and prove it with a test transaction.

**Business Scenario:** Global Manufacturing Corporation opens a legal entity with a manufacturing plant.

**Prerequisites:** THY-011

**Required Configuration:** Country, currency, chart of accounts and fiscal year variant available (copied from the reference company code)

**Master Data:** None

**Transaction codes:** OX15; OX02; OX10; OX18 (SAP GUI; use the Fiori app for the same function where one exists)

### Procedure
- [ ] Define the company
- [ ] Create the company code by copying the reference
- [ ] Define the plant with address and factory calendar
- [ ] Assign the plant to the company code
- [ ] Check the valuation level

### Expected Result
- Plant is assigned to the company code
- Valuation area equals the plant

**Accounting Impact:** Configuration itself posts nothing. Record the accounting document of the test transaction where one is created.

**Integration Impact:** FI: record the documents or data created in the integrated area.

**Troubleshooting:** Read the full message with its number. Check master data, then configuration, then authorization, then integration. Record each error and its cause in your issue log. If stuck for more than 30 minutes, set the status to Blocked and describe the blocker.

**Validation:** Run the test transaction named in the procedure and confirm that the setting takes effect; display the setting again.

**Evidence:** Configuration workbook entry + test document

**Deliverable:** Configuration workbook entry

**Assessment:** Instructor checks the setting, its test document and the documented rationale.

### Completion criteria
- Every step is done and the expected result is demonstrated
- Evidence is attached to the issue and the deliverable is in your workbook or document set
- Accounting and integration impact are written down where documents were created
- Actual time is logged against the issue
- Instructor Review is Approved and the status is Completed

**Estimated time:** 3 h

**Next task:** MM-LAB-003","Enterprise Structure","V02 - MM Core","TOPIC-008","THY-011","3","Level 2 - SAP MM Core","02 Organizational Structure","Enterprise Structure","None","1","FI","L2 - Basic","1","0","Basic MM","","SAP S/4HANA Training System","S/4HANA (ECC differences noted)","ECC and S/4HANA","Configuration workbook entry","Configuration workbook entry + test document","Global Manufacturing Corporation opens a legal entity with a manufacturing plant.","OX15; OX02; OX10; OX18","Pending"
"MM-LAB-003","MM-LAB-003","Configuration Lab","Normal","[MM-LAB-003] Create storage locations","**LAB ID:** MM-LAB-003

**Title:** Create storage locations

**Objective:** Configure - Create storage locations - and prove it with a test transaction.

**Business Scenario:** The plant needs separate stores for raw material, finished goods and quality hold.

**Prerequisites:** MM-LAB-002

**Required Configuration:** This lab is the configuration. Prerequisite: organizational structure of module 02.

**Master Data:** Only the test data named in the procedure.

**Transaction codes:** OX09 (SAP GUI; use the Fiori app for the same function where one exists)

### Procedure
- [ ] Create three storage locations for the plant
- [ ] Record naming convention and purpose

### Expected Result
- Three storage locations exist under the plant

**Accounting Impact:** Configuration itself posts nothing. Record the accounting document of the test transaction where one is created.

**Integration Impact:** FI: record the documents or data created in the integrated area.

**Troubleshooting:** Read the full message with its number. Check master data, then configuration, then authorization, then integration. Record each error and its cause in your issue log. If stuck for more than 30 minutes, set the status to Blocked and describe the blocker.

**Validation:** Run the test transaction named in the procedure and confirm that the setting takes effect; display the setting again.

**Evidence:** Configuration workbook entry + test document

**Deliverable:** Configuration workbook entry

**Assessment:** Instructor checks the setting, its test document and the documented rationale.

### Completion criteria
- Every step is done and the expected result is demonstrated
- Evidence is attached to the issue and the deliverable is in your workbook or document set
- Accounting and integration impact are written down where documents were created
- Actual time is logged against the issue
- Instructor Review is Approved and the status is Completed

**Estimated time:** 2 h

**Next task:** MM-LAB-004","Enterprise Structure","V02 - MM Core","TOPIC-008","MM-LAB-002","2","Level 2 - SAP MM Core","02 Organizational Structure","Enterprise Structure","None","1","FI","L2 - Basic","1","0","Basic MM","","SAP S/4HANA Training System","S/4HANA (ECC differences noted)","ECC and S/4HANA","Configuration workbook entry","Configuration workbook entry + test document","The plant needs separate stores for raw material, finished goods and quality hold.","OX09","Pending"
"MM-LAB-004","MM-LAB-004","Configuration Lab","Normal","[MM-LAB-004] Create purchasing organization and purchasing groups","**LAB ID:** MM-LAB-004

**Title:** Create purchasing organization and purchasing groups

**Objective:** Configure - Create purchasing organization and purchasing groups - and prove it with a test transaction.

**Business Scenario:** Purchasing is centralised for the company code with one buyer group per material family.

**Prerequisites:** MM-LAB-003

**Required Configuration:** This lab is the configuration. Prerequisite: organizational structure of module 02.

**Master Data:** Only the test data named in the procedure.

**Transaction codes:** OX08; OME4; OX01; OX17 (SAP GUI; use the Fiori app for the same function where one exists)

### Procedure
- [ ] Create the purchasing organization
- [ ] Assign it to the company code and to the plant
- [ ] Create three purchasing groups with contact data
- [ ] Record the organizational model chosen and why

### Expected Result
- A purchase order can be started for the plant with the new purchasing organization and group

**Accounting Impact:** Configuration itself posts nothing. Record the accounting document of the test transaction where one is created.

**Integration Impact:** FI: record the documents or data created in the integrated area.

**Troubleshooting:** Read the full message with its number. Check master data, then configuration, then authorization, then integration. Record each error and its cause in your issue log. If stuck for more than 30 minutes, set the status to Blocked and describe the blocker.

**Validation:** Run the test transaction named in the procedure and confirm that the setting takes effect; display the setting again.

**Evidence:** Configuration workbook entry + test document

**Deliverable:** Configuration workbook entry

**Assessment:** Instructor checks the setting, its test document and the documented rationale.

### Completion criteria
- Every step is done and the expected result is demonstrated
- Evidence is attached to the issue and the deliverable is in your workbook or document set
- Accounting and integration impact are written down where documents were created
- Actual time is logged against the issue
- Instructor Review is Approved and the status is Completed

**Estimated time:** 3 h

**Next task:** MM-LAB-005","Enterprise Structure","V02 - MM Core","TOPIC-008","MM-LAB-003","3","Level 2 - SAP MM Core","02 Organizational Structure","Enterprise Structure","None","1","FI","L2 - Basic","1","0","Basic MM","","SAP S/4HANA Training System","S/4HANA (ECC differences noted)","ECC and S/4HANA","Configuration workbook entry","Configuration workbook entry + test document","Purchasing is centralised for the company code with one buyer group per material family.","OX08; OME4; OX01; OX17","Pending"
"MM-LAB-005","MM-LAB-005","Configuration Lab","Normal","[MM-LAB-005] Make the plant ready for materials management","**LAB ID:** MM-LAB-005

**Title:** Make the plant ready for materials management

**Objective:** Configure - Make the plant ready for materials management - and prove it with a test transaction.

**Business Scenario:** Before any material can be created, the new company code must be opened for materials management.

**Prerequisites:** MM-LAB-004

**Required Configuration:** This lab is the configuration. Prerequisite: organizational structure of module 02.

**Master Data:** Only the test data named in the procedure.

**Transaction codes:** OMSY; MMPV; OMJJ (SAP GUI; use the Fiori app for the same function where one exists)

### Procedure
- [ ] Maintain the current period for the company code
- [ ] Check plant parameters for inventory management and negative stocks
- [ ] Check that the valuation area is activated for account determination

### Expected Result
- A material can be created for the plant
- Period is current

**Accounting Impact:** Configuration itself posts nothing. Record the accounting document of the test transaction where one is created.

**Integration Impact:** FI: record the documents or data created in the integrated area.

**Troubleshooting:** Read the full message with its number. Check master data, then configuration, then authorization, then integration. Record each error and its cause in your issue log. If stuck for more than 30 minutes, set the status to Blocked and describe the blocker.

**Validation:** Run the test transaction named in the procedure and confirm that the setting takes effect; display the setting again.

**Evidence:** Configuration workbook entry + test document

**Deliverable:** Configuration workbook entry

**Assessment:** Instructor checks the setting, its test document and the documented rationale.

### Completion criteria
- Every step is done and the expected result is demonstrated
- Evidence is attached to the issue and the deliverable is in your workbook or document set
- Accounting and integration impact are written down where documents were created
- Actual time is logged against the issue
- Instructor Review is Approved and the status is Completed

**Estimated time:** 2 h

**Next task:** INC-001","Enterprise Structure","V02 - MM Core","TOPIC-008","MM-LAB-004","2","Level 2 - SAP MM Core","02 Organizational Structure","Enterprise Structure","None","1","FI","L2 - Basic","1","0","Basic MM","","SAP S/4HANA Training System","S/4HANA (ECC differences noted)","ECC and S/4HANA","Configuration workbook entry","Configuration workbook entry + test document","Before any material can be created, the new company code must be opened for materials management.","OMSY; MMPV; OMJJ","Pending"
"INC-001","INC-001","Troubleshooting Incident","Normal","[INC-001] Incident 01: Plant cannot be selected in purchasing","**Objective:** Incident 01: Plant cannot be selected in purchasing

**Prerequisites:** MM-LAB-005

**Concepts:** Client; Company; Company code; Plant; Storage location; Purchasing organization; Purchasing group; Valuation area; Assignment relationships; Organizational models

**Transaction codes:** OX15; OX02; OX10; OX09; OX08; OME4; OX18; OX01; OX17; OMSY; OMWM (SAP GUI; use the Fiori app for the same function where one exists)

**Environment:** SAP S/4HANA Training System

### Steps
- [ ] Problem: record the message number and text, the transaction and the user
- [ ] Business impact: state what cannot be done, who is affected and the deadline
- [ ] Reproduce the error in the training client (instructor-prepared)
- [ ] Check master data
- [ ] Check configuration
- [ ] Check authorization
- [ ] Check integration: periods, accounts, cost objects and the neighbouring module
- [ ] Check documents: history, material and accounting documents, change documents and logs
- [ ] Identify the root cause - where to look: Assignment of purchasing organization to plant and plant to company code
- [ ] Fix
- [ ] Test: re-run the original transaction
- [ ] Document the RCA

### Expected Result
- The original transaction now works
- Root cause is shown in master data, configuration, authorization or integration
- RCA document covers problem, business impact, checks made, root cause, fix, test and prevention

**Evidence:** RCA document

**Deliverable:** RCA document

**Assessment:** Instructor grades the RCA document against the twelve-step framework.

### Completion criteria
- Every step is done and the expected result is demonstrated
- Evidence is attached to the issue and the deliverable is in your workbook or document set
- Accounting and integration impact are written down where documents were created
- Actual time is logged against the issue
- Instructor Review is Approved and the status is Completed

**Estimated time:** 1 h

**Next task:** ASM-002","Enterprise Structure","V02 - MM Core","TOPIC-008","MM-LAB-005","1","Level 2 - SAP MM Core","02 Organizational Structure","Enterprise Structure","None","0","FI","L2 - Basic","0","0","Basic MM","","SAP S/4HANA Training System","S/4HANA (ECC differences noted)","ECC and S/4HANA","RCA document","RCA document","","OX15; OX02; OX10; OX09; OX08; OME4; OX18; OX01; OX17; OMSY; OMWM","Pending"
"ASM-002","ASM-002","Assessment","High","[ASM-002] Organizational structure assessment","**Objective:** Organizational structure assessment

**Prerequisites:** INC-001

**Concepts:** Client; Company; Company code; Plant; Storage location; Purchasing organization; Purchasing group; Valuation area; Assignment relationships; Organizational models

**Environment:** SAP S/4HANA Training System

### Steps
- [ ] Build and explain an organization for a described company

### Expected Result
- Score of 70 or higher

**Evidence:** Scored result

**Deliverable:** Scored assessment

**Assessment:** Scored 0-100 in the Score field. Pass mark 70.

### Completion criteria
- Every step is done and the expected result is demonstrated
- Evidence is attached to the issue and the deliverable is in your workbook or document set
- Accounting and integration impact are written down where documents were created
- Actual time is logged against the issue
- Instructor Review is Approved and the status is Completed

**Estimated time:** 2 h

**Next task:** Last task of this topic","Enterprise Structure","V02 - MM Core","TOPIC-008","INC-001","2","Level 2 - SAP MM Core","02 Organizational Structure","Enterprise Structure","None","0","FI","L2 - Basic","0","1","Basic MM","","SAP S/4HANA Training System","S/4HANA (ECC differences noted)","ECC and S/4HANA","Scored assessment","Scored result","","","Pending"
"REVIEW-02","REVIEW-02","Review","High","[REVIEW-02] Module 02 gate review","**Objective:** Confirm that module 02 (Organizational Structure) is complete.

### Checklist
- [ ] Every issue of the module is Completed
- [ ] Evidence is attached to every issue
- [ ] Time is logged
- [ ] Assessment score is 70 or higher
- [ ] Configuration workbook, master-data workbook and issue log are up to date

**Assessment:** Instructor confirms the checklist and records the gate decision.

**Estimated time:** 1 h","","V02 - MM Core","MOD-02","ASM-002","1","Level 2 - SAP MM Core","02 Organizational Structure","","","0","","","0","1","","","","","","Gate decision","Instructor sign-off","","","Pending"
"MOD-03","MOD-03","Module","Normal","[MOD-03] 03 Material Master","Module 03 of 42. Level 2 - SAP MM Core. Version: V02 - MM Core.

Topics: 2. Estimated hours: 28.

- TOPIC-009 Material Master Concepts and Configuration
- TOPIC-010 Material Master Labs

The module closes with the gate review REVIEW-03.","","V02 - MM Core","EPIC","","","Level 2 - SAP MM Core","03 Material Master","","","","","","","","","","","","","","","","",""
"TOPIC-009","TOPIC-009","Topic","Normal","[TOPIC-009] Material Master Concepts and Configuration","**Topics:** Material master concept; Material types; Material groups; Number ranges; Industry sector; Field selection; Material status; Internal numbering; External numbering

**Transaction codes:** OMS2; MMNR; OMSR; OMSL; OMS4; OMSF

**Fiori apps:** None listed

**Environment:** SAP S/4HANA Training System

**Tasks:** 4, 11 estimated hours.

- THY-012 The material master: one record, many views
- THY-013 Views and organizational levels of the material
- MM-LAB-006 Configure material types, number ranges and material groups
- MM-LAB-007 Field selection and material status","Material Master","V02 - MM Core","MOD-03","","","Level 2 - SAP MM Core","03 Material Master","Material Master","None","","None","","","","Basic MM","","SAP S/4HANA Training System","S/4HANA (ECC differences noted)","ECC and S/4HANA","","","","OMS2; MMNR; OMSR; OMSL; OMS4; OMSF",""
"THY-012","THY-012","Theory","Normal","[THY-012] The material master: one record, many views","**Objective:** The material master: one record, many views

**Prerequisites:** ASM-002

**Concepts:** Material master concept; Material types; Material groups; Number ranges; Industry sector; Field selection; Material status; Internal numbering; External numbering

**Environment:** SAP S/4HANA Training System

### Steps
- [ ] Study why one material number serves purchasing, planning, stores, sales and accounting
- [ ] Study industry sector and material type and what the type controls: views, number range, valuation, quantity and value update
- [ ] Study the standard types for raw materials, semi-finished, finished, trading goods, consumables and services

### Expected Result
- Explains what the material type controls
- Names the type for six example materials

**Evidence:** Notes

**Deliverable:** Study notes

**Assessment:** Instructor checks the notes and asks short oral questions.

### Completion criteria
- Every step is done and the expected result is demonstrated
- Evidence is attached to the issue and the deliverable is in your workbook or document set
- Accounting and integration impact are written down where documents were created
- Actual time is logged against the issue
- Instructor Review is Approved and the status is Completed

**Estimated time:** 3 h

**Next task:** THY-013","Material Master","V02 - MM Core","TOPIC-009","ASM-002","3","Level 2 - SAP MM Core","03 Material Master","Material Master","None","0","None","L2 - Basic","0","0","Basic MM","","SAP S/4HANA Training System","S/4HANA (ECC differences noted)","ECC and S/4HANA","Study notes","Notes","","","Pending"
"THY-013","THY-013","Theory","Normal","[THY-013] Views and organizational levels of the material","**Objective:** Views and organizational levels of the material

**Prerequisites:** THY-012

**Concepts:** Material master concept; Material types; Material groups; Number ranges; Industry sector; Field selection; Material status; Internal numbering; External numbering

**Environment:** SAP S/4HANA Training System

### Steps
- [ ] Study basic data, purchasing, MRP, accounting, storage and sales-related views
- [ ] Study which data is client-wide, plant-specific and storage-location-specific
- [ ] Study units of measure: base, order and alternative units with conversion

### Expected Result
- Places twenty fields at the right view and level

**Evidence:** Notes

**Deliverable:** Study notes

**Assessment:** Instructor checks the notes and asks short oral questions.

### Completion criteria
- Every step is done and the expected result is demonstrated
- Evidence is attached to the issue and the deliverable is in your workbook or document set
- Accounting and integration impact are written down where documents were created
- Actual time is logged against the issue
- Instructor Review is Approved and the status is Completed

**Estimated time:** 3 h

**Next task:** MM-LAB-006","Material Master","V02 - MM Core","TOPIC-009","THY-012","3","Level 2 - SAP MM Core","03 Material Master","Material Master","None","0","None","L2 - Basic","0","0","Basic MM","","SAP S/4HANA Training System","S/4HANA (ECC differences noted)","ECC and S/4HANA","Study notes","Notes","","","Pending"
"MM-LAB-006","MM-LAB-006","Configuration Lab","Normal","[MM-LAB-006] Configure material types, number ranges and material groups","**LAB ID:** MM-LAB-006

**Title:** Configure material types, number ranges and material groups

**Objective:** Configure - Configure material types, number ranges and material groups - and prove it with a test transaction.

**Business Scenario:** The company wants its own raw material type with internal numbers and its own material groups.

**Prerequisites:** THY-013

**Required Configuration:** This lab is the configuration. Prerequisite: organizational structure of module 02.

**Master Data:** Only the test data named in the procedure.

**Transaction codes:** OMS2; MMNR; OMSF (SAP GUI; use the Fiori app for the same function where one exists)

### Procedure
- [ ] Copy a standard material type
- [ ] Set quantity and value update for the valuation area
- [ ] Define internal and external number ranges and assign them
- [ ] Create material groups

### Expected Result
- A material of the new type receives a number from the new range

**Accounting Impact:** Configuration itself posts nothing. Record the accounting document of the test transaction where one is created.

**Integration Impact:** None beyond materials management.

**Troubleshooting:** Read the full message with its number. Check master data, then configuration, then authorization, then integration. Record each error and its cause in your issue log. If stuck for more than 30 minutes, set the status to Blocked and describe the blocker.

**Validation:** Run the test transaction named in the procedure and confirm that the setting takes effect; display the setting again.

**Evidence:** Configuration workbook entry + test document

**Deliverable:** Configuration workbook entry

**Assessment:** Instructor checks the setting, its test document and the documented rationale.

### Completion criteria
- Every step is done and the expected result is demonstrated
- Evidence is attached to the issue and the deliverable is in your workbook or document set
- Accounting and integration impact are written down where documents were created
- Actual time is logged against the issue
- Instructor Review is Approved and the status is Completed

**Estimated time:** 3 h

**Next task:** MM-LAB-007","Material Master","V02 - MM Core","TOPIC-009","THY-013","3","Level 2 - SAP MM Core","03 Material Master","Material Master","None","1","None","L2 - Basic","1","0","Basic MM","","SAP S/4HANA Training System","S/4HANA (ECC differences noted)","ECC and S/4HANA","Configuration workbook entry","Configuration workbook entry + test document","The company wants its own raw material type with internal numbers and its own material groups.","OMS2; MMNR; OMSF","Pending"
"MM-LAB-007","MM-LAB-007","Configuration Lab","Normal","[MM-LAB-007] Field selection and material status","**LAB ID:** MM-LAB-007

**Title:** Field selection and material status

**Objective:** Configure - Field selection and material status - and prove it with a test transaction.

**Business Scenario:** Purchasing group must be mandatory and blocked materials must stop purchase orders.

**Prerequisites:** MM-LAB-006

**Required Configuration:** This lab is the configuration. Prerequisite: organizational structure of module 02.

**Master Data:** Only the test data named in the procedure.

**Transaction codes:** OMSR; OMS4 (SAP GUI; use the Fiori app for the same function where one exists)

### Procedure
- [ ] Make a field mandatory through the field reference
- [ ] Define a material status that blocks purchasing with an error
- [ ] Test both

### Expected Result
- Missing field stops saving
- Blocked material cannot be ordered

**Accounting Impact:** Configuration itself posts nothing. Record the accounting document of the test transaction where one is created.

**Integration Impact:** None beyond materials management.

**Troubleshooting:** Read the full message with its number. Check master data, then configuration, then authorization, then integration. Record each error and its cause in your issue log. If stuck for more than 30 minutes, set the status to Blocked and describe the blocker.

**Validation:** Run the test transaction named in the procedure and confirm that the setting takes effect; display the setting again.

**Evidence:** Configuration workbook entry + test document

**Deliverable:** Configuration workbook entry

**Assessment:** Instructor checks the setting, its test document and the documented rationale.

### Completion criteria
- Every step is done and the expected result is demonstrated
- Evidence is attached to the issue and the deliverable is in your workbook or document set
- Accounting and integration impact are written down where documents were created
- Actual time is logged against the issue
- Instructor Review is Approved and the status is Completed

**Estimated time:** 2 h

**Next task:** Last task of this topic","Material Master","V02 - MM Core","TOPIC-009","MM-LAB-006","2","Level 2 - SAP MM Core","03 Material Master","Material Master","None","1","None","L2 - Basic","1","0","Basic MM","","SAP S/4HANA Training System","S/4HANA (ECC differences noted)","ECC and S/4HANA","Configuration workbook entry","Configuration workbook entry + test document","Purchasing group must be mandatory and blocked materials must stop purchase orders.","OMSR; OMS4","Pending"
"TOPIC-010","TOPIC-010","Topic","Normal","[TOPIC-010] Material Master Labs","**Topics:** Raw materials; Semi-finished materials; Finished products; Trading goods; Consumables; Services; Purchasing data; MRP data; Accounting data; Storage data; Sales-related views; Batch management; Serial number concepts

**Transaction codes:** MM01; MM02; MM03; MM60; MMBE; MM06; MSC1N

**Fiori apps:** Manage Product Master Data

**Environment:** SAP S/4HANA Training System

**Tasks:** 9, 16 estimated hours.

- MM-LAB-008 Create a raw material
- MM-LAB-009 Create a finished product and a semi-finished material
- MM-LAB-010 Create a trading material
- MM-LAB-011 Create a consumable material
- MM-LAB-012 Create a batch-managed material
- EX-007 Extend, change, flag for deletion and list materials
- INC-002 Incident 02: Material cannot be ordered: view or plant missing
- INC-003 Incident 03: Wrong unit of measure conversion in a purchase order
- ASM-003 Material master assessment","Material Master","V02 - MM Core","MOD-03","","","Level 2 - SAP MM Core","03 Material Master","Material Master","None","","None","","","","Basic MM","","SAP S/4HANA Training System","S/4HANA (ECC differences noted)","ECC and S/4HANA","","","","MM01; MM02; MM03; MM60; MMBE; MM06; MSC1N",""
"MM-LAB-008","MM-LAB-008","Business Process Lab","Normal","[MM-LAB-008] Create a raw material","**LAB ID:** MM-LAB-008

**Title:** Create a raw material

**Objective:** Execute the business process - Create a raw material - and validate documents, stock and accounting.

**Business Scenario:** A new steel grade is approved for purchase and stock.

**Prerequisites:** MM-LAB-007

**Required Configuration:** Organizational structure, document types and account determination as configured in the earlier modules of this client.

**Master Data:** Created in these labs and recorded in the master-data workbook

**Transaction codes:** MM01 (SAP GUI; use the Fiori app for the same function where one exists)

**Fiori apps:** Manage Product Master Data

### Procedure
- [ ] Create the material with basic data, purchasing, MRP, storage and accounting views for the plant and storage location
- [ ] Set purchasing group, valuation class and price control

### Expected Result
- Material can be used in a purchase order

**Accounting Impact:** None at creation; the valuation class decides the accounts of later movements

**Integration Impact:** None beyond materials management.

**Troubleshooting:** Read the full message with its number. Check master data, then configuration, then authorization, then integration. Record each error and its cause in your issue log. If stuck for more than 30 minutes, set the status to Blocked and describe the blocker.

**Validation:** Display the documents created (purchasing document history, material document, accounting document, stock) and compare them with the expected result.

**Evidence:** Document numbers + screenshots

**Deliverable:** Process sheet with document numbers

**Assessment:** Instructor verifies the expected result from the documents and may ask for a live demonstration.

### Completion criteria
- Every step is done and the expected result is demonstrated
- Evidence is attached to the issue and the deliverable is in your workbook or document set
- Accounting and integration impact are written down where documents were created
- Actual time is logged against the issue
- Instructor Review is Approved and the status is Completed

**Estimated time:** 2 h

**Next task:** MM-LAB-009","Material Master","V02 - MM Core","TOPIC-010","MM-LAB-007","2","Level 2 - SAP MM Core","03 Material Master","Material Master","None","0","None","L2 - Basic","1","0","Basic MM","","SAP S/4HANA Training System","S/4HANA (ECC differences noted)","ECC and S/4HANA","Process sheet with document numbers","Document numbers + screenshots","A new steel grade is approved for purchase and stock.","MM01","Pending"
"MM-LAB-009","MM-LAB-009","Business Process Lab","Normal","[MM-LAB-009] Create a finished product and a semi-finished material","**LAB ID:** MM-LAB-009

**Title:** Create a finished product and a semi-finished material

**Objective:** Execute the business process - Create a finished product and a semi-finished material - and validate documents, stock and accounting.

**Business Scenario:** Production needs the product structure in the system.

**Prerequisites:** MM-LAB-008

**Required Configuration:** Organizational structure, document types and account determination as configured in the earlier modules of this client.

**Master Data:** Created in these labs and recorded in the master-data workbook

**Transaction codes:** MM01 (SAP GUI; use the Fiori app for the same function where one exists)

**Fiori apps:** Manage Product Master Data

### Procedure
- [ ] Create both with basic data, MRP, storage, accounting and for the finished product the sales views
- [ ] Note which views differ from the raw material and why

### Expected Result
- Both materials exist with the right valuation classes

**Accounting Impact:** Display every accounting document created and write its debit and credit lines; where none is created, state why.

**Integration Impact:** None beyond materials management.

**Troubleshooting:** Read the full message with its number. Check master data, then configuration, then authorization, then integration. Record each error and its cause in your issue log. If stuck for more than 30 minutes, set the status to Blocked and describe the blocker.

**Validation:** Display the documents created (purchasing document history, material document, accounting document, stock) and compare them with the expected result.

**Evidence:** Document numbers + screenshots

**Deliverable:** Process sheet with document numbers

**Assessment:** Instructor verifies the expected result from the documents and may ask for a live demonstration.

### Completion criteria
- Every step is done and the expected result is demonstrated
- Evidence is attached to the issue and the deliverable is in your workbook or document set
- Accounting and integration impact are written down where documents were created
- Actual time is logged against the issue
- Instructor Review is Approved and the status is Completed

**Estimated time:** 2 h

**Next task:** MM-LAB-010","Material Master","V02 - MM Core","TOPIC-010","MM-LAB-008","2","Level 2 - SAP MM Core","03 Material Master","Material Master","None","0","None","L2 - Basic","1","0","Basic MM","","SAP S/4HANA Training System","S/4HANA (ECC differences noted)","ECC and S/4HANA","Process sheet with document numbers","Document numbers + screenshots","Production needs the product structure in the system.","MM01","Pending"
"MM-LAB-010","MM-LAB-010","Business Process Lab","Normal","[MM-LAB-010] Create a trading material","**LAB ID:** MM-LAB-010

**Title:** Create a trading material

**Objective:** Execute the business process - Create a trading material - and validate documents, stock and accounting.

**Business Scenario:** A bought-in spare part is resold without processing.

**Prerequisites:** MM-LAB-009

**Required Configuration:** Organizational structure, document types and account determination as configured in the earlier modules of this client.

**Master Data:** Created in these labs and recorded in the master-data workbook

**Transaction codes:** MM01 (SAP GUI; use the Fiori app for the same function where one exists)

**Fiori apps:** Manage Product Master Data

### Procedure
- [ ] Create with purchasing, sales and accounting views
- [ ] Maintain order unit different from base unit with conversion

### Expected Result
- Purchase order in the order unit converts to the base unit

**Accounting Impact:** Display every accounting document created and write its debit and credit lines; where none is created, state why.

**Integration Impact:** None beyond materials management.

**Troubleshooting:** Read the full message with its number. Check master data, then configuration, then authorization, then integration. Record each error and its cause in your issue log. If stuck for more than 30 minutes, set the status to Blocked and describe the blocker.

**Validation:** Display the documents created (purchasing document history, material document, accounting document, stock) and compare them with the expected result.

**Evidence:** Document numbers + screenshots

**Deliverable:** Process sheet with document numbers

**Assessment:** Instructor verifies the expected result from the documents and may ask for a live demonstration.

### Completion criteria
- Every step is done and the expected result is demonstrated
- Evidence is attached to the issue and the deliverable is in your workbook or document set
- Accounting and integration impact are written down where documents were created
- Actual time is logged against the issue
- Instructor Review is Approved and the status is Completed

**Estimated time:** 2 h

**Next task:** MM-LAB-011","Material Master","V02 - MM Core","TOPIC-010","MM-LAB-009","2","Level 2 - SAP MM Core","03 Material Master","Material Master","None","0","None","L2 - Basic","1","0","Basic MM","","SAP S/4HANA Training System","S/4HANA (ECC differences noted)","ECC and S/4HANA","Process sheet with document numbers","Document numbers + screenshots","A bought-in spare part is resold without processing.","MM01","Pending"
"MM-LAB-011","MM-LAB-011","Business Process Lab","Normal","[MM-LAB-011] Create a consumable material","**LAB ID:** MM-LAB-011

**Title:** Create a consumable material

**Objective:** Execute the business process - Create a consumable material - and validate documents, stock and accounting.

**Business Scenario:** Office and maintenance supplies are bought for direct consumption.

**Prerequisites:** MM-LAB-010

**Required Configuration:** Organizational structure, document types and account determination as configured in the earlier modules of this client.

**Master Data:** Created in these labs and recorded in the master-data workbook

**Transaction codes:** MM01 (SAP GUI; use the Fiori app for the same function where one exists)

**Fiori apps:** Manage Product Master Data

### Procedure
- [ ] Create one consumable without value update and one with quantity update only
- [ ] Explain what each means for stock and accounting

### Expected Result
- States correctly whether stock quantity and value are kept for each

**Accounting Impact:** Display every accounting document created and write its debit and credit lines; where none is created, state why.

**Integration Impact:** None beyond materials management.

**Troubleshooting:** Read the full message with its number. Check master data, then configuration, then authorization, then integration. Record each error and its cause in your issue log. If stuck for more than 30 minutes, set the status to Blocked and describe the blocker.

**Validation:** Display the documents created (purchasing document history, material document, accounting document, stock) and compare them with the expected result.

**Evidence:** Document numbers + screenshots

**Deliverable:** Process sheet with document numbers

**Assessment:** Instructor verifies the expected result from the documents and may ask for a live demonstration.

### Completion criteria
- Every step is done and the expected result is demonstrated
- Evidence is attached to the issue and the deliverable is in your workbook or document set
- Accounting and integration impact are written down where documents were created
- Actual time is logged against the issue
- Instructor Review is Approved and the status is Completed

**Estimated time:** 2 h

**Next task:** MM-LAB-012","Material Master","V02 - MM Core","TOPIC-010","MM-LAB-010","2","Level 2 - SAP MM Core","03 Material Master","Material Master","None","0","None","L2 - Basic","1","0","Basic MM","","SAP S/4HANA Training System","S/4HANA (ECC differences noted)","ECC and S/4HANA","Process sheet with document numbers","Document numbers + screenshots","Office and maintenance supplies are bought for direct consumption.","MM01","Pending"
"MM-LAB-012","MM-LAB-012","Business Process Lab","Normal","[MM-LAB-012] Create a batch-managed material","**LAB ID:** MM-LAB-012

**Title:** Create a batch-managed material

**Objective:** Execute the business process - Create a batch-managed material - and validate documents, stock and accounting.

**Business Scenario:** A chemical must be traceable by supplier lot and shelf life.

**Prerequisites:** MM-LAB-011

**Required Configuration:** Organizational structure, document types and account determination as configured in the earlier modules of this client.

**Master Data:** Created in these labs and recorded in the master-data workbook

**Transaction codes:** MM01; MSC1N (SAP GUI; use the Fiori app for the same function where one exists)

**Fiori apps:** Manage Product Master Data

### Procedure
- [ ] Create the material with batch management and shelf-life data
- [ ] Create a batch manually
- [ ] Study serial number profiles at concept level

### Expected Result
- Material requires a batch in a goods movement

**Accounting Impact:** Display every accounting document created and write its debit and credit lines; where none is created, state why.

**Integration Impact:** None beyond materials management.

**Troubleshooting:** Read the full message with its number. Check master data, then configuration, then authorization, then integration. Record each error and its cause in your issue log. If stuck for more than 30 minutes, set the status to Blocked and describe the blocker.

**Validation:** Display the documents created (purchasing document history, material document, accounting document, stock) and compare them with the expected result.

**Evidence:** Document numbers + screenshots

**Deliverable:** Process sheet with document numbers

**Assessment:** Instructor verifies the expected result from the documents and may ask for a live demonstration.

### Completion criteria
- Every step is done and the expected result is demonstrated
- Evidence is attached to the issue and the deliverable is in your workbook or document set
- Accounting and integration impact are written down where documents were created
- Actual time is logged against the issue
- Instructor Review is Approved and the status is Completed

**Estimated time:** 2 h

**Next task:** EX-007","Material Master","V02 - MM Core","TOPIC-010","MM-LAB-011","2","Level 2 - SAP MM Core","03 Material Master","Material Master","None","0","None","L2 - Basic","1","0","Basic MM","","SAP S/4HANA Training System","S/4HANA (ECC differences noted)","ECC and S/4HANA","Process sheet with document numbers","Document numbers + screenshots","A chemical must be traceable by supplier lot and shelf life.","MM01; MSC1N","Pending"
"EX-007","EX-007","Practical Exercise","Normal","[EX-007] Extend, change, flag for deletion and list materials","**Objective:** Extend, change, flag for deletion and list materials

**Prerequisites:** MM-LAB-012

**Concepts:** Raw materials; Semi-finished materials; Finished products; Trading goods; Consumables; Services; Purchasing data; MRP data; Accounting data; Storage data; Sales-related views; Batch management; Serial number concepts

**Transaction codes:** MM01; MM02; MM06; MM60 (SAP GUI; use the Fiori app for the same function where one exists)

**Fiori apps:** Manage Product Master Data

**Environment:** SAP S/4HANA Training System

### Steps
- [ ] Extend a material to a second storage location and plant
- [ ] Change a field and read the change document
- [ ] Set a deletion flag
- [ ] List materials by type

### Expected Result
- Change history shows the change
- Material exists in both plants

**Evidence:** Worked result + screenshots

**Deliverable:** Master-data workbook: materials

**Assessment:** Instructor checks the worked result.

### Completion criteria
- Every step is done and the expected result is demonstrated
- Evidence is attached to the issue and the deliverable is in your workbook or document set
- Accounting and integration impact are written down where documents were created
- Actual time is logged against the issue
- Instructor Review is Approved and the status is Completed

**Estimated time:** 2 h

**Next task:** INC-002","Material Master","V02 - MM Core","TOPIC-010","MM-LAB-012","2","Level 2 - SAP MM Core","03 Material Master","Material Master","None","0","None","L2 - Basic","0","0","Basic MM","","SAP S/4HANA Training System","S/4HANA (ECC differences noted)","ECC and S/4HANA","Master-data workbook: materials","Worked result + screenshots","","MM01; MM02; MM06; MM60","Pending"
"INC-002","INC-002","Troubleshooting Incident","Normal","[INC-002] Incident 02: Material cannot be ordered: view or plant missing","**Objective:** Incident 02: Material cannot be ordered: view or plant missing

**Prerequisites:** EX-007

**Concepts:** Raw materials; Semi-finished materials; Finished products; Trading goods; Consumables; Services; Purchasing data; MRP data; Accounting data; Storage data; Sales-related views; Batch management; Serial number concepts

**Transaction codes:** MM01; MM02; MM03; MM60; MMBE; MM06; MSC1N (SAP GUI; use the Fiori app for the same function where one exists)

**Fiori apps:** Manage Product Master Data

**Environment:** SAP S/4HANA Training System

### Steps
- [ ] Problem: record the message number and text, the transaction and the user
- [ ] Business impact: state what cannot be done, who is affected and the deadline
- [ ] Reproduce the error in the training client (instructor-prepared)
- [ ] Check master data
- [ ] Check configuration
- [ ] Check authorization
- [ ] Check integration: periods, accounts, cost objects and the neighbouring module
- [ ] Check documents: history, material and accounting documents, change documents and logs
- [ ] Identify the root cause - where to look: Purchasing view, plant extension and material status
- [ ] Fix
- [ ] Test: re-run the original transaction
- [ ] Document the RCA

### Expected Result
- The original transaction now works
- Root cause is shown in master data, configuration, authorization or integration
- RCA document covers problem, business impact, checks made, root cause, fix, test and prevention

**Evidence:** RCA document

**Deliverable:** RCA document

**Assessment:** Instructor grades the RCA document against the twelve-step framework.

### Completion criteria
- Every step is done and the expected result is demonstrated
- Evidence is attached to the issue and the deliverable is in your workbook or document set
- Accounting and integration impact are written down where documents were created
- Actual time is logged against the issue
- Instructor Review is Approved and the status is Completed

**Estimated time:** 1 h

**Next task:** INC-003","Material Master","V02 - MM Core","TOPIC-010","EX-007","1","Level 2 - SAP MM Core","03 Material Master","Material Master","None","0","None","L2 - Basic","0","0","Basic MM","","SAP S/4HANA Training System","S/4HANA (ECC differences noted)","ECC and S/4HANA","RCA document","RCA document","","MM01; MM02; MM03; MM60; MMBE; MM06; MSC1N","Pending"
"INC-003","INC-003","Troubleshooting Incident","Normal","[INC-003] Incident 03: Wrong unit of measure conversion in a purchase order","**Objective:** Incident 03: Wrong unit of measure conversion in a purchase order

**Prerequisites:** INC-002

**Concepts:** Raw materials; Semi-finished materials; Finished products; Trading goods; Consumables; Services; Purchasing data; MRP data; Accounting data; Storage data; Sales-related views; Batch management; Serial number concepts

**Transaction codes:** MM01; MM02; MM03; MM60; MMBE; MM06; MSC1N (SAP GUI; use the Fiori app for the same function where one exists)

**Fiori apps:** Manage Product Master Data

**Environment:** SAP S/4HANA Training System

### Steps
- [ ] Problem: record the message number and text, the transaction and the user
- [ ] Business impact: state what cannot be done, who is affected and the deadline
- [ ] Reproduce the error in the training client (instructor-prepared)
- [ ] Check master data
- [ ] Check configuration
- [ ] Check authorization
- [ ] Check integration: periods, accounts, cost objects and the neighbouring module
- [ ] Check documents: history, material and accounting documents, change documents and logs
- [ ] Identify the root cause - where to look: Alternative units and order unit in the material and info record
- [ ] Fix
- [ ] Test: re-run the original transaction
- [ ] Document the RCA

### Expected Result
- The original transaction now works
- Root cause is shown in master data, configuration, authorization or integration
- RCA document covers problem, business impact, checks made, root cause, fix, test and prevention

**Evidence:** RCA document

**Deliverable:** RCA document

**Assessment:** Instructor grades the RCA document against the twelve-step framework.

### Completion criteria
- Every step is done and the expected result is demonstrated
- Evidence is attached to the issue and the deliverable is in your workbook or document set
- Accounting and integration impact are written down where documents were created
- Actual time is logged against the issue
- Instructor Review is Approved and the status is Completed

**Estimated time:** 1 h

**Next task:** ASM-003","Material Master","V02 - MM Core","TOPIC-010","INC-002","1","Level 2 - SAP MM Core","03 Material Master","Material Master","None","0","None","L2 - Basic","0","0","Basic MM","","SAP S/4HANA Training System","S/4HANA (ECC differences noted)","ECC and S/4HANA","RCA document","RCA document","","MM01; MM02; MM03; MM60; MMBE; MM06; MSC1N","Pending"
"ASM-003","ASM-003","Assessment","High","[ASM-003] Material master assessment","**Objective:** Material master assessment

**Prerequisites:** INC-003

**Concepts:** Raw materials; Semi-finished materials; Finished products; Trading goods; Consumables; Services; Purchasing data; MRP data; Accounting data; Storage data; Sales-related views; Batch management; Serial number concepts

**Fiori apps:** Manage Product Master Data

**Environment:** SAP S/4HANA Training System

### Steps
- [ ] Create and correct materials from a requirement sheet

### Expected Result
- Score of 70 or higher

**Evidence:** Scored result

**Deliverable:** Scored assessment

**Assessment:** Scored 0-100 in the Score field. Pass mark 70.

### Completion criteria
- Every step is done and the expected result is demonstrated
- Evidence is attached to the issue and the deliverable is in your workbook or document set
- Accounting and integration impact are written down where documents were created
- Actual time is logged against the issue
- Instructor Review is Approved and the status is Completed

**Estimated time:** 2 h

**Next task:** Last task of this topic","Material Master","V02 - MM Core","TOPIC-010","INC-003","2","Level 2 - SAP MM Core","03 Material Master","Material Master","None","0","None","L2 - Basic","0","1","Basic MM","","SAP S/4HANA Training System","S/4HANA (ECC differences noted)","ECC and S/4HANA","Scored assessment","Scored result","","","Pending"
"REVIEW-03","REVIEW-03","Review","High","[REVIEW-03] Module 03 gate review","**Objective:** Confirm that module 03 (Material Master) is complete.

### Checklist
- [ ] Every issue of the module is Completed
- [ ] Evidence is attached to every issue
- [ ] Time is logged
- [ ] Assessment score is 70 or higher
- [ ] Configuration workbook, master-data workbook and issue log are up to date

**Assessment:** Instructor confirms the checklist and records the gate decision.

**Estimated time:** 1 h","","V02 - MM Core","MOD-03","MM-LAB-007, ASM-003","1","Level 2 - SAP MM Core","03 Material Master","","","0","","","0","1","","","","","","Gate decision","Instructor sign-off","","","Pending"
"MOD-04","MOD-04","Module","Normal","[MOD-04] 04 Business Partner / Supplier","Module 04 of 42. Level 2 - SAP MM Core. Version: V02 - MM Core.

Topics: 2. Estimated hours: 19.

- TOPIC-011 Business Partner and Supplier Master
- TOPIC-012 Supplier Classification, Blocking and Evaluation

The module closes with the gate review REVIEW-04.","","V02 - MM Core","EPIC","","","Level 2 - SAP MM Core","04 Business Partner / Supplier","","","","","","","","","","","","","","","","",""
"TOPIC-011","TOPIC-011","Topic","Normal","[TOPIC-011] Business Partner and Supplier Master","**Topics:** Business Partner; Supplier role; General data; Company code data; Purchasing organization data; Payment terms; Incoterms; Partner functions; Reconciliation account; Account group concepts; Number ranges; ECC vendor master vs S/4HANA Business Partner

**Transaction codes:** BP; BUCF; BUC2; FLVN00; FLVN01; XK03; MK03

**Fiori apps:** Manage Business Partner Master Data; Manage Supplier Master Data

**Environment:** SAP S/4HANA Training System

**Tasks:** 4, 10 estimated hours.

- THY-014 The business partner model and supplier data levels
- MM-LAB-013 Business partner groupings, number ranges and account groups
- MM-LAB-014 Create a supplier as business partner
- MM-LAB-015 Partner functions and a foreign supplier","Supplier Master","V02 - MM Core","MOD-04","","","Level 2 - SAP MM Core","04 Business Partner / Supplier","Supplier Master","None","","FI","","","","Basic MM","","SAP S/4HANA Training System","S/4HANA (ECC differences noted)","ECC and S/4HANA (changed in S/4HANA)","","","","BP; BUCF; BUC2; FLVN00; FLVN01; XK03; MK03",""
"THY-014","THY-014","Theory","Normal","[THY-014] The business partner model and supplier data levels","**Objective:** The business partner model and supplier data levels

**Prerequisites:** ASM-003

**Concepts:** Business Partner; Supplier role; General data; Company code data; Purchasing organization data; Payment terms; Incoterms; Partner functions; Reconciliation account; Account group concepts; Number ranges; ECC vendor master vs S/4HANA Business Partner

**Fiori apps:** Manage Business Partner Master Data; Manage Supplier Master Data

**Environment:** SAP S/4HANA Training System

### Steps
- [ ] Study business partner categories, groupings and roles
- [ ] Study general, company code and purchasing organization data and which fields sit where
- [ ] Study customer-vendor integration
- [ ] Compare with the ECC vendor master and its account groups and transactions

### Expected Result
- Places twenty fields at the right level
- Fills the ECC versus S/4HANA comparison table

**Evidence:** Notes

**Deliverable:** Comparison table: ECC vendor master vs S/4HANA business partner

**Assessment:** Instructor checks the notes and asks short oral questions.

### Completion criteria
- Every step is done and the expected result is demonstrated
- Evidence is attached to the issue and the deliverable is in your workbook or document set
- Accounting and integration impact are written down where documents were created
- Actual time is logged against the issue
- Instructor Review is Approved and the status is Completed

**Estimated time:** 3 h

**Next task:** MM-LAB-013","Supplier Master","V02 - MM Core","TOPIC-011","ASM-003","3","Level 2 - SAP MM Core","04 Business Partner / Supplier","Supplier Master","None","0","FI","L2 - Basic","0","0","Basic MM","","SAP S/4HANA Training System","S/4HANA (ECC differences noted)","ECC and S/4HANA (changed in S/4HANA)","Comparison table: ECC vendor master vs S/4HANA business partner","Notes","","","Pending"
"MM-LAB-013","MM-LAB-013","Configuration Lab","Normal","[MM-LAB-013] Business partner groupings, number ranges and account groups","**LAB ID:** MM-LAB-013

**Title:** Business partner groupings, number ranges and account groups

**Objective:** Configure - Business partner groupings, number ranges and account groups - and prove it with a test transaction.

**Business Scenario:** Domestic and foreign suppliers must get different number ranges.

**Prerequisites:** THY-014

**Required Configuration:** This lab is the configuration. Prerequisite: organizational structure of module 02.

**Master Data:** Only the test data named in the procedure.

**Transaction codes:** BUCF; BUC2 (SAP GUI; use the Fiori app for the same function where one exists)

**Fiori apps:** Manage Business Partner Master Data; Manage Supplier Master Data

### Procedure
- [ ] Define number ranges and groupings
- [ ] Align partner and supplier numbers
- [ ] Review the account groups behind the groupings and their field status

### Expected Result
- A partner created in each grouping receives the right number

**Accounting Impact:** Configuration itself posts nothing. Record the accounting document of the test transaction where one is created.

**Integration Impact:** FI: record the documents or data created in the integrated area.

**Troubleshooting:** Read the full message with its number. Check master data, then configuration, then authorization, then integration. Record each error and its cause in your issue log. If stuck for more than 30 minutes, set the status to Blocked and describe the blocker.

**Validation:** Run the test transaction named in the procedure and confirm that the setting takes effect; display the setting again.

**Evidence:** Configuration workbook entry + test document

**Deliverable:** Configuration workbook entry

**Assessment:** Instructor checks the setting, its test document and the documented rationale.

### Completion criteria
- Every step is done and the expected result is demonstrated
- Evidence is attached to the issue and the deliverable is in your workbook or document set
- Accounting and integration impact are written down where documents were created
- Actual time is logged against the issue
- Instructor Review is Approved and the status is Completed

**Estimated time:** 2 h

**Next task:** MM-LAB-014","Supplier Master","V02 - MM Core","TOPIC-011","THY-014","2","Level 2 - SAP MM Core","04 Business Partner / Supplier","Supplier Master","None","1","FI","L2 - Basic","1","0","Basic MM","","SAP S/4HANA Training System","S/4HANA (ECC differences noted)","ECC and S/4HANA (changed in S/4HANA)","Configuration workbook entry","Configuration workbook entry + test document","Domestic and foreign suppliers must get different number ranges.","BUCF; BUC2","Pending"
"MM-LAB-014","MM-LAB-014","Business Process Lab","Normal","[MM-LAB-014] Create a supplier as business partner","**LAB ID:** MM-LAB-014

**Title:** Create a supplier as business partner

**Objective:** Execute the business process - Create a supplier as business partner - and validate documents, stock and accounting.

**Business Scenario:** A new domestic supplier of raw material is approved.

**Prerequisites:** MM-LAB-013

**Required Configuration:** Organizational structure, document types and account determination as configured in the earlier modules of this client.

**Master Data:** Materials and suppliers from your master-data workbook.

**Transaction codes:** BP (SAP GUI; use the Fiori app for the same function where one exists)

**Fiori apps:** Manage Business Partner Master Data; Manage Supplier Master Data

### Procedure
- [ ] Create an organization with the general role
- [ ] Add the financial accounting supplier role with reconciliation account and payment terms
- [ ] Add the purchasing role with order currency, payment terms, Incoterms and goods-receipt-based invoice verification

### Expected Result
- Supplier can be used in a purchase order and in an invoice

**Accounting Impact:** None at creation; the reconciliation account receives the liability of later invoices

**Integration Impact:** Supplier is one partner for MM and FI

**Troubleshooting:** Read the full message with its number. Check master data, then configuration, then authorization, then integration. Record each error and its cause in your issue log. If stuck for more than 30 minutes, set the status to Blocked and describe the blocker.

**Validation:** Display the documents created (purchasing document history, material document, accounting document, stock) and compare them with the expected result.

**Evidence:** Document numbers + screenshots

**Deliverable:** Process sheet with document numbers

**Assessment:** Instructor verifies the expected result from the documents and may ask for a live demonstration.

### Completion criteria
- Every step is done and the expected result is demonstrated
- Evidence is attached to the issue and the deliverable is in your workbook or document set
- Accounting and integration impact are written down where documents were created
- Actual time is logged against the issue
- Instructor Review is Approved and the status is Completed

**Estimated time:** 3 h

**Next task:** MM-LAB-015","Supplier Master","V02 - MM Core","TOPIC-011","MM-LAB-013","3","Level 2 - SAP MM Core","04 Business Partner / Supplier","Supplier Master","None","0","FI","L2 - Basic","1","0","Basic MM","","SAP S/4HANA Training System","S/4HANA (ECC differences noted)","ECC and S/4HANA (changed in S/4HANA)","Process sheet with document numbers","Document numbers + screenshots","A new domestic supplier of raw material is approved.","BP","Pending"
"MM-LAB-015","MM-LAB-015","Business Process Lab","Normal","[MM-LAB-015] Partner functions and a foreign supplier","**LAB ID:** MM-LAB-015

**Title:** Partner functions and a foreign supplier

**Objective:** Execute the business process - Partner functions and a foreign supplier - and validate documents, stock and accounting.

**Business Scenario:** One supplier orders through a head office, ships from another site and is paid through a third party.

**Prerequisites:** MM-LAB-014

**Required Configuration:** Organizational structure, document types and account determination as configured in the earlier modules of this client.

**Master Data:** Materials and suppliers from your master-data workbook.

**Transaction codes:** BP (SAP GUI; use the Fiori app for the same function where one exists)

**Fiori apps:** Manage Business Partner Master Data; Manage Supplier Master Data

### Procedure
- [ ] Create ordering address, goods supplier and invoicing party partners and assign them as partner functions
- [ ] Create a foreign supplier with foreign currency and Incoterms

### Expected Result
- Purchase order proposes the partners
- Foreign supplier orders in its currency

**Accounting Impact:** Display every accounting document created and write its debit and credit lines; where none is created, state why.

**Integration Impact:** FI: record the documents or data created in the integrated area.

**Troubleshooting:** Read the full message with its number. Check master data, then configuration, then authorization, then integration. Record each error and its cause in your issue log. If stuck for more than 30 minutes, set the status to Blocked and describe the blocker.

**Validation:** Display the documents created (purchasing document history, material document, accounting document, stock) and compare them with the expected result.

**Evidence:** Document numbers + screenshots

**Deliverable:** Process sheet with document numbers

**Assessment:** Instructor verifies the expected result from the documents and may ask for a live demonstration.

### Completion criteria
- Every step is done and the expected result is demonstrated
- Evidence is attached to the issue and the deliverable is in your workbook or document set
- Accounting and integration impact are written down where documents were created
- Actual time is logged against the issue
- Instructor Review is Approved and the status is Completed

**Estimated time:** 2 h

**Next task:** Last task of this topic","Supplier Master","V02 - MM Core","TOPIC-011","MM-LAB-014","2","Level 2 - SAP MM Core","04 Business Partner / Supplier","Supplier Master","None","0","FI","L2 - Basic","1","0","Basic MM","","SAP S/4HANA Training System","S/4HANA (ECC differences noted)","ECC and S/4HANA (changed in S/4HANA)","Process sheet with document numbers","Document numbers + screenshots","One supplier orders through a head office, ships from another site and is paid through a third party.","BP","Pending"
"TOPIC-012","TOPIC-012","Topic","Normal","[TOPIC-012] Supplier Classification, Blocking and Evaluation","**Topics:** Supplier classification; Supplier blocking; Supplier evaluation concepts

**Transaction codes:** BP; ME61; ME63; ME65; MK05; XK05

**Fiori apps:** Supplier Evaluation by Price; Supplier Evaluation by Time

**Environment:** SAP S/4HANA Training System

**Tasks:** 5, 8 estimated hours.

- THY-015 Supplier blocking, classification and evaluation
- MM-LAB-016 Block a supplier and evaluate suppliers
- INC-004 Incident 04: Supplier not available in the purchase order
- INC-005 Incident 05: Supplier exists but invoice cannot be posted
- ASM-004 Supplier master assessment","Supplier Master","V02 - MM Core","MOD-04","","","Level 2 - SAP MM Core","04 Business Partner / Supplier","Supplier Master","None","","None","","","","Basic MM","","SAP S/4HANA Training System","S/4HANA (ECC differences noted)","ECC and S/4HANA","","","","BP; ME61; ME63; ME65; MK05; XK05",""
"THY-015","THY-015","Theory","Normal","[THY-015] Supplier blocking, classification and evaluation","**Objective:** Supplier blocking, classification and evaluation

**Prerequisites:** MM-LAB-015

**Concepts:** Supplier classification; Supplier blocking; Supplier evaluation concepts

**Fiori apps:** Supplier Evaluation by Price; Supplier Evaluation by Time

**Environment:** SAP S/4HANA Training System

### Steps
- [ ] Study purchasing block, posting block and block for quality reasons
- [ ] Study classification of suppliers
- [ ] Study evaluation criteria price, quality, delivery and service and how scores are built

### Expected Result
- Explains which block stops which document

**Evidence:** Notes

**Deliverable:** Study notes

**Assessment:** Instructor checks the notes and asks short oral questions.

### Completion criteria
- Every step is done and the expected result is demonstrated
- Evidence is attached to the issue and the deliverable is in your workbook or document set
- Accounting and integration impact are written down where documents were created
- Actual time is logged against the issue
- Instructor Review is Approved and the status is Completed

**Estimated time:** 2 h

**Next task:** MM-LAB-016","Supplier Master","V02 - MM Core","TOPIC-012","MM-LAB-015","2","Level 2 - SAP MM Core","04 Business Partner / Supplier","Supplier Master","None","0","None","L2 - Basic","0","0","Basic MM","","SAP S/4HANA Training System","S/4HANA (ECC differences noted)","ECC and S/4HANA","Study notes","Notes","","","Pending"
"MM-LAB-016","MM-LAB-016","Business Process Lab","Normal","[MM-LAB-016] Block a supplier and evaluate suppliers","**LAB ID:** MM-LAB-016

**Title:** Block a supplier and evaluate suppliers

**Objective:** Execute the business process - Block a supplier and evaluate suppliers - and validate documents, stock and accounting.

**Business Scenario:** A supplier with repeated late deliveries is to be blocked for new orders.

**Prerequisites:** THY-015

**Required Configuration:** Organizational structure, document types and account determination as configured in the earlier modules of this client.

**Master Data:** Materials and suppliers from your master-data workbook.

**Transaction codes:** BP; ME61; ME63 (SAP GUI; use the Fiori app for the same function where one exists)

**Fiori apps:** Supplier Evaluation by Price; Supplier Evaluation by Time

### Procedure
- [ ] Set a purchasing block for one purchasing organization and test a purchase order
- [ ] Remove it
- [ ] Maintain and calculate supplier evaluation for two suppliers and compare

### Expected Result
- Blocked supplier cannot receive a purchase order
- Evaluation scores are explained

**Accounting Impact:** Display every accounting document created and write its debit and credit lines; where none is created, state why.

**Integration Impact:** None beyond materials management.

**Troubleshooting:** Read the full message with its number. Check master data, then configuration, then authorization, then integration. Record each error and its cause in your issue log. If stuck for more than 30 minutes, set the status to Blocked and describe the blocker.

**Validation:** Display the documents created (purchasing document history, material document, accounting document, stock) and compare them with the expected result.

**Evidence:** Document numbers + screenshots

**Deliverable:** Master-data workbook: suppliers

**Assessment:** Instructor verifies the expected result from the documents and may ask for a live demonstration.

### Completion criteria
- Every step is done and the expected result is demonstrated
- Evidence is attached to the issue and the deliverable is in your workbook or document set
- Accounting and integration impact are written down where documents were created
- Actual time is logged against the issue
- Instructor Review is Approved and the status is Completed

**Estimated time:** 2 h

**Next task:** INC-004","Supplier Master","V02 - MM Core","TOPIC-012","THY-015","2","Level 2 - SAP MM Core","04 Business Partner / Supplier","Supplier Master","None","0","None","L2 - Basic","1","0","Basic MM","","SAP S/4HANA Training System","S/4HANA (ECC differences noted)","ECC and S/4HANA","Master-data workbook: suppliers","Document numbers + screenshots","A supplier with repeated late deliveries is to be blocked for new orders.","BP; ME61; ME63","Pending"
"INC-004","INC-004","Troubleshooting Incident","Normal","[INC-004] Incident 04: Supplier not available in the purchase order","**Objective:** Incident 04: Supplier not available in the purchase order

**Prerequisites:** MM-LAB-016

**Concepts:** Supplier classification; Supplier blocking; Supplier evaluation concepts

**Transaction codes:** BP; ME61; ME63; ME65; MK05; XK05 (SAP GUI; use the Fiori app for the same function where one exists)

**Fiori apps:** Supplier Evaluation by Price; Supplier Evaluation by Time

**Environment:** SAP S/4HANA Training System

### Steps
- [ ] Problem: record the message number and text, the transaction and the user
- [ ] Business impact: state what cannot be done, who is affected and the deadline
- [ ] Reproduce the error in the training client (instructor-prepared)
- [ ] Check master data
- [ ] Check configuration
- [ ] Check authorization
- [ ] Check integration: periods, accounts, cost objects and the neighbouring module
- [ ] Check documents: history, material and accounting documents, change documents and logs
- [ ] Identify the root cause - where to look: Purchasing role, purchasing organization data and blocks
- [ ] Fix
- [ ] Test: re-run the original transaction
- [ ] Document the RCA

### Expected Result
- The original transaction now works
- Root cause is shown in master data, configuration, authorization or integration
- RCA document covers problem, business impact, checks made, root cause, fix, test and prevention

**Evidence:** RCA document

**Deliverable:** RCA document

**Assessment:** Instructor grades the RCA document against the twelve-step framework.

### Completion criteria
- Every step is done and the expected result is demonstrated
- Evidence is attached to the issue and the deliverable is in your workbook or document set
- Accounting and integration impact are written down where documents were created
- Actual time is logged against the issue
- Instructor Review is Approved and the status is Completed

**Estimated time:** 1 h

**Next task:** INC-005","Supplier Master","V02 - MM Core","TOPIC-012","MM-LAB-016","1","Level 2 - SAP MM Core","04 Business Partner / Supplier","Supplier Master","None","0","None","L2 - Basic","0","0","Basic MM","","SAP S/4HANA Training System","S/4HANA (ECC differences noted)","ECC and S/4HANA","RCA document","RCA document","","BP; ME61; ME63; ME65; MK05; XK05","Pending"
"INC-005","INC-005","Troubleshooting Incident","Normal","[INC-005] Incident 05: Supplier exists but invoice cannot be posted","**Objective:** Incident 05: Supplier exists but invoice cannot be posted

**Prerequisites:** INC-004

**Concepts:** Supplier classification; Supplier blocking; Supplier evaluation concepts

**Transaction codes:** BP; ME61; ME63; ME65; MK05; XK05 (SAP GUI; use the Fiori app for the same function where one exists)

**Fiori apps:** Supplier Evaluation by Price; Supplier Evaluation by Time

**Environment:** SAP S/4HANA Training System

### Steps
- [ ] Problem: record the message number and text, the transaction and the user
- [ ] Business impact: state what cannot be done, who is affected and the deadline
- [ ] Reproduce the error in the training client (instructor-prepared)
- [ ] Check master data
- [ ] Check configuration
- [ ] Check authorization
- [ ] Check integration: periods, accounts, cost objects and the neighbouring module
- [ ] Check documents: history, material and accounting documents, change documents and logs
- [ ] Identify the root cause - where to look: Company code role, reconciliation account and posting block
- [ ] Fix
- [ ] Test: re-run the original transaction
- [ ] Document the RCA

### Expected Result
- The original transaction now works
- Root cause is shown in master data, configuration, authorization or integration
- RCA document covers problem, business impact, checks made, root cause, fix, test and prevention

**Evidence:** RCA document

**Deliverable:** RCA document

**Assessment:** Instructor grades the RCA document against the twelve-step framework.

### Completion criteria
- Every step is done and the expected result is demonstrated
- Evidence is attached to the issue and the deliverable is in your workbook or document set
- Accounting and integration impact are written down where documents were created
- Actual time is logged against the issue
- Instructor Review is Approved and the status is Completed

**Estimated time:** 1 h

**Next task:** ASM-004","Supplier Master","V02 - MM Core","TOPIC-012","INC-004","1","Level 2 - SAP MM Core","04 Business Partner / Supplier","Supplier Master","None","0","None","L2 - Basic","0","0","Basic MM","","SAP S/4HANA Training System","S/4HANA (ECC differences noted)","ECC and S/4HANA","RCA document","RCA document","","BP; ME61; ME63; ME65; MK05; XK05","Pending"
"ASM-004","ASM-004","Assessment","High","[ASM-004] Supplier master assessment","**Objective:** Supplier master assessment

**Prerequisites:** INC-005

**Concepts:** Supplier classification; Supplier blocking; Supplier evaluation concepts

**Fiori apps:** Supplier Evaluation by Price; Supplier Evaluation by Time

**Environment:** SAP S/4HANA Training System

### Steps
- [ ] Create and correct suppliers from a requirement sheet

### Expected Result
- Score of 70 or higher

**Evidence:** Scored result

**Deliverable:** Scored assessment

**Assessment:** Scored 0-100 in the Score field. Pass mark 70.

### Completion criteria
- Every step is done and the expected result is demonstrated
- Evidence is attached to the issue and the deliverable is in your workbook or document set
- Accounting and integration impact are written down where documents were created
- Actual time is logged against the issue
- Instructor Review is Approved and the status is Completed

**Estimated time:** 2 h

**Next task:** Last task of this topic","Supplier Master","V02 - MM Core","TOPIC-012","INC-005","2","Level 2 - SAP MM Core","04 Business Partner / Supplier","Supplier Master","None","0","None","L2 - Basic","0","1","Basic MM","","SAP S/4HANA Training System","S/4HANA (ECC differences noted)","ECC and S/4HANA","Scored assessment","Scored result","","","Pending"
"REVIEW-04","REVIEW-04","Review","High","[REVIEW-04] Module 04 gate review","**Objective:** Confirm that module 04 (Business Partner / Supplier) is complete.

### Checklist
- [ ] Every issue of the module is Completed
- [ ] Evidence is attached to every issue
- [ ] Time is logged
- [ ] Assessment score is 70 or higher
- [ ] Configuration workbook, master-data workbook and issue log are up to date

**Assessment:** Instructor confirms the checklist and records the gate decision.

**Estimated time:** 1 h","","V02 - MM Core","MOD-04","MM-LAB-015, ASM-004","1","Level 2 - SAP MM Core","04 Business Partner / Supplier","","","0","","","0","1","","","","","","Gate decision","Instructor sign-off","","","Pending"
"MOD-05","MOD-05","Module","Normal","[MOD-05] 05 Source Determination","Module 05 of 42. Level 2 - SAP MM Core. Version: V03 - Procurement.

Topics: 1. Estimated hours: 15.

- TOPIC-013 Source Determination

The module closes with the gate review REVIEW-05.","","V03 - Procurement","EPIC","","","Level 2 - SAP MM Core","05 Source Determination","","","","","","","","","","","","","","","","",""
"TOPIC-013","TOPIC-013","Topic","Normal","[TOPIC-013] Source Determination","**Topics:** Source determination; Source list; Quota arrangement; Purchasing info record; Supplier-material relationship; Conditions; Source of supply; Fixed source; Automatic source determination

**Transaction codes:** ME11; ME12; ME13; ME01; ME03; MEQ1; MEQ3; ME57; ME1M; ME0M

**Fiori apps:** Manage Purchasing Info Records; Manage Source Lists; Manage Quota Arrangements; Manage Sources of Supply

**Environment:** SAP S/4HANA Training System

**Tasks:** 6, 14 estimated hours.

- THY-016 Sources of supply and the order of determination
- MM-LAB-017 Scenario: one material, one supplier
- MM-LAB-018 Scenario: one material, multiple suppliers and a preferred supplier
- MM-LAB-019 Scenario: quota-based sourcing
- INC-006 Incident 06: Source not determined automatically in the requisition
- ASM-005 Source determination assessment","Purchasing","V03 - Procurement","MOD-05","","","Level 2 - SAP MM Core","05 Source Determination","Purchasing","Procure to Pay","","None","","","","Procurement","","SAP S/4HANA Training System","S/4HANA (ECC differences noted)","ECC and S/4HANA","","","","ME11; ME12; ME13; ME01; ME03; MEQ1; MEQ3; ME57; ME1M; ME0M",""
"THY-016","THY-016","Theory","Normal","[THY-016] Sources of supply and the order of determination","**Objective:** Sources of supply and the order of determination

**Prerequisites:** ASM-004

**Concepts:** Source determination; Source list; Quota arrangement; Purchasing info record; Supplier-material relationship; Conditions; Source of supply; Fixed source; Automatic source determination

**Fiori apps:** Manage Purchasing Info Records; Manage Source Lists; Manage Quota Arrangements; Manage Sources of Supply

**Environment:** SAP S/4HANA Training System

### Steps
- [ ] Study info record, contract and scheduling agreement as sources
- [ ] Study the source list with fixed, blocked and MRP-relevant entries
- [ ] Study quota arrangement
- [ ] Study the sequence quota, source list, agreement, info record
- [ ] Study the source list requirement at plant and material level

### Expected Result
- States the determination sequence
- Explains fixed versus blocked source

**Evidence:** Notes

**Deliverable:** Study notes

**Assessment:** Instructor checks the notes and asks short oral questions.

### Completion criteria
- Every step is done and the expected result is demonstrated
- Evidence is attached to the issue and the deliverable is in your workbook or document set
- Accounting and integration impact are written down where documents were created
- Actual time is logged against the issue
- Instructor Review is Approved and the status is Completed

**Estimated time:** 3 h

**Next task:** MM-LAB-017","Purchasing","V03 - Procurement","TOPIC-013","ASM-004","3","Level 2 - SAP MM Core","05 Source Determination","Purchasing","Procure to Pay","0","None","L2 - Basic","0","0","Procurement","","SAP S/4HANA Training System","S/4HANA (ECC differences noted)","ECC and S/4HANA","Study notes","Notes","","","Pending"
"MM-LAB-017","MM-LAB-017","Business Process Lab","Normal","[MM-LAB-017] Scenario: one material, one supplier","**LAB ID:** MM-LAB-017

**Title:** Scenario: one material, one supplier

**Objective:** Execute the business process - Scenario: one material, one supplier - and validate documents, stock and accounting.

**Business Scenario:** A raw material is always bought from one approved supplier at an agreed price.

**Prerequisites:** THY-016

**Required Configuration:** Organizational structure, document types and account determination as configured in the earlier modules of this client.

**Master Data:** Raw material and supplier from the earlier labs

**Transaction codes:** ME11; ME51N (SAP GUI; use the Fiori app for the same function where one exists)

**Fiori apps:** Manage Purchasing Info Records; Manage Source Lists; Manage Quota Arrangements; Manage Sources of Supply

### Procedure
- [ ] Create a purchasing info record with price, planned delivery time and tolerance data
- [ ] Create a requisition and check that the source and price are proposed

### Expected Result
- Requisition has the source assigned automatically

**Accounting Impact:** Display every accounting document created and write its debit and credit lines; where none is created, state why.

**Integration Impact:** None beyond materials management.

**Troubleshooting:** Read the full message with its number. Check master data, then configuration, then authorization, then integration. Record each error and its cause in your issue log. If stuck for more than 30 minutes, set the status to Blocked and describe the blocker.

**Validation:** Display the documents created (purchasing document history, material document, accounting document, stock) and compare them with the expected result.

**Evidence:** Document numbers + screenshots

**Deliverable:** Process sheet with document numbers

**Assessment:** Instructor verifies the expected result from the documents and may ask for a live demonstration.

### Completion criteria
- Every step is done and the expected result is demonstrated
- Evidence is attached to the issue and the deliverable is in your workbook or document set
- Accounting and integration impact are written down where documents were created
- Actual time is logged against the issue
- Instructor Review is Approved and the status is Completed

**Estimated time:** 2 h

**Next task:** MM-LAB-018","Purchasing","V03 - Procurement","TOPIC-013","THY-016","2","Level 2 - SAP MM Core","05 Source Determination","Purchasing","Procure to Pay","0","None","L2 - Basic","1","0","Procurement","","SAP S/4HANA Training System","S/4HANA (ECC differences noted)","ECC and S/4HANA","Process sheet with document numbers","Document numbers + screenshots","A raw material is always bought from one approved supplier at an agreed price.","ME11; ME51N","Pending"
"MM-LAB-018","MM-LAB-018","Business Process Lab","Normal","[MM-LAB-018] Scenario: one material, multiple suppliers and a preferred supplier","**LAB ID:** MM-LAB-018

**Title:** Scenario: one material, multiple suppliers and a preferred supplier

**Objective:** Execute the business process - Scenario: one material, multiple suppliers and a preferred supplier - and validate documents, stock and accounting.

**Business Scenario:** Three suppliers are approved; one is preferred, one is blocked for quality.

**Prerequisites:** MM-LAB-017

**Required Configuration:** Organizational structure, document types and account determination as configured in the earlier modules of this client.

**Master Data:** Materials and suppliers from your master-data workbook.

**Transaction codes:** ME11; ME01; ME57 (SAP GUI; use the Fiori app for the same function where one exists)

**Fiori apps:** Manage Purchasing Info Records; Manage Source Lists; Manage Quota Arrangements; Manage Sources of Supply

### Procedure
- [ ] Create info records for three suppliers
- [ ] Maintain the source list with a fixed and a blocked entry
- [ ] Activate the source list requirement
- [ ] Assign sources to requisitions

### Expected Result
- Preferred supplier is proposed
- Blocked supplier cannot be assigned

**Accounting Impact:** Display every accounting document created and write its debit and credit lines; where none is created, state why.

**Integration Impact:** None beyond materials management.

**Troubleshooting:** Read the full message with its number. Check master data, then configuration, then authorization, then integration. Record each error and its cause in your issue log. If stuck for more than 30 minutes, set the status to Blocked and describe the blocker.

**Validation:** Display the documents created (purchasing document history, material document, accounting document, stock) and compare them with the expected result.

**Evidence:** Document numbers + screenshots

**Deliverable:** Process sheet with document numbers

**Assessment:** Instructor verifies the expected result from the documents and may ask for a live demonstration.

### Completion criteria
- Every step is done and the expected result is demonstrated
- Evidence is attached to the issue and the deliverable is in your workbook or document set
- Accounting and integration impact are written down where documents were created
- Actual time is logged against the issue
- Instructor Review is Approved and the status is Completed

**Estimated time:** 3 h

**Next task:** MM-LAB-019","Purchasing","V03 - Procurement","TOPIC-013","MM-LAB-017","3","Level 2 - SAP MM Core","05 Source Determination","Purchasing","Procure to Pay","0","None","L2 - Basic","1","0","Procurement","","SAP S/4HANA Training System","S/4HANA (ECC differences noted)","ECC and S/4HANA","Process sheet with document numbers","Document numbers + screenshots","Three suppliers are approved; one is preferred, one is blocked for quality.","ME11; ME01; ME57","Pending"
"MM-LAB-019","MM-LAB-019","Business Process Lab","Normal","[MM-LAB-019] Scenario: quota-based sourcing","**LAB ID:** MM-LAB-019

**Title:** Scenario: quota-based sourcing

**Objective:** Execute the business process - Scenario: quota-based sourcing - and validate documents, stock and accounting.

**Business Scenario:** Volume is to be split 60/40 between two suppliers.

**Prerequisites:** MM-LAB-018

**Required Configuration:** Organizational structure, document types and account determination as configured in the earlier modules of this client.

**Master Data:** Materials and suppliers from your master-data workbook.

**Transaction codes:** MEQ1; ME51N (SAP GUI; use the Fiori app for the same function where one exists)

**Fiori apps:** Manage Purchasing Info Records; Manage Source Lists; Manage Quota Arrangements; Manage Sources of Supply

### Procedure
- [ ] Set quota usage in the material
- [ ] Maintain the quota arrangement
- [ ] Create ten requisitions and follow the quota-allocated quantities and ratings

### Expected Result
- Sources alternate according to the quota rating

**Accounting Impact:** Display every accounting document created and write its debit and credit lines; where none is created, state why.

**Integration Impact:** None beyond materials management.

**Troubleshooting:** Read the full message with its number. Check master data, then configuration, then authorization, then integration. Record each error and its cause in your issue log. If stuck for more than 30 minutes, set the status to Blocked and describe the blocker.

**Validation:** Display the documents created (purchasing document history, material document, accounting document, stock) and compare them with the expected result.

**Evidence:** Document numbers + screenshots

**Deliverable:** Process sheet with document numbers

**Assessment:** Instructor verifies the expected result from the documents and may ask for a live demonstration.

### Completion criteria
- Every step is done and the expected result is demonstrated
- Evidence is attached to the issue and the deliverable is in your workbook or document set
- Accounting and integration impact are written down where documents were created
- Actual time is logged against the issue
- Instructor Review is Approved and the status is Completed

**Estimated time:** 3 h

**Next task:** INC-006","Purchasing","V03 - Procurement","TOPIC-013","MM-LAB-018","3","Level 2 - SAP MM Core","05 Source Determination","Purchasing","Procure to Pay","0","None","L2 - Basic","1","0","Procurement","","SAP S/4HANA Training System","S/4HANA (ECC differences noted)","ECC and S/4HANA","Process sheet with document numbers","Document numbers + screenshots","Volume is to be split 60/40 between two suppliers.","MEQ1; ME51N","Pending"
"INC-006","INC-006","Troubleshooting Incident","Normal","[INC-006] Incident 06: Source not determined automatically in the requisition","**Objective:** Incident 06: Source not determined automatically in the requisition

**Prerequisites:** MM-LAB-019

**Concepts:** Source determination; Source list; Quota arrangement; Purchasing info record; Supplier-material relationship; Conditions; Source of supply; Fixed source; Automatic source determination

**Transaction codes:** ME11; ME12; ME13; ME01; ME03; MEQ1; MEQ3; ME57; ME1M; ME0M (SAP GUI; use the Fiori app for the same function where one exists)

**Fiori apps:** Manage Purchasing Info Records; Manage Source Lists; Manage Quota Arrangements; Manage Sources of Supply

**Environment:** SAP S/4HANA Training System

### Steps
- [ ] Problem: record the message number and text, the transaction and the user
- [ ] Business impact: state what cannot be done, who is affected and the deadline
- [ ] Reproduce the error in the training client (instructor-prepared)
- [ ] Check master data
- [ ] Check configuration
- [ ] Check authorization
- [ ] Check integration: periods, accounts, cost objects and the neighbouring module
- [ ] Check documents: history, material and accounting documents, change documents and logs
- [ ] Identify the root cause - where to look: Source list validity, info record, quota usage and the source determination indicator
- [ ] Fix
- [ ] Test: re-run the original transaction
- [ ] Document the RCA

### Expected Result
- The original transaction now works
- Root cause is shown in master data, configuration, authorization or integration
- RCA document covers problem, business impact, checks made, root cause, fix, test and prevention

**Evidence:** RCA document

**Deliverable:** RCA document

**Assessment:** Instructor grades the RCA document against the twelve-step framework.

### Completion criteria
- Every step is done and the expected result is demonstrated
- Evidence is attached to the issue and the deliverable is in your workbook or document set
- Accounting and integration impact are written down where documents were created
- Actual time is logged against the issue
- Instructor Review is Approved and the status is Completed

**Estimated time:** 1 h

**Next task:** ASM-005","Purchasing","V03 - Procurement","TOPIC-013","MM-LAB-019","1","Level 2 - SAP MM Core","05 Source Determination","Purchasing","Procure to Pay","0","None","L2 - Basic","0","0","Procurement","","SAP S/4HANA Training System","S/4HANA (ECC differences noted)","ECC and S/4HANA","RCA document","RCA document","","ME11; ME12; ME13; ME01; ME03; MEQ1; MEQ3; ME57; ME1M; ME0M","Pending"
"ASM-005","ASM-005","Assessment","High","[ASM-005] Source determination assessment","**Objective:** Source determination assessment

**Prerequisites:** INC-006

**Concepts:** Source determination; Source list; Quota arrangement; Purchasing info record; Supplier-material relationship; Conditions; Source of supply; Fixed source; Automatic source determination

**Fiori apps:** Manage Purchasing Info Records; Manage Source Lists; Manage Quota Arrangements; Manage Sources of Supply

**Environment:** SAP S/4HANA Training System

### Steps
- [ ] Design sourcing for four materials and prove it in the system

### Expected Result
- Score of 70 or higher

**Evidence:** Scored result

**Deliverable:** Scored assessment

**Assessment:** Scored 0-100 in the Score field. Pass mark 70.

### Completion criteria
- Every step is done and the expected result is demonstrated
- Evidence is attached to the issue and the deliverable is in your workbook or document set
- Accounting and integration impact are written down where documents were created
- Actual time is logged against the issue
- Instructor Review is Approved and the status is Completed

**Estimated time:** 2 h

**Next task:** Last task of this topic","Purchasing","V03 - Procurement","TOPIC-013","INC-006","2","Level 2 - SAP MM Core","05 Source Determination","Purchasing","Procure to Pay","0","None","L2 - Basic","0","1","Procurement","","SAP S/4HANA Training System","S/4HANA (ECC differences noted)","ECC and S/4HANA","Scored assessment","Scored result","","","Pending"
"REVIEW-05","REVIEW-05","Review","High","[REVIEW-05] Module 05 gate review","**Objective:** Confirm that module 05 (Source Determination) is complete.

### Checklist
- [ ] Every issue of the module is Completed
- [ ] Evidence is attached to every issue
- [ ] Time is logged
- [ ] Assessment score is 70 or higher
- [ ] Configuration workbook, master-data workbook and issue log are up to date

**Assessment:** Instructor confirms the checklist and records the gate decision.

**Estimated time:** 1 h","","V03 - Procurement","MOD-05","ASM-005","1","Level 2 - SAP MM Core","05 Source Determination","","","0","","","0","1","","","","","","Gate decision","Instructor sign-off","","","Pending"
"MOD-06","MOD-06","Module","Normal","[MOD-06] 06 Purchase Requisition","Module 06 of 42. Level 2 - SAP MM Core. Version: V03 - Procurement.

Topics: 1. Estimated hours: 13.

- TOPIC-014 Purchase Requisition

The module closes with the gate review REVIEW-06.","","V03 - Procurement","EPIC","","","Level 2 - SAP MM Core","06 Purchase Requisition","","","","","","","","","","","","","","","","",""
"TOPIC-014","TOPIC-014","Topic","Normal","[TOPIC-014] Purchase Requisition","**Topics:** Purchase requisition; PR creation; Manual PR; MRP-generated PR; Account assignment; Material group; Delivery date; Quantity; Valuation; Release strategy/workflow concepts; Approval processes

**Transaction codes:** ME51N; ME52N; ME53N; ME54N; ME55; ME5A; ME57; ME59N

**Fiori apps:** Create Purchase Requisition; Manage Purchase Requisitions; My Purchase Requisitions; Process Purchase Requisitions

**Environment:** SAP S/4HANA Training System

**Tasks:** 6, 12 estimated hours.

- THY-017 The purchase requisition
- MM-LAB-020 Create requisitions for stock and for consumption
- MM-LAB-021 PR to approval to PO
- EX-008 Lists and collective processing of requisitions
- INC-007 Incident 07: Requisition cannot be converted to a purchase order
- ASM-006 Purchase requisition assessment","Purchasing","V03 - Procurement","MOD-06","","","Level 2 - SAP MM Core","06 Purchase Requisition","Purchasing","Procure to Pay","","CO","","","","Procurement","","SAP S/4HANA Training System","S/4HANA (ECC differences noted)","ECC and S/4HANA","","","","ME51N; ME52N; ME53N; ME54N; ME55; ME5A; ME57; ME59N",""
"THY-017","THY-017","Theory","Normal","[THY-017] The purchase requisition","**Objective:** The purchase requisition

**Prerequisites:** ASM-005

**Concepts:** Purchase requisition; PR creation; Manual PR; MRP-generated PR; Account assignment; Material group; Delivery date; Quantity; Valuation; Release strategy/workflow concepts; Approval processes

**Fiori apps:** Create Purchase Requisition; Manage Purchase Requisitions; My Purchase Requisitions; Process Purchase Requisitions

**Environment:** SAP S/4HANA Training System

### Steps
- [ ] Study the requisition as an internal request
- [ ] Study document type, item category and account assignment category
- [ ] Study manual, MRP-generated and other automatically created requisitions
- [ ] Study valuation price and what it is used for
- [ ] Study approval at concept level

### Expected Result
- Explains who creates and who approves a requisition
- Names three origins of requisitions

**Evidence:** Notes

**Deliverable:** Study notes

**Assessment:** Instructor checks the notes and asks short oral questions.

### Completion criteria
- Every step is done and the expected result is demonstrated
- Evidence is attached to the issue and the deliverable is in your workbook or document set
- Accounting and integration impact are written down where documents were created
- Actual time is logged against the issue
- Instructor Review is Approved and the status is Completed

**Estimated time:** 2 h

**Next task:** MM-LAB-020","Purchasing","V03 - Procurement","TOPIC-014","ASM-005","2","Level 2 - SAP MM Core","06 Purchase Requisition","Purchasing","Procure to Pay","0","CO","L2 - Basic","0","0","Procurement","","SAP S/4HANA Training System","S/4HANA (ECC differences noted)","ECC and S/4HANA","Study notes","Notes","","","Pending"
"MM-LAB-020","MM-LAB-020","Business Process Lab","Normal","[MM-LAB-020] Create requisitions for stock and for consumption","**LAB ID:** MM-LAB-020

**Title:** Create requisitions for stock and for consumption

**Objective:** Execute the business process - Create requisitions for stock and for consumption - and validate documents, stock and accounting.

**Business Scenario:** Stores request raw material; the maintenance department requests a tool for its cost centre.

**Prerequisites:** THY-017

**Required Configuration:** Organizational structure, document types and account determination as configured in the earlier modules of this client.

**Master Data:** Materials and supplier from the earlier labs; a cost centre from the instructor

**Transaction codes:** ME51N; ME53N (SAP GUI; use the Fiori app for the same function where one exists)

**Fiori apps:** Create Purchase Requisition; Manage Purchase Requisitions; My Purchase Requisitions; Process Purchase Requisitions

### Procedure
- [ ] Create a stock requisition
- [ ] Create a requisition with account assignment to a cost centre and one without a material number using a short text and material group
- [ ] Check source of supply and valuation price

### Expected Result
- Three requisitions exist with correct account assignment

**Accounting Impact:** None; a requisition is a commitment only where commitments management is active

**Integration Impact:** Cost centre from CO is validated in the requisition

**Troubleshooting:** Read the full message with its number. Check master data, then configuration, then authorization, then integration. Record each error and its cause in your issue log. If stuck for more than 30 minutes, set the status to Blocked and describe the blocker.

**Validation:** Display the documents created (purchasing document history, material document, accounting document, stock) and compare them with the expected result.

**Evidence:** Document numbers + screenshots

**Deliverable:** Process sheet with document numbers

**Assessment:** Instructor verifies the expected result from the documents and may ask for a live demonstration.

### Completion criteria
- Every step is done and the expected result is demonstrated
- Evidence is attached to the issue and the deliverable is in your workbook or document set
- Accounting and integration impact are written down where documents were created
- Actual time is logged against the issue
- Instructor Review is Approved and the status is Completed

**Estimated time:** 3 h

**Next task:** MM-LAB-021","Purchasing","V03 - Procurement","TOPIC-014","THY-017","3","Level 2 - SAP MM Core","06 Purchase Requisition","Purchasing","Procure to Pay","0","CO","L2 - Basic","1","0","Procurement","","SAP S/4HANA Training System","S/4HANA (ECC differences noted)","ECC and S/4HANA","Process sheet with document numbers","Document numbers + screenshots","Stores request raw material; the maintenance department requests a tool for its cost centre.","ME51N; ME53N","Pending"
"MM-LAB-021","MM-LAB-021","Business Process Lab","Normal","[MM-LAB-021] PR to approval to PO","**LAB ID:** MM-LAB-021

**Title:** PR to approval to PO

**Objective:** Execute the business process - PR to approval to PO - and validate documents, stock and accounting.

**Business Scenario:** A requisition above the approval limit must be approved before the buyer may order.

**Prerequisites:** MM-LAB-020

**Required Configuration:** Release procedure or flexible workflow for requisitions (prepared by the instructor; configured by the student in module 11)

**Master Data:** Materials and suppliers from your master-data workbook.

**Transaction codes:** ME51N; ME54N; ME57; ME21N (SAP GUI; use the Fiori app for the same function where one exists)

**Fiori apps:** Create Purchase Requisition; Manage Purchase Requisitions; My Purchase Requisitions; Process Purchase Requisitions

### Procedure
- [ ] Create a requisition subject to release
- [ ] Approve it as the approver
- [ ] Assign the source
- [ ] Convert it to a purchase order
- [ ] Display the requisition status and follow-on document

### Expected Result
- Purchase order references the requisition
- Unapproved requisition cannot be converted

**Accounting Impact:** Display every accounting document created and write its debit and credit lines; where none is created, state why.

**Integration Impact:** CO: record the documents or data created in the integrated area.

**Troubleshooting:** Read the full message with its number. Check master data, then configuration, then authorization, then integration. Record each error and its cause in your issue log. If stuck for more than 30 minutes, set the status to Blocked and describe the blocker.

**Validation:** Display the documents created (purchasing document history, material document, accounting document, stock) and compare them with the expected result.

**Evidence:** Document numbers + screenshots

**Deliverable:** Process sheet with document numbers

**Assessment:** Instructor verifies the expected result from the documents and may ask for a live demonstration.

### Completion criteria
- Every step is done and the expected result is demonstrated
- Evidence is attached to the issue and the deliverable is in your workbook or document set
- Accounting and integration impact are written down where documents were created
- Actual time is logged against the issue
- Instructor Review is Approved and the status is Completed

**Estimated time:** 3 h

**Next task:** EX-008","Purchasing","V03 - Procurement","TOPIC-014","MM-LAB-020","3","Level 2 - SAP MM Core","06 Purchase Requisition","Purchasing","Procure to Pay","1","CO","L2 - Basic","1","0","Procurement","","SAP S/4HANA Training System","S/4HANA (ECC differences noted)","ECC and S/4HANA","Process sheet with document numbers","Document numbers + screenshots","A requisition above the approval limit must be approved before the buyer may order.","ME51N; ME54N; ME57; ME21N","Pending"
"EX-008","EX-008","Practical Exercise","Normal","[EX-008] Lists and collective processing of requisitions","**Objective:** Lists and collective processing of requisitions

**Prerequisites:** MM-LAB-021

**Concepts:** Purchase requisition; PR creation; Manual PR; MRP-generated PR; Account assignment; Material group; Delivery date; Quantity; Valuation; Release strategy/workflow concepts; Approval processes

**Transaction codes:** ME5A; ME57; ME59N (SAP GUI; use the Fiori app for the same function where one exists)

**Fiori apps:** Create Purchase Requisition; Manage Purchase Requisitions; My Purchase Requisitions; Process Purchase Requisitions

**Environment:** SAP S/4HANA Training System

### Steps
- [ ] List open requisitions by purchasing group
- [ ] Assign and process several at once
- [ ] Convert assigned requisitions automatically and state the prerequisites for automatic purchase orders

### Expected Result
- Open requisition list is produced
- Automatic conversion works for flagged items

**Evidence:** Worked result + screenshots

**Deliverable:** Exercise sheet

**Assessment:** Instructor checks the worked result.

### Completion criteria
- Every step is done and the expected result is demonstrated
- Evidence is attached to the issue and the deliverable is in your workbook or document set
- Accounting and integration impact are written down where documents were created
- Actual time is logged against the issue
- Instructor Review is Approved and the status is Completed

**Estimated time:** 2 h

**Next task:** INC-007","Purchasing","V03 - Procurement","TOPIC-014","MM-LAB-021","2","Level 2 - SAP MM Core","06 Purchase Requisition","Purchasing","Procure to Pay","0","CO","L2 - Basic","0","0","Procurement","","SAP S/4HANA Training System","S/4HANA (ECC differences noted)","ECC and S/4HANA","Exercise sheet","Worked result + screenshots","","ME5A; ME57; ME59N","Pending"
"INC-007","INC-007","Troubleshooting Incident","Normal","[INC-007] Incident 07: Requisition cannot be converted to a purchase order","**Objective:** Incident 07: Requisition cannot be converted to a purchase order

**Prerequisites:** EX-008

**Concepts:** Purchase requisition; PR creation; Manual PR; MRP-generated PR; Account assignment; Material group; Delivery date; Quantity; Valuation; Release strategy/workflow concepts; Approval processes

**Transaction codes:** ME51N; ME52N; ME53N; ME54N; ME55; ME5A; ME57; ME59N (SAP GUI; use the Fiori app for the same function where one exists)

**Fiori apps:** Create Purchase Requisition; Manage Purchase Requisitions; My Purchase Requisitions; Process Purchase Requisitions

**Environment:** SAP S/4HANA Training System

### Steps
- [ ] Problem: record the message number and text, the transaction and the user
- [ ] Business impact: state what cannot be done, who is affected and the deadline
- [ ] Reproduce the error in the training client (instructor-prepared)
- [ ] Check master data
- [ ] Check configuration
- [ ] Check authorization
- [ ] Check integration: periods, accounts, cost objects and the neighbouring module
- [ ] Check documents: history, material and accounting documents, change documents and logs
- [ ] Identify the root cause - where to look: Release status, source assignment and the automatic purchase order indicators
- [ ] Fix
- [ ] Test: re-run the original transaction
- [ ] Document the RCA

### Expected Result
- The original transaction now works
- Root cause is shown in master data, configuration, authorization or integration
- RCA document covers problem, business impact, checks made, root cause, fix, test and prevention

**Evidence:** RCA document

**Deliverable:** RCA document

**Assessment:** Instructor grades the RCA document against the twelve-step framework.

### Completion criteria
- Every step is done and the expected result is demonstrated
- Evidence is attached to the issue and the deliverable is in your workbook or document set
- Accounting and integration impact are written down where documents were created
- Actual time is logged against the issue
- Instructor Review is Approved and the status is Completed

**Estimated time:** 1 h

**Next task:** ASM-006","Purchasing","V03 - Procurement","TOPIC-014","EX-008","1","Level 2 - SAP MM Core","06 Purchase Requisition","Purchasing","Procure to Pay","0","CO","L2 - Basic","0","0","Procurement","","SAP S/4HANA Training System","S/4HANA (ECC differences noted)","ECC and S/4HANA","RCA document","RCA document","","ME51N; ME52N; ME53N; ME54N; ME55; ME5A; ME57; ME59N","Pending"
"ASM-006","ASM-006","Assessment","High","[ASM-006] Purchase requisition assessment","**Objective:** Purchase requisition assessment

**Prerequisites:** INC-007

**Concepts:** Purchase requisition; PR creation; Manual PR; MRP-generated PR; Account assignment; Material group; Delivery date; Quantity; Valuation; Release strategy/workflow concepts; Approval processes

**Fiori apps:** Create Purchase Requisition; Manage Purchase Requisitions; My Purchase Requisitions; Process Purchase Requisitions

**Environment:** SAP S/4HANA Training System

### Steps
- [ ] Process a set of requests into approved requisitions

### Expected Result
- Score of 70 or higher

**Evidence:** Scored result

**Deliverable:** Scored assessment

**Assessment:** Scored 0-100 in the Score field. Pass mark 70.

### Completion criteria
- Every step is done and the expected result is demonstrated
- Evidence is attached to the issue and the deliverable is in your workbook or document set
- Accounting and integration impact are written down where documents were created
- Actual time is logged against the issue
- Instructor Review is Approved and the status is Completed

**Estimated time:** 1 h

**Next task:** Last task of this topic","Purchasing","V03 - Procurement","TOPIC-014","INC-007","1","Level 2 - SAP MM Core","06 Purchase Requisition","Purchasing","Procure to Pay","0","CO","L2 - Basic","0","1","Procurement","","SAP S/4HANA Training System","S/4HANA (ECC differences noted)","ECC and S/4HANA","Scored assessment","Scored result","","","Pending"
"REVIEW-06","REVIEW-06","Review","High","[REVIEW-06] Module 06 gate review","**Objective:** Confirm that module 06 (Purchase Requisition) is complete.

### Checklist
- [ ] Every issue of the module is Completed
- [ ] Evidence is attached to every issue
- [ ] Time is logged
- [ ] Assessment score is 70 or higher
- [ ] Configuration workbook, master-data workbook and issue log are up to date

**Assessment:** Instructor confirms the checklist and records the gate decision.

**Estimated time:** 1 h","","V03 - Procurement","MOD-06","ASM-006","1","Level 2 - SAP MM Core","06 Purchase Requisition","","","0","","","0","1","","","","","","Gate decision","Instructor sign-off","","","Pending"
"MOD-07","MOD-07","Module","Normal","[MOD-07] 07 RFQ","Module 07 of 42. Level 2 - SAP MM Core. Version: V03 - Procurement.

Topics: 1. Estimated hours: 12.

- TOPIC-015 Request for Quotation and Quotation

The module closes with the gate review REVIEW-07.","","V03 - Procurement","EPIC","","","Level 2 - SAP MM Core","07 RFQ","","","","","","","","","","","","","","","","",""
"TOPIC-015","TOPIC-015","Topic","Normal","[TOPIC-015] Request for Quotation and Quotation","**Topics:** RFQ; Supplier quotation; Price comparison; Quotation maintenance; Vendor selection; Source determination; Process: requirement, RFQ, supplier quotation, price comparison, supplier selection, purchase order

**Transaction codes:** ME41; ME42; ME47; ME49; ME4M; ME1E

**Fiori apps:** Manage RFQs; Manage Supplier Quotations; Compare Supplier Quotations

**Environment:** SAP S/4HANA Training System

**Tasks:** 5, 11 estimated hours.

- THY-018 The request for quotation process
- MM-LAB-022 RFQ to quotation to price comparison
- MM-LAB-023 Supplier selection to purchase order
- ASG-001 Assignment: sourcing recommendation
- ASM-007 RFQ assessment","Purchasing","V03 - Procurement","MOD-07","","","Level 2 - SAP MM Core","07 RFQ","Purchasing","Source to Pay","","None","","","","Procurement","","SAP S/4HANA Training System","S/4HANA (ECC differences noted)","ECC and S/4HANA (changed in S/4HANA)","","","","ME41; ME42; ME47; ME49; ME4M; ME1E",""
"THY-018","THY-018","Theory","Normal","[THY-018] The request for quotation process","**Objective:** The request for quotation process

**Prerequisites:** ASM-006

**Concepts:** RFQ; Supplier quotation; Price comparison; Quotation maintenance; Vendor selection; Source determination; Process: requirement, RFQ, supplier quotation, price comparison, supplier selection, purchase order

**Fiori apps:** Manage RFQs; Manage Supplier Quotations; Compare Supplier Quotations

**Environment:** SAP S/4HANA Training System

### Steps
- [ ] Study the process from requirement to supplier selection
- [ ] Study collective number, deadline and rejection
- [ ] Compare the classic process with the S/4HANA request for quotation and supplier quotation apps

### Expected Result
- Draws the process
- States what the collective number is for

**Evidence:** Notes

**Deliverable:** Study notes

**Assessment:** Instructor checks the notes and asks short oral questions.

### Completion criteria
- Every step is done and the expected result is demonstrated
- Evidence is attached to the issue and the deliverable is in your workbook or document set
- Accounting and integration impact are written down where documents were created
- Actual time is logged against the issue
- Instructor Review is Approved and the status is Completed

**Estimated time:** 2 h

**Next task:** MM-LAB-022","Purchasing","V03 - Procurement","TOPIC-015","ASM-006","2","Level 2 - SAP MM Core","07 RFQ","Purchasing","Source to Pay","0","None","L2 - Basic","0","0","Procurement","","SAP S/4HANA Training System","S/4HANA (ECC differences noted)","ECC and S/4HANA (changed in S/4HANA)","Study notes","Notes","","","Pending"
"MM-LAB-022","MM-LAB-022","Business Process Lab","Normal","[MM-LAB-022] RFQ to quotation to price comparison","**LAB ID:** MM-LAB-022

**Title:** RFQ to quotation to price comparison

**Objective:** Execute the business process - RFQ to quotation to price comparison - and validate documents, stock and accounting.

**Business Scenario:** A new component needs three competitive offers.

**Prerequisites:** THY-018

**Required Configuration:** Organizational structure, document types and account determination as configured in the earlier modules of this client.

**Master Data:** Three suppliers and the material from the earlier labs

**Transaction codes:** ME41; ME47; ME49 (SAP GUI; use the Fiori app for the same function where one exists)

**Fiori apps:** Manage RFQs; Manage Supplier Quotations; Compare Supplier Quotations

### Procedure
- [ ] Create a request for quotation from a requisition for three suppliers with one collective number
- [ ] Enter the three quotations with prices, discounts and freight
- [ ] Run the price comparison with mean and minimum value
- [ ] Reject the losing quotations

### Expected Result
- Price comparison ranks the three suppliers
- Rejections are set

**Accounting Impact:** Display every accounting document created and write its debit and credit lines; where none is created, state why.

**Integration Impact:** None beyond materials management.

**Troubleshooting:** Read the full message with its number. Check master data, then configuration, then authorization, then integration. Record each error and its cause in your issue log. If stuck for more than 30 minutes, set the status to Blocked and describe the blocker.

**Validation:** Display the documents created (purchasing document history, material document, accounting document, stock) and compare them with the expected result.

**Evidence:** Document numbers + screenshots

**Deliverable:** Process sheet with document numbers

**Assessment:** Instructor verifies the expected result from the documents and may ask for a live demonstration.

### Completion criteria
- Every step is done and the expected result is demonstrated
- Evidence is attached to the issue and the deliverable is in your workbook or document set
- Accounting and integration impact are written down where documents were created
- Actual time is logged against the issue
- Instructor Review is Approved and the status is Completed

**Estimated time:** 4 h

**Next task:** MM-LAB-023","Purchasing","V03 - Procurement","TOPIC-015","THY-018","4","Level 2 - SAP MM Core","07 RFQ","Purchasing","Source to Pay","0","None","L2 - Basic","1","0","Procurement","","SAP S/4HANA Training System","S/4HANA (ECC differences noted)","ECC and S/4HANA (changed in S/4HANA)","Process sheet with document numbers","Document numbers + screenshots","A new component needs three competitive offers.","ME41; ME47; ME49","Pending"
"MM-LAB-023","MM-LAB-023","Business Process Lab","Normal","[MM-LAB-023] Supplier selection to purchase order","**LAB ID:** MM-LAB-023

**Title:** Supplier selection to purchase order

**Objective:** Execute the business process - Supplier selection to purchase order - and validate documents, stock and accounting.

**Business Scenario:** The winning offer becomes the order and the agreed price is kept for future orders.

**Prerequisites:** MM-LAB-022

**Required Configuration:** Organizational structure, document types and account determination as configured in the earlier modules of this client.

**Master Data:** Materials and suppliers from your master-data workbook.

**Transaction codes:** ME21N; ME1E (SAP GUI; use the Fiori app for the same function where one exists)

**Fiori apps:** Manage RFQs; Manage Supplier Quotations; Compare Supplier Quotations

### Procedure
- [ ] Create the purchase order with reference to the winning quotation
- [ ] Save the conditions to an info record
- [ ] Display the quotation price history

### Expected Result
- Purchase order carries the quoted conditions
- Info record is updated

**Accounting Impact:** Display every accounting document created and write its debit and credit lines; where none is created, state why.

**Integration Impact:** None beyond materials management.

**Troubleshooting:** Read the full message with its number. Check master data, then configuration, then authorization, then integration. Record each error and its cause in your issue log. If stuck for more than 30 minutes, set the status to Blocked and describe the blocker.

**Validation:** Display the documents created (purchasing document history, material document, accounting document, stock) and compare them with the expected result.

**Evidence:** Document numbers + screenshots

**Deliverable:** Process sheet with document numbers

**Assessment:** Instructor verifies the expected result from the documents and may ask for a live demonstration.

### Completion criteria
- Every step is done and the expected result is demonstrated
- Evidence is attached to the issue and the deliverable is in your workbook or document set
- Accounting and integration impact are written down where documents were created
- Actual time is logged against the issue
- Instructor Review is Approved and the status is Completed

**Estimated time:** 2 h

**Next task:** ASG-001","Purchasing","V03 - Procurement","TOPIC-015","MM-LAB-022","2","Level 2 - SAP MM Core","07 RFQ","Purchasing","Source to Pay","0","None","L2 - Basic","1","0","Procurement","","SAP S/4HANA Training System","S/4HANA (ECC differences noted)","ECC and S/4HANA (changed in S/4HANA)","Process sheet with document numbers","Document numbers + screenshots","The winning offer becomes the order and the agreed price is kept for future orders.","ME21N; ME1E","Pending"
"ASG-001","ASG-001","Assignment","Normal","[ASG-001] Assignment: sourcing recommendation","**Objective:** Assignment: sourcing recommendation

**Prerequisites:** MM-LAB-023

**Concepts:** RFQ; Supplier quotation; Price comparison; Quotation maintenance; Vendor selection; Source determination; Process: requirement, RFQ, supplier quotation, price comparison, supplier selection, purchase order

**Fiori apps:** Manage RFQs; Manage Supplier Quotations; Compare Supplier Quotations

**Environment:** SAP S/4HANA Training System

### Steps
- [ ] From the price comparison write a one-page recommendation considering price, delivery time, payment terms and Incoterms

### Expected Result
- Recommendation is justified with effective price

**Evidence:** Written deliverable

**Deliverable:** Sourcing recommendation

**Assessment:** Instructor reviews the document for completeness and reasoning.

### Completion criteria
- Every step is done and the expected result is demonstrated
- Evidence is attached to the issue and the deliverable is in your workbook or document set
- Accounting and integration impact are written down where documents were created
- Actual time is logged against the issue
- Instructor Review is Approved and the status is Completed

**Estimated time:** 2 h

**Next task:** ASM-007","Purchasing","V03 - Procurement","TOPIC-015","MM-LAB-023","2","Level 2 - SAP MM Core","07 RFQ","Purchasing","Source to Pay","0","None","L2 - Basic","0","0","Procurement","","SAP S/4HANA Training System","S/4HANA (ECC differences noted)","ECC and S/4HANA (changed in S/4HANA)","Sourcing recommendation","Written deliverable","","","Pending"
"ASM-007","ASM-007","Assessment","High","[ASM-007] RFQ assessment","**Objective:** RFQ assessment

**Prerequisites:** ASG-001

**Concepts:** RFQ; Supplier quotation; Price comparison; Quotation maintenance; Vendor selection; Source determination; Process: requirement, RFQ, supplier quotation, price comparison, supplier selection, purchase order

**Fiori apps:** Manage RFQs; Manage Supplier Quotations; Compare Supplier Quotations

**Environment:** SAP S/4HANA Training System

### Steps
- [ ] Run a bidding round from requirement to order

### Expected Result
- Score of 70 or higher

**Evidence:** Scored result

**Deliverable:** Scored assessment

**Assessment:** Scored 0-100 in the Score field. Pass mark 70.

### Completion criteria
- Every step is done and the expected result is demonstrated
- Evidence is attached to the issue and the deliverable is in your workbook or document set
- Accounting and integration impact are written down where documents were created
- Actual time is logged against the issue
- Instructor Review is Approved and the status is Completed

**Estimated time:** 1 h

**Next task:** Last task of this topic","Purchasing","V03 - Procurement","TOPIC-015","ASG-001","1","Level 2 - SAP MM Core","07 RFQ","Purchasing","Source to Pay","0","None","L2 - Basic","0","1","Procurement","","SAP S/4HANA Training System","S/4HANA (ECC differences noted)","ECC and S/4HANA (changed in S/4HANA)","Scored assessment","Scored result","","","Pending"
"REVIEW-07","REVIEW-07","Review","High","[REVIEW-07] Module 07 gate review","**Objective:** Confirm that module 07 (RFQ) is complete.

### Checklist
- [ ] Every issue of the module is Completed
- [ ] Evidence is attached to every issue
- [ ] Time is logged
- [ ] Assessment score is 70 or higher
- [ ] Configuration workbook, master-data workbook and issue log are up to date

**Assessment:** Instructor confirms the checklist and records the gate decision.

**Estimated time:** 1 h","","V03 - Procurement","MOD-07","ASM-007","1","Level 2 - SAP MM Core","07 RFQ","","","0","","","0","1","","","","","","Gate decision","Instructor sign-off","","","Pending"
"MOD-08","MOD-08","Module","Normal","[MOD-08] 08 Purchase Orders","Module 08 of 42. Level 2 - SAP MM Core. Version: V03 - Procurement.

Topics: 2. Estimated hours: 22.

- TOPIC-016 Purchase Order Structure
- TOPIC-017 Purchase Order Types and Categories

The module closes with the gate review REVIEW-08.","","V03 - Procurement","EPIC","","","Level 2 - SAP MM Core","08 Purchase Orders","","","","","","","","","","","","","","","","",""
"TOPIC-016","TOPIC-016","Topic","Normal","[TOPIC-016] Purchase Order Structure","**Topics:** PO structure; Header; Item; Schedule lines; Account assignment; Delivery; Invoice; Conditions; Texts; Attachments; Output; Partner functions; Confirmation control

**Transaction codes:** ME21N; ME22N; ME23N; ME2N; ME2M; ME2L; ME2K; ME9F

**Fiori apps:** Manage Purchase Orders; Create Purchase Order - Advanced; Monitor Purchase Order Items

**Environment:** SAP S/4HANA Training System

**Tasks:** 3, 8 estimated hours.

- THY-019 Anatomy of a purchase order
- MM-LAB-024 Standard purchase order for stock material
- MM-LAB-025 Change, block, delete and monitor purchase orders","Purchasing","V03 - Procurement","MOD-08","","","Level 2 - SAP MM Core","08 Purchase Orders","Purchasing","Procure to Pay","","FI","","","","Procurement","","SAP S/4HANA Training System","S/4HANA (ECC differences noted)","ECC and S/4HANA","","","","ME21N; ME22N; ME23N; ME2N; ME2M; ME2L; ME2K; ME9F",""
"THY-019","THY-019","Theory","Normal","[THY-019] Anatomy of a purchase order","**Objective:** Anatomy of a purchase order

**Prerequisites:** ASM-007

**Concepts:** PO structure; Header; Item; Schedule lines; Account assignment; Delivery; Invoice; Conditions; Texts; Attachments; Output; Partner functions; Confirmation control

**Fiori apps:** Manage Purchase Orders; Create Purchase Order - Advanced; Monitor Purchase Order Items

**Environment:** SAP S/4HANA Training System

### Steps
- [ ] Study header, item, schedule line and account assignment and the data on each
- [ ] Study the delivery and invoice tabs: tolerances, goods receipt indicators, invoice receipt, goods-receipt-based invoice verification
- [ ] Study conditions, texts, attachments, output, partners and confirmations
- [ ] Study the purchase order history

### Expected Result
- Locates twenty fields at the right level
- Explains the three control indicators on the invoice tab

**Evidence:** Notes

**Deliverable:** Study notes

**Assessment:** Instructor checks the notes and asks short oral questions.

### Completion criteria
- Every step is done and the expected result is demonstrated
- Evidence is attached to the issue and the deliverable is in your workbook or document set
- Accounting and integration impact are written down where documents were created
- Actual time is logged against the issue
- Instructor Review is Approved and the status is Completed

**Estimated time:** 3 h

**Next task:** MM-LAB-024","Purchasing","V03 - Procurement","TOPIC-016","ASM-007","3","Level 2 - SAP MM Core","08 Purchase Orders","Purchasing","Procure to Pay","0","FI","L2 - Basic","0","0","Procurement","","SAP S/4HANA Training System","S/4HANA (ECC differences noted)","ECC and S/4HANA","Study notes","Notes","","","Pending"
"MM-LAB-024","MM-LAB-024","Business Process Lab","Normal","[MM-LAB-024] Standard purchase order for stock material","**LAB ID:** MM-LAB-024

**Title:** Standard purchase order for stock material

**Objective:** Execute the business process - Standard purchase order for stock material - and validate documents, stock and accounting.

**Business Scenario:** The buyer orders raw material for stock with delivery in two lots.

**Prerequisites:** THY-019

**Required Configuration:** Organizational structure, document types and account determination as configured in the earlier modules of this client.

**Master Data:** Materials and suppliers from your master-data workbook.

**Transaction codes:** ME21N; ME23N (SAP GUI; use the Fiori app for the same function where one exists)

**Fiori apps:** Manage Purchase Orders; Create Purchase Order - Advanced; Monitor Purchase Order Items

### Procedure
- [ ] Create a standard purchase order with two schedule lines
- [ ] Review conditions, delivery and invoice tabs
- [ ] Add header and item texts and an attachment
- [ ] Issue the output
- [ ] Display the order

### Expected Result
- Order is saved complete with two schedule lines
- Output is issued

**Accounting Impact:** None at order creation; commitment only

**Integration Impact:** FI: record the documents or data created in the integrated area.

**Troubleshooting:** Read the full message with its number. Check master data, then configuration, then authorization, then integration. Record each error and its cause in your issue log. If stuck for more than 30 minutes, set the status to Blocked and describe the blocker.

**Validation:** Display the documents created (purchasing document history, material document, accounting document, stock) and compare them with the expected result.

**Evidence:** Document numbers + screenshots

**Deliverable:** Process sheet with document numbers

**Assessment:** Instructor verifies the expected result from the documents and may ask for a live demonstration.

### Completion criteria
- Every step is done and the expected result is demonstrated
- Evidence is attached to the issue and the deliverable is in your workbook or document set
- Accounting and integration impact are written down where documents were created
- Actual time is logged against the issue
- Instructor Review is Approved and the status is Completed

**Estimated time:** 3 h

**Next task:** MM-LAB-025","Purchasing","V03 - Procurement","TOPIC-016","THY-019","3","Level 2 - SAP MM Core","08 Purchase Orders","Purchasing","Procure to Pay","0","FI","L2 - Basic","1","0","Procurement","","SAP S/4HANA Training System","S/4HANA (ECC differences noted)","ECC and S/4HANA","Process sheet with document numbers","Document numbers + screenshots","The buyer orders raw material for stock with delivery in two lots.","ME21N; ME23N","Pending"
"MM-LAB-025","MM-LAB-025","Business Process Lab","Normal","[MM-LAB-025] Change, block, delete and monitor purchase orders","**LAB ID:** MM-LAB-025

**Title:** Change, block, delete and monitor purchase orders

**Objective:** Execute the business process - Change, block, delete and monitor purchase orders - and validate documents, stock and accounting.

**Business Scenario:** A supplier asks to change quantity and price after the order was sent; one item is cancelled.

**Prerequisites:** MM-LAB-024

**Required Configuration:** Organizational structure, document types and account determination as configured in the earlier modules of this client.

**Master Data:** Materials and suppliers from your master-data workbook.

**Transaction codes:** ME22N; ME2N; ME2L; ME2M (SAP GUI; use the Fiori app for the same function where one exists)

**Fiori apps:** Manage Purchase Orders; Create Purchase Order - Advanced; Monitor Purchase Order Items

### Procedure
- [ ] Change quantity and price and read the change documents
- [ ] Block and delete an item
- [ ] List orders by number, supplier and material with open goods receipts and invoices

### Expected Result
- Change history is explained
- Open order list is produced

**Accounting Impact:** Display every accounting document created and write its debit and credit lines; where none is created, state why.

**Integration Impact:** FI: record the documents or data created in the integrated area.

**Troubleshooting:** Read the full message with its number. Check master data, then configuration, then authorization, then integration. Record each error and its cause in your issue log. If stuck for more than 30 minutes, set the status to Blocked and describe the blocker.

**Validation:** Display the documents created (purchasing document history, material document, accounting document, stock) and compare them with the expected result.

**Evidence:** Document numbers + screenshots

**Deliverable:** Process sheet with document numbers

**Assessment:** Instructor verifies the expected result from the documents and may ask for a live demonstration.

### Completion criteria
- Every step is done and the expected result is demonstrated
- Evidence is attached to the issue and the deliverable is in your workbook or document set
- Accounting and integration impact are written down where documents were created
- Actual time is logged against the issue
- Instructor Review is Approved and the status is Completed

**Estimated time:** 2 h

**Next task:** Last task of this topic","Purchasing","V03 - Procurement","TOPIC-016","MM-LAB-024","2","Level 2 - SAP MM Core","08 Purchase Orders","Purchasing","Procure to Pay","0","FI","L2 - Basic","1","0","Procurement","","SAP S/4HANA Training System","S/4HANA (ECC differences noted)","ECC and S/4HANA","Process sheet with document numbers","Document numbers + screenshots","A supplier asks to change quantity and price after the order was sent; one item is cancelled.","ME22N; ME2N; ME2L; ME2M","Pending"
"TOPIC-017","TOPIC-017","Topic","Normal","[TOPIC-017] Purchase Order Types and Categories","**Topics:** Standard PO; Stock PO; Consumable PO; Service PO; Subcontracting PO; Consignment PO; Third-party concepts; Framework orders; Item categories; Account assignment categories; Document types; Number ranges; Field selection; Tolerance concepts

**Transaction codes:** ME21N; ME23N

**Fiori apps:** None listed

**Environment:** SAP S/4HANA Training System

**Tasks:** 7, 13 estimated hours.

- THY-020 Item categories and account assignment categories
- MM-LAB-026 Consumable purchase orders with account assignment
- MM-LAB-027 Framework order and limit item
- EX-009 Overview of special order types
- INC-008 Incident 08: PO cannot be created: several causes
- INC-009 Incident 09: Duplicate purchase order for the same requisition
- ASM-008 Purchase order assessment","Purchasing","V03 - Procurement","MOD-08","","","Level 2 - SAP MM Core","08 Purchase Orders","Purchasing","Procure to Pay","","CO","","","","Procurement","","SAP S/4HANA Training System","S/4HANA (ECC differences noted)","ECC and S/4HANA","","","","ME21N; ME23N",""
"THY-020","THY-020","Theory","Normal","[THY-020] Item categories and account assignment categories","**Objective:** Item categories and account assignment categories

**Prerequisites:** MM-LAB-025

**Concepts:** Standard PO; Stock PO; Consumable PO; Service PO; Subcontracting PO; Consignment PO; Third-party concepts; Framework orders; Item categories; Account assignment categories; Document types; Number ranges; Field selection; Tolerance concepts

**Environment:** SAP S/4HANA Training System

### Steps
- [ ] Study item categories standard, consignment, subcontracting, third-party, stock transfer, service and limit
- [ ] Study account assignment categories for cost centre, order, asset, project and sales order
- [ ] Study which combinations are allowed and what each does to goods receipt and invoice

### Expected Result
- Chooses item and account assignment category for ten cases

**Evidence:** Notes

**Deliverable:** Study notes

**Assessment:** Instructor checks the notes and asks short oral questions.

### Completion criteria
- Every step is done and the expected result is demonstrated
- Evidence is attached to the issue and the deliverable is in your workbook or document set
- Accounting and integration impact are written down where documents were created
- Actual time is logged against the issue
- Instructor Review is Approved and the status is Completed

**Estimated time:** 3 h

**Next task:** MM-LAB-026","Purchasing","V03 - Procurement","TOPIC-017","MM-LAB-025","3","Level 2 - SAP MM Core","08 Purchase Orders","Purchasing","Procure to Pay","0","CO","L3 - Intermediate","0","0","Procurement","","SAP S/4HANA Training System","S/4HANA (ECC differences noted)","ECC and S/4HANA","Study notes","Notes","","","Pending"
"MM-LAB-026","MM-LAB-026","Business Process Lab","Normal","[MM-LAB-026] Consumable purchase orders with account assignment","**LAB ID:** MM-LAB-026

**Title:** Consumable purchase orders with account assignment

**Objective:** Execute the business process - Consumable purchase orders with account assignment - and validate documents, stock and accounting.

**Business Scenario:** A department buys office furniture for its cost centre and a machine as an asset.

**Prerequisites:** THY-020

**Required Configuration:** Organizational structure, document types and account determination as configured in the earlier modules of this client.

**Master Data:** Cost centre and asset from the instructor

**Transaction codes:** ME21N (SAP GUI; use the Fiori app for the same function where one exists)

### Procedure
- [ ] Create an order for a cost centre with and without material number
- [ ] Create one for an asset
- [ ] Use multiple account assignment by percentage
- [ ] Check the general ledger account proposed

### Expected Result
- Account is derived for each item
- Multiple account assignment is distributed correctly

**Accounting Impact:** Goods receipt posts expense or asset debit and GR/IR clearing credit; no inventory

**Integration Impact:** CO receives the cost on the cost centre; the asset is capitalised in asset accounting

**Troubleshooting:** Read the full message with its number. Check master data, then configuration, then authorization, then integration. Record each error and its cause in your issue log. If stuck for more than 30 minutes, set the status to Blocked and describe the blocker.

**Validation:** Display the documents created (purchasing document history, material document, accounting document, stock) and compare them with the expected result.

**Evidence:** Document numbers + screenshots

**Deliverable:** Process sheet with document numbers

**Assessment:** Instructor verifies the expected result from the documents and may ask for a live demonstration.

### Completion criteria
- Every step is done and the expected result is demonstrated
- Evidence is attached to the issue and the deliverable is in your workbook or document set
- Accounting and integration impact are written down where documents were created
- Actual time is logged against the issue
- Instructor Review is Approved and the status is Completed

**Estimated time:** 3 h

**Next task:** MM-LAB-027","Purchasing","V03 - Procurement","TOPIC-017","THY-020","3","Level 2 - SAP MM Core","08 Purchase Orders","Purchasing","Procure to Pay","0","CO","L3 - Intermediate","1","0","Procurement","","SAP S/4HANA Training System","S/4HANA (ECC differences noted)","ECC and S/4HANA","Process sheet with document numbers","Document numbers + screenshots","A department buys office furniture for its cost centre and a machine as an asset.","ME21N","Pending"
"MM-LAB-027","MM-LAB-027","Business Process Lab","Normal","[MM-LAB-027] Framework order and limit item","**LAB ID:** MM-LAB-027

**Title:** Framework order and limit item

**Objective:** Execute the business process - Framework order and limit item - and validate documents, stock and accounting.

**Business Scenario:** Small repeated purchases up to a yearly limit are released without individual orders.

**Prerequisites:** MM-LAB-026

**Required Configuration:** Organizational structure, document types and account determination as configured in the earlier modules of this client.

**Master Data:** Materials and suppliers from your master-data workbook.

**Transaction codes:** ME21N (SAP GUI; use the Fiori app for the same function where one exists)

### Procedure
- [ ] Create a framework order with validity period and limit
- [ ] Post an invoice against it without goods receipt

### Expected Result
- Invoice is accepted within the limit and validity

**Accounting Impact:** Display every accounting document created and write its debit and credit lines; where none is created, state why.

**Integration Impact:** CO: record the documents or data created in the integrated area.

**Troubleshooting:** Read the full message with its number. Check master data, then configuration, then authorization, then integration. Record each error and its cause in your issue log. If stuck for more than 30 minutes, set the status to Blocked and describe the blocker.

**Validation:** Display the documents created (purchasing document history, material document, accounting document, stock) and compare them with the expected result.

**Evidence:** Document numbers + screenshots

**Deliverable:** Process sheet with document numbers

**Assessment:** Instructor verifies the expected result from the documents and may ask for a live demonstration.

### Completion criteria
- Every step is done and the expected result is demonstrated
- Evidence is attached to the issue and the deliverable is in your workbook or document set
- Accounting and integration impact are written down where documents were created
- Actual time is logged against the issue
- Instructor Review is Approved and the status is Completed

**Estimated time:** 2 h

**Next task:** EX-009","Purchasing","V03 - Procurement","TOPIC-017","MM-LAB-026","2","Level 2 - SAP MM Core","08 Purchase Orders","Purchasing","Procure to Pay","0","CO","L3 - Intermediate","1","0","Procurement","","SAP S/4HANA Training System","S/4HANA (ECC differences noted)","ECC and S/4HANA","Process sheet with document numbers","Document numbers + screenshots","Small repeated purchases up to a yearly limit are released without individual orders.","ME21N","Pending"
"EX-009","EX-009","Practical Exercise","Normal","[EX-009] Overview of special order types","**Objective:** Overview of special order types

**Prerequisites:** MM-LAB-027

**Concepts:** Standard PO; Stock PO; Consumable PO; Service PO; Subcontracting PO; Consignment PO; Third-party concepts; Framework orders; Item categories; Account assignment categories; Document types; Number ranges; Field selection; Tolerance concepts

**Environment:** SAP S/4HANA Training System

### Steps
- [ ] Fill a table of standard, stock, consumable, service, subcontracting, consignment, third-party and framework orders with item category, account assignment, goods receipt and invoice behaviour
- [ ] The special types are practised in modules 21 and 22

### Expected Result
- Table is complete and correct

**Evidence:** Worked result + screenshots

**Deliverable:** Order type table

**Assessment:** Instructor checks the worked result.

### Completion criteria
- Every step is done and the expected result is demonstrated
- Evidence is attached to the issue and the deliverable is in your workbook or document set
- Accounting and integration impact are written down where documents were created
- Actual time is logged against the issue
- Instructor Review is Approved and the status is Completed

**Estimated time:** 1 h

**Next task:** INC-008","Purchasing","V03 - Procurement","TOPIC-017","MM-LAB-027","1","Level 2 - SAP MM Core","08 Purchase Orders","Purchasing","Procure to Pay","0","CO","L3 - Intermediate","0","0","Procurement","","SAP S/4HANA Training System","S/4HANA (ECC differences noted)","ECC and S/4HANA","Order type table","Worked result + screenshots","","","Pending"
"INC-008","INC-008","Troubleshooting Incident","Normal","[INC-008] Incident 08: PO cannot be created: several causes","**Objective:** Incident 08: PO cannot be created: several causes

**Prerequisites:** EX-009

**Concepts:** Standard PO; Stock PO; Consumable PO; Service PO; Subcontracting PO; Consignment PO; Third-party concepts; Framework orders; Item categories; Account assignment categories; Document types; Number ranges; Field selection; Tolerance concepts

**Transaction codes:** ME21N; ME23N (SAP GUI; use the Fiori app for the same function where one exists)

**Environment:** SAP S/4HANA Training System

### Steps
- [ ] Problem: record the message number and text, the transaction and the user
- [ ] Business impact: state what cannot be done, who is affected and the deadline
- [ ] Reproduce the error in the training client (instructor-prepared)
- [ ] Check master data
- [ ] Check configuration
- [ ] Check authorization
- [ ] Check integration: periods, accounts, cost objects and the neighbouring module
- [ ] Check documents: history, material and accounting documents, change documents and logs
- [ ] Identify the root cause - where to look: Material and supplier data for the organization, document type, field selection and release
- [ ] Fix
- [ ] Test: re-run the original transaction
- [ ] Document the RCA

### Expected Result
- The original transaction now works
- Root cause is shown in master data, configuration, authorization or integration
- RCA document covers problem, business impact, checks made, root cause, fix, test and prevention

**Evidence:** RCA document

**Deliverable:** RCA document

**Assessment:** Instructor grades the RCA document against the twelve-step framework.

### Completion criteria
- Every step is done and the expected result is demonstrated
- Evidence is attached to the issue and the deliverable is in your workbook or document set
- Accounting and integration impact are written down where documents were created
- Actual time is logged against the issue
- Instructor Review is Approved and the status is Completed

**Estimated time:** 1 h

**Next task:** INC-009","Purchasing","V03 - Procurement","TOPIC-017","EX-009","1","Level 2 - SAP MM Core","08 Purchase Orders","Purchasing","Procure to Pay","0","CO","L3 - Intermediate","0","0","Procurement","","SAP S/4HANA Training System","S/4HANA (ECC differences noted)","ECC and S/4HANA","RCA document","RCA document","","ME21N; ME23N","Pending"
"INC-009","INC-009","Troubleshooting Incident","Normal","[INC-009] Incident 09: Duplicate purchase order for the same requisition","**Objective:** Incident 09: Duplicate purchase order for the same requisition

**Prerequisites:** INC-008

**Concepts:** Standard PO; Stock PO; Consumable PO; Service PO; Subcontracting PO; Consignment PO; Third-party concepts; Framework orders; Item categories; Account assignment categories; Document types; Number ranges; Field selection; Tolerance concepts

**Transaction codes:** ME21N; ME23N (SAP GUI; use the Fiori app for the same function where one exists)

**Environment:** SAP S/4HANA Training System

### Steps
- [ ] Problem: record the message number and text, the transaction and the user
- [ ] Business impact: state what cannot be done, who is affected and the deadline
- [ ] Reproduce the error in the training client (instructor-prepared)
- [ ] Check master data
- [ ] Check configuration
- [ ] Check authorization
- [ ] Check integration: periods, accounts, cost objects and the neighbouring module
- [ ] Check documents: history, material and accounting documents, change documents and logs
- [ ] Identify the root cause - where to look: Requisition closed indicator, ordered quantity and conversion method
- [ ] Fix
- [ ] Test: re-run the original transaction
- [ ] Document the RCA

### Expected Result
- The original transaction now works
- Root cause is shown in master data, configuration, authorization or integration
- RCA document covers problem, business impact, checks made, root cause, fix, test and prevention

**Evidence:** RCA document

**Deliverable:** RCA document

**Assessment:** Instructor grades the RCA document against the twelve-step framework.

### Completion criteria
- Every step is done and the expected result is demonstrated
- Evidence is attached to the issue and the deliverable is in your workbook or document set
- Accounting and integration impact are written down where documents were created
- Actual time is logged against the issue
- Instructor Review is Approved and the status is Completed

**Estimated time:** 1 h

**Next task:** ASM-008","Purchasing","V03 - Procurement","TOPIC-017","INC-008","1","Level 2 - SAP MM Core","08 Purchase Orders","Purchasing","Procure to Pay","0","CO","L3 - Intermediate","0","0","Procurement","","SAP S/4HANA Training System","S/4HANA (ECC differences noted)","ECC and S/4HANA","RCA document","RCA document","","ME21N; ME23N","Pending"
"ASM-008","ASM-008","Assessment","High","[ASM-008] Purchase order assessment","**Objective:** Purchase order assessment

**Prerequisites:** INC-009

**Concepts:** Standard PO; Stock PO; Consumable PO; Service PO; Subcontracting PO; Consignment PO; Third-party concepts; Framework orders; Item categories; Account assignment categories; Document types; Number ranges; Field selection; Tolerance concepts

**Environment:** SAP S/4HANA Training System

### Steps
- [ ] Create and correct a set of purchase orders

### Expected Result
- Score of 70 or higher

**Evidence:** Scored result

**Deliverable:** Scored assessment

**Assessment:** Scored 0-100 in the Score field. Pass mark 70.

### Completion criteria
- Every step is done and the expected result is demonstrated
- Evidence is attached to the issue and the deliverable is in your workbook or document set
- Accounting and integration impact are written down where documents were created
- Actual time is logged against the issue
- Instructor Review is Approved and the status is Completed

**Estimated time:** 2 h

**Next task:** Last task of this topic","Purchasing","V03 - Procurement","TOPIC-017","INC-009","2","Level 2 - SAP MM Core","08 Purchase Orders","Purchasing","Procure to Pay","0","CO","L3 - Intermediate","0","1","Procurement","","SAP S/4HANA Training System","S/4HANA (ECC differences noted)","ECC and S/4HANA","Scored assessment","Scored result","","","Pending"
"REVIEW-08","REVIEW-08","Review","High","[REVIEW-08] Module 08 gate review","**Objective:** Confirm that module 08 (Purchase Orders) is complete.

### Checklist
- [ ] Every issue of the module is Completed
- [ ] Evidence is attached to every issue
- [ ] Time is logged
- [ ] Assessment score is 70 or higher
- [ ] Configuration workbook, master-data workbook and issue log are up to date

**Assessment:** Instructor confirms the checklist and records the gate decision.

**Estimated time:** 1 h","","V03 - Procurement","MOD-08","MM-LAB-025, ASM-008","1","Level 2 - SAP MM Core","08 Purchase Orders","","","0","","","0","1","","","","","","Gate decision","Instructor sign-off","","","Pending"
"MOD-09","MOD-09","Module","Normal","[MOD-09] 09 Purchasing Configuration","Module 09 of 42. Level 2 - SAP MM Core. Version: V03 - Procurement.

Topics: 1. Estimated hours: 23.

- TOPIC-018 Purchasing Configuration

The module closes with the gate review REVIEW-09.","","V03 - Procurement","EPIC","","","Level 2 - SAP MM Core","09 Purchasing Configuration","","","","","","","","","","","","","","","","",""
"TOPIC-018","TOPIC-018","Topic","Normal","[TOPIC-018] Purchasing Configuration","**Topics:** Purchasing document types; Number ranges; Item categories; Account assignment categories; Purchasing groups; Purchasing organizations; Release procedures/workflows; Output management; Partner determination; Confirmation control; Delivery tolerances; Invoice tolerances; Business Requirement to Configuration to Testing

**Transaction codes:** SPRO; OMH6; OME9; OME4; NACE; MN04

**Fiori apps:** None listed

**Environment:** SAP S/4HANA Training System

**Tasks:** 9, 22 estimated hours.

- THY-021 Reading purchasing customizing
- MM-LAB-028 Document types and number ranges
- MM-LAB-029 Account assignment categories and field selection
- MM-LAB-030 Partner determination
- MM-LAB-031 Output management for purchase orders
- MM-LAB-032 Confirmation control
- MM-LAB-033 Delivery tolerances and invoice tolerances
- ASG-002 Assignment: requirement to configuration to test
- ASM-009 Purchasing configuration assessment","Purchasing","V03 - Procurement","MOD-09","","","Level 2 - SAP MM Core","09 Purchasing Configuration","Purchasing","Procure to Pay","","None","","","","Purchasing Configuration","","SAP S/4HANA Training System","S/4HANA (ECC differences noted)","ECC and S/4HANA","","","","SPRO; OMH6; OME9; OME4; NACE; MN04",""
"THY-021","THY-021","Theory","Normal","[THY-021] Reading purchasing customizing","**Objective:** Reading purchasing customizing

**Prerequisites:** ASM-008

**Concepts:** Purchasing document types; Number ranges; Item categories; Account assignment categories; Purchasing groups; Purchasing organizations; Release procedures/workflows; Output management; Partner determination; Confirmation control; Delivery tolerances; Invoice tolerances; Business Requirement to Configuration to Testing

**Environment:** SAP S/4HANA Training System

### Steps
- [ ] Walk the implementation guide for purchasing: requisition, request for quotation, purchase order, contract, scheduling agreement, conditions, partner determination, messages
- [ ] For each node note what is configured and the business reason

### Expected Result
- Finds any purchasing setting in the guide without a transaction code

**Evidence:** Notes

**Deliverable:** Study notes

**Assessment:** Instructor checks the notes and asks short oral questions.

### Completion criteria
- Every step is done and the expected result is demonstrated
- Evidence is attached to the issue and the deliverable is in your workbook or document set
- Accounting and integration impact are written down where documents were created
- Actual time is logged against the issue
- Instructor Review is Approved and the status is Completed

**Estimated time:** 2 h

**Next task:** MM-LAB-028","Purchasing","V03 - Procurement","TOPIC-018","ASM-008","2","Level 2 - SAP MM Core","09 Purchasing Configuration","Purchasing","Procure to Pay","0","None","L3 - Intermediate","0","0","Purchasing Configuration","","SAP S/4HANA Training System","S/4HANA (ECC differences noted)","ECC and S/4HANA","Study notes","Notes","","","Pending"
"MM-LAB-028","MM-LAB-028","Configuration Lab","Normal","[MM-LAB-028] Document types and number ranges","**LAB ID:** MM-LAB-028

**Title:** Document types and number ranges

**Objective:** Configure - Document types and number ranges - and prove it with a test transaction.

**Business Scenario:** Capital purchases need their own order type and number range.

**Prerequisites:** THY-021

**Required Configuration:** This lab is the configuration. Prerequisite: organizational structure of module 02.

**Master Data:** Only the test data named in the procedure.

**Transaction codes:** OMH6 (SAP GUI; use the Fiori app for the same function where one exists)

### Procedure
- [ ] Define a number range
- [ ] Copy a purchase order document type
- [ ] Assign allowed item categories and the link to requisition document types
- [ ] Test with an order

### Expected Result
- Order of the new type gets a number from the new range

**Accounting Impact:** Configuration itself posts nothing. Record the accounting document of the test transaction where one is created.

**Integration Impact:** None beyond materials management.

**Troubleshooting:** Read the full message with its number. Check master data, then configuration, then authorization, then integration. Record each error and its cause in your issue log. If stuck for more than 30 minutes, set the status to Blocked and describe the blocker.

**Validation:** Run the test transaction named in the procedure and confirm that the setting takes effect; display the setting again.

**Evidence:** Configuration workbook entry + test document

**Deliverable:** Configuration workbook entry

**Assessment:** Instructor checks the setting, its test document and the documented rationale.

### Completion criteria
- Every step is done and the expected result is demonstrated
- Evidence is attached to the issue and the deliverable is in your workbook or document set
- Accounting and integration impact are written down where documents were created
- Actual time is logged against the issue
- Instructor Review is Approved and the status is Completed

**Estimated time:** 3 h

**Next task:** MM-LAB-029","Purchasing","V03 - Procurement","TOPIC-018","THY-021","3","Level 2 - SAP MM Core","09 Purchasing Configuration","Purchasing","Procure to Pay","1","None","L3 - Intermediate","1","0","Purchasing Configuration","","SAP S/4HANA Training System","S/4HANA (ECC differences noted)","ECC and S/4HANA","Configuration workbook entry","Configuration workbook entry + test document","Capital purchases need their own order type and number range.","OMH6","Pending"
"MM-LAB-029","MM-LAB-029","Configuration Lab","Normal","[MM-LAB-029] Account assignment categories and field selection","**LAB ID:** MM-LAB-029

**Title:** Account assignment categories and field selection

**Objective:** Configure - Account assignment categories and field selection - and prove it with a test transaction.

**Business Scenario:** For cost-centre purchases the unloading point must be mandatory and the account must not be changeable.

**Prerequisites:** MM-LAB-028

**Required Configuration:** This lab is the configuration. Prerequisite: organizational structure of module 02.

**Master Data:** Only the test data named in the procedure.

**Transaction codes:** OME9 (SAP GUI; use the Fiori app for the same function where one exists)

### Procedure
- [ ] Copy an account assignment category
- [ ] Set consumption posting, account modification and field selection
- [ ] Maintain the screen layout of the document type
- [ ] Test

### Expected Result
- Fields behave as designed in the order

**Accounting Impact:** Configuration itself posts nothing. Record the accounting document of the test transaction where one is created.

**Integration Impact:** None beyond materials management.

**Troubleshooting:** Read the full message with its number. Check master data, then configuration, then authorization, then integration. Record each error and its cause in your issue log. If stuck for more than 30 minutes, set the status to Blocked and describe the blocker.

**Validation:** Run the test transaction named in the procedure and confirm that the setting takes effect; display the setting again.

**Evidence:** Configuration workbook entry + test document

**Deliverable:** Configuration workbook entry

**Assessment:** Instructor checks the setting, its test document and the documented rationale.

### Completion criteria
- Every step is done and the expected result is demonstrated
- Evidence is attached to the issue and the deliverable is in your workbook or document set
- Accounting and integration impact are written down where documents were created
- Actual time is logged against the issue
- Instructor Review is Approved and the status is Completed

**Estimated time:** 3 h

**Next task:** MM-LAB-030","Purchasing","V03 - Procurement","TOPIC-018","MM-LAB-028","3","Level 2 - SAP MM Core","09 Purchasing Configuration","Purchasing","Procure to Pay","1","None","L3 - Intermediate","1","0","Purchasing Configuration","","SAP S/4HANA Training System","S/4HANA (ECC differences noted)","ECC and S/4HANA","Configuration workbook entry","Configuration workbook entry + test document","For cost-centre purchases the unloading point must be mandatory and the account must not be changeable.","OME9","Pending"
"MM-LAB-030","MM-LAB-030","Configuration Lab","Normal","[MM-LAB-030] Partner determination","**LAB ID:** MM-LAB-030

**Title:** Partner determination

**Objective:** Configure - Partner determination - and prove it with a test transaction.

**Business Scenario:** Every order must carry an ordering address and an invoicing party.

**Prerequisites:** MM-LAB-029

**Required Configuration:** This lab is the configuration. Prerequisite: organizational structure of module 02.

**Master Data:** Only the test data named in the procedure.

**Transaction codes:** SPRO; OMH6; OME9; OME4; NACE; MN04 (SAP GUI; use the Fiori app for the same function where one exists)

### Procedure
- [ ] Define partner roles and partner schemas for supplier master and purchasing documents
- [ ] Assign schemas
- [ ] Make a partner mandatory
- [ ] Test

### Expected Result
- Order without the mandatory partner cannot be saved

**Accounting Impact:** Configuration itself posts nothing. Record the accounting document of the test transaction where one is created.

**Integration Impact:** None beyond materials management.

**Troubleshooting:** Read the full message with its number. Check master data, then configuration, then authorization, then integration. Record each error and its cause in your issue log. If stuck for more than 30 minutes, set the status to Blocked and describe the blocker.

**Validation:** Run the test transaction named in the procedure and confirm that the setting takes effect; display the setting again.

**Evidence:** Configuration workbook entry + test document

**Deliverable:** Configuration workbook entry

**Assessment:** Instructor checks the setting, its test document and the documented rationale.

### Completion criteria
- Every step is done and the expected result is demonstrated
- Evidence is attached to the issue and the deliverable is in your workbook or document set
- Accounting and integration impact are written down where documents were created
- Actual time is logged against the issue
- Instructor Review is Approved and the status is Completed

**Estimated time:** 2 h

**Next task:** MM-LAB-031","Purchasing","V03 - Procurement","TOPIC-018","MM-LAB-029","2","Level 2 - SAP MM Core","09 Purchasing Configuration","Purchasing","Procure to Pay","1","None","L3 - Intermediate","1","0","Purchasing Configuration","","SAP S/4HANA Training System","S/4HANA (ECC differences noted)","ECC and S/4HANA","Configuration workbook entry","Configuration workbook entry + test document","Every order must carry an ordering address and an invoicing party.","SPRO; OMH6; OME9; OME4; NACE; MN04","Pending"
"MM-LAB-031","MM-LAB-031","Configuration Lab","Normal","[MM-LAB-031] Output management for purchase orders","**LAB ID:** MM-LAB-031

**Title:** Output management for purchase orders

**Objective:** Configure - Output management for purchase orders - and prove it with a test transaction.

**Business Scenario:** Orders are to be sent by e-mail on saving; changes must be sent again.

**Prerequisites:** MM-LAB-030

**Required Configuration:** This lab is the configuration. Prerequisite: organizational structure of module 02.

**Master Data:** Only the test data named in the procedure.

**Transaction codes:** NACE; MN04; ME9F (SAP GUI; use the Fiori app for the same function where one exists)

### Procedure
- [ ] Study condition-based output and the S/4HANA output management based on business rules
- [ ] Configure or review the output type, determination and form
- [ ] Maintain the output record
- [ ] Issue new and change outputs

### Expected Result
- Output is proposed on creation and on change
- Output log is read

**Accounting Impact:** Configuration itself posts nothing. Record the accounting document of the test transaction where one is created.

**Integration Impact:** None beyond materials management.

**Troubleshooting:** Read the full message with its number. Check master data, then configuration, then authorization, then integration. Record each error and its cause in your issue log. If stuck for more than 30 minutes, set the status to Blocked and describe the blocker.

**Validation:** Run the test transaction named in the procedure and confirm that the setting takes effect; display the setting again.

**Evidence:** Configuration workbook entry + test document

**Deliverable:** Configuration workbook entry

**Assessment:** Instructor checks the setting, its test document and the documented rationale.

### Completion criteria
- Every step is done and the expected result is demonstrated
- Evidence is attached to the issue and the deliverable is in your workbook or document set
- Accounting and integration impact are written down where documents were created
- Actual time is logged against the issue
- Instructor Review is Approved and the status is Completed

**Estimated time:** 3 h

**Next task:** MM-LAB-032","Purchasing","V03 - Procurement","TOPIC-018","MM-LAB-030","3","Level 2 - SAP MM Core","09 Purchasing Configuration","Purchasing","Procure to Pay","1","None","L3 - Intermediate","1","0","Purchasing Configuration","","SAP S/4HANA Training System","S/4HANA (ECC differences noted)","ECC and S/4HANA","Configuration workbook entry","Configuration workbook entry + test document","Orders are to be sent by e-mail on saving; changes must be sent again.","NACE; MN04; ME9F","Pending"
"MM-LAB-032","MM-LAB-032","Configuration Lab","Normal","[MM-LAB-032] Confirmation control","**LAB ID:** MM-LAB-032

**Title:** Confirmation control

**Objective:** Configure - Confirmation control - and prove it with a test transaction.

**Business Scenario:** Suppliers send order acknowledgements and shipping notifications that must be tracked.

**Prerequisites:** MM-LAB-031

**Required Configuration:** This lab is the configuration. Prerequisite: organizational structure of module 02.

**Master Data:** Only the test data named in the procedure.

**Transaction codes:** SPRO; OMH6; OME9; OME4; NACE; MN04 (SAP GUI; use the Fiori app for the same function where one exists)

### Procedure
- [ ] Define a confirmation control key with order acknowledgement and shipping notification
- [ ] Set MRP and goods receipt relevance
- [ ] Enter confirmations in an order

### Expected Result
- Confirmed quantity and date appear in the order and in planning

**Accounting Impact:** Configuration itself posts nothing. Record the accounting document of the test transaction where one is created.

**Integration Impact:** None beyond materials management.

**Troubleshooting:** Read the full message with its number. Check master data, then configuration, then authorization, then integration. Record each error and its cause in your issue log. If stuck for more than 30 minutes, set the status to Blocked and describe the blocker.

**Validation:** Run the test transaction named in the procedure and confirm that the setting takes effect; display the setting again.

**Evidence:** Configuration workbook entry + test document

**Deliverable:** Configuration workbook entry

**Assessment:** Instructor checks the setting, its test document and the documented rationale.

### Completion criteria
- Every step is done and the expected result is demonstrated
- Evidence is attached to the issue and the deliverable is in your workbook or document set
- Accounting and integration impact are written down where documents were created
- Actual time is logged against the issue
- Instructor Review is Approved and the status is Completed

**Estimated time:** 2 h

**Next task:** MM-LAB-033","Purchasing","V03 - Procurement","TOPIC-018","MM-LAB-031","2","Level 2 - SAP MM Core","09 Purchasing Configuration","Purchasing","Procure to Pay","1","None","L3 - Intermediate","1","0","Purchasing Configuration","","SAP S/4HANA Training System","S/4HANA (ECC differences noted)","ECC and S/4HANA","Configuration workbook entry","Configuration workbook entry + test document","Suppliers send order acknowledgements and shipping notifications that must be tracked.","SPRO; OMH6; OME9; OME4; NACE; MN04","Pending"
"MM-LAB-033","MM-LAB-033","Configuration Lab","Normal","[MM-LAB-033] Delivery tolerances and invoice tolerances","**LAB ID:** MM-LAB-033

**Title:** Delivery tolerances and invoice tolerances

**Objective:** Configure - Delivery tolerances and invoice tolerances - and prove it with a test transaction.

**Business Scenario:** Suppliers may over-deliver 5 % but price differences above a limit must block the invoice.

**Prerequisites:** MM-LAB-032

**Required Configuration:** This lab is the configuration. Prerequisite: organizational structure of module 02.

**Master Data:** Only the test data named in the procedure.

**Transaction codes:** OMR6 (SAP GUI; use the Fiori app for the same function where one exists)

### Procedure
- [ ] Set under- and over-delivery tolerances in the info record and order
- [ ] Set purchasing value keys
- [ ] Maintain invoice tolerance keys for price and quantity variance
- [ ] Test each limit

### Expected Result
- Over-delivery beyond tolerance is refused
- Invoice beyond tolerance is blocked

**Accounting Impact:** Configuration itself posts nothing. Record the accounting document of the test transaction where one is created.

**Integration Impact:** None beyond materials management.

**Troubleshooting:** Read the full message with its number. Check master data, then configuration, then authorization, then integration. Record each error and its cause in your issue log. If stuck for more than 30 minutes, set the status to Blocked and describe the blocker.

**Validation:** Run the test transaction named in the procedure and confirm that the setting takes effect; display the setting again.

**Evidence:** Configuration workbook entry + test document

**Deliverable:** Configuration workbook entry

**Assessment:** Instructor checks the setting, its test document and the documented rationale.

### Completion criteria
- Every step is done and the expected result is demonstrated
- Evidence is attached to the issue and the deliverable is in your workbook or document set
- Accounting and integration impact are written down where documents were created
- Actual time is logged against the issue
- Instructor Review is Approved and the status is Completed

**Estimated time:** 3 h

**Next task:** ASG-002","Purchasing","V03 - Procurement","TOPIC-018","MM-LAB-032","3","Level 2 - SAP MM Core","09 Purchasing Configuration","Purchasing","Procure to Pay","1","None","L3 - Intermediate","1","0","Purchasing Configuration","","SAP S/4HANA Training System","S/4HANA (ECC differences noted)","ECC and S/4HANA","Configuration workbook entry","Configuration workbook entry + test document","Suppliers may over-deliver 5 % but price differences above a limit must block the invoice.","OMR6","Pending"
"ASG-002","ASG-002","Assignment","Normal","[ASG-002] Assignment: requirement to configuration to test","**Objective:** Assignment: requirement to configuration to test

**Prerequisites:** MM-LAB-033

**Concepts:** Purchasing document types; Number ranges; Item categories; Account assignment categories; Purchasing groups; Purchasing organizations; Release procedures/workflows; Output management; Partner determination; Confirmation control; Delivery tolerances; Invoice tolerances; Business Requirement to Configuration to Testing

**Environment:** SAP S/4HANA Training System

### Steps
- [ ] Take one written requirement
- [ ] Write the process design, the configuration and the unit test for it

### Expected Result
- The three parts trace to each other

**Evidence:** Written deliverable

**Deliverable:** Requirement-configuration-test sheet

**Assessment:** Instructor reviews the document for completeness and reasoning.

### Completion criteria
- Every step is done and the expected result is demonstrated
- Evidence is attached to the issue and the deliverable is in your workbook or document set
- Accounting and integration impact are written down where documents were created
- Actual time is logged against the issue
- Instructor Review is Approved and the status is Completed

**Estimated time:** 2 h

**Next task:** ASM-009","Purchasing","V03 - Procurement","TOPIC-018","MM-LAB-033","2","Level 2 - SAP MM Core","09 Purchasing Configuration","Purchasing","Procure to Pay","0","None","L3 - Intermediate","0","0","Purchasing Configuration","","SAP S/4HANA Training System","S/4HANA (ECC differences noted)","ECC and S/4HANA","Requirement-configuration-test sheet","Written deliverable","","","Pending"
"ASM-009","ASM-009","Assessment","High","[ASM-009] Purchasing configuration assessment","**Objective:** Purchasing configuration assessment

**Prerequisites:** ASG-002

**Concepts:** Purchasing document types; Number ranges; Item categories; Account assignment categories; Purchasing groups; Purchasing organizations; Release procedures/workflows; Output management; Partner determination; Confirmation control; Delivery tolerances; Invoice tolerances; Business Requirement to Configuration to Testing

**Environment:** SAP S/4HANA Training System

### Steps
- [ ] Configure a requirement and prove it with a test order

### Expected Result
- Score of 70 or higher

**Evidence:** Scored result

**Deliverable:** Scored assessment

**Assessment:** Scored 0-100 in the Score field. Pass mark 70.

### Completion criteria
- Every step is done and the expected result is demonstrated
- Evidence is attached to the issue and the deliverable is in your workbook or document set
- Accounting and integration impact are written down where documents were created
- Actual time is logged against the issue
- Instructor Review is Approved and the status is Completed

**Estimated time:** 2 h

**Next task:** Last task of this topic","Purchasing","V03 - Procurement","TOPIC-018","ASG-002","2","Level 2 - SAP MM Core","09 Purchasing Configuration","Purchasing","Procure to Pay","0","None","L3 - Intermediate","0","1","Purchasing Configuration","","SAP S/4HANA Training System","S/4HANA (ECC differences noted)","ECC and S/4HANA","Scored assessment","Scored result","","","Pending"
"REVIEW-09","REVIEW-09","Review","High","[REVIEW-09] Module 09 gate review","**Objective:** Confirm that module 09 (Purchasing Configuration) is complete.

### Checklist
- [ ] Every issue of the module is Completed
- [ ] Evidence is attached to every issue
- [ ] Time is logged
- [ ] Assessment score is 70 or higher
- [ ] Configuration workbook, master-data workbook and issue log are up to date

**Assessment:** Instructor confirms the checklist and records the gate decision.

**Estimated time:** 1 h","","V03 - Procurement","MOD-09","ASM-009","1","Level 2 - SAP MM Core","09 Purchasing Configuration","","","0","","","0","1","","","","","","Gate decision","Instructor sign-off","","","Pending"
"MOD-10","MOD-10","Module","Normal","[MOD-10] 10 Pricing & Conditions","Module 10 of 42. Level 2 - SAP MM Core. Version: V03 - Procurement.

Topics: 1. Estimated hours: 19.

- TOPIC-019 Purchasing Pricing and Conditions

The module closes with the gate review REVIEW-10.","","V03 - Procurement","EPIC","","","Level 2 - SAP MM Core","10 Pricing & Conditions","","","","","","","","","","","","","","","","",""
"TOPIC-019","TOPIC-019","Topic","Normal","[TOPIC-019] Purchasing Pricing and Conditions","**Topics:** Condition technique; Condition types; Access sequence; Condition tables; Calculation schema; Schema determination; Gross price; Discounts; Freight; Taxes; Planned delivery costs; Effective price; Net price; Statistical conditions; Master data vs condition records vs purchasing conditions vs schema

**Transaction codes:** M/03; M/06; M/07; M/08; MEK1; MEK2; MEK3; ME11; ME21N

**Fiori apps:** None listed

**Environment:** SAP S/4HANA Training System

**Tasks:** 8, 18 estimated hours.

- THY-022 The condition technique in purchasing
- THY-023 Master data, condition records, purchasing conditions and schema
- MM-LAB-034 Maintain conditions and read the price analysis
- MM-LAB-035 Configure a condition type, access sequence and calculation schema
- MM-LAB-036 Planned delivery costs and statistical conditions
- INC-010 Incident 10: Wrong price in PO
- INC-011 Incident 11: Freight condition not found or not posted
- ASM-010 Pricing assessment","Purchasing","V03 - Procurement","MOD-10","","","Level 2 - SAP MM Core","10 Pricing & Conditions","Purchasing","Procure to Pay","","FI","","","","Purchasing Configuration","","SAP S/4HANA Training System","S/4HANA (ECC differences noted)","ECC and S/4HANA","","","","M/03; M/06; M/07; M/08; MEK1; MEK2; MEK3; ME11; ME21N",""
"THY-022","THY-022","Theory","Normal","[THY-022] The condition technique in purchasing","**Objective:** The condition technique in purchasing

**Prerequisites:** ASM-009

**Concepts:** Condition technique; Condition types; Access sequence; Condition tables; Calculation schema; Schema determination; Gross price; Discounts; Freight; Taxes; Planned delivery costs; Effective price; Net price; Statistical conditions; Master data vs condition records vs purchasing conditions vs schema

**Environment:** SAP S/4HANA Training System

### Steps
- [ ] Study condition table, access sequence, condition type, calculation schema and schema determination by supplier and purchasing organization schema groups
- [ ] Study gross price, discounts, surcharges, freight, net price and effective price
- [ ] Study statistical conditions and planned delivery costs with their own accounts

### Expected Result
- Draws the chain from schema determination to condition record
- Explains net versus effective price

**Evidence:** Notes

**Deliverable:** Study notes

**Assessment:** Instructor checks the notes and asks short oral questions.

### Completion criteria
- Every step is done and the expected result is demonstrated
- Evidence is attached to the issue and the deliverable is in your workbook or document set
- Accounting and integration impact are written down where documents were created
- Actual time is logged against the issue
- Instructor Review is Approved and the status is Completed

**Estimated time:** 3 h

**Next task:** THY-023","Purchasing","V03 - Procurement","TOPIC-019","ASM-009","3","Level 2 - SAP MM Core","10 Pricing & Conditions","Purchasing","Procure to Pay","0","FI","L3 - Intermediate","0","0","Purchasing Configuration","","SAP S/4HANA Training System","S/4HANA (ECC differences noted)","ECC and S/4HANA","Study notes","Notes","","","Pending"
"THY-023","THY-023","Theory","Normal","[THY-023] Master data, condition records, purchasing conditions and schema","**Objective:** Master data, condition records, purchasing conditions and schema

**Prerequisites:** THY-022

**Concepts:** Condition technique; Condition types; Access sequence; Condition tables; Calculation schema; Schema determination; Gross price; Discounts; Freight; Taxes; Planned delivery costs; Effective price; Net price; Statistical conditions; Master data vs condition records vs purchasing conditions vs schema

**Environment:** SAP S/4HANA Training System

### Steps
- [ ] Study where a price can come from: info record, contract, quotation, general condition record, manual entry
- [ ] Study time-dependent and time-independent conditions
- [ ] Study the difference between a condition record and the schema that uses it

### Expected Result
- Explains for five prices where they are stored and how they reach the order

**Evidence:** Notes

**Deliverable:** Study notes

**Assessment:** Instructor checks the notes and asks short oral questions.

### Completion criteria
- Every step is done and the expected result is demonstrated
- Evidence is attached to the issue and the deliverable is in your workbook or document set
- Accounting and integration impact are written down where documents were created
- Actual time is logged against the issue
- Instructor Review is Approved and the status is Completed

**Estimated time:** 2 h

**Next task:** MM-LAB-034","Purchasing","V03 - Procurement","TOPIC-019","THY-022","2","Level 2 - SAP MM Core","10 Pricing & Conditions","Purchasing","Procure to Pay","0","FI","L3 - Intermediate","0","0","Purchasing Configuration","","SAP S/4HANA Training System","S/4HANA (ECC differences noted)","ECC and S/4HANA","Study notes","Notes","","","Pending"
"MM-LAB-034","MM-LAB-034","Business Process Lab","Normal","[MM-LAB-034] Maintain conditions and read the price analysis","**LAB ID:** MM-LAB-034

**Title:** Maintain conditions and read the price analysis

**Objective:** Execute the business process - Maintain conditions and read the price analysis - and validate documents, stock and accounting.

**Business Scenario:** A supplier grants a quantity scale and a 2 % discount; freight is charged per unit.

**Prerequisites:** THY-023

**Required Configuration:** Organizational structure, document types and account determination as configured in the earlier modules of this client.

**Master Data:** Materials and suppliers from your master-data workbook.

**Transaction codes:** ME11; MEK1; ME21N (SAP GUI; use the Fiori app for the same function where one exists)

### Procedure
- [ ] Maintain gross price with scale and discount in the info record
- [ ] Create a general discount record
- [ ] Enter freight in the order
- [ ] Create orders and read the condition analysis

### Expected Result
- Each condition value is explained
- Scale applies at the boundary

**Accounting Impact:** Planned delivery costs post to a freight clearing account at goods receipt

**Integration Impact:** FI: record the documents or data created in the integrated area.

**Troubleshooting:** Read the full message with its number. Check master data, then configuration, then authorization, then integration. Record each error and its cause in your issue log. If stuck for more than 30 minutes, set the status to Blocked and describe the blocker.

**Validation:** Display the documents created (purchasing document history, material document, accounting document, stock) and compare them with the expected result.

**Evidence:** Document numbers + screenshots

**Deliverable:** Process sheet with document numbers

**Assessment:** Instructor verifies the expected result from the documents and may ask for a live demonstration.

### Completion criteria
- Every step is done and the expected result is demonstrated
- Evidence is attached to the issue and the deliverable is in your workbook or document set
- Accounting and integration impact are written down where documents were created
- Actual time is logged against the issue
- Instructor Review is Approved and the status is Completed

**Estimated time:** 3 h

**Next task:** MM-LAB-035","Purchasing","V03 - Procurement","TOPIC-019","THY-023","3","Level 2 - SAP MM Core","10 Pricing & Conditions","Purchasing","Procure to Pay","0","FI","L3 - Intermediate","1","0","Purchasing Configuration","","SAP S/4HANA Training System","S/4HANA (ECC differences noted)","ECC and S/4HANA","Process sheet with document numbers","Document numbers + screenshots","A supplier grants a quantity scale and a 2 % discount; freight is charged per unit.","ME11; MEK1; ME21N","Pending"
"MM-LAB-035","MM-LAB-035","Configuration Lab","Normal","[MM-LAB-035] Configure a condition type, access sequence and calculation schema","**LAB ID:** MM-LAB-035

**Title:** Configure a condition type, access sequence and calculation schema

**Objective:** Configure - Configure a condition type, access sequence and calculation schema - and prove it with a test transaction.

**Business Scenario:** The company introduces a packing surcharge that some suppliers charge as a percentage.

**Prerequisites:** MM-LAB-034

**Required Configuration:** This lab is the configuration. Prerequisite: organizational structure of module 02.

**Master Data:** Only the test data named in the procedure.

**Transaction codes:** M/03; M/07; M/06; M/08 (SAP GUI; use the Fiori app for the same function where one exists)

### Procedure
- [ ] Create a condition table and access sequence
- [ ] Create the condition type
- [ ] Insert it into a copied calculation schema with the right steps and subtotals
- [ ] Define schema groups and schema determination
- [ ] Test

### Expected Result
- New schema is determined for the supplier
- Surcharge is calculated

**Accounting Impact:** Configuration itself posts nothing. Record the accounting document of the test transaction where one is created.

**Integration Impact:** FI: record the documents or data created in the integrated area.

**Troubleshooting:** Read the full message with its number. Check master data, then configuration, then authorization, then integration. Record each error and its cause in your issue log. If stuck for more than 30 minutes, set the status to Blocked and describe the blocker.

**Validation:** Run the test transaction named in the procedure and confirm that the setting takes effect; display the setting again.

**Evidence:** Configuration workbook entry + test document

**Deliverable:** Configuration workbook entry

**Assessment:** Instructor checks the setting, its test document and the documented rationale.

### Completion criteria
- Every step is done and the expected result is demonstrated
- Evidence is attached to the issue and the deliverable is in your workbook or document set
- Accounting and integration impact are written down where documents were created
- Actual time is logged against the issue
- Instructor Review is Approved and the status is Completed

**Estimated time:** 4 h

**Next task:** MM-LAB-036","Purchasing","V03 - Procurement","TOPIC-019","MM-LAB-034","4","Level 2 - SAP MM Core","10 Pricing & Conditions","Purchasing","Procure to Pay","1","FI","L3 - Intermediate","1","0","Purchasing Configuration","","SAP S/4HANA Training System","S/4HANA (ECC differences noted)","ECC and S/4HANA","Configuration workbook entry","Configuration workbook entry + test document","The company introduces a packing surcharge that some suppliers charge as a percentage.","M/03; M/07; M/06; M/08","Pending"
"MM-LAB-036","MM-LAB-036","Configuration Lab","Normal","[MM-LAB-036] Planned delivery costs and statistical conditions","**LAB ID:** MM-LAB-036

**Title:** Planned delivery costs and statistical conditions

**Objective:** Configure - Planned delivery costs and statistical conditions - and prove it with a test transaction.

**Business Scenario:** Freight from a forwarder must be accrued at goods receipt and invoiced separately.

**Prerequisites:** MM-LAB-035

**Required Configuration:** This lab is the configuration. Prerequisite: organizational structure of module 02.

**Master Data:** Only the test data named in the procedure.

**Transaction codes:** M/08; MIGO (SAP GUI; use the Fiori app for the same function where one exists)

### Procedure
- [ ] Configure a freight condition with accrual key and a different freight supplier
- [ ] Add a statistical condition
- [ ] Post the goods receipt and read the accounting document

### Expected Result
- Freight is added to the stock value and posted to the clearing account
- Statistical condition does not post

**Accounting Impact:** Inventory debit including freight; GR/IR credit; freight clearing credit

**Integration Impact:** FI: record the documents or data created in the integrated area.

**Troubleshooting:** Read the full message with its number. Check master data, then configuration, then authorization, then integration. Record each error and its cause in your issue log. If stuck for more than 30 minutes, set the status to Blocked and describe the blocker.

**Validation:** Run the test transaction named in the procedure and confirm that the setting takes effect; display the setting again.

**Evidence:** Configuration workbook entry + test document

**Deliverable:** Configuration workbook entry

**Assessment:** Instructor checks the setting, its test document and the documented rationale.

### Completion criteria
- Every step is done and the expected result is demonstrated
- Evidence is attached to the issue and the deliverable is in your workbook or document set
- Accounting and integration impact are written down where documents were created
- Actual time is logged against the issue
- Instructor Review is Approved and the status is Completed

**Estimated time:** 2 h

**Next task:** INC-010","Purchasing","V03 - Procurement","TOPIC-019","MM-LAB-035","2","Level 2 - SAP MM Core","10 Pricing & Conditions","Purchasing","Procure to Pay","1","FI","L3 - Intermediate","1","0","Purchasing Configuration","","SAP S/4HANA Training System","S/4HANA (ECC differences noted)","ECC and S/4HANA","Configuration workbook entry","Configuration workbook entry + test document","Freight from a forwarder must be accrued at goods receipt and invoiced separately.","M/08; MIGO","Pending"
"INC-010","INC-010","Troubleshooting Incident","Normal","[INC-010] Incident 10: Wrong price in PO","**Objective:** Incident 10: Wrong price in PO

**Prerequisites:** MM-LAB-036

**Concepts:** Condition technique; Condition types; Access sequence; Condition tables; Calculation schema; Schema determination; Gross price; Discounts; Freight; Taxes; Planned delivery costs; Effective price; Net price; Statistical conditions; Master data vs condition records vs purchasing conditions vs schema

**Transaction codes:** M/03; M/06; M/07; M/08; MEK1; MEK2; MEK3; ME11; ME21N (SAP GUI; use the Fiori app for the same function where one exists)

**Environment:** SAP S/4HANA Training System

### Steps
- [ ] Problem: record the message number and text, the transaction and the user
- [ ] Business impact: state what cannot be done, who is affected and the deadline
- [ ] Reproduce the error in the training client (instructor-prepared)
- [ ] Check master data
- [ ] Check configuration
- [ ] Check authorization
- [ ] Check integration: periods, accounts, cost objects and the neighbouring module
- [ ] Check documents: history, material and accounting documents, change documents and logs
- [ ] Identify the root cause - where to look: Info record validity, condition records, last order price and the condition analysis
- [ ] Fix
- [ ] Test: re-run the original transaction
- [ ] Document the RCA

### Expected Result
- The original transaction now works
- Root cause is shown in master data, configuration, authorization or integration
- RCA document covers problem, business impact, checks made, root cause, fix, test and prevention

**Evidence:** RCA document

**Deliverable:** RCA document

**Assessment:** Instructor grades the RCA document against the twelve-step framework.

### Completion criteria
- Every step is done and the expected result is demonstrated
- Evidence is attached to the issue and the deliverable is in your workbook or document set
- Accounting and integration impact are written down where documents were created
- Actual time is logged against the issue
- Instructor Review is Approved and the status is Completed

**Estimated time:** 1 h

**Next task:** INC-011","Purchasing","V03 - Procurement","TOPIC-019","MM-LAB-036","1","Level 2 - SAP MM Core","10 Pricing & Conditions","Purchasing","Procure to Pay","0","FI","L3 - Intermediate","0","0","Purchasing Configuration","","SAP S/4HANA Training System","S/4HANA (ECC differences noted)","ECC and S/4HANA","RCA document","RCA document","","M/03; M/06; M/07; M/08; MEK1; MEK2; MEK3; ME11; ME21N","Pending"
"INC-011","INC-011","Troubleshooting Incident","Normal","[INC-011] Incident 11: Freight condition not found or not posted","**Objective:** Incident 11: Freight condition not found or not posted

**Prerequisites:** INC-010

**Concepts:** Condition technique; Condition types; Access sequence; Condition tables; Calculation schema; Schema determination; Gross price; Discounts; Freight; Taxes; Planned delivery costs; Effective price; Net price; Statistical conditions; Master data vs condition records vs purchasing conditions vs schema

**Transaction codes:** M/03; M/06; M/07; M/08; MEK1; MEK2; MEK3; ME11; ME21N (SAP GUI; use the Fiori app for the same function where one exists)

**Environment:** SAP S/4HANA Training System

### Steps
- [ ] Problem: record the message number and text, the transaction and the user
- [ ] Business impact: state what cannot be done, who is affected and the deadline
- [ ] Reproduce the error in the training client (instructor-prepared)
- [ ] Check master data
- [ ] Check configuration
- [ ] Check authorization
- [ ] Check integration: periods, accounts, cost objects and the neighbouring module
- [ ] Check documents: history, material and accounting documents, change documents and logs
- [ ] Identify the root cause - where to look: Schema, accrual key and account determination for freight clearing
- [ ] Fix
- [ ] Test: re-run the original transaction
- [ ] Document the RCA

### Expected Result
- The original transaction now works
- Root cause is shown in master data, configuration, authorization or integration
- RCA document covers problem, business impact, checks made, root cause, fix, test and prevention

**Evidence:** RCA document

**Deliverable:** RCA document

**Assessment:** Instructor grades the RCA document against the twelve-step framework.

### Completion criteria
- Every step is done and the expected result is demonstrated
- Evidence is attached to the issue and the deliverable is in your workbook or document set
- Accounting and integration impact are written down where documents were created
- Actual time is logged against the issue
- Instructor Review is Approved and the status is Completed

**Estimated time:** 1 h

**Next task:** ASM-010","Purchasing","V03 - Procurement","TOPIC-019","INC-010","1","Level 2 - SAP MM Core","10 Pricing & Conditions","Purchasing","Procure to Pay","0","FI","L3 - Intermediate","0","0","Purchasing Configuration","","SAP S/4HANA Training System","S/4HANA (ECC differences noted)","ECC and S/4HANA","RCA document","RCA document","","M/03; M/06; M/07; M/08; MEK1; MEK2; MEK3; ME11; ME21N","Pending"
"ASM-010","ASM-010","Assessment","High","[ASM-010] Pricing assessment","**Objective:** Pricing assessment

**Prerequisites:** INC-011

**Concepts:** Condition technique; Condition types; Access sequence; Condition tables; Calculation schema; Schema determination; Gross price; Discounts; Freight; Taxes; Planned delivery costs; Effective price; Net price; Statistical conditions; Master data vs condition records vs purchasing conditions vs schema

**Environment:** SAP S/4HANA Training System

### Steps
- [ ] Configure and prove a pricing requirement

### Expected Result
- Score of 70 or higher

**Evidence:** Scored result

**Deliverable:** Scored assessment

**Assessment:** Scored 0-100 in the Score field. Pass mark 70.

### Completion criteria
- Every step is done and the expected result is demonstrated
- Evidence is attached to the issue and the deliverable is in your workbook or document set
- Accounting and integration impact are written down where documents were created
- Actual time is logged against the issue
- Instructor Review is Approved and the status is Completed

**Estimated time:** 2 h

**Next task:** Last task of this topic","Purchasing","V03 - Procurement","TOPIC-019","INC-011","2","Level 2 - SAP MM Core","10 Pricing & Conditions","Purchasing","Procure to Pay","0","FI","L3 - Intermediate","0","1","Purchasing Configuration","","SAP S/4HANA Training System","S/4HANA (ECC differences noted)","ECC and S/4HANA","Scored assessment","Scored result","","","Pending"
"REVIEW-10","REVIEW-10","Review","High","[REVIEW-10] Module 10 gate review","**Objective:** Confirm that module 10 (Pricing & Conditions) is complete.

### Checklist
- [ ] Every issue of the module is Completed
- [ ] Evidence is attached to every issue
- [ ] Time is logged
- [ ] Assessment score is 70 or higher
- [ ] Configuration workbook, master-data workbook and issue log are up to date

**Assessment:** Instructor confirms the checklist and records the gate decision.

**Estimated time:** 1 h","","V03 - Procurement","MOD-10","ASM-010","1","Level 2 - SAP MM Core","10 Pricing & Conditions","","","0","","","0","1","","","","","","Gate decision","Instructor sign-off","","","Pending"
"MOD-11","MOD-11","Module","Normal","[MOD-11] 11 Release / Workflow","Module 11 of 42. Level 2 - SAP MM Core. Version: V03 - Procurement.

Topics: 1. Estimated hours: 20.

- TOPIC-020 Release Strategy and Approval Workflow

The module closes with the gate review REVIEW-11.","","V03 - Procurement","EPIC","","","Level 2 - SAP MM Core","11 Release / Workflow","","","","","","","","","","","","","","","","",""
"TOPIC-020","TOPIC-020","Topic","Normal","[TOPIC-020] Release Strategy and Approval Workflow","**Topics:** Purchase requisition approval; Purchase order approval; Release procedures; Classification concepts; Workflow concepts; Flexible workflow in S/4HANA; Approval hierarchy; Approval thresholds; Role-based approval

**Transaction codes:** CT04; CL02; CL20N; CL24N; ME54N; ME55; ME28; ME29N; SWIA

**Fiori apps:** Manage Workflows for Purchase Requisitions; Manage Workflows for Purchase Orders; My Inbox

**Environment:** SAP S/4HANA Training System

**Tasks:** 8, 19 estimated hours.

- THY-024 Approval concepts: release procedure and flexible workflow
- MM-LAB-037 Release strategy for purchase orders with three thresholds
- MM-LAB-038 Release for purchase requisitions
- MM-LAB-039 Flexible workflow in S/4HANA
- ASG-003 Assignment: approval matrix
- INC-012 Incident 12: PO approval pending: release strategy not triggered
- INC-013 Incident 13: Workflow not triggered or approver receives nothing
- ASM-011 Release and workflow assessment","Purchasing","V03 - Procurement","MOD-11","","","Level 2 - SAP MM Core","11 Release / Workflow","Purchasing","Procure to Pay","","None","","","","Purchasing Configuration","","SAP S/4HANA Training System","S/4HANA (ECC differences noted)","ECC and S/4HANA (changed in S/4HANA)","","","","CT04; CL02; CL20N; CL24N; ME54N; ME55; ME28; ME29N; SWIA",""
"THY-024","THY-024","Theory","Normal","[THY-024] Approval concepts: release procedure and flexible workflow","**Objective:** Approval concepts: release procedure and flexible workflow

**Prerequisites:** ASM-010

**Concepts:** Purchase requisition approval; Purchase order approval; Release procedures; Classification concepts; Workflow concepts; Flexible workflow in S/4HANA; Approval hierarchy; Approval thresholds; Role-based approval

**Fiori apps:** Manage Workflows for Purchase Requisitions; Manage Workflows for Purchase Orders; My Inbox

**Environment:** SAP S/4HANA Training System

### Steps
- [ ] Study the release procedure with classification: characteristics, class, release groups, codes, strategies, indicators
- [ ] Study release without classification for requisition items
- [ ] Study flexible workflow with preconditions and step sequences
- [ ] Study approval hierarchy, thresholds and role-based approval

### Expected Result
- Explains strategy versus code versus indicator
- States when flexible workflow is used

**Evidence:** Notes

**Deliverable:** Study notes

**Assessment:** Instructor checks the notes and asks short oral questions.

### Completion criteria
- Every step is done and the expected result is demonstrated
- Evidence is attached to the issue and the deliverable is in your workbook or document set
- Accounting and integration impact are written down where documents were created
- Actual time is logged against the issue
- Instructor Review is Approved and the status is Completed

**Estimated time:** 3 h

**Next task:** MM-LAB-037","Purchasing","V03 - Procurement","TOPIC-020","ASM-010","3","Level 2 - SAP MM Core","11 Release / Workflow","Purchasing","Procure to Pay","0","None","L3 - Intermediate","0","0","Purchasing Configuration","","SAP S/4HANA Training System","S/4HANA (ECC differences noted)","ECC and S/4HANA (changed in S/4HANA)","Study notes","Notes","","","Pending"
"MM-LAB-037","MM-LAB-037","Configuration Lab","Normal","[MM-LAB-037] Release strategy for purchase orders with three thresholds","**LAB ID:** MM-LAB-037

**Title:** Release strategy for purchase orders with three thresholds

**Objective:** Configure - Release strategy for purchase orders with three thresholds - and prove it with a test transaction.

**Business Scenario:** Orders below INR 50,000 go to the manager, INR 50,000 to 5,00,000 to the department head, and above INR 5,00,000 to the procurement head.

**Prerequisites:** THY-024

**Required Configuration:** This lab is the configuration. Prerequisite: organizational structure of module 02.

**Master Data:** Only the test data named in the procedure.

**Transaction codes:** CT04; CL02; ME28; ME29N (SAP GUI; use the Fiori app for the same function where one exists)

**Fiori apps:** Manage Workflows for Purchase Requisitions; Manage Workflows for Purchase Orders; My Inbox

### Procedure
- [ ] Create characteristics for order value and document type on the communication structure
- [ ] Create the class
- [ ] Define release group, codes, indicators and three strategies
- [ ] Classify the strategies with the value ranges
- [ ] Simulate
- [ ] Create one order in each range and release them

### Expected Result
- Each order receives the right strategy
- Order is blocked for output and goods receipt until released

**Accounting Impact:** Configuration itself posts nothing. Record the accounting document of the test transaction where one is created.

**Integration Impact:** None beyond materials management.

**Troubleshooting:** Read the full message with its number. Check master data, then configuration, then authorization, then integration. Record each error and its cause in your issue log. If stuck for more than 30 minutes, set the status to Blocked and describe the blocker.

**Validation:** Run the test transaction named in the procedure and confirm that the setting takes effect; display the setting again.

**Evidence:** Configuration workbook entry + test document

**Deliverable:** Configuration workbook entry

**Assessment:** Instructor checks the setting, its test document and the documented rationale.

### Completion criteria
- Every step is done and the expected result is demonstrated
- Evidence is attached to the issue and the deliverable is in your workbook or document set
- Accounting and integration impact are written down where documents were created
- Actual time is logged against the issue
- Instructor Review is Approved and the status is Completed

**Estimated time:** 4 h

**Next task:** MM-LAB-038","Purchasing","V03 - Procurement","TOPIC-020","THY-024","4","Level 2 - SAP MM Core","11 Release / Workflow","Purchasing","Procure to Pay","1","None","L3 - Intermediate","1","0","Purchasing Configuration","","SAP S/4HANA Training System","S/4HANA (ECC differences noted)","ECC and S/4HANA (changed in S/4HANA)","Configuration workbook entry","Configuration workbook entry + test document","Orders below INR 50,000 go to the manager, INR 50,000 to 5,00,000 to the department head, and above INR 5,00,000 to the procurement head.","CT04; CL02; ME28; ME29N","Pending"
"MM-LAB-038","MM-LAB-038","Configuration Lab","Normal","[MM-LAB-038] Release for purchase requisitions","**LAB ID:** MM-LAB-038

**Title:** Release for purchase requisitions

**Objective:** Configure - Release for purchase requisitions - and prove it with a test transaction.

**Business Scenario:** Requisitions for capital goods need approval by the plant head regardless of value.

**Prerequisites:** MM-LAB-037

**Required Configuration:** This lab is the configuration. Prerequisite: organizational structure of module 02.

**Master Data:** Only the test data named in the procedure.

**Transaction codes:** ME54N; ME55 (SAP GUI; use the Fiori app for the same function where one exists)

**Fiori apps:** Manage Workflows for Purchase Requisitions; Manage Workflows for Purchase Orders; My Inbox

### Procedure
- [ ] Configure a requisition release by account assignment category and value
- [ ] Test individual and collective release
- [ ] Test what happens on a change after release

### Expected Result
- Requisition cannot be ordered until released
- Change resets the release as designed

**Accounting Impact:** Configuration itself posts nothing. Record the accounting document of the test transaction where one is created.

**Integration Impact:** None beyond materials management.

**Troubleshooting:** Read the full message with its number. Check master data, then configuration, then authorization, then integration. Record each error and its cause in your issue log. If stuck for more than 30 minutes, set the status to Blocked and describe the blocker.

**Validation:** Run the test transaction named in the procedure and confirm that the setting takes effect; display the setting again.

**Evidence:** Configuration workbook entry + test document

**Deliverable:** Configuration workbook entry

**Assessment:** Instructor checks the setting, its test document and the documented rationale.

### Completion criteria
- Every step is done and the expected result is demonstrated
- Evidence is attached to the issue and the deliverable is in your workbook or document set
- Accounting and integration impact are written down where documents were created
- Actual time is logged against the issue
- Instructor Review is Approved and the status is Completed

**Estimated time:** 3 h

**Next task:** MM-LAB-039","Purchasing","V03 - Procurement","TOPIC-020","MM-LAB-037","3","Level 2 - SAP MM Core","11 Release / Workflow","Purchasing","Procure to Pay","1","None","L3 - Intermediate","1","0","Purchasing Configuration","","SAP S/4HANA Training System","S/4HANA (ECC differences noted)","ECC and S/4HANA (changed in S/4HANA)","Configuration workbook entry","Configuration workbook entry + test document","Requisitions for capital goods need approval by the plant head regardless of value.","ME54N; ME55","Pending"
"MM-LAB-039","MM-LAB-039","Configuration Lab","Normal","[MM-LAB-039] Flexible workflow in S/4HANA","**LAB ID:** MM-LAB-039

**Title:** Flexible workflow in S/4HANA

**Objective:** Configure - Flexible workflow in S/4HANA - and prove it with a test transaction.

**Business Scenario:** The company moves approvals to the Fiori inbox with role-based approvers.

**Prerequisites:** MM-LAB-038

**Required Configuration:** This lab is the configuration. Prerequisite: organizational structure of module 02.

**Master Data:** Only the test data named in the procedure.

**Transaction codes:** CT04; CL02; CL20N; CL24N; ME54N; ME55; ME28; ME29N; SWIA (SAP GUI; use the Fiori app for the same function where one exists)

**Fiori apps:** Manage Workflows for Purchase Requisitions; Manage Workflows for Purchase Orders; My Inbox

### Procedure
- [ ] Activate flexible workflow for the document type
- [ ] Create a workflow with a value precondition and two steps
- [ ] Assign approvers by role or responsibility
- [ ] Approve in the inbox
- [ ] Read the workflow log

### Expected Result
- Approval request reaches the right inbox
- Order status follows the decision

**Accounting Impact:** Configuration itself posts nothing. Record the accounting document of the test transaction where one is created.

**Integration Impact:** None beyond materials management.

**Troubleshooting:** Read the full message with its number. Check master data, then configuration, then authorization, then integration. Record each error and its cause in your issue log. If stuck for more than 30 minutes, set the status to Blocked and describe the blocker.

**Validation:** Run the test transaction named in the procedure and confirm that the setting takes effect; display the setting again.

**Evidence:** Configuration workbook entry + test document

**Deliverable:** Configuration workbook entry

**Assessment:** Instructor checks the setting, its test document and the documented rationale.

### Completion criteria
- Every step is done and the expected result is demonstrated
- Evidence is attached to the issue and the deliverable is in your workbook or document set
- Accounting and integration impact are written down where documents were created
- Actual time is logged against the issue
- Instructor Review is Approved and the status is Completed

**Estimated time:** 3 h

**Next task:** ASG-003","Purchasing","V03 - Procurement","TOPIC-020","MM-LAB-038","3","Level 2 - SAP MM Core","11 Release / Workflow","Purchasing","Procure to Pay","1","None","L3 - Intermediate","1","0","Purchasing Configuration","","SAP S/4HANA Training System","S/4HANA (ECC differences noted)","ECC and S/4HANA (changed in S/4HANA)","Configuration workbook entry","Configuration workbook entry + test document","The company moves approvals to the Fiori inbox with role-based approvers.","CT04; CL02; CL20N; CL24N; ME54N; ME55; ME28; ME29N; SWIA","Pending"
"ASG-003","ASG-003","Assignment","Normal","[ASG-003] Assignment: approval matrix","**Objective:** Assignment: approval matrix

**Prerequisites:** MM-LAB-039

**Concepts:** Purchase requisition approval; Purchase order approval; Release procedures; Classification concepts; Workflow concepts; Flexible workflow in S/4HANA; Approval hierarchy; Approval thresholds; Role-based approval

**Fiori apps:** Manage Workflows for Purchase Requisitions; Manage Workflows for Purchase Orders; My Inbox

**Environment:** SAP S/4HANA Training System

### Steps
- [ ] Write the approval matrix of Global Manufacturing Corporation for requisitions and orders with thresholds, roles and substitutes
- [ ] Map it to strategies or workflows

### Expected Result
- Every value and document type has exactly one path

**Evidence:** Written deliverable

**Deliverable:** Approval matrix

**Assessment:** Instructor reviews the document for completeness and reasoning.

### Completion criteria
- Every step is done and the expected result is demonstrated
- Evidence is attached to the issue and the deliverable is in your workbook or document set
- Accounting and integration impact are written down where documents were created
- Actual time is logged against the issue
- Instructor Review is Approved and the status is Completed

**Estimated time:** 2 h

**Next task:** INC-012","Purchasing","V03 - Procurement","TOPIC-020","MM-LAB-039","2","Level 2 - SAP MM Core","11 Release / Workflow","Purchasing","Procure to Pay","0","None","L3 - Intermediate","0","0","Purchasing Configuration","","SAP S/4HANA Training System","S/4HANA (ECC differences noted)","ECC and S/4HANA (changed in S/4HANA)","Approval matrix","Written deliverable","","","Pending"
"INC-012","INC-012","Troubleshooting Incident","Normal","[INC-012] Incident 12: PO approval pending: release strategy not triggered","**Objective:** Incident 12: PO approval pending: release strategy not triggered

**Prerequisites:** ASG-003

**Concepts:** Purchase requisition approval; Purchase order approval; Release procedures; Classification concepts; Workflow concepts; Flexible workflow in S/4HANA; Approval hierarchy; Approval thresholds; Role-based approval

**Transaction codes:** CT04; CL02; CL20N; CL24N; ME54N; ME55; ME28; ME29N; SWIA (SAP GUI; use the Fiori app for the same function where one exists)

**Fiori apps:** Manage Workflows for Purchase Requisitions; Manage Workflows for Purchase Orders; My Inbox

**Environment:** SAP S/4HANA Training System

### Steps
- [ ] Problem: record the message number and text, the transaction and the user
- [ ] Business impact: state what cannot be done, who is affected and the deadline
- [ ] Reproduce the error in the training client (instructor-prepared)
- [ ] Check master data
- [ ] Check configuration
- [ ] Check authorization
- [ ] Check integration: periods, accounts, cost objects and the neighbouring module
- [ ] Check documents: history, material and accounting documents, change documents and logs
- [ ] Identify the root cause - where to look: Characteristic values, classification and the communication structure fields
- [ ] Fix
- [ ] Test: re-run the original transaction
- [ ] Document the RCA

### Expected Result
- The original transaction now works
- Root cause is shown in master data, configuration, authorization or integration
- RCA document covers problem, business impact, checks made, root cause, fix, test and prevention

**Evidence:** RCA document

**Deliverable:** RCA document

**Assessment:** Instructor grades the RCA document against the twelve-step framework.

### Completion criteria
- Every step is done and the expected result is demonstrated
- Evidence is attached to the issue and the deliverable is in your workbook or document set
- Accounting and integration impact are written down where documents were created
- Actual time is logged against the issue
- Instructor Review is Approved and the status is Completed

**Estimated time:** 1 h

**Next task:** INC-013","Purchasing","V03 - Procurement","TOPIC-020","ASG-003","1","Level 2 - SAP MM Core","11 Release / Workflow","Purchasing","Procure to Pay","0","None","L3 - Intermediate","0","0","Purchasing Configuration","","SAP S/4HANA Training System","S/4HANA (ECC differences noted)","ECC and S/4HANA (changed in S/4HANA)","RCA document","RCA document","","CT04; CL02; CL20N; CL24N; ME54N; ME55; ME28; ME29N; SWIA","Pending"
"INC-013","INC-013","Troubleshooting Incident","Normal","[INC-013] Incident 13: Workflow not triggered or approver receives nothing","**Objective:** Incident 13: Workflow not triggered or approver receives nothing

**Prerequisites:** INC-012

**Concepts:** Purchase requisition approval; Purchase order approval; Release procedures; Classification concepts; Workflow concepts; Flexible workflow in S/4HANA; Approval hierarchy; Approval thresholds; Role-based approval

**Transaction codes:** CT04; CL02; CL20N; CL24N; ME54N; ME55; ME28; ME29N; SWIA (SAP GUI; use the Fiori app for the same function where one exists)

**Fiori apps:** Manage Workflows for Purchase Requisitions; Manage Workflows for Purchase Orders; My Inbox

**Environment:** SAP S/4HANA Training System

### Steps
- [ ] Problem: record the message number and text, the transaction and the user
- [ ] Business impact: state what cannot be done, who is affected and the deadline
- [ ] Reproduce the error in the training client (instructor-prepared)
- [ ] Check master data
- [ ] Check configuration
- [ ] Check authorization
- [ ] Check integration: periods, accounts, cost objects and the neighbouring module
- [ ] Check documents: history, material and accounting documents, change documents and logs
- [ ] Identify the root cause - where to look: Workflow activation, preconditions, agent determination and the workflow log
- [ ] Fix
- [ ] Test: re-run the original transaction
- [ ] Document the RCA

### Expected Result
- The original transaction now works
- Root cause is shown in master data, configuration, authorization or integration
- RCA document covers problem, business impact, checks made, root cause, fix, test and prevention

**Evidence:** RCA document

**Deliverable:** RCA document

**Assessment:** Instructor grades the RCA document against the twelve-step framework.

### Completion criteria
- Every step is done and the expected result is demonstrated
- Evidence is attached to the issue and the deliverable is in your workbook or document set
- Accounting and integration impact are written down where documents were created
- Actual time is logged against the issue
- Instructor Review is Approved and the status is Completed

**Estimated time:** 1 h

**Next task:** ASM-011","Purchasing","V03 - Procurement","TOPIC-020","INC-012","1","Level 2 - SAP MM Core","11 Release / Workflow","Purchasing","Procure to Pay","0","None","L3 - Intermediate","0","0","Purchasing Configuration","","SAP S/4HANA Training System","S/4HANA (ECC differences noted)","ECC and S/4HANA (changed in S/4HANA)","RCA document","RCA document","","CT04; CL02; CL20N; CL24N; ME54N; ME55; ME28; ME29N; SWIA","Pending"
"ASM-011","ASM-011","Assessment","High","[ASM-011] Release and workflow assessment","**Objective:** Release and workflow assessment

**Prerequisites:** INC-013

**Concepts:** Purchase requisition approval; Purchase order approval; Release procedures; Classification concepts; Workflow concepts; Flexible workflow in S/4HANA; Approval hierarchy; Approval thresholds; Role-based approval

**Fiori apps:** Manage Workflows for Purchase Requisitions; Manage Workflows for Purchase Orders; My Inbox

**Environment:** SAP S/4HANA Training System

### Steps
- [ ] Configure an approval requirement and prove it

### Expected Result
- Score of 70 or higher

**Evidence:** Scored result

**Deliverable:** Scored assessment

**Assessment:** Scored 0-100 in the Score field. Pass mark 70.

### Completion criteria
- Every step is done and the expected result is demonstrated
- Evidence is attached to the issue and the deliverable is in your workbook or document set
- Accounting and integration impact are written down where documents were created
- Actual time is logged against the issue
- Instructor Review is Approved and the status is Completed

**Estimated time:** 2 h

**Next task:** Last task of this topic","Purchasing","V03 - Procurement","TOPIC-020","INC-013","2","Level 2 - SAP MM Core","11 Release / Workflow","Purchasing","Procure to Pay","0","None","L3 - Intermediate","0","1","Purchasing Configuration","","SAP S/4HANA Training System","S/4HANA (ECC differences noted)","ECC and S/4HANA (changed in S/4HANA)","Scored assessment","Scored result","","","Pending"
"REVIEW-11","REVIEW-11","Review","High","[REVIEW-11] Module 11 gate review","**Objective:** Confirm that module 11 (Release / Workflow) is complete.

### Checklist
- [ ] Every issue of the module is Completed
- [ ] Evidence is attached to every issue
- [ ] Time is logged
- [ ] Assessment score is 70 or higher
- [ ] Configuration workbook, master-data workbook and issue log are up to date

**Assessment:** Instructor confirms the checklist and records the gate decision.

**Estimated time:** 1 h","","V03 - Procurement","MOD-11","ASM-011","1","Level 2 - SAP MM Core","11 Release / Workflow","","","0","","","0","1","","","","","","Gate decision","Instructor sign-off","","","Pending"
"MOD-12","MOD-12","Module","Normal","[MOD-12] 12 Inventory Management","Module 12 of 42. Level 2 - SAP MM Core. Version: V04 - Inventory.

Topics: 2. Estimated hours: 26.

- TOPIC-021 Inventory Management Fundamentals
- TOPIC-022 Movement Types

The module closes with the gate review REVIEW-12.","","V04 - Inventory","EPIC","","","Level 2 - SAP MM Core","12 Inventory Management","","","","","","","","","","","","","","","","",""
"TOPIC-021","TOPIC-021","Topic","Normal","[TOPIC-021] Inventory Management Fundamentals","**Topics:** Goods receipt; Goods issue; Transfer posting; Stock transfer; Reservations; Material documents; Accounting documents; Stock types; Stock overview; Batch stock; Serial numbers; Special stock

**Transaction codes:** MIGO; MB51; MB52; MMBE; MB5B; MB21; MB22; MB25; MB03; OMJJ

**Fiori apps:** Post Goods Movement; Manage Stock; Stock - Single Material; Stock - Multiple Materials; Material Documents Overview

**Environment:** SAP S/4HANA Training System

**Tasks:** 3, 8 estimated hours.

- THY-025 Goods movements and the documents they create
- EX-010 The goods movement transaction and stock reports
- MM-LAB-040 Reservations","Inventory","V04 - Inventory","MOD-12","","","Level 2 - SAP MM Core","12 Inventory Management","Inventory","Inventory Management","","FI","","","","Inventory","","SAP S/4HANA Training System","S/4HANA (ECC differences noted)","ECC and S/4HANA","","","","MIGO; MB51; MB52; MMBE; MB5B; MB21; MB22; MB25; MB03; OMJJ",""
"THY-025","THY-025","Theory","Normal","[THY-025] Goods movements and the documents they create","**Objective:** Goods movements and the documents they create

**Prerequisites:** ASM-011

**Concepts:** Goods receipt; Goods issue; Transfer posting; Stock transfer; Reservations; Material documents; Accounting documents; Stock types; Stock overview; Batch stock; Serial numbers; Special stock

**Fiori apps:** Post Goods Movement; Manage Stock; Stock - Single Material; Stock - Multiple Materials; Material Documents Overview

**Environment:** SAP S/4HANA Training System

### Steps
- [ ] Study receipt, issue, transfer posting and stock transfer
- [ ] Study the material document as proof of the movement and the accounting document as its value
- [ ] Study the document principle: no change, only reversal
- [ ] Study stock types and special stocks
- [ ] Study the simplified inventory data model in S/4HANA

### Expected Result
- Explains which movements create an accounting document and which do not

**Evidence:** Notes

**Deliverable:** Study notes

**Assessment:** Instructor checks the notes and asks short oral questions.

### Completion criteria
- Every step is done and the expected result is demonstrated
- Evidence is attached to the issue and the deliverable is in your workbook or document set
- Accounting and integration impact are written down where documents were created
- Actual time is logged against the issue
- Instructor Review is Approved and the status is Completed

**Estimated time:** 3 h

**Next task:** EX-010","Inventory","V04 - Inventory","TOPIC-021","ASM-011","3","Level 2 - SAP MM Core","12 Inventory Management","Inventory","Inventory Management","0","FI","L2 - Basic","0","0","Inventory","","SAP S/4HANA Training System","S/4HANA (ECC differences noted)","ECC and S/4HANA","Study notes","Notes","","","Pending"
"EX-010","EX-010","Practical Exercise","Normal","[EX-010] The goods movement transaction and stock reports","**Objective:** The goods movement transaction and stock reports

**Prerequisites:** THY-025

**Concepts:** Goods receipt; Goods issue; Transfer posting; Stock transfer; Reservations; Material documents; Accounting documents; Stock types; Stock overview; Batch stock; Serial numbers; Special stock

**Transaction codes:** MIGO; MMBE; MB52; MB51; MB5B (SAP GUI; use the Fiori app for the same function where one exists)

**Fiori apps:** Post Goods Movement; Manage Stock; Stock - Single Material; Stock - Multiple Materials; Material Documents Overview

**Environment:** SAP S/4HANA Training System

### Steps
- [ ] Explore the goods movement transaction: action, reference, movement type, header, item and detail areas, check and post
- [ ] Read the stock overview by level and stock type
- [ ] List material documents
- [ ] Show stock on a past posting date

### Expected Result
- Posts a simple movement and finds it in three reports

**Evidence:** Worked result + screenshots

**Deliverable:** Exercise sheet

**Assessment:** Instructor checks the worked result.

### Completion criteria
- Every step is done and the expected result is demonstrated
- Evidence is attached to the issue and the deliverable is in your workbook or document set
- Accounting and integration impact are written down where documents were created
- Actual time is logged against the issue
- Instructor Review is Approved and the status is Completed

**Estimated time:** 3 h

**Next task:** MM-LAB-040","Inventory","V04 - Inventory","TOPIC-021","THY-025","3","Level 2 - SAP MM Core","12 Inventory Management","Inventory","Inventory Management","0","FI","L2 - Basic","0","0","Inventory","","SAP S/4HANA Training System","S/4HANA (ECC differences noted)","ECC and S/4HANA","Exercise sheet","Worked result + screenshots","","MIGO; MMBE; MB52; MB51; MB5B","Pending"
"MM-LAB-040","MM-LAB-040","Business Process Lab","Normal","[MM-LAB-040] Reservations","**LAB ID:** MM-LAB-040

**Title:** Reservations

**Objective:** Execute the business process - Reservations - and validate documents, stock and accounting.

**Business Scenario:** Production support reserves spare parts for a maintenance job next week.

**Prerequisites:** EX-010

**Required Configuration:** Organizational structure, document types and account determination as configured in the earlier modules of this client.

**Master Data:** Materials and suppliers from your master-data workbook.

**Transaction codes:** MB21; MB22; MB25 (SAP GUI; use the Fiori app for the same function where one exists)

**Fiori apps:** Post Goods Movement; Manage Stock; Stock - Single Material; Stock - Multiple Materials; Material Documents Overview

### Procedure
- [ ] Create a manual reservation for a cost centre
- [ ] Display the effect on available stock
- [ ] List open reservations
- [ ] Explain automatic reservations from orders

### Expected Result
- Reservation reduces available quantity but not stock

**Accounting Impact:** None; a reservation creates no material or accounting document

**Integration Impact:** FI: record the documents or data created in the integrated area.

**Troubleshooting:** Read the full message with its number. Check master data, then configuration, then authorization, then integration. Record each error and its cause in your issue log. If stuck for more than 30 minutes, set the status to Blocked and describe the blocker.

**Validation:** Display the documents created (purchasing document history, material document, accounting document, stock) and compare them with the expected result.

**Evidence:** Document numbers + screenshots

**Deliverable:** Process sheet with document numbers

**Assessment:** Instructor verifies the expected result from the documents and may ask for a live demonstration.

### Completion criteria
- Every step is done and the expected result is demonstrated
- Evidence is attached to the issue and the deliverable is in your workbook or document set
- Accounting and integration impact are written down where documents were created
- Actual time is logged against the issue
- Instructor Review is Approved and the status is Completed

**Estimated time:** 2 h

**Next task:** Last task of this topic","Inventory","V04 - Inventory","TOPIC-021","EX-010","2","Level 2 - SAP MM Core","12 Inventory Management","Inventory","Inventory Management","0","FI","L2 - Basic","1","0","Inventory","","SAP S/4HANA Training System","S/4HANA (ECC differences noted)","ECC and S/4HANA","Process sheet with document numbers","Document numbers + screenshots","Production support reserves spare parts for a maintenance job next week.","MB21; MB22; MB25","Pending"
"TOPIC-022","TOPIC-022","Topic","Normal","[TOPIC-022] Movement Types","**Topics:** Movement types for goods receipt, goods issue, transfer posting, stock transfer, return to vendor, scrapping, sampling, initial stock and physical inventory adjustments; For each: business meaning, quantity impact, stock impact, accounting impact, FI integration, reversal, real-world use case

**Transaction codes:** OMJJ; MIGO; MB51; OBYC

**Fiori apps:** None listed

**Environment:** SAP S/4HANA Training System

**Tasks:** 7, 17 estimated hours.

- THY-026 What a movement type controls
- EX-011 Movement type reference sheet part 1: receipts, returns and initial stock
- EX-012 Movement type reference sheet part 2: issues, scrapping and sampling
- EX-013 Movement type reference sheet part 3: transfers, stock type changes and inventory differences
- MM-LAB-041 Copy and adjust a movement type
- INC-014 Incident 14: GR cannot be posted: movement type not allowed or field missing
- ASM-012 Inventory management assessment","Inventory","V04 - Inventory","MOD-12","","","Level 2 - SAP MM Core","12 Inventory Management","Inventory","Inventory Management","","FI","","","","Inventory","","SAP S/4HANA Training System","S/4HANA (ECC differences noted)","ECC and S/4HANA","","","","OMJJ; MIGO; MB51; OBYC",""
"THY-026","THY-026","Theory","Normal","[THY-026] What a movement type controls","**Objective:** What a movement type controls

**Prerequisites:** MM-LAB-040

**Concepts:** Movement types for goods receipt, goods issue, transfer posting, stock transfer, return to vendor, scrapping, sampling, initial stock and physical inventory adjustments; For each: business meaning, quantity impact, stock impact, accounting impact, FI integration, reversal, real-world use case

**Environment:** SAP S/4HANA Training System

### Steps
- [ ] Study the movement type as the key that sets quantity and value update, screen fields, allowed transactions, account modification and reversal type
- [ ] Study the grouping of standard types by hundreds
- [ ] Study why types are understood by meaning and not memorised

### Expected Result
- Explains what the system derives from a movement type

**Evidence:** Notes

**Deliverable:** Study notes

**Assessment:** Instructor checks the notes and asks short oral questions.

### Completion criteria
- Every step is done and the expected result is demonstrated
- Evidence is attached to the issue and the deliverable is in your workbook or document set
- Accounting and integration impact are written down where documents were created
- Actual time is logged against the issue
- Instructor Review is Approved and the status is Completed

**Estimated time:** 3 h

**Next task:** EX-011","Inventory","V04 - Inventory","TOPIC-022","MM-LAB-040","3","Level 2 - SAP MM Core","12 Inventory Management","Inventory","Inventory Management","0","FI","L3 - Intermediate","0","0","Inventory","","SAP S/4HANA Training System","S/4HANA (ECC differences noted)","ECC and S/4HANA","Study notes","Notes","","","Pending"
"EX-011","EX-011","Practical Exercise","Normal","[EX-011] Movement type reference sheet part 1: receipts, returns and initial stock","**Objective:** Movement type reference sheet part 1: receipts, returns and initial stock

**Business Scenario:** The stores supervisor wants one page per movement type that new staff can understand.

**Prerequisites:** THY-026

**Concepts:** Movement types for goods receipt, goods issue, transfer posting, stock transfer, return to vendor, scrapping, sampling, initial stock and physical inventory adjustments; For each: business meaning, quantity impact, stock impact, accounting impact, FI integration, reversal, real-world use case

**Transaction codes:** MIGO; MB51 (SAP GUI; use the Fiori app for the same function where one exists)

**Environment:** SAP S/4HANA Training System

### Steps
- [ ] For 101, 102, 103, 105, 122, 161, 501, 511 and 561 post an example and write business meaning, quantity impact, stock impact, accounting impact, FI integration, reversal and a real-world use case

### Expected Result
- Nine sheets are complete with a posted example each

**Evidence:** Worked result + screenshots

**Deliverable:** Movement type reference part 1

**Assessment:** Instructor checks the worked result.

### Completion criteria
- Every step is done and the expected result is demonstrated
- Evidence is attached to the issue and the deliverable is in your workbook or document set
- Accounting and integration impact are written down where documents were created
- Actual time is logged against the issue
- Instructor Review is Approved and the status is Completed

**Estimated time:** 3 h

**Next task:** EX-012","Inventory","V04 - Inventory","TOPIC-022","THY-026","3","Level 2 - SAP MM Core","12 Inventory Management","Inventory","Inventory Management","0","FI","L3 - Intermediate","0","0","Inventory","","SAP S/4HANA Training System","S/4HANA (ECC differences noted)","ECC and S/4HANA","Movement type reference part 1","Worked result + screenshots","The stores supervisor wants one page per movement type that new staff can understand.","MIGO; MB51","Pending"
"EX-012","EX-012","Practical Exercise","Normal","[EX-012] Movement type reference sheet part 2: issues, scrapping and sampling","**Objective:** Movement type reference sheet part 2: issues, scrapping and sampling

**Prerequisites:** EX-011

**Concepts:** Movement types for goods receipt, goods issue, transfer posting, stock transfer, return to vendor, scrapping, sampling, initial stock and physical inventory adjustments; For each: business meaning, quantity impact, stock impact, accounting impact, FI integration, reversal, real-world use case

**Transaction codes:** MIGO; MB51 (SAP GUI; use the Fiori app for the same function where one exists)

**Environment:** SAP S/4HANA Training System

### Steps
- [ ] Do the same for 201, 221, 241, 261, 331, 333, 551 and 601 with their reversals

### Expected Result
- Eight sheets are complete with a posted example each

**Evidence:** Worked result + screenshots

**Deliverable:** Movement type reference part 2

**Assessment:** Instructor checks the worked result.

### Completion criteria
- Every step is done and the expected result is demonstrated
- Evidence is attached to the issue and the deliverable is in your workbook or document set
- Accounting and integration impact are written down where documents were created
- Actual time is logged against the issue
- Instructor Review is Approved and the status is Completed

**Estimated time:** 3 h

**Next task:** EX-013","Inventory","V04 - Inventory","TOPIC-022","EX-011","3","Level 2 - SAP MM Core","12 Inventory Management","Inventory","Inventory Management","0","FI","L3 - Intermediate","0","0","Inventory","","SAP S/4HANA Training System","S/4HANA (ECC differences noted)","ECC and S/4HANA","Movement type reference part 2","Worked result + screenshots","","MIGO; MB51","Pending"
"EX-013","EX-013","Practical Exercise","Normal","[EX-013] Movement type reference sheet part 3: transfers, stock type changes and inventory differences","**Objective:** Movement type reference sheet part 3: transfers, stock type changes and inventory differences

**Prerequisites:** EX-012

**Concepts:** Movement types for goods receipt, goods issue, transfer posting, stock transfer, return to vendor, scrapping, sampling, initial stock and physical inventory adjustments; For each: business meaning, quantity impact, stock impact, accounting impact, FI integration, reversal, real-world use case

**Transaction codes:** MIGO; MB51 (SAP GUI; use the Fiori app for the same function where one exists)

**Environment:** SAP S/4HANA Training System

### Steps
- [ ] Do the same for 301, 303 and 305, 311, 321, 343, 344, 351, 411 with special stock, 541, 701 and 702

### Expected Result
- Eleven sheets are complete with a posted example each

**Evidence:** Worked result + screenshots

**Deliverable:** Movement type reference part 3

**Assessment:** Instructor checks the worked result.

### Completion criteria
- Every step is done and the expected result is demonstrated
- Evidence is attached to the issue and the deliverable is in your workbook or document set
- Accounting and integration impact are written down where documents were created
- Actual time is logged against the issue
- Instructor Review is Approved and the status is Completed

**Estimated time:** 3 h

**Next task:** MM-LAB-041","Inventory","V04 - Inventory","TOPIC-022","EX-012","3","Level 2 - SAP MM Core","12 Inventory Management","Inventory","Inventory Management","0","FI","L3 - Intermediate","0","0","Inventory","","SAP S/4HANA Training System","S/4HANA (ECC differences noted)","ECC and S/4HANA","Movement type reference part 3","Worked result + screenshots","","MIGO; MB51","Pending"
"MM-LAB-041","MM-LAB-041","Configuration Lab","Normal","[MM-LAB-041] Copy and adjust a movement type","**LAB ID:** MM-LAB-041

**Title:** Copy and adjust a movement type

**Objective:** Configure - Copy and adjust a movement type - and prove it with a test transaction.

**Business Scenario:** Issues to the laboratory must be reported separately and need a mandatory text.

**Prerequisites:** EX-013

**Required Configuration:** This lab is the configuration. Prerequisite: organizational structure of module 02.

**Master Data:** Only the test data named in the procedure.

**Transaction codes:** OMJJ (SAP GUI; use the Fiori app for the same function where one exists)

### Procedure
- [ ] Copy the cost-centre issue movement type to a customer type
- [ ] Make the text field mandatory
- [ ] Check allowed transactions and account modification
- [ ] Test and reverse

### Expected Result
- New type posts with the mandatory field
- Reversal type works

**Accounting Impact:** Configuration itself posts nothing. Record the accounting document of the test transaction where one is created.

**Integration Impact:** FI: record the documents or data created in the integrated area.

**Troubleshooting:** Read the full message with its number. Check master data, then configuration, then authorization, then integration. Record each error and its cause in your issue log. If stuck for more than 30 minutes, set the status to Blocked and describe the blocker.

**Validation:** Run the test transaction named in the procedure and confirm that the setting takes effect; display the setting again.

**Evidence:** Configuration workbook entry + test document

**Deliverable:** Configuration workbook entry

**Assessment:** Instructor checks the setting, its test document and the documented rationale.

### Completion criteria
- Every step is done and the expected result is demonstrated
- Evidence is attached to the issue and the deliverable is in your workbook or document set
- Accounting and integration impact are written down where documents were created
- Actual time is logged against the issue
- Instructor Review is Approved and the status is Completed

**Estimated time:** 2 h

**Next task:** INC-014","Inventory","V04 - Inventory","TOPIC-022","EX-013","2","Level 2 - SAP MM Core","12 Inventory Management","Inventory","Inventory Management","1","FI","L3 - Intermediate","1","0","Inventory","","SAP S/4HANA Training System","S/4HANA (ECC differences noted)","ECC and S/4HANA","Configuration workbook entry","Configuration workbook entry + test document","Issues to the laboratory must be reported separately and need a mandatory text.","OMJJ","Pending"
"INC-014","INC-014","Troubleshooting Incident","Normal","[INC-014] Incident 14: GR cannot be posted: movement type not allowed or field missing","**Objective:** Incident 14: GR cannot be posted: movement type not allowed or field missing

**Prerequisites:** MM-LAB-041

**Concepts:** Movement types for goods receipt, goods issue, transfer posting, stock transfer, return to vendor, scrapping, sampling, initial stock and physical inventory adjustments; For each: business meaning, quantity impact, stock impact, accounting impact, FI integration, reversal, real-world use case

**Transaction codes:** OMJJ; MIGO; MB51; OBYC (SAP GUI; use the Fiori app for the same function where one exists)

**Environment:** SAP S/4HANA Training System

### Steps
- [ ] Problem: record the message number and text, the transaction and the user
- [ ] Business impact: state what cannot be done, who is affected and the deadline
- [ ] Reproduce the error in the training client (instructor-prepared)
- [ ] Check master data
- [ ] Check configuration
- [ ] Check authorization
- [ ] Check integration: periods, accounts, cost objects and the neighbouring module
- [ ] Check documents: history, material and accounting documents, change documents and logs
- [ ] Identify the root cause - where to look: Allowed transactions, field selection of the movement type and the material's value update
- [ ] Fix
- [ ] Test: re-run the original transaction
- [ ] Document the RCA

### Expected Result
- The original transaction now works
- Root cause is shown in master data, configuration, authorization or integration
- RCA document covers problem, business impact, checks made, root cause, fix, test and prevention

**Evidence:** RCA document

**Deliverable:** RCA document

**Assessment:** Instructor grades the RCA document against the twelve-step framework.

### Completion criteria
- Every step is done and the expected result is demonstrated
- Evidence is attached to the issue and the deliverable is in your workbook or document set
- Accounting and integration impact are written down where documents were created
- Actual time is logged against the issue
- Instructor Review is Approved and the status is Completed

**Estimated time:** 1 h

**Next task:** ASM-012","Inventory","V04 - Inventory","TOPIC-022","MM-LAB-041","1","Level 2 - SAP MM Core","12 Inventory Management","Inventory","Inventory Management","0","FI","L3 - Intermediate","0","0","Inventory","","SAP S/4HANA Training System","S/4HANA (ECC differences noted)","ECC and S/4HANA","RCA document","RCA document","","OMJJ; MIGO; MB51; OBYC","Pending"
"ASM-012","ASM-012","Assessment","High","[ASM-012] Inventory management assessment","**Objective:** Inventory management assessment

**Prerequisites:** INC-014

**Concepts:** Movement types for goods receipt, goods issue, transfer posting, stock transfer, return to vendor, scrapping, sampling, initial stock and physical inventory adjustments; For each: business meaning, quantity impact, stock impact, accounting impact, FI integration, reversal, real-world use case

**Environment:** SAP S/4HANA Training System

### Steps
- [ ] Post and explain a set of movements with their stock and accounting effect

### Expected Result
- Score of 70 or higher

**Evidence:** Scored result

**Deliverable:** Scored assessment

**Assessment:** Scored 0-100 in the Score field. Pass mark 70.

### Completion criteria
- Every step is done and the expected result is demonstrated
- Evidence is attached to the issue and the deliverable is in your workbook or document set
- Accounting and integration impact are written down where documents were created
- Actual time is logged against the issue
- Instructor Review is Approved and the status is Completed

**Estimated time:** 2 h

**Next task:** Last task of this topic","Inventory","V04 - Inventory","TOPIC-022","INC-014","2","Level 2 - SAP MM Core","12 Inventory Management","Inventory","Inventory Management","0","FI","L3 - Intermediate","0","1","Inventory","","SAP S/4HANA Training System","S/4HANA (ECC differences noted)","ECC and S/4HANA","Scored assessment","Scored result","","","Pending"
"REVIEW-12","REVIEW-12","Review","High","[REVIEW-12] Module 12 gate review","**Objective:** Confirm that module 12 (Inventory Management) is complete.

### Checklist
- [ ] Every issue of the module is Completed
- [ ] Evidence is attached to every issue
- [ ] Time is logged
- [ ] Assessment score is 70 or higher
- [ ] Configuration workbook, master-data workbook and issue log are up to date

**Assessment:** Instructor confirms the checklist and records the gate decision.

**Estimated time:** 1 h","","V04 - Inventory","MOD-12","MM-LAB-040, ASM-012","1","Level 2 - SAP MM Core","12 Inventory Management","","","0","","","0","1","","","","","","Gate decision","Instructor sign-off","","","Pending"
"MOD-13","MOD-13","Module","Normal","[MOD-13] 13 Goods Receipt","Module 13 of 42. Level 2 - SAP MM Core. Version: V04 - Inventory.

Topics: 1. Estimated hours: 20.

- TOPIC-023 Goods Receipt

The module closes with the gate review REVIEW-13.","","V04 - Inventory","EPIC","","","Level 2 - SAP MM Core","13 Goods Receipt","","","","","","","","","","","","","","","","",""
"TOPIC-023","TOPIC-023","Topic","Normal","[TOPIC-023] Goods Receipt","**Topics:** GR against PO; GR without PO; Partial GR; Over-delivery; Under-delivery; Tolerance; GR reversal; Returns; Batch-managed GR; Serial-number GR; Flow: purchase order, goods receipt, material document, accounting document, stock updated

**Transaction codes:** MIGO; MB03; FB03; ME23N; MB90; OMC0

**Fiori apps:** Post Goods Receipt for Purchasing Document; Manage Stock

**Environment:** SAP S/4HANA Training System

**Tasks:** 9, 19 estimated hours.

- THY-027 Goods receipt and its effects
- MM-LAB-042 GR against PO: full and partial
- MM-LAB-043 Over-delivery, under-delivery and tolerances
- MM-LAB-044 GR reversal and return to supplier
- MM-LAB-045 GR without PO, batch-managed and serial-number GR
- MM-LAB-046 GR into blocked stock and release
- INC-015 Incident 15: GR cannot be posted: posting period, tolerance or missing data
- INC-016 Incident 16: GR quantity mismatch between delivery note and system
- ASM-013 Goods receipt assessment","Inventory","V04 - Inventory","MOD-13","","","Level 2 - SAP MM Core","13 Goods Receipt","Inventory","Procure to Pay","","FI","","","","Inventory","","SAP S/4HANA Training System","S/4HANA (ECC differences noted)","ECC and S/4HANA","","","","MIGO; MB03; FB03; ME23N; MB90; OMC0",""
"THY-027","THY-027","Theory","Normal","[THY-027] Goods receipt and its effects","**Objective:** Goods receipt and its effects

**Prerequisites:** ASM-012

**Concepts:** GR against PO; GR without PO; Partial GR; Over-delivery; Under-delivery; Tolerance; GR reversal; Returns; Batch-managed GR; Serial-number GR; Flow: purchase order, goods receipt, material document, accounting document, stock updated

**Fiori apps:** Post Goods Receipt for Purchasing Document; Manage Stock

**Environment:** SAP S/4HANA Training System

### Steps
- [ ] Study the flow purchase order, goods receipt, material document, accounting document, stock update
- [ ] Study the updates of a receipt: stock, value, order history, planning, quality
- [ ] Study receipt into unrestricted, quality inspection, blocked and goods receipt blocked stock
- [ ] Study the goods receipt slip

### Expected Result
- Lists six updates caused by one goods receipt

**Evidence:** Notes

**Deliverable:** Study notes

**Assessment:** Instructor checks the notes and asks short oral questions.

### Completion criteria
- Every step is done and the expected result is demonstrated
- Evidence is attached to the issue and the deliverable is in your workbook or document set
- Accounting and integration impact are written down where documents were created
- Actual time is logged against the issue
- Instructor Review is Approved and the status is Completed

**Estimated time:** 2 h

**Next task:** MM-LAB-042","Inventory","V04 - Inventory","TOPIC-023","ASM-012","2","Level 2 - SAP MM Core","13 Goods Receipt","Inventory","Procure to Pay","0","FI","L2 - Basic","0","0","Inventory","","SAP S/4HANA Training System","S/4HANA (ECC differences noted)","ECC and S/4HANA","Study notes","Notes","","","Pending"
"MM-LAB-042","MM-LAB-042","Business Process Lab","Normal","[MM-LAB-042] GR against PO: full and partial","**LAB ID:** MM-LAB-042

**Title:** GR against PO: full and partial

**Objective:** Execute the business process - GR against PO: full and partial - and validate documents, stock and accounting.

**Business Scenario:** The supplier delivers the first schedule line complete and the second in two shipments.

**Prerequisites:** THY-027

**Required Configuration:** Organizational structure, document types and account determination as configured in the earlier modules of this client.

**Master Data:** Purchase order with two schedule lines

**Transaction codes:** MIGO; MB03; FB03 (SAP GUI; use the Fiori app for the same function where one exists)

**Fiori apps:** Post Goods Receipt for Purchasing Document; Manage Stock

### Procedure
- [ ] Post a full receipt for the first line
- [ ] Post a partial receipt and later the rest
- [ ] Display the material and accounting documents and the order history
- [ ] Check stock

### Expected Result
- Order history shows three receipts
- Stock equals the ordered quantity

**Accounting Impact:** Inventory debit at standard or order price; GR/IR clearing credit; price difference where price control is standard and prices differ

**Integration Impact:** FI document for each receipt; planning sees the stock

**Troubleshooting:** Read the full message with its number. Check master data, then configuration, then authorization, then integration. Record each error and its cause in your issue log. If stuck for more than 30 minutes, set the status to Blocked and describe the blocker.

**Validation:** Display the documents created (purchasing document history, material document, accounting document, stock) and compare them with the expected result.

**Evidence:** Document numbers + screenshots

**Deliverable:** Process sheet with document numbers

**Assessment:** Instructor verifies the expected result from the documents and may ask for a live demonstration.

### Completion criteria
- Every step is done and the expected result is demonstrated
- Evidence is attached to the issue and the deliverable is in your workbook or document set
- Accounting and integration impact are written down where documents were created
- Actual time is logged against the issue
- Instructor Review is Approved and the status is Completed

**Estimated time:** 3 h

**Next task:** MM-LAB-043","Inventory","V04 - Inventory","TOPIC-023","THY-027","3","Level 2 - SAP MM Core","13 Goods Receipt","Inventory","Procure to Pay","0","FI","L2 - Basic","1","0","Inventory","","SAP S/4HANA Training System","S/4HANA (ECC differences noted)","ECC and S/4HANA","Process sheet with document numbers","Document numbers + screenshots","The supplier delivers the first schedule line complete and the second in two shipments.","MIGO; MB03; FB03","Pending"
"MM-LAB-043","MM-LAB-043","Business Process Lab","Normal","[MM-LAB-043] Over-delivery, under-delivery and tolerances","**LAB ID:** MM-LAB-043

**Title:** Over-delivery, under-delivery and tolerances

**Objective:** Execute the business process - Over-delivery, under-delivery and tolerances - and validate documents, stock and accounting.

**Business Scenario:** A supplier ships 8 % more than ordered on one order and 10 % less on another.

**Prerequisites:** MM-LAB-042

**Required Configuration:** Organizational structure, document types and account determination as configured in the earlier modules of this client.

**Master Data:** Materials and suppliers from your master-data workbook.

**Transaction codes:** MIGO (SAP GUI; use the Fiori app for the same function where one exists)

**Fiori apps:** Post Goods Receipt for Purchasing Document; Manage Stock

### Procedure
- [ ] Try a receipt above the tolerance
- [ ] Change the tolerance or set unlimited and repeat
- [ ] Post an under-delivery and set delivery completed
- [ ] See the effect on the open order quantity

### Expected Result
- Receipt beyond tolerance is refused
- Delivery completed closes the open quantity

**Accounting Impact:** Display every accounting document created and write its debit and credit lines; where none is created, state why.

**Integration Impact:** FI: record the documents or data created in the integrated area.

**Troubleshooting:** Read the full message with its number. Check master data, then configuration, then authorization, then integration. Record each error and its cause in your issue log. If stuck for more than 30 minutes, set the status to Blocked and describe the blocker.

**Validation:** Display the documents created (purchasing document history, material document, accounting document, stock) and compare them with the expected result.

**Evidence:** Document numbers + screenshots

**Deliverable:** Process sheet with document numbers

**Assessment:** Instructor verifies the expected result from the documents and may ask for a live demonstration.

### Completion criteria
- Every step is done and the expected result is demonstrated
- Evidence is attached to the issue and the deliverable is in your workbook or document set
- Accounting and integration impact are written down where documents were created
- Actual time is logged against the issue
- Instructor Review is Approved and the status is Completed

**Estimated time:** 2 h

**Next task:** MM-LAB-044","Inventory","V04 - Inventory","TOPIC-023","MM-LAB-042","2","Level 2 - SAP MM Core","13 Goods Receipt","Inventory","Procure to Pay","0","FI","L2 - Basic","1","0","Inventory","","SAP S/4HANA Training System","S/4HANA (ECC differences noted)","ECC and S/4HANA","Process sheet with document numbers","Document numbers + screenshots","A supplier ships 8 % more than ordered on one order and 10 % less on another.","MIGO","Pending"
"MM-LAB-044","MM-LAB-044","Business Process Lab","Normal","[MM-LAB-044] GR reversal and return to supplier","**LAB ID:** MM-LAB-044

**Title:** GR reversal and return to supplier

**Objective:** Execute the business process - GR reversal and return to supplier - and validate documents, stock and accounting.

**Business Scenario:** Part of a delivery is damaged and goes back to the supplier.

**Prerequisites:** MM-LAB-043

**Required Configuration:** Organizational structure, document types and account determination as configured in the earlier modules of this client.

**Master Data:** Materials and suppliers from your master-data workbook.

**Transaction codes:** MIGO (SAP GUI; use the Fiori app for the same function where one exists)

**Fiori apps:** Post Goods Receipt for Purchasing Document; Manage Stock

### Procedure
- [ ] Cancel a material document
- [ ] Post a return delivery with reason for the damaged quantity
- [ ] Create a returns purchase order item for an older delivery
- [ ] Check stock, order history and accounting

### Expected Result
- Returned quantity is open for delivery again or closed as designed
- Accounting reverses the receipt value

**Accounting Impact:** Reversal of the receipt entries at the receipt value

**Integration Impact:** FI: record the documents or data created in the integrated area.

**Troubleshooting:** Read the full message with its number. Check master data, then configuration, then authorization, then integration. Record each error and its cause in your issue log. If stuck for more than 30 minutes, set the status to Blocked and describe the blocker.

**Validation:** Display the documents created (purchasing document history, material document, accounting document, stock) and compare them with the expected result.

**Evidence:** Document numbers + screenshots

**Deliverable:** Process sheet with document numbers

**Assessment:** Instructor verifies the expected result from the documents and may ask for a live demonstration.

### Completion criteria
- Every step is done and the expected result is demonstrated
- Evidence is attached to the issue and the deliverable is in your workbook or document set
- Accounting and integration impact are written down where documents were created
- Actual time is logged against the issue
- Instructor Review is Approved and the status is Completed

**Estimated time:** 3 h

**Next task:** MM-LAB-045","Inventory","V04 - Inventory","TOPIC-023","MM-LAB-043","3","Level 2 - SAP MM Core","13 Goods Receipt","Inventory","Procure to Pay","0","FI","L2 - Basic","1","0","Inventory","","SAP S/4HANA Training System","S/4HANA (ECC differences noted)","ECC and S/4HANA","Process sheet with document numbers","Document numbers + screenshots","Part of a delivery is damaged and goes back to the supplier.","MIGO","Pending"
"MM-LAB-045","MM-LAB-045","Business Process Lab","Normal","[MM-LAB-045] GR without PO, batch-managed and serial-number GR","**LAB ID:** MM-LAB-045

**Title:** GR without PO, batch-managed and serial-number GR

**Objective:** Execute the business process - GR without PO, batch-managed and serial-number GR - and validate documents, stock and accounting.

**Business Scenario:** A free sample arrives without an order; a chemical arrives with supplier batch; a pump arrives with serial numbers.

**Prerequisites:** MM-LAB-044

**Required Configuration:** Organizational structure, document types and account determination as configured in the earlier modules of this client.

**Master Data:** Materials and suppliers from your master-data workbook.

**Transaction codes:** MIGO; MSC3N (SAP GUI; use the Fiori app for the same function where one exists)

**Fiori apps:** Post Goods Receipt for Purchasing Document; Manage Stock

### Procedure
- [ ] Post a receipt without purchase order and a free-of-charge delivery
- [ ] Post a receipt for the batch-managed material with production date and shelf-life check
- [ ] Post a receipt with serial numbers

### Expected Result
- Batch is created with shelf-life dates
- Serial numbers are assigned

**Accounting Impact:** Receipt without order: inventory debit, offsetting account credit instead of GR/IR

**Integration Impact:** FI: record the documents or data created in the integrated area.

**Troubleshooting:** Read the full message with its number. Check master data, then configuration, then authorization, then integration. Record each error and its cause in your issue log. If stuck for more than 30 minutes, set the status to Blocked and describe the blocker.

**Validation:** Display the documents created (purchasing document history, material document, accounting document, stock) and compare them with the expected result.

**Evidence:** Document numbers + screenshots

**Deliverable:** Process sheet with document numbers

**Assessment:** Instructor verifies the expected result from the documents and may ask for a live demonstration.

### Completion criteria
- Every step is done and the expected result is demonstrated
- Evidence is attached to the issue and the deliverable is in your workbook or document set
- Accounting and integration impact are written down where documents were created
- Actual time is logged against the issue
- Instructor Review is Approved and the status is Completed

**Estimated time:** 3 h

**Next task:** MM-LAB-046","Inventory","V04 - Inventory","TOPIC-023","MM-LAB-044","3","Level 2 - SAP MM Core","13 Goods Receipt","Inventory","Procure to Pay","0","FI","L2 - Basic","1","0","Inventory","","SAP S/4HANA Training System","S/4HANA (ECC differences noted)","ECC and S/4HANA","Process sheet with document numbers","Document numbers + screenshots","A free sample arrives without an order; a chemical arrives with supplier batch; a pump arrives with serial numbers.","MIGO; MSC3N","Pending"
"MM-LAB-046","MM-LAB-046","Business Process Lab","Normal","[MM-LAB-046] GR into blocked stock and release","**LAB ID:** MM-LAB-046

**Title:** GR into blocked stock and release

**Objective:** Execute the business process - GR into blocked stock and release - and validate documents, stock and accounting.

**Business Scenario:** Goods arrive without papers and are held until the documents come.

**Prerequisites:** MM-LAB-045

**Required Configuration:** Organizational structure, document types and account determination as configured in the earlier modules of this client.

**Master Data:** Materials and suppliers from your master-data workbook.

**Transaction codes:** MIGO (SAP GUI; use the Fiori app for the same function where one exists)

**Fiori apps:** Post Goods Receipt for Purchasing Document; Manage Stock

### Procedure
- [ ] Post into goods receipt blocked stock
- [ ] Release it to unrestricted stock
- [ ] Post another receipt directly into quality inspection and transfer it

### Expected Result
- Blocked stock is not valuated until release
- Stock types change as posted

**Accounting Impact:** Display every accounting document created and write its debit and credit lines; where none is created, state why.

**Integration Impact:** FI: record the documents or data created in the integrated area.

**Troubleshooting:** Read the full message with its number. Check master data, then configuration, then authorization, then integration. Record each error and its cause in your issue log. If stuck for more than 30 minutes, set the status to Blocked and describe the blocker.

**Validation:** Display the documents created (purchasing document history, material document, accounting document, stock) and compare them with the expected result.

**Evidence:** Document numbers + screenshots

**Deliverable:** Process sheet with document numbers

**Assessment:** Instructor verifies the expected result from the documents and may ask for a live demonstration.

### Completion criteria
- Every step is done and the expected result is demonstrated
- Evidence is attached to the issue and the deliverable is in your workbook or document set
- Accounting and integration impact are written down where documents were created
- Actual time is logged against the issue
- Instructor Review is Approved and the status is Completed

**Estimated time:** 2 h

**Next task:** INC-015","Inventory","V04 - Inventory","TOPIC-023","MM-LAB-045","2","Level 2 - SAP MM Core","13 Goods Receipt","Inventory","Procure to Pay","0","FI","L2 - Basic","1","0","Inventory","","SAP S/4HANA Training System","S/4HANA (ECC differences noted)","ECC and S/4HANA","Process sheet with document numbers","Document numbers + screenshots","Goods arrive without papers and are held until the documents come.","MIGO","Pending"
"INC-015","INC-015","Troubleshooting Incident","Normal","[INC-015] Incident 15: GR cannot be posted: posting period, tolerance or missing data","**Objective:** Incident 15: GR cannot be posted: posting period, tolerance or missing data

**Prerequisites:** MM-LAB-046

**Concepts:** GR against PO; GR without PO; Partial GR; Over-delivery; Under-delivery; Tolerance; GR reversal; Returns; Batch-managed GR; Serial-number GR; Flow: purchase order, goods receipt, material document, accounting document, stock updated

**Transaction codes:** MIGO; MB03; FB03; ME23N; MB90; OMC0 (SAP GUI; use the Fiori app for the same function where one exists)

**Fiori apps:** Post Goods Receipt for Purchasing Document; Manage Stock

**Environment:** SAP S/4HANA Training System

### Steps
- [ ] Problem: record the message number and text, the transaction and the user
- [ ] Business impact: state what cannot be done, who is affected and the deadline
- [ ] Reproduce the error in the training client (instructor-prepared)
- [ ] Check master data
- [ ] Check configuration
- [ ] Check authorization
- [ ] Check integration: periods, accounts, cost objects and the neighbouring module
- [ ] Check documents: history, material and accounting documents, change documents and logs
- [ ] Identify the root cause - where to look: Period, order item indicators, tolerance and storage location
- [ ] Fix
- [ ] Test: re-run the original transaction
- [ ] Document the RCA

### Expected Result
- The original transaction now works
- Root cause is shown in master data, configuration, authorization or integration
- RCA document covers problem, business impact, checks made, root cause, fix, test and prevention

**Evidence:** RCA document

**Deliverable:** RCA document

**Assessment:** Instructor grades the RCA document against the twelve-step framework.

### Completion criteria
- Every step is done and the expected result is demonstrated
- Evidence is attached to the issue and the deliverable is in your workbook or document set
- Accounting and integration impact are written down where documents were created
- Actual time is logged against the issue
- Instructor Review is Approved and the status is Completed

**Estimated time:** 1 h

**Next task:** INC-016","Inventory","V04 - Inventory","TOPIC-023","MM-LAB-046","1","Level 2 - SAP MM Core","13 Goods Receipt","Inventory","Procure to Pay","0","FI","L2 - Basic","0","0","Inventory","","SAP S/4HANA Training System","S/4HANA (ECC differences noted)","ECC and S/4HANA","RCA document","RCA document","","MIGO; MB03; FB03; ME23N; MB90; OMC0","Pending"
"INC-016","INC-016","Troubleshooting Incident","Normal","[INC-016] Incident 16: GR quantity mismatch between delivery note and system","**Objective:** Incident 16: GR quantity mismatch between delivery note and system

**Prerequisites:** INC-015

**Concepts:** GR against PO; GR without PO; Partial GR; Over-delivery; Under-delivery; Tolerance; GR reversal; Returns; Batch-managed GR; Serial-number GR; Flow: purchase order, goods receipt, material document, accounting document, stock updated

**Transaction codes:** MIGO; MB03; FB03; ME23N; MB90; OMC0 (SAP GUI; use the Fiori app for the same function where one exists)

**Fiori apps:** Post Goods Receipt for Purchasing Document; Manage Stock

**Environment:** SAP S/4HANA Training System

### Steps
- [ ] Problem: record the message number and text, the transaction and the user
- [ ] Business impact: state what cannot be done, who is affected and the deadline
- [ ] Reproduce the error in the training client (instructor-prepared)
- [ ] Check master data
- [ ] Check configuration
- [ ] Check authorization
- [ ] Check integration: periods, accounts, cost objects and the neighbouring module
- [ ] Check documents: history, material and accounting documents, change documents and logs
- [ ] Identify the root cause - where to look: Units of measure, partial receipts and reversals in the order history
- [ ] Fix
- [ ] Test: re-run the original transaction
- [ ] Document the RCA

### Expected Result
- The original transaction now works
- Root cause is shown in master data, configuration, authorization or integration
- RCA document covers problem, business impact, checks made, root cause, fix, test and prevention

**Evidence:** RCA document

**Deliverable:** RCA document

**Assessment:** Instructor grades the RCA document against the twelve-step framework.

### Completion criteria
- Every step is done and the expected result is demonstrated
- Evidence is attached to the issue and the deliverable is in your workbook or document set
- Accounting and integration impact are written down where documents were created
- Actual time is logged against the issue
- Instructor Review is Approved and the status is Completed

**Estimated time:** 1 h

**Next task:** ASM-013","Inventory","V04 - Inventory","TOPIC-023","INC-015","1","Level 2 - SAP MM Core","13 Goods Receipt","Inventory","Procure to Pay","0","FI","L2 - Basic","0","0","Inventory","","SAP S/4HANA Training System","S/4HANA (ECC differences noted)","ECC and S/4HANA","RCA document","RCA document","","MIGO; MB03; FB03; ME23N; MB90; OMC0","Pending"
"ASM-013","ASM-013","Assessment","High","[ASM-013] Goods receipt assessment","**Objective:** Goods receipt assessment

**Prerequisites:** INC-016

**Concepts:** GR against PO; GR without PO; Partial GR; Over-delivery; Under-delivery; Tolerance; GR reversal; Returns; Batch-managed GR; Serial-number GR; Flow: purchase order, goods receipt, material document, accounting document, stock updated

**Fiori apps:** Post Goods Receipt for Purchasing Document; Manage Stock

**Environment:** SAP S/4HANA Training System

### Steps
- [ ] Process a mixed set of deliveries

### Expected Result
- Score of 70 or higher

**Evidence:** Scored result

**Deliverable:** Scored assessment

**Assessment:** Scored 0-100 in the Score field. Pass mark 70.

### Completion criteria
- Every step is done and the expected result is demonstrated
- Evidence is attached to the issue and the deliverable is in your workbook or document set
- Accounting and integration impact are written down where documents were created
- Actual time is logged against the issue
- Instructor Review is Approved and the status is Completed

**Estimated time:** 2 h

**Next task:** Last task of this topic","Inventory","V04 - Inventory","TOPIC-023","INC-016","2","Level 2 - SAP MM Core","13 Goods Receipt","Inventory","Procure to Pay","0","FI","L2 - Basic","0","1","Inventory","","SAP S/4HANA Training System","S/4HANA (ECC differences noted)","ECC and S/4HANA","Scored assessment","Scored result","","","Pending"
"REVIEW-13","REVIEW-13","Review","High","[REVIEW-13] Module 13 gate review","**Objective:** Confirm that module 13 (Goods Receipt) is complete.

### Checklist
- [ ] Every issue of the module is Completed
- [ ] Evidence is attached to every issue
- [ ] Time is logged
- [ ] Assessment score is 70 or higher
- [ ] Configuration workbook, master-data workbook and issue log are up to date

**Assessment:** Instructor confirms the checklist and records the gate decision.

**Estimated time:** 1 h","","V04 - Inventory","MOD-13","ASM-013","1","Level 2 - SAP MM Core","13 Goods Receipt","","","0","","","0","1","","","","","","Gate decision","Instructor sign-off","","","Pending"
"MOD-14","MOD-14","Module","Normal","[MOD-14] 14 Goods Issue","Module 14 of 42. Level 2 - SAP MM Core. Version: V04 - Inventory.

Topics: 1. Estimated hours: 14.

- TOPIC-024 Goods Issue

The module closes with the gate review REVIEW-14.","","V04 - Inventory","EPIC","","","Level 2 - SAP MM Core","14 Goods Issue","","","","","","","","","","","","","","","","",""
"TOPIC-024","TOPIC-024","Topic","Normal","[TOPIC-024] Goods Issue","**Topics:** Goods issue; Consumption; Cost center consumption; Production consumption; Scrapping; Sales-related concepts; Reservation-based GI; GI reversal; Integration with FI, CO, PP and SD

**Transaction codes:** MIGO; MB21; MB51; MB03; KSB1

**Fiori apps:** Post Goods Movement; Manage Stock

**Environment:** SAP S/4HANA Training System

**Tasks:** 7, 13 estimated hours.

- THY-028 Goods issue and consumption
- MM-LAB-047 Goods issue to a cost centre and with reference to a reservation
- MM-LAB-048 Goods issue to a production order and scrapping
- EX-014 Goods issue for sales: concept walkthrough
- INC-017 Incident 17: Goods issue fails: stock deficit
- INC-018 Incident 18: Goods issue posts to the wrong account
- ASM-014 Goods issue assessment","Inventory","V04 - Inventory","MOD-14","","","Level 2 - SAP MM Core","14 Goods Issue","Inventory","Inventory Management","","CO","","","","Inventory","","SAP S/4HANA Training System","S/4HANA (ECC differences noted)","ECC and S/4HANA","","","","MIGO; MB21; MB51; MB03; KSB1",""
"THY-028","THY-028","Theory","Normal","[THY-028] Goods issue and consumption","**Objective:** Goods issue and consumption

**Prerequisites:** ASM-013

**Concepts:** Goods issue; Consumption; Cost center consumption; Production consumption; Scrapping; Sales-related concepts; Reservation-based GI; GI reversal; Integration with FI, CO, PP and SD

**Fiori apps:** Post Goods Movement; Manage Stock

**Environment:** SAP S/4HANA Training System

### Steps
- [ ] Study issue to cost centre, order, project, asset and sales
- [ ] Study planned and unplanned issues and reservations
- [ ] Study scrapping and sampling
- [ ] Study consumption update for planning
- [ ] Study how each issue reaches FI, CO, PP and SD

### Expected Result
- Explains the offsetting account of five kinds of issue

**Evidence:** Notes

**Deliverable:** Study notes

**Assessment:** Instructor checks the notes and asks short oral questions.

### Completion criteria
- Every step is done and the expected result is demonstrated
- Evidence is attached to the issue and the deliverable is in your workbook or document set
- Accounting and integration impact are written down where documents were created
- Actual time is logged against the issue
- Instructor Review is Approved and the status is Completed

**Estimated time:** 2 h

**Next task:** MM-LAB-047","Inventory","V04 - Inventory","TOPIC-024","ASM-013","2","Level 2 - SAP MM Core","14 Goods Issue","Inventory","Inventory Management","0","CO","L2 - Basic","0","0","Inventory","","SAP S/4HANA Training System","S/4HANA (ECC differences noted)","ECC and S/4HANA","Study notes","Notes","","","Pending"
"MM-LAB-047","MM-LAB-047","Business Process Lab","Normal","[MM-LAB-047] Goods issue to a cost centre and with reference to a reservation","**LAB ID:** MM-LAB-047

**Title:** Goods issue to a cost centre and with reference to a reservation

**Objective:** Execute the business process - Goods issue to a cost centre and with reference to a reservation - and validate documents, stock and accounting.

**Business Scenario:** Maintenance draws spare parts against its reservation and some extra consumables without one.

**Prerequisites:** THY-028

**Required Configuration:** Organizational structure, document types and account determination as configured in the earlier modules of this client.

**Master Data:** Materials and suppliers from your master-data workbook.

**Transaction codes:** MIGO; MB21; KSB1 (SAP GUI; use the Fiori app for the same function where one exists)

**Fiori apps:** Post Goods Movement; Manage Stock

### Procedure
- [ ] Post an issue with reference to the reservation
- [ ] Post an unplanned issue to the cost centre
- [ ] Reverse one
- [ ] Display the cost centre line items

### Expected Result
- Reservation is reduced
- Costs appear on the cost centre

**Accounting Impact:** Consumption debit; inventory credit, at the material's current price

**Integration Impact:** CO: cost centre debit. Planning: consumption statistics

**Troubleshooting:** Read the full message with its number. Check master data, then configuration, then authorization, then integration. Record each error and its cause in your issue log. If stuck for more than 30 minutes, set the status to Blocked and describe the blocker.

**Validation:** Display the documents created (purchasing document history, material document, accounting document, stock) and compare them with the expected result.

**Evidence:** Document numbers + screenshots

**Deliverable:** Process sheet with document numbers

**Assessment:** Instructor verifies the expected result from the documents and may ask for a live demonstration.

### Completion criteria
- Every step is done and the expected result is demonstrated
- Evidence is attached to the issue and the deliverable is in your workbook or document set
- Accounting and integration impact are written down where documents were created
- Actual time is logged against the issue
- Instructor Review is Approved and the status is Completed

**Estimated time:** 3 h

**Next task:** MM-LAB-048","Inventory","V04 - Inventory","TOPIC-024","THY-028","3","Level 2 - SAP MM Core","14 Goods Issue","Inventory","Inventory Management","0","CO","L2 - Basic","1","0","Inventory","","SAP S/4HANA Training System","S/4HANA (ECC differences noted)","ECC and S/4HANA","Process sheet with document numbers","Document numbers + screenshots","Maintenance draws spare parts against its reservation and some extra consumables without one.","MIGO; MB21; KSB1","Pending"
"MM-LAB-048","MM-LAB-048","Business Process Lab","Normal","[MM-LAB-048] Goods issue to a production order and scrapping","**LAB ID:** MM-LAB-048

**Title:** Goods issue to a production order and scrapping

**Objective:** Execute the business process - Goods issue to a production order and scrapping - and validate documents, stock and accounting.

**Business Scenario:** Components are issued to an order from the instructor; a damaged pallet is scrapped.

**Prerequisites:** MM-LAB-047

**Required Configuration:** Organizational structure, document types and account determination as configured in the earlier modules of this client.

**Master Data:** Production or internal order from the instructor

**Transaction codes:** MIGO (SAP GUI; use the Fiori app for the same function where one exists)

**Fiori apps:** Post Goods Movement; Manage Stock

### Procedure
- [ ] Issue components to the order
- [ ] Scrap a quantity with cost centre
- [ ] Withdraw a sample
- [ ] Compare the accounts posted

### Expected Result
- Each issue posts to a different consumption account

**Accounting Impact:** Order consumption, scrapping expense and sampling expense debits; inventory credit

**Integration Impact:** PP: components consumed on the order

**Troubleshooting:** Read the full message with its number. Check master data, then configuration, then authorization, then integration. Record each error and its cause in your issue log. If stuck for more than 30 minutes, set the status to Blocked and describe the blocker.

**Validation:** Display the documents created (purchasing document history, material document, accounting document, stock) and compare them with the expected result.

**Evidence:** Document numbers + screenshots

**Deliverable:** Process sheet with document numbers

**Assessment:** Instructor verifies the expected result from the documents and may ask for a live demonstration.

### Completion criteria
- Every step is done and the expected result is demonstrated
- Evidence is attached to the issue and the deliverable is in your workbook or document set
- Accounting and integration impact are written down where documents were created
- Actual time is logged against the issue
- Instructor Review is Approved and the status is Completed

**Estimated time:** 3 h

**Next task:** EX-014","Inventory","V04 - Inventory","TOPIC-024","MM-LAB-047","3","Level 2 - SAP MM Core","14 Goods Issue","Inventory","Inventory Management","0","CO","L2 - Basic","1","0","Inventory","","SAP S/4HANA Training System","S/4HANA (ECC differences noted)","ECC and S/4HANA","Process sheet with document numbers","Document numbers + screenshots","Components are issued to an order from the instructor; a damaged pallet is scrapped.","MIGO","Pending"
"EX-014","EX-014","Practical Exercise","Normal","[EX-014] Goods issue for sales: concept walkthrough","**Objective:** Goods issue for sales: concept walkthrough

**Prerequisites:** MM-LAB-048

**Concepts:** Goods issue; Consumption; Cost center consumption; Production consumption; Scrapping; Sales-related concepts; Reservation-based GI; GI reversal; Integration with FI, CO, PP and SD

**Fiori apps:** Post Goods Movement; Manage Stock

**Environment:** SAP S/4HANA Training System

### Steps
- [ ] Follow a delivery with goods issue prepared by the instructor
- [ ] Note movement type, stock change and cost of goods sold posting

### Expected Result
- Explains why the sales issue is posted from the delivery and not from inventory management

**Evidence:** Worked result + screenshots

**Deliverable:** Exercise sheet

**Assessment:** Instructor checks the worked result.

### Completion criteria
- Every step is done and the expected result is demonstrated
- Evidence is attached to the issue and the deliverable is in your workbook or document set
- Accounting and integration impact are written down where documents were created
- Actual time is logged against the issue
- Instructor Review is Approved and the status is Completed

**Estimated time:** 1 h

**Next task:** INC-017","Inventory","V04 - Inventory","TOPIC-024","MM-LAB-048","1","Level 2 - SAP MM Core","14 Goods Issue","Inventory","Inventory Management","0","CO","L2 - Basic","0","0","Inventory","","SAP S/4HANA Training System","S/4HANA (ECC differences noted)","ECC and S/4HANA","Exercise sheet","Worked result + screenshots","","","Pending"
"INC-017","INC-017","Troubleshooting Incident","Normal","[INC-017] Incident 17: Goods issue fails: stock deficit","**Objective:** Incident 17: Goods issue fails: stock deficit

**Prerequisites:** EX-014

**Concepts:** Goods issue; Consumption; Cost center consumption; Production consumption; Scrapping; Sales-related concepts; Reservation-based GI; GI reversal; Integration with FI, CO, PP and SD

**Transaction codes:** MIGO; MB21; MB51; MB03; KSB1 (SAP GUI; use the Fiori app for the same function where one exists)

**Fiori apps:** Post Goods Movement; Manage Stock

**Environment:** SAP S/4HANA Training System

### Steps
- [ ] Problem: record the message number and text, the transaction and the user
- [ ] Business impact: state what cannot be done, who is affected and the deadline
- [ ] Reproduce the error in the training client (instructor-prepared)
- [ ] Check master data
- [ ] Check configuration
- [ ] Check authorization
- [ ] Check integration: periods, accounts, cost objects and the neighbouring module
- [ ] Check documents: history, material and accounting documents, change documents and logs
- [ ] Identify the root cause - where to look: Stock by type, storage location, batch, posting date and reservations
- [ ] Fix
- [ ] Test: re-run the original transaction
- [ ] Document the RCA

### Expected Result
- The original transaction now works
- Root cause is shown in master data, configuration, authorization or integration
- RCA document covers problem, business impact, checks made, root cause, fix, test and prevention

**Evidence:** RCA document

**Deliverable:** RCA document

**Assessment:** Instructor grades the RCA document against the twelve-step framework.

### Completion criteria
- Every step is done and the expected result is demonstrated
- Evidence is attached to the issue and the deliverable is in your workbook or document set
- Accounting and integration impact are written down where documents were created
- Actual time is logged against the issue
- Instructor Review is Approved and the status is Completed

**Estimated time:** 1 h

**Next task:** INC-018","Inventory","V04 - Inventory","TOPIC-024","EX-014","1","Level 2 - SAP MM Core","14 Goods Issue","Inventory","Inventory Management","0","CO","L2 - Basic","0","0","Inventory","","SAP S/4HANA Training System","S/4HANA (ECC differences noted)","ECC and S/4HANA","RCA document","RCA document","","MIGO; MB21; MB51; MB03; KSB1","Pending"
"INC-018","INC-018","Troubleshooting Incident","Normal","[INC-018] Incident 18: Goods issue posts to the wrong account","**Objective:** Incident 18: Goods issue posts to the wrong account

**Prerequisites:** INC-017

**Concepts:** Goods issue; Consumption; Cost center consumption; Production consumption; Scrapping; Sales-related concepts; Reservation-based GI; GI reversal; Integration with FI, CO, PP and SD

**Transaction codes:** MIGO; MB21; MB51; MB03; KSB1 (SAP GUI; use the Fiori app for the same function where one exists)

**Fiori apps:** Post Goods Movement; Manage Stock

**Environment:** SAP S/4HANA Training System

### Steps
- [ ] Problem: record the message number and text, the transaction and the user
- [ ] Business impact: state what cannot be done, who is affected and the deadline
- [ ] Reproduce the error in the training client (instructor-prepared)
- [ ] Check master data
- [ ] Check configuration
- [ ] Check authorization
- [ ] Check integration: periods, accounts, cost objects and the neighbouring module
- [ ] Check documents: history, material and accounting documents, change documents and logs
- [ ] Identify the root cause - where to look: Movement type account modification, valuation class and the cost object
- [ ] Fix
- [ ] Test: re-run the original transaction
- [ ] Document the RCA

### Expected Result
- The original transaction now works
- Root cause is shown in master data, configuration, authorization or integration
- RCA document covers problem, business impact, checks made, root cause, fix, test and prevention

**Evidence:** RCA document

**Deliverable:** RCA document

**Assessment:** Instructor grades the RCA document against the twelve-step framework.

### Completion criteria
- Every step is done and the expected result is demonstrated
- Evidence is attached to the issue and the deliverable is in your workbook or document set
- Accounting and integration impact are written down where documents were created
- Actual time is logged against the issue
- Instructor Review is Approved and the status is Completed

**Estimated time:** 1 h

**Next task:** ASM-014","Inventory","V04 - Inventory","TOPIC-024","INC-017","1","Level 2 - SAP MM Core","14 Goods Issue","Inventory","Inventory Management","0","CO","L2 - Basic","0","0","Inventory","","SAP S/4HANA Training System","S/4HANA (ECC differences noted)","ECC and S/4HANA","RCA document","RCA document","","MIGO; MB21; MB51; MB03; KSB1","Pending"
"ASM-014","ASM-014","Assessment","High","[ASM-014] Goods issue assessment","**Objective:** Goods issue assessment

**Prerequisites:** INC-018

**Concepts:** Goods issue; Consumption; Cost center consumption; Production consumption; Scrapping; Sales-related concepts; Reservation-based GI; GI reversal; Integration with FI, CO, PP and SD

**Fiori apps:** Post Goods Movement; Manage Stock

**Environment:** SAP S/4HANA Training System

### Steps
- [ ] Post and explain a set of issues with their cost objects

### Expected Result
- Score of 70 or higher

**Evidence:** Scored result

**Deliverable:** Scored assessment

**Assessment:** Scored 0-100 in the Score field. Pass mark 70.

### Completion criteria
- Every step is done and the expected result is demonstrated
- Evidence is attached to the issue and the deliverable is in your workbook or document set
- Accounting and integration impact are written down where documents were created
- Actual time is logged against the issue
- Instructor Review is Approved and the status is Completed

**Estimated time:** 2 h

**Next task:** Last task of this topic","Inventory","V04 - Inventory","TOPIC-024","INC-018","2","Level 2 - SAP MM Core","14 Goods Issue","Inventory","Inventory Management","0","CO","L2 - Basic","0","1","Inventory","","SAP S/4HANA Training System","S/4HANA (ECC differences noted)","ECC and S/4HANA","Scored assessment","Scored result","","","Pending"
"REVIEW-14","REVIEW-14","Review","High","[REVIEW-14] Module 14 gate review","**Objective:** Confirm that module 14 (Goods Issue) is complete.

### Checklist
- [ ] Every issue of the module is Completed
- [ ] Evidence is attached to every issue
- [ ] Time is logged
- [ ] Assessment score is 70 or higher
- [ ] Configuration workbook, master-data workbook and issue log are up to date

**Assessment:** Instructor confirms the checklist and records the gate decision.

**Estimated time:** 1 h","","V04 - Inventory","MOD-14","ASM-014","1","Level 2 - SAP MM Core","14 Goods Issue","","","0","","","0","1","","","","","","Gate decision","Instructor sign-off","","","Pending"
"MOD-15","MOD-15","Module","Normal","[MOD-15] 15 Stock Transfer","Module 15 of 42. Level 2 - SAP MM Core. Version: V04 - Inventory.

Topics: 2. Estimated hours: 26.

- TOPIC-025 Transfer Postings and Stock Transfers
- TOPIC-026 Stock Transport Orders

The module closes with the gate review REVIEW-15.","","V04 - Inventory","EPIC","","","Level 2 - SAP MM Core","15 Stock Transfer","","","","","","","","","","","","","","","","",""
"TOPIC-025","TOPIC-025","Topic","Normal","[TOPIC-025] Transfer Postings and Stock Transfers","**Topics:** Storage location transfer; Plant-to-plant transfer; One-step transfer; Two-step transfer; Transfer posting between stock types and materials

**Transaction codes:** MIGO; MB5T; MMBE; MB51

**Fiori apps:** Transfer Stock - In-Plant; Transfer Stock - Cross-Plant

**Environment:** SAP S/4HANA Training System

**Tasks:** 3, 7 estimated hours.

- THY-029 Transfer posting versus stock transfer
- MM-LAB-049 Storage location and stock type transfers
- MM-LAB-050 Plant-to-plant transfer in one and two steps","Inventory","V04 - Inventory","MOD-15","","","Level 2 - SAP MM Core","15 Stock Transfer","Inventory","Stock Transfer","","FI","","","","Inventory","","SAP S/4HANA Training System","S/4HANA (ECC differences noted)","ECC and S/4HANA","","","","MIGO; MB5T; MMBE; MB51",""
"THY-029","THY-029","Theory","Normal","[THY-029] Transfer posting versus stock transfer","**Objective:** Transfer posting versus stock transfer

**Prerequisites:** ASM-014

**Concepts:** Storage location transfer; Plant-to-plant transfer; One-step transfer; Two-step transfer; Transfer posting between stock types and materials

**Fiori apps:** Transfer Stock - In-Plant; Transfer Stock - Cross-Plant

**Environment:** SAP S/4HANA Training System

### Steps
- [ ] Study physical transfer versus change of stock type, material or special stock
- [ ] Study one-step and two-step procedures and stock in transfer
- [ ] Study when a transfer creates an accounting document

### Expected Result
- Explains why a storage location transfer posts no accounting document but a plant transfer may

**Evidence:** Notes

**Deliverable:** Study notes

**Assessment:** Instructor checks the notes and asks short oral questions.

### Completion criteria
- Every step is done and the expected result is demonstrated
- Evidence is attached to the issue and the deliverable is in your workbook or document set
- Accounting and integration impact are written down where documents were created
- Actual time is logged against the issue
- Instructor Review is Approved and the status is Completed

**Estimated time:** 2 h

**Next task:** MM-LAB-049","Inventory","V04 - Inventory","TOPIC-025","ASM-014","2","Level 2 - SAP MM Core","15 Stock Transfer","Inventory","Stock Transfer","0","FI","L3 - Intermediate","0","0","Inventory","","SAP S/4HANA Training System","S/4HANA (ECC differences noted)","ECC and S/4HANA","Study notes","Notes","","","Pending"
"MM-LAB-049","MM-LAB-049","Business Process Lab","Normal","[MM-LAB-049] Storage location and stock type transfers","**LAB ID:** MM-LAB-049

**Title:** Storage location and stock type transfers

**Objective:** Execute the business process - Storage location and stock type transfers - and validate documents, stock and accounting.

**Business Scenario:** Raw material moves from receiving store to the production store; a batch is released from quality.

**Prerequisites:** THY-029

**Required Configuration:** Organizational structure, document types and account determination as configured in the earlier modules of this client.

**Master Data:** Materials and suppliers from your master-data workbook.

**Transaction codes:** MIGO (SAP GUI; use the Fiori app for the same function where one exists)

**Fiori apps:** Transfer Stock - In-Plant; Transfer Stock - Cross-Plant

### Procedure
- [ ] Transfer between storage locations in one and two steps
- [ ] Move stock between unrestricted, quality inspection and blocked

### Expected Result
- Stock in transfer is shown between the two steps

**Accounting Impact:** None within one plant

**Integration Impact:** FI: record the documents or data created in the integrated area.

**Troubleshooting:** Read the full message with its number. Check master data, then configuration, then authorization, then integration. Record each error and its cause in your issue log. If stuck for more than 30 minutes, set the status to Blocked and describe the blocker.

**Validation:** Display the documents created (purchasing document history, material document, accounting document, stock) and compare them with the expected result.

**Evidence:** Document numbers + screenshots

**Deliverable:** Process sheet with document numbers

**Assessment:** Instructor verifies the expected result from the documents and may ask for a live demonstration.

### Completion criteria
- Every step is done and the expected result is demonstrated
- Evidence is attached to the issue and the deliverable is in your workbook or document set
- Accounting and integration impact are written down where documents were created
- Actual time is logged against the issue
- Instructor Review is Approved and the status is Completed

**Estimated time:** 2 h

**Next task:** MM-LAB-050","Inventory","V04 - Inventory","TOPIC-025","THY-029","2","Level 2 - SAP MM Core","15 Stock Transfer","Inventory","Stock Transfer","0","FI","L3 - Intermediate","1","0","Inventory","","SAP S/4HANA Training System","S/4HANA (ECC differences noted)","ECC and S/4HANA","Process sheet with document numbers","Document numbers + screenshots","Raw material moves from receiving store to the production store; a batch is released from quality.","MIGO","Pending"
"MM-LAB-050","MM-LAB-050","Business Process Lab","Normal","[MM-LAB-050] Plant-to-plant transfer in one and two steps","**LAB ID:** MM-LAB-050

**Title:** Plant-to-plant transfer in one and two steps

**Objective:** Execute the business process - Plant-to-plant transfer in one and two steps - and validate documents, stock and accounting.

**Business Scenario:** The second plant borrows stock urgently from the first.

**Prerequisites:** MM-LAB-049

**Required Configuration:** Second plant with the material extended

**Master Data:** Materials and suppliers from your master-data workbook.

**Transaction codes:** MIGO; MB5T (SAP GUI; use the Fiori app for the same function where one exists)

**Fiori apps:** Transfer Stock - In-Plant; Transfer Stock - Cross-Plant

### Procedure
- [ ] Post a one-step transfer
- [ ] Post a two-step transfer and display stock in transit
- [ ] Place into storage
- [ ] Compare valuation in both plants

### Expected Result
- Stock leaves one plant and arrives in the other
- Price difference is explained when plant prices differ

**Accounting Impact:** Inventory credit in the issuing plant, inventory debit in the receiving plant, difference to a stock transfer difference account

**Integration Impact:** FI: record the documents or data created in the integrated area.

**Troubleshooting:** Read the full message with its number. Check master data, then configuration, then authorization, then integration. Record each error and its cause in your issue log. If stuck for more than 30 minutes, set the status to Blocked and describe the blocker.

**Validation:** Display the documents created (purchasing document history, material document, accounting document, stock) and compare them with the expected result.

**Evidence:** Document numbers + screenshots

**Deliverable:** Process sheet with document numbers

**Assessment:** Instructor verifies the expected result from the documents and may ask for a live demonstration.

### Completion criteria
- Every step is done and the expected result is demonstrated
- Evidence is attached to the issue and the deliverable is in your workbook or document set
- Accounting and integration impact are written down where documents were created
- Actual time is logged against the issue
- Instructor Review is Approved and the status is Completed

**Estimated time:** 3 h

**Next task:** Last task of this topic","Inventory","V04 - Inventory","TOPIC-025","MM-LAB-049","3","Level 2 - SAP MM Core","15 Stock Transfer","Inventory","Stock Transfer","1","FI","L3 - Intermediate","1","0","Inventory","","SAP S/4HANA Training System","S/4HANA (ECC differences noted)","ECC and S/4HANA","Process sheet with document numbers","Document numbers + screenshots","The second plant borrows stock urgently from the first.","MIGO; MB5T","Pending"
"TOPIC-026","TOPIC-026","Topic","Normal","[TOPIC-026] Stock Transport Orders","**Topics:** Stock transport order; Intracompany STO; Intercompany STO; Delivery-based STO concepts; Transportation considerations

**Transaction codes:** ME21N; MIGO; VL10B; VL02N; MB5T; ME2N; VF01

**Fiori apps:** None listed

**Environment:** SAP S/4HANA Training System

**Tasks:** 8, 18 estimated hours.

- THY-030 Stock transport orders
- MM-LAB-051 Intracompany STO without delivery
- MM-LAB-052 Configure delivery-based STO
- MM-LAB-053 Delivery-based STO
- EX-015 Intercompany STO: process walkthrough
- INC-019 Incident 19: STO not working: delivery cannot be created
- INC-020 Incident 20: STO failure: goods receipt not possible or stock stuck in transit
- ASM-015 Stock transfer assessment","Inventory","V04 - Inventory","MOD-15","","","Level 2 - SAP MM Core","15 Stock Transfer","Inventory","Stock Transfer","","SD","","","","Inventory","","SAP S/4HANA Training System","S/4HANA (ECC differences noted)","ECC and S/4HANA","","","","ME21N; MIGO; VL10B; VL02N; MB5T; ME2N; VF01",""
"THY-030","THY-030","Theory","Normal","[THY-030] Stock transport orders","**Objective:** Stock transport orders

**Prerequisites:** MM-LAB-050

**Concepts:** Stock transport order; Intracompany STO; Intercompany STO; Delivery-based STO concepts; Transportation considerations

**Environment:** SAP S/4HANA Training System

### Steps
- [ ] Study the stock transport order without delivery, with delivery and with delivery and billing
- [ ] Study intracompany versus intercompany
- [ ] Study planned delivery costs, stock in transit and its ownership
- [ ] Study the shipping data needed: customer for the receiving plant, shipping point, delivery type

### Expected Result
- Chooses the right variant for four cases
- Explains who owns stock in transit

**Evidence:** Notes

**Deliverable:** Study notes

**Assessment:** Instructor checks the notes and asks short oral questions.

### Completion criteria
- Every step is done and the expected result is demonstrated
- Evidence is attached to the issue and the deliverable is in your workbook or document set
- Accounting and integration impact are written down where documents were created
- Actual time is logged against the issue
- Instructor Review is Approved and the status is Completed

**Estimated time:** 3 h

**Next task:** MM-LAB-051","Inventory","V04 - Inventory","TOPIC-026","MM-LAB-050","3","Level 2 - SAP MM Core","15 Stock Transfer","Inventory","Stock Transfer","0","SD","L4 - Advanced","0","0","Inventory","","SAP S/4HANA Training System","S/4HANA (ECC differences noted)","ECC and S/4HANA","Study notes","Notes","","","Pending"
"MM-LAB-051","MM-LAB-051","Business Process Lab","Normal","[MM-LAB-051] Intracompany STO without delivery","**LAB ID:** MM-LAB-051

**Title:** Intracompany STO without delivery

**Objective:** Execute the business process - Intracompany STO without delivery - and validate documents, stock and accounting.

**Business Scenario:** The distribution centre orders finished goods from the manufacturing plant with freight cost.

**Prerequisites:** THY-030

**Required Configuration:** Organizational structure, document types and account determination as configured in the earlier modules of this client.

**Master Data:** Materials and suppliers from your master-data workbook.

**Transaction codes:** ME21N; MIGO; MB5T (SAP GUI; use the Fiori app for the same function where one exists)

### Procedure
- [ ] Create a stock transport order with freight
- [ ] Post the goods issue at the supplying plant
- [ ] Check stock in transit
- [ ] Post the goods receipt
- [ ] Display the order history

### Expected Result
- Stock in transit appears between issue and receipt
- Freight is added at issue or receipt as posted

**Accounting Impact:** Valuation transfer between plants at issue; no accounting at receipt except delivery costs

**Integration Impact:** SD: record the documents or data created in the integrated area.

**Troubleshooting:** Read the full message with its number. Check master data, then configuration, then authorization, then integration. Record each error and its cause in your issue log. If stuck for more than 30 minutes, set the status to Blocked and describe the blocker.

**Validation:** Display the documents created (purchasing document history, material document, accounting document, stock) and compare them with the expected result.

**Evidence:** Document numbers + screenshots

**Deliverable:** Process sheet with document numbers

**Assessment:** Instructor verifies the expected result from the documents and may ask for a live demonstration.

### Completion criteria
- Every step is done and the expected result is demonstrated
- Evidence is attached to the issue and the deliverable is in your workbook or document set
- Accounting and integration impact are written down where documents were created
- Actual time is logged against the issue
- Instructor Review is Approved and the status is Completed

**Estimated time:** 3 h

**Next task:** MM-LAB-052","Inventory","V04 - Inventory","TOPIC-026","THY-030","3","Level 2 - SAP MM Core","15 Stock Transfer","Inventory","Stock Transfer","0","SD","L4 - Advanced","1","0","Inventory","","SAP S/4HANA Training System","S/4HANA (ECC differences noted)","ECC and S/4HANA","Process sheet with document numbers","Document numbers + screenshots","The distribution centre orders finished goods from the manufacturing plant with freight cost.","ME21N; MIGO; MB5T","Pending"
"MM-LAB-052","MM-LAB-052","Configuration Lab","Normal","[MM-LAB-052] Configure delivery-based STO","**LAB ID:** MM-LAB-052

**Title:** Configure delivery-based STO

**Objective:** Configure - Configure delivery-based STO - and prove it with a test transaction.

**Business Scenario:** Shipments between plants must be picked and documented by the shipping department.

**Prerequisites:** MM-LAB-051

**Required Configuration:** Shipping point and sales area of the supplying plant from the instructor

**Master Data:** Only the test data named in the procedure.

**Transaction codes:** ME21N; MIGO; VL10B; VL02N; MB5T; ME2N; VF01 (SAP GUI; use the Fiori app for the same function where one exists)

### Procedure
- [ ] Assign a customer to the receiving plant and sales area and shipping data to the supplying plant
- [ ] Assign delivery type and checking rule to the order type and supplying plant
- [ ] Assign the document type for the plant pair

### Expected Result
- Stock transport order shows the shipping tab

**Accounting Impact:** Configuration itself posts nothing. Record the accounting document of the test transaction where one is created.

**Integration Impact:** SD: record the documents or data created in the integrated area.

**Troubleshooting:** Read the full message with its number. Check master data, then configuration, then authorization, then integration. Record each error and its cause in your issue log. If stuck for more than 30 minutes, set the status to Blocked and describe the blocker.

**Validation:** Run the test transaction named in the procedure and confirm that the setting takes effect; display the setting again.

**Evidence:** Configuration workbook entry + test document

**Deliverable:** Configuration workbook entry

**Assessment:** Instructor checks the setting, its test document and the documented rationale.

### Completion criteria
- Every step is done and the expected result is demonstrated
- Evidence is attached to the issue and the deliverable is in your workbook or document set
- Accounting and integration impact are written down where documents were created
- Actual time is logged against the issue
- Instructor Review is Approved and the status is Completed

**Estimated time:** 3 h

**Next task:** MM-LAB-053","Inventory","V04 - Inventory","TOPIC-026","MM-LAB-051","3","Level 2 - SAP MM Core","15 Stock Transfer","Inventory","Stock Transfer","1","SD","L4 - Advanced","1","0","Inventory","","SAP S/4HANA Training System","S/4HANA (ECC differences noted)","ECC and S/4HANA","Configuration workbook entry","Configuration workbook entry + test document","Shipments between plants must be picked and documented by the shipping department.","ME21N; MIGO; VL10B; VL02N; MB5T; ME2N; VF01","Pending"
"MM-LAB-053","MM-LAB-053","Business Process Lab","Normal","[MM-LAB-053] Delivery-based STO","**LAB ID:** MM-LAB-053

**Title:** Delivery-based STO

**Objective:** Execute the business process - Delivery-based STO - and validate documents, stock and accounting.

**Business Scenario:** A full truck moves from plant to plant with a delivery note.

**Prerequisites:** MM-LAB-052

**Required Configuration:** Organizational structure, document types and account determination as configured in the earlier modules of this client.

**Master Data:** Materials and suppliers from your master-data workbook.

**Transaction codes:** ME21N; VL10B; VL02N; MIGO (SAP GUI; use the Fiori app for the same function where one exists)

### Procedure
- [ ] Create the order
- [ ] Create the replenishment delivery
- [ ] Pick and post goods issue
- [ ] Receive against the delivery
- [ ] Trace the document flow

### Expected Result
- Delivery and material documents are linked to the order

**Accounting Impact:** Display every accounting document created and write its debit and credit lines; where none is created, state why.

**Integration Impact:** SD: delivery and shipping point; FI: transfer valuation

**Troubleshooting:** Read the full message with its number. Check master data, then configuration, then authorization, then integration. Record each error and its cause in your issue log. If stuck for more than 30 minutes, set the status to Blocked and describe the blocker.

**Validation:** Display the documents created (purchasing document history, material document, accounting document, stock) and compare them with the expected result.

**Evidence:** Document numbers + screenshots

**Deliverable:** Process sheet with document numbers

**Assessment:** Instructor verifies the expected result from the documents and may ask for a live demonstration.

### Completion criteria
- Every step is done and the expected result is demonstrated
- Evidence is attached to the issue and the deliverable is in your workbook or document set
- Accounting and integration impact are written down where documents were created
- Actual time is logged against the issue
- Instructor Review is Approved and the status is Completed

**Estimated time:** 3 h

**Next task:** EX-015","Inventory","V04 - Inventory","TOPIC-026","MM-LAB-052","3","Level 2 - SAP MM Core","15 Stock Transfer","Inventory","Stock Transfer","0","SD","L4 - Advanced","1","0","Inventory","","SAP S/4HANA Training System","S/4HANA (ECC differences noted)","ECC and S/4HANA","Process sheet with document numbers","Document numbers + screenshots","A full truck moves from plant to plant with a delivery note.","ME21N; VL10B; VL02N; MIGO","Pending"
"EX-015","EX-015","Practical Exercise","Normal","[EX-015] Intercompany STO: process walkthrough","**Objective:** Intercompany STO: process walkthrough

**Prerequisites:** MM-LAB-053

**Concepts:** Stock transport order; Intracompany STO; Intercompany STO; Delivery-based STO concepts; Transportation considerations

**Transaction codes:** ME21N; VL10B; VF01; MIRO (SAP GUI; use the Fiori app for the same function where one exists)

**Environment:** SAP S/4HANA Training System

### Steps
- [ ] Study or run with the instructor an intercompany order between two company codes: delivery, goods issue, intercompany billing, goods receipt and invoice receipt
- [ ] Write the accounting in both company codes

### Expected Result
- States revenue and payable in the right company codes

**Evidence:** Worked result + screenshots

**Deliverable:** Exercise sheet

**Assessment:** Instructor checks the worked result.

### Completion criteria
- Every step is done and the expected result is demonstrated
- Evidence is attached to the issue and the deliverable is in your workbook or document set
- Accounting and integration impact are written down where documents were created
- Actual time is logged against the issue
- Instructor Review is Approved and the status is Completed

**Estimated time:** 2 h

**Next task:** INC-019","Inventory","V04 - Inventory","TOPIC-026","MM-LAB-053","2","Level 2 - SAP MM Core","15 Stock Transfer","Inventory","Stock Transfer","0","SD","L4 - Advanced","0","0","Inventory","","SAP S/4HANA Training System","S/4HANA (ECC differences noted)","ECC and S/4HANA","Exercise sheet","Worked result + screenshots","","ME21N; VL10B; VF01; MIRO","Pending"
"INC-019","INC-019","Troubleshooting Incident","Normal","[INC-019] Incident 19: STO not working: delivery cannot be created","**Objective:** Incident 19: STO not working: delivery cannot be created

**Prerequisites:** EX-015

**Concepts:** Stock transport order; Intracompany STO; Intercompany STO; Delivery-based STO concepts; Transportation considerations

**Transaction codes:** ME21N; MIGO; VL10B; VL02N; MB5T; ME2N; VF01 (SAP GUI; use the Fiori app for the same function where one exists)

**Environment:** SAP S/4HANA Training System

### Steps
- [ ] Problem: record the message number and text, the transaction and the user
- [ ] Business impact: state what cannot be done, who is affected and the deadline
- [ ] Reproduce the error in the training client (instructor-prepared)
- [ ] Check master data
- [ ] Check configuration
- [ ] Check authorization
- [ ] Check integration: periods, accounts, cost objects and the neighbouring module
- [ ] Check documents: history, material and accounting documents, change documents and logs
- [ ] Identify the root cause - where to look: Shipping data of the plants, customer assignment, delivery type and document type assignment
- [ ] Fix
- [ ] Test: re-run the original transaction
- [ ] Document the RCA

### Expected Result
- The original transaction now works
- Root cause is shown in master data, configuration, authorization or integration
- RCA document covers problem, business impact, checks made, root cause, fix, test and prevention

**Evidence:** RCA document

**Deliverable:** RCA document

**Assessment:** Instructor grades the RCA document against the twelve-step framework.

### Completion criteria
- Every step is done and the expected result is demonstrated
- Evidence is attached to the issue and the deliverable is in your workbook or document set
- Accounting and integration impact are written down where documents were created
- Actual time is logged against the issue
- Instructor Review is Approved and the status is Completed

**Estimated time:** 1 h

**Next task:** INC-020","Inventory","V04 - Inventory","TOPIC-026","EX-015","1","Level 2 - SAP MM Core","15 Stock Transfer","Inventory","Stock Transfer","0","SD","L4 - Advanced","0","0","Inventory","","SAP S/4HANA Training System","S/4HANA (ECC differences noted)","ECC and S/4HANA","RCA document","RCA document","","ME21N; MIGO; VL10B; VL02N; MB5T; ME2N; VF01","Pending"
"INC-020","INC-020","Troubleshooting Incident","Normal","[INC-020] Incident 20: STO failure: goods receipt not possible or stock stuck in transit","**Objective:** Incident 20: STO failure: goods receipt not possible or stock stuck in transit

**Prerequisites:** INC-019

**Concepts:** Stock transport order; Intracompany STO; Intercompany STO; Delivery-based STO concepts; Transportation considerations

**Transaction codes:** ME21N; MIGO; VL10B; VL02N; MB5T; ME2N; VF01 (SAP GUI; use the Fiori app for the same function where one exists)

**Environment:** SAP S/4HANA Training System

### Steps
- [ ] Problem: record the message number and text, the transaction and the user
- [ ] Business impact: state what cannot be done, who is affected and the deadline
- [ ] Reproduce the error in the training client (instructor-prepared)
- [ ] Check master data
- [ ] Check configuration
- [ ] Check authorization
- [ ] Check integration: periods, accounts, cost objects and the neighbouring module
- [ ] Check documents: history, material and accounting documents, change documents and logs
- [ ] Identify the root cause - where to look: Goods issue status, movement types and the receiving storage location
- [ ] Fix
- [ ] Test: re-run the original transaction
- [ ] Document the RCA

### Expected Result
- The original transaction now works
- Root cause is shown in master data, configuration, authorization or integration
- RCA document covers problem, business impact, checks made, root cause, fix, test and prevention

**Evidence:** RCA document

**Deliverable:** RCA document

**Assessment:** Instructor grades the RCA document against the twelve-step framework.

### Completion criteria
- Every step is done and the expected result is demonstrated
- Evidence is attached to the issue and the deliverable is in your workbook or document set
- Accounting and integration impact are written down where documents were created
- Actual time is logged against the issue
- Instructor Review is Approved and the status is Completed

**Estimated time:** 1 h

**Next task:** ASM-015","Inventory","V04 - Inventory","TOPIC-026","INC-019","1","Level 2 - SAP MM Core","15 Stock Transfer","Inventory","Stock Transfer","0","SD","L4 - Advanced","0","0","Inventory","","SAP S/4HANA Training System","S/4HANA (ECC differences noted)","ECC and S/4HANA","RCA document","RCA document","","ME21N; MIGO; VL10B; VL02N; MB5T; ME2N; VF01","Pending"
"ASM-015","ASM-015","Assessment","High","[ASM-015] Stock transfer assessment","**Objective:** Stock transfer assessment

**Prerequisites:** INC-020

**Concepts:** Stock transport order; Intracompany STO; Intercompany STO; Delivery-based STO concepts; Transportation considerations

**Environment:** SAP S/4HANA Training System

### Steps
- [ ] Run and explain transfers between locations and plants

### Expected Result
- Score of 70 or higher

**Evidence:** Scored result

**Deliverable:** Scored assessment

**Assessment:** Scored 0-100 in the Score field. Pass mark 70.

### Completion criteria
- Every step is done and the expected result is demonstrated
- Evidence is attached to the issue and the deliverable is in your workbook or document set
- Accounting and integration impact are written down where documents were created
- Actual time is logged against the issue
- Instructor Review is Approved and the status is Completed

**Estimated time:** 2 h

**Next task:** Last task of this topic","Inventory","V04 - Inventory","TOPIC-026","INC-020","2","Level 2 - SAP MM Core","15 Stock Transfer","Inventory","Stock Transfer","0","SD","L4 - Advanced","0","1","Inventory","","SAP S/4HANA Training System","S/4HANA (ECC differences noted)","ECC and S/4HANA","Scored assessment","Scored result","","","Pending"
"REVIEW-15","REVIEW-15","Review","High","[REVIEW-15] Module 15 gate review","**Objective:** Confirm that module 15 (Stock Transfer) is complete.

### Checklist
- [ ] Every issue of the module is Completed
- [ ] Evidence is attached to every issue
- [ ] Time is logged
- [ ] Assessment score is 70 or higher
- [ ] Configuration workbook, master-data workbook and issue log are up to date

**Assessment:** Instructor confirms the checklist and records the gate decision.

**Estimated time:** 1 h","","V04 - Inventory","MOD-15","MM-LAB-050, ASM-015","1","Level 2 - SAP MM Core","15 Stock Transfer","","","0","","","0","1","","","","","","Gate decision","Instructor sign-off","","","Pending"
"MOD-16","MOD-16","Module","Normal","[MOD-16] 16 Physical Inventory","Module 16 of 42. Level 2 - SAP MM Core. Version: V04 - Inventory.

Topics: 1. Estimated hours: 16.

- TOPIC-027 Physical Inventory

The module closes with the gate review REVIEW-16.","","V04 - Inventory","EPIC","","","Level 2 - SAP MM Core","16 Physical Inventory","","","","","","","","","","","","","","","","",""
"TOPIC-027","TOPIC-027","Topic","Normal","[TOPIC-027] Physical Inventory","**Topics:** Physical inventory process; Inventory document; Counting; Recount; Difference posting; Inventory adjustments; Cycle counting; Periodic inventory; Continuous inventory; Inventory accuracy

**Transaction codes:** MI01; MI02; MI21; MI04; MI05; MI11; MI20; MI07; MI31; MICN; MI24; MIBC

**Fiori apps:** Create Physical Inventory Documents; Manage Physical Inventory Documents; Physical Inventory Document Overview

**Environment:** SAP S/4HANA Training System

**Tasks:** 7, 15 estimated hours.

- THY-031 Physical inventory methods and process
- MM-LAB-054 Physical inventory end to end
- MM-LAB-055 Cycle counting and inventory tolerances
- EX-016 Batch creation of inventory documents and inventory accuracy
- INC-021 Incident 21: Physical inventory difference cannot be posted
- INC-022 Incident 22: Stock mismatch between system and warehouse
- ASM-016 Physical inventory assessment","Inventory","V04 - Inventory","MOD-16","","","Level 2 - SAP MM Core","16 Physical Inventory","Inventory","Physical Inventory","","FI","","","","Inventory","","SAP S/4HANA Training System","S/4HANA (ECC differences noted)","ECC and S/4HANA","","","","MI01; MI02; MI21; MI04; MI05; MI11; MI20; MI07; MI31; MICN; MI24; MIBC",""
"THY-031","THY-031","Theory","Normal","[THY-031] Physical inventory methods and process","**Objective:** Physical inventory methods and process

**Prerequisites:** ASM-015

**Concepts:** Physical inventory process; Inventory document; Counting; Recount; Difference posting; Inventory adjustments; Cycle counting; Periodic inventory; Continuous inventory; Inventory accuracy

**Fiori apps:** Create Physical Inventory Documents; Manage Physical Inventory Documents; Physical Inventory Document Overview

**Environment:** SAP S/4HANA Training System

### Steps
- [ ] Study periodic, continuous and cycle counting and sampling
- [ ] Study the process: create document, block or freeze, count, enter count, analyse differences, recount, post differences
- [ ] Study the posting block and freezing book inventory
- [ ] Study tolerances by user group

### Expected Result
- Draws the process
- Chooses a method for three warehouses

**Evidence:** Notes

**Deliverable:** Study notes

**Assessment:** Instructor checks the notes and asks short oral questions.

### Completion criteria
- Every step is done and the expected result is demonstrated
- Evidence is attached to the issue and the deliverable is in your workbook or document set
- Accounting and integration impact are written down where documents were created
- Actual time is logged against the issue
- Instructor Review is Approved and the status is Completed

**Estimated time:** 2 h

**Next task:** MM-LAB-054","Inventory","V04 - Inventory","TOPIC-027","ASM-015","2","Level 2 - SAP MM Core","16 Physical Inventory","Inventory","Physical Inventory","0","FI","L3 - Intermediate","0","0","Inventory","","SAP S/4HANA Training System","S/4HANA (ECC differences noted)","ECC and S/4HANA","Study notes","Notes","","","Pending"
"MM-LAB-054","MM-LAB-054","Business Process Lab","Normal","[MM-LAB-054] Physical inventory end to end","**LAB ID:** MM-LAB-054

**Title:** Physical inventory end to end

**Objective:** Execute the business process - Physical inventory end to end - and validate documents, stock and accounting.

**Business Scenario:** The yearly count of the raw material store finds shortages and one surplus.

**Prerequisites:** THY-031

**Required Configuration:** Organizational structure, document types and account determination as configured in the earlier modules of this client.

**Master Data:** Materials and suppliers from your master-data workbook.

**Transaction codes:** MI01; MI21; MI04; MI20; MI11; MI07 (SAP GUI; use the Fiori app for the same function where one exists)

**Fiori apps:** Create Physical Inventory Documents; Manage Physical Inventory Documents; Physical Inventory Document Overview

### Procedure
- [ ] Create the inventory document with posting block
- [ ] Print the count sheet
- [ ] Enter counts with differences
- [ ] Analyse the difference list
- [ ] Recount one item and enter the recount
- [ ] Post the differences
- [ ] Display material and accounting documents

### Expected Result
- Book stock equals counted stock after posting
- Block is removed

**Accounting Impact:** Shortage: inventory difference expense debit, inventory credit. Surplus: the reverse

**Integration Impact:** FI: inventory differences account

**Troubleshooting:** Read the full message with its number. Check master data, then configuration, then authorization, then integration. Record each error and its cause in your issue log. If stuck for more than 30 minutes, set the status to Blocked and describe the blocker.

**Validation:** Display the documents created (purchasing document history, material document, accounting document, stock) and compare them with the expected result.

**Evidence:** Document numbers + screenshots

**Deliverable:** Process sheet with document numbers

**Assessment:** Instructor verifies the expected result from the documents and may ask for a live demonstration.

### Completion criteria
- Every step is done and the expected result is demonstrated
- Evidence is attached to the issue and the deliverable is in your workbook or document set
- Accounting and integration impact are written down where documents were created
- Actual time is logged against the issue
- Instructor Review is Approved and the status is Completed

**Estimated time:** 4 h

**Next task:** MM-LAB-055","Inventory","V04 - Inventory","TOPIC-027","THY-031","4","Level 2 - SAP MM Core","16 Physical Inventory","Inventory","Physical Inventory","0","FI","L3 - Intermediate","1","0","Inventory","","SAP S/4HANA Training System","S/4HANA (ECC differences noted)","ECC and S/4HANA","Process sheet with document numbers","Document numbers + screenshots","The yearly count of the raw material store finds shortages and one surplus.","MI01; MI21; MI04; MI20; MI11; MI07","Pending"
"MM-LAB-055","MM-LAB-055","Configuration Lab","Normal","[MM-LAB-055] Cycle counting and inventory tolerances","**LAB ID:** MM-LAB-055

**Title:** Cycle counting and inventory tolerances

**Objective:** Configure - Cycle counting and inventory tolerances - and prove it with a test transaction.

**Business Scenario:** Fast movers are counted monthly, slow movers yearly; clerks may post only small differences.

**Prerequisites:** MM-LAB-054

**Required Configuration:** This lab is the configuration. Prerequisite: organizational structure of module 02.

**Master Data:** Only the test data named in the procedure.

**Transaction codes:** MIBC; MICN (SAP GUI; use the Fiori app for the same function where one exists)

**Fiori apps:** Create Physical Inventory Documents; Manage Physical Inventory Documents; Physical Inventory Document Overview

### Procedure
- [ ] Define cycle counting indicators
- [ ] Run the analysis to assign indicators to materials
- [ ] Create documents by cycle counting
- [ ] Define difference tolerances for a user group

### Expected Result
- Documents are proposed by due date
- Difference above tolerance cannot be posted by the clerk

**Accounting Impact:** Configuration itself posts nothing. Record the accounting document of the test transaction where one is created.

**Integration Impact:** FI: record the documents or data created in the integrated area.

**Troubleshooting:** Read the full message with its number. Check master data, then configuration, then authorization, then integration. Record each error and its cause in your issue log. If stuck for more than 30 minutes, set the status to Blocked and describe the blocker.

**Validation:** Run the test transaction named in the procedure and confirm that the setting takes effect; display the setting again.

**Evidence:** Configuration workbook entry + test document

**Deliverable:** Configuration workbook entry

**Assessment:** Instructor checks the setting, its test document and the documented rationale.

### Completion criteria
- Every step is done and the expected result is demonstrated
- Evidence is attached to the issue and the deliverable is in your workbook or document set
- Accounting and integration impact are written down where documents were created
- Actual time is logged against the issue
- Instructor Review is Approved and the status is Completed

**Estimated time:** 3 h

**Next task:** EX-016","Inventory","V04 - Inventory","TOPIC-027","MM-LAB-054","3","Level 2 - SAP MM Core","16 Physical Inventory","Inventory","Physical Inventory","1","FI","L3 - Intermediate","1","0","Inventory","","SAP S/4HANA Training System","S/4HANA (ECC differences noted)","ECC and S/4HANA","Configuration workbook entry","Configuration workbook entry + test document","Fast movers are counted monthly, slow movers yearly; clerks may post only small differences.","MIBC; MICN","Pending"
"EX-016","EX-016","Practical Exercise","Normal","[EX-016] Batch creation of inventory documents and inventory accuracy","**Objective:** Batch creation of inventory documents and inventory accuracy

**Prerequisites:** MM-LAB-055

**Concepts:** Physical inventory process; Inventory document; Counting; Recount; Difference posting; Inventory adjustments; Cycle counting; Periodic inventory; Continuous inventory; Inventory accuracy

**Transaction codes:** MI31; MI24 (SAP GUI; use the Fiori app for the same function where one exists)

**Fiori apps:** Create Physical Inventory Documents; Manage Physical Inventory Documents; Physical Inventory Document Overview

**Environment:** SAP S/4HANA Training System

### Steps
- [ ] Create documents for a whole storage location in one run
- [ ] List inventory status by material
- [ ] Calculate accuracy by item and by value

### Expected Result
- Accuracy figures are calculated and explained

**Evidence:** Worked result + screenshots

**Deliverable:** Exercise sheet

**Assessment:** Instructor checks the worked result.

### Completion criteria
- Every step is done and the expected result is demonstrated
- Evidence is attached to the issue and the deliverable is in your workbook or document set
- Accounting and integration impact are written down where documents were created
- Actual time is logged against the issue
- Instructor Review is Approved and the status is Completed

**Estimated time:** 2 h

**Next task:** INC-021","Inventory","V04 - Inventory","TOPIC-027","MM-LAB-055","2","Level 2 - SAP MM Core","16 Physical Inventory","Inventory","Physical Inventory","0","FI","L3 - Intermediate","0","0","Inventory","","SAP S/4HANA Training System","S/4HANA (ECC differences noted)","ECC and S/4HANA","Exercise sheet","Worked result + screenshots","","MI31; MI24","Pending"
"INC-021","INC-021","Troubleshooting Incident","Normal","[INC-021] Incident 21: Physical inventory difference cannot be posted","**Objective:** Incident 21: Physical inventory difference cannot be posted

**Prerequisites:** EX-016

**Concepts:** Physical inventory process; Inventory document; Counting; Recount; Difference posting; Inventory adjustments; Cycle counting; Periodic inventory; Continuous inventory; Inventory accuracy

**Transaction codes:** MI01; MI02; MI21; MI04; MI05; MI11; MI20; MI07; MI31; MICN; MI24; MIBC (SAP GUI; use the Fiori app for the same function where one exists)

**Fiori apps:** Create Physical Inventory Documents; Manage Physical Inventory Documents; Physical Inventory Document Overview

**Environment:** SAP S/4HANA Training System

### Steps
- [ ] Problem: record the message number and text, the transaction and the user
- [ ] Business impact: state what cannot be done, who is affected and the deadline
- [ ] Reproduce the error in the training client (instructor-prepared)
- [ ] Check master data
- [ ] Check configuration
- [ ] Check authorization
- [ ] Check integration: periods, accounts, cost objects and the neighbouring module
- [ ] Check documents: history, material and accounting documents, change documents and logs
- [ ] Identify the root cause - where to look: Tolerance group, posting period, block and recount status
- [ ] Fix
- [ ] Test: re-run the original transaction
- [ ] Document the RCA

### Expected Result
- The original transaction now works
- Root cause is shown in master data, configuration, authorization or integration
- RCA document covers problem, business impact, checks made, root cause, fix, test and prevention

**Evidence:** RCA document

**Deliverable:** RCA document

**Assessment:** Instructor grades the RCA document against the twelve-step framework.

### Completion criteria
- Every step is done and the expected result is demonstrated
- Evidence is attached to the issue and the deliverable is in your workbook or document set
- Accounting and integration impact are written down where documents were created
- Actual time is logged against the issue
- Instructor Review is Approved and the status is Completed

**Estimated time:** 1 h

**Next task:** INC-022","Inventory","V04 - Inventory","TOPIC-027","EX-016","1","Level 2 - SAP MM Core","16 Physical Inventory","Inventory","Physical Inventory","0","FI","L3 - Intermediate","0","0","Inventory","","SAP S/4HANA Training System","S/4HANA (ECC differences noted)","ECC and S/4HANA","RCA document","RCA document","","MI01; MI02; MI21; MI04; MI05; MI11; MI20; MI07; MI31; MICN; MI24; MIBC","Pending"
"INC-022","INC-022","Troubleshooting Incident","Normal","[INC-022] Incident 22: Stock mismatch between system and warehouse","**Objective:** Incident 22: Stock mismatch between system and warehouse

**Prerequisites:** INC-021

**Concepts:** Physical inventory process; Inventory document; Counting; Recount; Difference posting; Inventory adjustments; Cycle counting; Periodic inventory; Continuous inventory; Inventory accuracy

**Transaction codes:** MI01; MI02; MI21; MI04; MI05; MI11; MI20; MI07; MI31; MICN; MI24; MIBC (SAP GUI; use the Fiori app for the same function where one exists)

**Fiori apps:** Create Physical Inventory Documents; Manage Physical Inventory Documents; Physical Inventory Document Overview

**Environment:** SAP S/4HANA Training System

### Steps
- [ ] Problem: record the message number and text, the transaction and the user
- [ ] Business impact: state what cannot be done, who is affected and the deadline
- [ ] Reproduce the error in the training client (instructor-prepared)
- [ ] Check master data
- [ ] Check configuration
- [ ] Check authorization
- [ ] Check integration: periods, accounts, cost objects and the neighbouring module
- [ ] Check documents: history, material and accounting documents, change documents and logs
- [ ] Identify the root cause - where to look: Unposted movements, stock type, storage location errors and material document history
- [ ] Fix
- [ ] Test: re-run the original transaction
- [ ] Document the RCA

### Expected Result
- The original transaction now works
- Root cause is shown in master data, configuration, authorization or integration
- RCA document covers problem, business impact, checks made, root cause, fix, test and prevention

**Evidence:** RCA document

**Deliverable:** RCA document

**Assessment:** Instructor grades the RCA document against the twelve-step framework.

### Completion criteria
- Every step is done and the expected result is demonstrated
- Evidence is attached to the issue and the deliverable is in your workbook or document set
- Accounting and integration impact are written down where documents were created
- Actual time is logged against the issue
- Instructor Review is Approved and the status is Completed

**Estimated time:** 1 h

**Next task:** ASM-016","Inventory","V04 - Inventory","TOPIC-027","INC-021","1","Level 2 - SAP MM Core","16 Physical Inventory","Inventory","Physical Inventory","0","FI","L3 - Intermediate","0","0","Inventory","","SAP S/4HANA Training System","S/4HANA (ECC differences noted)","ECC and S/4HANA","RCA document","RCA document","","MI01; MI02; MI21; MI04; MI05; MI11; MI20; MI07; MI31; MICN; MI24; MIBC","Pending"
"ASM-016","ASM-016","Assessment","High","[ASM-016] Physical inventory assessment","**Objective:** Physical inventory assessment

**Prerequisites:** INC-022

**Concepts:** Physical inventory process; Inventory document; Counting; Recount; Difference posting; Inventory adjustments; Cycle counting; Periodic inventory; Continuous inventory; Inventory accuracy

**Fiori apps:** Create Physical Inventory Documents; Manage Physical Inventory Documents; Physical Inventory Document Overview

**Environment:** SAP S/4HANA Training System

### Steps
- [ ] Run a count with differences and explain the postings

### Expected Result
- Score of 70 or higher

**Evidence:** Scored result

**Deliverable:** Scored assessment

**Assessment:** Scored 0-100 in the Score field. Pass mark 70.

### Completion criteria
- Every step is done and the expected result is demonstrated
- Evidence is attached to the issue and the deliverable is in your workbook or document set
- Accounting and integration impact are written down where documents were created
- Actual time is logged against the issue
- Instructor Review is Approved and the status is Completed

**Estimated time:** 2 h

**Next task:** Last task of this topic","Inventory","V04 - Inventory","TOPIC-027","INC-022","2","Level 2 - SAP MM Core","16 Physical Inventory","Inventory","Physical Inventory","0","FI","L3 - Intermediate","0","1","Inventory","","SAP S/4HANA Training System","S/4HANA (ECC differences noted)","ECC and S/4HANA","Scored assessment","Scored result","","","Pending"
"REVIEW-16","REVIEW-16","Review","High","[REVIEW-16] Module 16 gate review","**Objective:** Confirm that module 16 (Physical Inventory) is complete.

### Checklist
- [ ] Every issue of the module is Completed
- [ ] Evidence is attached to every issue
- [ ] Time is logged
- [ ] Assessment score is 70 or higher
- [ ] Configuration workbook, master-data workbook and issue log are up to date

**Assessment:** Instructor confirms the checklist and records the gate decision.

**Estimated time:** 1 h","","V04 - Inventory","MOD-16","ASM-016","1","Level 2 - SAP MM Core","16 Physical Inventory","","","0","","","0","1","","","","","","Gate decision","Instructor sign-off","","","Pending"
"MOD-17","MOD-17","Module","Normal","[MOD-17] 17 Invoice Verification","Module 17 of 42. Level 2 - SAP MM Core. Version: V06 - Invoice Verification.

Topics: 1. Estimated hours: 28.

- TOPIC-028 Logistics Invoice Verification

The module closes with the gate review REVIEW-17.","","V06 - Invoice Verification","EPIC","","","Level 2 - SAP MM Core","17 Invoice Verification","","","","","","","","","","","","","","","","",""
"TOPIC-028","TOPIC-028","Topic","Normal","[TOPIC-028] Logistics Invoice Verification","**Topics:** Invoice verification; Three-way matching; PO; GR; Invoice; GR/IR; Invoice blocking; Price variance; Quantity variance; Tax; Planned delivery costs; Credit memo; Subsequent debit; Subsequent credit; Invoice reversal

**Transaction codes:** MIRO; MIR4; MIR7; MIRA; MR8M; MRBR; MIR6; ME23N; FB03; FBL1N

**Fiori apps:** Create Supplier Invoice; Manage Supplier Invoices; Supplier Invoices List; Release Blocked Invoices

**Environment:** SAP S/4HANA Training System

**Tasks:** 11, 27 estimated hours.

- THY-032 Invoice verification and the three-way match
- MM-LAB-056 Post an invoice with a clean three-way match
- MM-LAB-057 Price variance and quantity variance
- MM-LAB-058 Planned and unplanned delivery costs and tax
- MM-LAB-059 Credit memo, subsequent debit and subsequent credit
- MM-LAB-060 Park, block, release and reverse invoices
- MM-LAB-061 Invoice verification configuration: tolerances, blocks and tax defaults
- INC-023 Incident 23: Invoice blocked for payment
- INC-024 Incident 24: Duplicate invoice accepted or wrongly refused
- INC-025 Incident 25: GR/IR mismatch on a purchase order
- ASM-017 Invoice verification assessment","Invoice Verification","V06 - Invoice Verification","MOD-17","","","Level 2 - SAP MM Core","17 Invoice Verification","Invoice Verification","Invoice Verification","","FI","","","","Invoice Verification","","SAP S/4HANA Training System","S/4HANA (ECC differences noted)","ECC and S/4HANA","","","","MIRO; MIR4; MIR7; MIRA; MR8M; MRBR; MIR6; ME23N; FB03; FBL1N",""
"THY-032","THY-032","Theory","Normal","[THY-032] Invoice verification and the three-way match","**Objective:** Invoice verification and the three-way match

**Prerequisites:** ASM-016

**Concepts:** Invoice verification; Three-way matching; PO; GR; Invoice; GR/IR; Invoice blocking; Price variance; Quantity variance; Tax; Planned delivery costs; Credit memo; Subsequent debit; Subsequent credit; Invoice reversal

**Fiori apps:** Create Supplier Invoice; Manage Supplier Invoices; Supplier Invoices List; Release Blocked Invoices

**Environment:** SAP S/4HANA Training System

### Steps
- [ ] Study the flow order, receipt, invoice, match, FI posting, supplier liability
- [ ] Study order-based and goods-receipt-based verification
- [ ] Study what is compared: quantity, price, date
- [ ] Study the GR/IR clearing account
- [ ] Study park, hold, save as complete and post

### Expected Result
- Explains the three-way match and when GR/IR clears

**Evidence:** Notes

**Deliverable:** Study notes

**Assessment:** Instructor checks the notes and asks short oral questions.

### Completion criteria
- Every step is done and the expected result is demonstrated
- Evidence is attached to the issue and the deliverable is in your workbook or document set
- Accounting and integration impact are written down where documents were created
- Actual time is logged against the issue
- Instructor Review is Approved and the status is Completed

**Estimated time:** 3 h

**Next task:** MM-LAB-056","Invoice Verification","V06 - Invoice Verification","TOPIC-028","ASM-016","3","Level 2 - SAP MM Core","17 Invoice Verification","Invoice Verification","Invoice Verification","0","FI","L3 - Intermediate","0","0","Invoice Verification","","SAP S/4HANA Training System","S/4HANA (ECC differences noted)","ECC and S/4HANA","Study notes","Notes","","","Pending"
"MM-LAB-056","MM-LAB-056","Business Process Lab","Normal","[MM-LAB-056] Post an invoice with a clean three-way match","**LAB ID:** MM-LAB-056

**Title:** Post an invoice with a clean three-way match

**Objective:** Execute the business process - Post an invoice with a clean three-way match - and validate documents, stock and accounting.

**Business Scenario:** The supplier invoice agrees with order and receipt.

**Prerequisites:** THY-032

**Required Configuration:** Organizational structure, document types and account determination as configured in the earlier modules of this client.

**Master Data:** Order with goods receipt from module 13

**Transaction codes:** MIRO; MIR4; FB03 (SAP GUI; use the Fiori app for the same function where one exists)

**Fiori apps:** Create Supplier Invoice; Manage Supplier Invoices; Supplier Invoices List; Release Blocked Invoices

### Procedure
- [ ] Enter the invoice with reference to the order
- [ ] Check proposal, tax and balance
- [ ] Simulate
- [ ] Post
- [ ] Display invoice and accounting documents and the order history

### Expected Result
- Balance is zero
- GR/IR for the item is cleared

**Accounting Impact:** GR/IR clearing debit, input tax debit, supplier credit

**Integration Impact:** FI: open item on the supplier account ready for payment

**Troubleshooting:** Read the full message with its number. Check master data, then configuration, then authorization, then integration. Record each error and its cause in your issue log. If stuck for more than 30 minutes, set the status to Blocked and describe the blocker.

**Validation:** Display the documents created (purchasing document history, material document, accounting document, stock) and compare them with the expected result.

**Evidence:** Document numbers + screenshots

**Deliverable:** Process sheet with document numbers

**Assessment:** Instructor verifies the expected result from the documents and may ask for a live demonstration.

### Completion criteria
- Every step is done and the expected result is demonstrated
- Evidence is attached to the issue and the deliverable is in your workbook or document set
- Accounting and integration impact are written down where documents were created
- Actual time is logged against the issue
- Instructor Review is Approved and the status is Completed

**Estimated time:** 3 h

**Next task:** MM-LAB-057","Invoice Verification","V06 - Invoice Verification","TOPIC-028","THY-032","3","Level 2 - SAP MM Core","17 Invoice Verification","Invoice Verification","Invoice Verification","0","FI","L3 - Intermediate","1","0","Invoice Verification","","SAP S/4HANA Training System","S/4HANA (ECC differences noted)","ECC and S/4HANA","Process sheet with document numbers","Document numbers + screenshots","The supplier invoice agrees with order and receipt.","MIRO; MIR4; FB03","Pending"
"MM-LAB-057","MM-LAB-057","Business Process Lab","Normal","[MM-LAB-057] Price variance and quantity variance","**LAB ID:** MM-LAB-057

**Title:** Price variance and quantity variance

**Objective:** Execute the business process - Price variance and quantity variance - and validate documents, stock and accounting.

**Business Scenario:** One invoice is higher in price than the order; another bills more than was received.

**Prerequisites:** MM-LAB-056

**Required Configuration:** Organizational structure, document types and account determination as configured in the earlier modules of this client.

**Master Data:** Materials and suppliers from your master-data workbook.

**Transaction codes:** MIRO; MRBR (SAP GUI; use the Fiori app for the same function where one exists)

**Fiori apps:** Create Supplier Invoice; Manage Supplier Invoices; Supplier Invoices List; Release Blocked Invoices

### Procedure
- [ ] Post an invoice with a price above tolerance and read the block
- [ ] Post an invoice for more than received and read the block
- [ ] Analyse the postings for standard and moving average price materials
- [ ] Release after correcting the cause and manually

### Expected Result
- Each invoice is blocked with the right reason
- Postings are explained for both price controls

**Accounting Impact:** Price variance goes to stock for moving average price if stock covers it, otherwise and for standard price to price differences

**Integration Impact:** FI: record the documents or data created in the integrated area.

**Troubleshooting:** Read the full message with its number. Check master data, then configuration, then authorization, then integration. Record each error and its cause in your issue log. If stuck for more than 30 minutes, set the status to Blocked and describe the blocker.

**Validation:** Display the documents created (purchasing document history, material document, accounting document, stock) and compare them with the expected result.

**Evidence:** Document numbers + screenshots

**Deliverable:** Process sheet with document numbers

**Assessment:** Instructor verifies the expected result from the documents and may ask for a live demonstration.

### Completion criteria
- Every step is done and the expected result is demonstrated
- Evidence is attached to the issue and the deliverable is in your workbook or document set
- Accounting and integration impact are written down where documents were created
- Actual time is logged against the issue
- Instructor Review is Approved and the status is Completed

**Estimated time:** 4 h

**Next task:** MM-LAB-058","Invoice Verification","V06 - Invoice Verification","TOPIC-028","MM-LAB-056","4","Level 2 - SAP MM Core","17 Invoice Verification","Invoice Verification","Invoice Verification","0","FI","L3 - Intermediate","1","0","Invoice Verification","","SAP S/4HANA Training System","S/4HANA (ECC differences noted)","ECC and S/4HANA","Process sheet with document numbers","Document numbers + screenshots","One invoice is higher in price than the order; another bills more than was received.","MIRO; MRBR","Pending"
"MM-LAB-058","MM-LAB-058","Business Process Lab","Normal","[MM-LAB-058] Planned and unplanned delivery costs and tax","**LAB ID:** MM-LAB-058

**Title:** Planned and unplanned delivery costs and tax

**Objective:** Execute the business process - Planned and unplanned delivery costs and tax - and validate documents, stock and accounting.

**Business Scenario:** The forwarder invoices the planned freight; the supplier adds an unplanned handling charge.

**Prerequisites:** MM-LAB-057

**Required Configuration:** Organizational structure, document types and account determination as configured in the earlier modules of this client.

**Master Data:** Materials and suppliers from your master-data workbook.

**Transaction codes:** MIRO (SAP GUI; use the Fiori app for the same function where one exists)

**Fiori apps:** Create Supplier Invoice; Manage Supplier Invoices; Supplier Invoices List; Release Blocked Invoices

### Procedure
- [ ] Post planned delivery costs with the freight supplier
- [ ] Post unplanned delivery costs and see how they are distributed or posted to a separate account
- [ ] Enter different tax codes per item

### Expected Result
- Freight clearing is cleared
- Unplanned cost posts as configured

**Accounting Impact:** Freight clearing debit, supplier credit; unplanned costs to stock, price difference or a separate account

**Integration Impact:** FI: record the documents or data created in the integrated area.

**Troubleshooting:** Read the full message with its number. Check master data, then configuration, then authorization, then integration. Record each error and its cause in your issue log. If stuck for more than 30 minutes, set the status to Blocked and describe the blocker.

**Validation:** Display the documents created (purchasing document history, material document, accounting document, stock) and compare them with the expected result.

**Evidence:** Document numbers + screenshots

**Deliverable:** Process sheet with document numbers

**Assessment:** Instructor verifies the expected result from the documents and may ask for a live demonstration.

### Completion criteria
- Every step is done and the expected result is demonstrated
- Evidence is attached to the issue and the deliverable is in your workbook or document set
- Accounting and integration impact are written down where documents were created
- Actual time is logged against the issue
- Instructor Review is Approved and the status is Completed

**Estimated time:** 3 h

**Next task:** MM-LAB-059","Invoice Verification","V06 - Invoice Verification","TOPIC-028","MM-LAB-057","3","Level 2 - SAP MM Core","17 Invoice Verification","Invoice Verification","Invoice Verification","0","FI","L3 - Intermediate","1","0","Invoice Verification","","SAP S/4HANA Training System","S/4HANA (ECC differences noted)","ECC and S/4HANA","Process sheet with document numbers","Document numbers + screenshots","The forwarder invoices the planned freight; the supplier adds an unplanned handling charge.","MIRO","Pending"
"MM-LAB-059","MM-LAB-059","Business Process Lab","Normal","[MM-LAB-059] Credit memo, subsequent debit and subsequent credit","**LAB ID:** MM-LAB-059

**Title:** Credit memo, subsequent debit and subsequent credit

**Objective:** Execute the business process - Credit memo, subsequent debit and subsequent credit - and validate documents, stock and accounting.

**Business Scenario:** Goods were returned; a later price increase and a later bonus must be booked without changing quantity.

**Prerequisites:** MM-LAB-058

**Required Configuration:** Organizational structure, document types and account determination as configured in the earlier modules of this client.

**Master Data:** Materials and suppliers from your master-data workbook.

**Transaction codes:** MIRO (SAP GUI; use the Fiori app for the same function where one exists)

**Fiori apps:** Create Supplier Invoice; Manage Supplier Invoices; Supplier Invoices List; Release Blocked Invoices

### Procedure
- [ ] Post a credit memo for a returned quantity
- [ ] Post a subsequent debit and a subsequent credit
- [ ] Compare the order history entries

### Expected Result
- Credit memo reduces invoiced quantity
- Subsequent postings change only value

**Accounting Impact:** Display every accounting document created and write its debit and credit lines; where none is created, state why.

**Integration Impact:** FI: record the documents or data created in the integrated area.

**Troubleshooting:** Read the full message with its number. Check master data, then configuration, then authorization, then integration. Record each error and its cause in your issue log. If stuck for more than 30 minutes, set the status to Blocked and describe the blocker.

**Validation:** Display the documents created (purchasing document history, material document, accounting document, stock) and compare them with the expected result.

**Evidence:** Document numbers + screenshots

**Deliverable:** Process sheet with document numbers

**Assessment:** Instructor verifies the expected result from the documents and may ask for a live demonstration.

### Completion criteria
- Every step is done and the expected result is demonstrated
- Evidence is attached to the issue and the deliverable is in your workbook or document set
- Accounting and integration impact are written down where documents were created
- Actual time is logged against the issue
- Instructor Review is Approved and the status is Completed

**Estimated time:** 3 h

**Next task:** MM-LAB-060","Invoice Verification","V06 - Invoice Verification","TOPIC-028","MM-LAB-058","3","Level 2 - SAP MM Core","17 Invoice Verification","Invoice Verification","Invoice Verification","0","FI","L3 - Intermediate","1","0","Invoice Verification","","SAP S/4HANA Training System","S/4HANA (ECC differences noted)","ECC and S/4HANA","Process sheet with document numbers","Document numbers + screenshots","Goods were returned; a later price increase and a later bonus must be booked without changing quantity.","MIRO","Pending"
"MM-LAB-060","MM-LAB-060","Business Process Lab","Normal","[MM-LAB-060] Park, block, release and reverse invoices","**LAB ID:** MM-LAB-060

**Title:** Park, block, release and reverse invoices

**Objective:** Execute the business process - Park, block, release and reverse invoices - and validate documents, stock and accounting.

**Business Scenario:** An accounts clerk parks an unclear invoice, a senior completes it, and a wrong one is cancelled.

**Prerequisites:** MM-LAB-059

**Required Configuration:** Organizational structure, document types and account determination as configured in the earlier modules of this client.

**Master Data:** Materials and suppliers from your master-data workbook.

**Transaction codes:** MIR7; MRBR; MR8M; MIR6 (SAP GUI; use the Fiori app for the same function where one exists)

**Fiori apps:** Create Supplier Invoice; Manage Supplier Invoices; Supplier Invoices List; Release Blocked Invoices

### Procedure
- [ ] Park and complete an invoice
- [ ] Set a manual payment block
- [ ] Release blocked invoices by run
- [ ] Cancel an invoice and clear the resulting items
- [ ] List invoices

### Expected Result
- Reversal creates a credit memo
- Released invoice is payable

**Accounting Impact:** Display every accounting document created and write its debit and credit lines; where none is created, state why.

**Integration Impact:** FI: record the documents or data created in the integrated area.

**Troubleshooting:** Read the full message with its number. Check master data, then configuration, then authorization, then integration. Record each error and its cause in your issue log. If stuck for more than 30 minutes, set the status to Blocked and describe the blocker.

**Validation:** Display the documents created (purchasing document history, material document, accounting document, stock) and compare them with the expected result.

**Evidence:** Document numbers + screenshots

**Deliverable:** Process sheet with document numbers

**Assessment:** Instructor verifies the expected result from the documents and may ask for a live demonstration.

### Completion criteria
- Every step is done and the expected result is demonstrated
- Evidence is attached to the issue and the deliverable is in your workbook or document set
- Accounting and integration impact are written down where documents were created
- Actual time is logged against the issue
- Instructor Review is Approved and the status is Completed

**Estimated time:** 3 h

**Next task:** MM-LAB-061","Invoice Verification","V06 - Invoice Verification","TOPIC-028","MM-LAB-059","3","Level 2 - SAP MM Core","17 Invoice Verification","Invoice Verification","Invoice Verification","0","FI","L3 - Intermediate","1","0","Invoice Verification","","SAP S/4HANA Training System","S/4HANA (ECC differences noted)","ECC and S/4HANA","Process sheet with document numbers","Document numbers + screenshots","An accounts clerk parks an unclear invoice, a senior completes it, and a wrong one is cancelled.","MIR7; MRBR; MR8M; MIR6","Pending"
"MM-LAB-061","MM-LAB-061","Configuration Lab","Normal","[MM-LAB-061] Invoice verification configuration: tolerances, blocks and tax defaults","**LAB ID:** MM-LAB-061

**Title:** Invoice verification configuration: tolerances, blocks and tax defaults

**Objective:** Configure - Invoice verification configuration: tolerances, blocks and tax defaults - and prove it with a test transaction.

**Business Scenario:** Finance wants a duplicate-invoice check and a block above a set amount.

**Prerequisites:** MM-LAB-060

**Required Configuration:** This lab is the configuration. Prerequisite: organizational structure of module 02.

**Master Data:** Only the test data named in the procedure.

**Transaction codes:** OMR6 (SAP GUI; use the Fiori app for the same function where one exists)

**Fiori apps:** Create Supplier Invoice; Manage Supplier Invoices; Supplier Invoices List; Release Blocked Invoices

### Procedure
- [ ] Maintain tolerance keys for price, quantity and date variance
- [ ] Activate the duplicate invoice check
- [ ] Set amount-based and stochastic blocks
- [ ] Maintain default tax codes
- [ ] Test each

### Expected Result
- Second invoice with the same reference is refused
- Tolerances block as designed

**Accounting Impact:** Configuration itself posts nothing. Record the accounting document of the test transaction where one is created.

**Integration Impact:** FI: record the documents or data created in the integrated area.

**Troubleshooting:** Read the full message with its number. Check master data, then configuration, then authorization, then integration. Record each error and its cause in your issue log. If stuck for more than 30 minutes, set the status to Blocked and describe the blocker.

**Validation:** Run the test transaction named in the procedure and confirm that the setting takes effect; display the setting again.

**Evidence:** Configuration workbook entry + test document

**Deliverable:** Configuration workbook entry

**Assessment:** Instructor checks the setting, its test document and the documented rationale.

### Completion criteria
- Every step is done and the expected result is demonstrated
- Evidence is attached to the issue and the deliverable is in your workbook or document set
- Accounting and integration impact are written down where documents were created
- Actual time is logged against the issue
- Instructor Review is Approved and the status is Completed

**Estimated time:** 3 h

**Next task:** INC-023","Invoice Verification","V06 - Invoice Verification","TOPIC-028","MM-LAB-060","3","Level 2 - SAP MM Core","17 Invoice Verification","Invoice Verification","Invoice Verification","1","FI","L3 - Intermediate","1","0","Invoice Verification","","SAP S/4HANA Training System","S/4HANA (ECC differences noted)","ECC and S/4HANA","Configuration workbook entry","Configuration workbook entry + test document","Finance wants a duplicate-invoice check and a block above a set amount.","OMR6","Pending"
"INC-023","INC-023","Troubleshooting Incident","Normal","[INC-023] Incident 23: Invoice blocked for payment","**Objective:** Incident 23: Invoice blocked for payment

**Prerequisites:** MM-LAB-061

**Concepts:** Invoice verification; Three-way matching; PO; GR; Invoice; GR/IR; Invoice blocking; Price variance; Quantity variance; Tax; Planned delivery costs; Credit memo; Subsequent debit; Subsequent credit; Invoice reversal

**Transaction codes:** MIRO; MIR4; MIR7; MIRA; MR8M; MRBR; MIR6; ME23N; FB03; FBL1N (SAP GUI; use the Fiori app for the same function where one exists)

**Fiori apps:** Create Supplier Invoice; Manage Supplier Invoices; Supplier Invoices List; Release Blocked Invoices

**Environment:** SAP S/4HANA Training System

### Steps
- [ ] Problem: record the message number and text, the transaction and the user
- [ ] Business impact: state what cannot be done, who is affected and the deadline
- [ ] Reproduce the error in the training client (instructor-prepared)
- [ ] Check master data
- [ ] Check configuration
- [ ] Check authorization
- [ ] Check integration: periods, accounts, cost objects and the neighbouring module
- [ ] Check documents: history, material and accounting documents, change documents and logs
- [ ] Identify the root cause - where to look: Blocking reason in the invoice, tolerance keys and the missing goods receipt
- [ ] Fix
- [ ] Test: re-run the original transaction
- [ ] Document the RCA

### Expected Result
- The original transaction now works
- Root cause is shown in master data, configuration, authorization or integration
- RCA document covers problem, business impact, checks made, root cause, fix, test and prevention

**Evidence:** RCA document

**Deliverable:** RCA document

**Assessment:** Instructor grades the RCA document against the twelve-step framework.

### Completion criteria
- Every step is done and the expected result is demonstrated
- Evidence is attached to the issue and the deliverable is in your workbook or document set
- Accounting and integration impact are written down where documents were created
- Actual time is logged against the issue
- Instructor Review is Approved and the status is Completed

**Estimated time:** 1 h

**Next task:** INC-024","Invoice Verification","V06 - Invoice Verification","TOPIC-028","MM-LAB-061","1","Level 2 - SAP MM Core","17 Invoice Verification","Invoice Verification","Invoice Verification","0","FI","L3 - Intermediate","0","0","Invoice Verification","","SAP S/4HANA Training System","S/4HANA (ECC differences noted)","ECC and S/4HANA","RCA document","RCA document","","MIRO; MIR4; MIR7; MIRA; MR8M; MRBR; MIR6; ME23N; FB03; FBL1N","Pending"
"INC-024","INC-024","Troubleshooting Incident","Normal","[INC-024] Incident 24: Duplicate invoice accepted or wrongly refused","**Objective:** Incident 24: Duplicate invoice accepted or wrongly refused

**Prerequisites:** INC-023

**Concepts:** Invoice verification; Three-way matching; PO; GR; Invoice; GR/IR; Invoice blocking; Price variance; Quantity variance; Tax; Planned delivery costs; Credit memo; Subsequent debit; Subsequent credit; Invoice reversal

**Transaction codes:** MIRO; MIR4; MIR7; MIRA; MR8M; MRBR; MIR6; ME23N; FB03; FBL1N (SAP GUI; use the Fiori app for the same function where one exists)

**Fiori apps:** Create Supplier Invoice; Manage Supplier Invoices; Supplier Invoices List; Release Blocked Invoices

**Environment:** SAP S/4HANA Training System

### Steps
- [ ] Problem: record the message number and text, the transaction and the user
- [ ] Business impact: state what cannot be done, who is affected and the deadline
- [ ] Reproduce the error in the training client (instructor-prepared)
- [ ] Check master data
- [ ] Check configuration
- [ ] Check authorization
- [ ] Check integration: periods, accounts, cost objects and the neighbouring module
- [ ] Check documents: history, material and accounting documents, change documents and logs
- [ ] Identify the root cause - where to look: Check settings, supplier master indicator and reference number
- [ ] Fix
- [ ] Test: re-run the original transaction
- [ ] Document the RCA

### Expected Result
- The original transaction now works
- Root cause is shown in master data, configuration, authorization or integration
- RCA document covers problem, business impact, checks made, root cause, fix, test and prevention

**Evidence:** RCA document

**Deliverable:** RCA document

**Assessment:** Instructor grades the RCA document against the twelve-step framework.

### Completion criteria
- Every step is done and the expected result is demonstrated
- Evidence is attached to the issue and the deliverable is in your workbook or document set
- Accounting and integration impact are written down where documents were created
- Actual time is logged against the issue
- Instructor Review is Approved and the status is Completed

**Estimated time:** 1 h

**Next task:** INC-025","Invoice Verification","V06 - Invoice Verification","TOPIC-028","INC-023","1","Level 2 - SAP MM Core","17 Invoice Verification","Invoice Verification","Invoice Verification","0","FI","L3 - Intermediate","0","0","Invoice Verification","","SAP S/4HANA Training System","S/4HANA (ECC differences noted)","ECC and S/4HANA","RCA document","RCA document","","MIRO; MIR4; MIR7; MIRA; MR8M; MRBR; MIR6; ME23N; FB03; FBL1N","Pending"
"INC-025","INC-025","Troubleshooting Incident","Normal","[INC-025] Incident 25: GR/IR mismatch on a purchase order","**Objective:** Incident 25: GR/IR mismatch on a purchase order

**Prerequisites:** INC-024

**Concepts:** Invoice verification; Three-way matching; PO; GR; Invoice; GR/IR; Invoice blocking; Price variance; Quantity variance; Tax; Planned delivery costs; Credit memo; Subsequent debit; Subsequent credit; Invoice reversal

**Transaction codes:** MIRO; MIR4; MIR7; MIRA; MR8M; MRBR; MIR6; ME23N; FB03; FBL1N (SAP GUI; use the Fiori app for the same function where one exists)

**Fiori apps:** Create Supplier Invoice; Manage Supplier Invoices; Supplier Invoices List; Release Blocked Invoices

**Environment:** SAP S/4HANA Training System

### Steps
- [ ] Problem: record the message number and text, the transaction and the user
- [ ] Business impact: state what cannot be done, who is affected and the deadline
- [ ] Reproduce the error in the training client (instructor-prepared)
- [ ] Check master data
- [ ] Check configuration
- [ ] Check authorization
- [ ] Check integration: periods, accounts, cost objects and the neighbouring module
- [ ] Check documents: history, material and accounting documents, change documents and logs
- [ ] Identify the root cause - where to look: Order history quantities and values, reversals and delivery completed indicator
- [ ] Fix
- [ ] Test: re-run the original transaction
- [ ] Document the RCA

### Expected Result
- The original transaction now works
- Root cause is shown in master data, configuration, authorization or integration
- RCA document covers problem, business impact, checks made, root cause, fix, test and prevention

**Evidence:** RCA document

**Deliverable:** RCA document

**Assessment:** Instructor grades the RCA document against the twelve-step framework.

### Completion criteria
- Every step is done and the expected result is demonstrated
- Evidence is attached to the issue and the deliverable is in your workbook or document set
- Accounting and integration impact are written down where documents were created
- Actual time is logged against the issue
- Instructor Review is Approved and the status is Completed

**Estimated time:** 1 h

**Next task:** ASM-017","Invoice Verification","V06 - Invoice Verification","TOPIC-028","INC-024","1","Level 2 - SAP MM Core","17 Invoice Verification","Invoice Verification","Invoice Verification","0","FI","L3 - Intermediate","0","0","Invoice Verification","","SAP S/4HANA Training System","S/4HANA (ECC differences noted)","ECC and S/4HANA","RCA document","RCA document","","MIRO; MIR4; MIR7; MIRA; MR8M; MRBR; MIR6; ME23N; FB03; FBL1N","Pending"
"ASM-017","ASM-017","Assessment","High","[ASM-017] Invoice verification assessment","**Objective:** Invoice verification assessment

**Prerequisites:** INC-025

**Concepts:** Invoice verification; Three-way matching; PO; GR; Invoice; GR/IR; Invoice blocking; Price variance; Quantity variance; Tax; Planned delivery costs; Credit memo; Subsequent debit; Subsequent credit; Invoice reversal

**Fiori apps:** Create Supplier Invoice; Manage Supplier Invoices; Supplier Invoices List; Release Blocked Invoices

**Environment:** SAP S/4HANA Training System

### Steps
- [ ] Process a mixed set of supplier invoices

### Expected Result
- Score of 70 or higher

**Evidence:** Scored result

**Deliverable:** Scored assessment

**Assessment:** Scored 0-100 in the Score field. Pass mark 70.

### Completion criteria
- Every step is done and the expected result is demonstrated
- Evidence is attached to the issue and the deliverable is in your workbook or document set
- Accounting and integration impact are written down where documents were created
- Actual time is logged against the issue
- Instructor Review is Approved and the status is Completed

**Estimated time:** 2 h

**Next task:** Last task of this topic","Invoice Verification","V06 - Invoice Verification","TOPIC-028","INC-025","2","Level 2 - SAP MM Core","17 Invoice Verification","Invoice Verification","Invoice Verification","0","FI","L3 - Intermediate","0","1","Invoice Verification","","SAP S/4HANA Training System","S/4HANA (ECC differences noted)","ECC and S/4HANA","Scored assessment","Scored result","","","Pending"
"REVIEW-17","REVIEW-17","Review","High","[REVIEW-17] Module 17 gate review","**Objective:** Confirm that module 17 (Invoice Verification) is complete.

### Checklist
- [ ] Every issue of the module is Completed
- [ ] Evidence is attached to every issue
- [ ] Time is logged
- [ ] Assessment score is 70 or higher
- [ ] Configuration workbook, master-data workbook and issue log are up to date

**Assessment:** Instructor confirms the checklist and records the gate decision.

**Estimated time:** 1 h","","V06 - Invoice Verification","MOD-17","ASM-017","1","Level 2 - SAP MM Core","17 Invoice Verification","","","0","","","0","1","","","","","","Gate decision","Instructor sign-off","","","Pending"
"MOD-18","MOD-18","Module","Normal","[MOD-18] 18 Account Determination","Module 18 of 42. Level 2 - SAP MM Core. Version: V05 - Valuation.

Topics: 1. Estimated hours: 21.

- TOPIC-029 Automatic Account Determination

The module closes with the gate review REVIEW-18.","","V05 - Valuation","EPIC","","","Level 2 - SAP MM Core","18 Account Determination","","","","","","","","","","","","","","","","",""
"TOPIC-029","TOPIC-029","Topic","Normal","[TOPIC-029] Automatic Account Determination","**Topics:** Valuation; Valuation area; Valuation class; Account category reference; Transaction keys; Automatic account determination; Inventory account; GR/IR; Consumption account; Price difference; Stock posting; Chain: material, valuation class, transaction, account determination, G/L

**Transaction codes:** OBYC; OMWB; OMSK; OMWD; OMWM; OMWN; FS00; FB03

**Fiori apps:** None listed

**Environment:** SAP S/4HANA Training System

**Tasks:** 8, 20 estimated hours.

- THY-033 From material to general ledger account
- EX-017 Read account determination with the simulation
- MM-LAB-062 Configure valuation classes and account determination for a new material type
- MM-LAB-063 Scenario set: account determination for six business cases
- INC-026 Incident 26: Wrong account posting from a goods movement
- INC-027 Incident 27: Account determination error at goods receipt
- INC-028 Incident 28: Wrong valuation class in the material
- ASM-018 Account determination assessment","Valuation","V05 - Valuation","MOD-18","","","Level 2 - SAP MM Core","18 Account Determination","Valuation","Procure to Pay","","FI","","","","Account Determination","","SAP S/4HANA Training System","S/4HANA (ECC differences noted)","ECC and S/4HANA","","","","OBYC; OMWB; OMSK; OMWD; OMWM; OMWN; FS00; FB03",""
"THY-033","THY-033","Theory","Normal","[THY-033] From material to general ledger account","**Objective:** From material to general ledger account

**Prerequisites:** ASM-017

**Concepts:** Valuation; Valuation area; Valuation class; Account category reference; Transaction keys; Automatic account determination; Inventory account; GR/IR; Consumption account; Price difference; Stock posting; Chain: material, valuation class, transaction, account determination, G/L

**Environment:** SAP S/4HANA Training System

### Steps
- [ ] Study the chain material, valuation class, transaction, account determination, general ledger account
- [ ] Study valuation area, valuation grouping code and chart of accounts
- [ ] Study account category reference linking material type and valuation classes
- [ ] Study the transaction keys for inventory, GR/IR clearing, offsetting entries with their account groupings, price differences, freight clearing, consignment liabilities and change in stock
- [ ] Study how the movement type selects the key and grouping

### Expected Result
- Draws the chain
- Names the transaction key for eight postings

**Evidence:** Notes

**Deliverable:** Study notes

**Assessment:** Instructor checks the notes and asks short oral questions.

### Completion criteria
- Every step is done and the expected result is demonstrated
- Evidence is attached to the issue and the deliverable is in your workbook or document set
- Accounting and integration impact are written down where documents were created
- Actual time is logged against the issue
- Instructor Review is Approved and the status is Completed

**Estimated time:** 4 h

**Next task:** EX-017","Valuation","V05 - Valuation","TOPIC-029","ASM-017","4","Level 2 - SAP MM Core","18 Account Determination","Valuation","Procure to Pay","0","FI","L4 - Advanced","0","0","Account Determination","","SAP S/4HANA Training System","S/4HANA (ECC differences noted)","ECC and S/4HANA","Study notes","Notes","","","Pending"
"EX-017","EX-017","Practical Exercise","Normal","[EX-017] Read account determination with the simulation","**Objective:** Read account determination with the simulation

**Business Scenario:** Finance asks which accounts a new material type will post to.

**Prerequisites:** THY-033

**Concepts:** Valuation; Valuation area; Valuation class; Account category reference; Transaction keys; Automatic account determination; Inventory account; GR/IR; Consumption account; Price difference; Stock posting; Chain: material, valuation class, transaction, account determination, G/L

**Transaction codes:** OMWB; OBYC (SAP GUI; use the Fiori app for the same function where one exists)

**Environment:** SAP S/4HANA Training System

### Steps
- [ ] Simulate by material and by movement type
- [ ] Read the configured accounts by transaction key
- [ ] Find the account for five movements and confirm with posted documents

### Expected Result
- Predicted accounts equal the posted accounts

**Evidence:** Worked result + screenshots

**Deliverable:** Account determination table

**Assessment:** Instructor checks the worked result.

### Completion criteria
- Every step is done and the expected result is demonstrated
- Evidence is attached to the issue and the deliverable is in your workbook or document set
- Accounting and integration impact are written down where documents were created
- Actual time is logged against the issue
- Instructor Review is Approved and the status is Completed

**Estimated time:** 3 h

**Next task:** MM-LAB-062","Valuation","V05 - Valuation","TOPIC-029","THY-033","3","Level 2 - SAP MM Core","18 Account Determination","Valuation","Procure to Pay","0","FI","L4 - Advanced","0","0","Account Determination","","SAP S/4HANA Training System","S/4HANA (ECC differences noted)","ECC and S/4HANA","Account determination table","Worked result + screenshots","Finance asks which accounts a new material type will post to.","OMWB; OBYC","Pending"
"MM-LAB-062","MM-LAB-062","Configuration Lab","Normal","[MM-LAB-062] Configure valuation classes and account determination for a new material type","**LAB ID:** MM-LAB-062

**Title:** Configure valuation classes and account determination for a new material type

**Objective:** Configure - Configure valuation classes and account determination for a new material type - and prove it with a test transaction.

**Business Scenario:** Packaging material must have its own inventory and consumption accounts.

**Prerequisites:** EX-017

**Required Configuration:** General ledger accounts created by the instructor or the student in the training chart

**Master Data:** Only the test data named in the procedure.

**Transaction codes:** OMSK; OBYC; OMWD (SAP GUI; use the Fiori app for the same function where one exists)

### Procedure
- [ ] Create an account category reference and valuation class
- [ ] Assign to the material type
- [ ] Maintain inventory, GR/IR, consumption, price difference and inventory difference accounts
- [ ] Create a material and post receipt, issue and count difference

### Expected Result
- All movements post to the new accounts

**Accounting Impact:** Each movement posts to the accounts just configured

**Integration Impact:** FI: record the documents or data created in the integrated area.

**Troubleshooting:** Read the full message with its number. Check master data, then configuration, then authorization, then integration. Record each error and its cause in your issue log. If stuck for more than 30 minutes, set the status to Blocked and describe the blocker.

**Validation:** Run the test transaction named in the procedure and confirm that the setting takes effect; display the setting again.

**Evidence:** Configuration workbook entry + test document

**Deliverable:** Configuration workbook entry

**Assessment:** Instructor checks the setting, its test document and the documented rationale.

### Completion criteria
- Every step is done and the expected result is demonstrated
- Evidence is attached to the issue and the deliverable is in your workbook or document set
- Accounting and integration impact are written down where documents were created
- Actual time is logged against the issue
- Instructor Review is Approved and the status is Completed

**Estimated time:** 4 h

**Next task:** MM-LAB-063","Valuation","V05 - Valuation","TOPIC-029","EX-017","4","Level 2 - SAP MM Core","18 Account Determination","Valuation","Procure to Pay","1","FI","L4 - Advanced","1","0","Account Determination","","SAP S/4HANA Training System","S/4HANA (ECC differences noted)","ECC and S/4HANA","Configuration workbook entry","Configuration workbook entry + test document","Packaging material must have its own inventory and consumption accounts.","OMSK; OBYC; OMWD","Pending"
"MM-LAB-063","MM-LAB-063","Business Process Lab","Normal","[MM-LAB-063] Scenario set: account determination for six business cases","**LAB ID:** MM-LAB-063

**Title:** Scenario set: account determination for six business cases

**Objective:** Execute the business process - Scenario set: account determination for six business cases - and validate documents, stock and accounting.

**Business Scenario:** The controller wants the postings proved for stock purchase, consumable purchase, cost-centre issue, scrapping, initial stock and return.

**Prerequisites:** MM-LAB-062

**Required Configuration:** Organizational structure, document types and account determination as configured in the earlier modules of this client.

**Master Data:** Materials and suppliers from your master-data workbook.

**Transaction codes:** MIGO; MIRO; FB03 (SAP GUI; use the Fiori app for the same function where one exists)

### Procedure
- [ ] Post each case
- [ ] Write for each the transaction keys, groupings and accounts
- [ ] Compare standard and moving average price materials

### Expected Result
- Postings table is complete and matches the documents

**Accounting Impact:** Display every accounting document created and write its debit and credit lines; where none is created, state why.

**Integration Impact:** FI: record the documents or data created in the integrated area.

**Troubleshooting:** Read the full message with its number. Check master data, then configuration, then authorization, then integration. Record each error and its cause in your issue log. If stuck for more than 30 minutes, set the status to Blocked and describe the blocker.

**Validation:** Display the documents created (purchasing document history, material document, accounting document, stock) and compare them with the expected result.

**Evidence:** Document numbers + screenshots

**Deliverable:** Postings table for six cases

**Assessment:** Instructor verifies the expected result from the documents and may ask for a live demonstration.

### Completion criteria
- Every step is done and the expected result is demonstrated
- Evidence is attached to the issue and the deliverable is in your workbook or document set
- Accounting and integration impact are written down where documents were created
- Actual time is logged against the issue
- Instructor Review is Approved and the status is Completed

**Estimated time:** 4 h

**Next task:** INC-026","Valuation","V05 - Valuation","TOPIC-029","MM-LAB-062","4","Level 2 - SAP MM Core","18 Account Determination","Valuation","Procure to Pay","0","FI","L4 - Advanced","1","0","Account Determination","","SAP S/4HANA Training System","S/4HANA (ECC differences noted)","ECC and S/4HANA","Postings table for six cases","Document numbers + screenshots","The controller wants the postings proved for stock purchase, consumable purchase, cost-centre issue, scrapping, initial stock and return.","MIGO; MIRO; FB03","Pending"
"INC-026","INC-026","Troubleshooting Incident","Normal","[INC-026] Incident 26: Wrong account posting from a goods movement","**Objective:** Incident 26: Wrong account posting from a goods movement

**Prerequisites:** MM-LAB-063

**Concepts:** Valuation; Valuation area; Valuation class; Account category reference; Transaction keys; Automatic account determination; Inventory account; GR/IR; Consumption account; Price difference; Stock posting; Chain: material, valuation class, transaction, account determination, G/L

**Transaction codes:** OBYC; OMWB; OMSK; OMWD; OMWM; OMWN; FS00; FB03 (SAP GUI; use the Fiori app for the same function where one exists)

**Environment:** SAP S/4HANA Training System

### Steps
- [ ] Problem: record the message number and text, the transaction and the user
- [ ] Business impact: state what cannot be done, who is affected and the deadline
- [ ] Reproduce the error in the training client (instructor-prepared)
- [ ] Check master data
- [ ] Check configuration
- [ ] Check authorization
- [ ] Check integration: periods, accounts, cost objects and the neighbouring module
- [ ] Check documents: history, material and accounting documents, change documents and logs
- [ ] Identify the root cause - where to look: Valuation class of the material, grouping of the movement type and the account table
- [ ] Fix
- [ ] Test: re-run the original transaction
- [ ] Document the RCA

### Expected Result
- The original transaction now works
- Root cause is shown in master data, configuration, authorization or integration
- RCA document covers problem, business impact, checks made, root cause, fix, test and prevention

**Evidence:** RCA document

**Deliverable:** RCA document

**Assessment:** Instructor grades the RCA document against the twelve-step framework.

### Completion criteria
- Every step is done and the expected result is demonstrated
- Evidence is attached to the issue and the deliverable is in your workbook or document set
- Accounting and integration impact are written down where documents were created
- Actual time is logged against the issue
- Instructor Review is Approved and the status is Completed

**Estimated time:** 1 h

**Next task:** INC-027","Valuation","V05 - Valuation","TOPIC-029","MM-LAB-063","1","Level 2 - SAP MM Core","18 Account Determination","Valuation","Procure to Pay","0","FI","L4 - Advanced","0","0","Account Determination","","SAP S/4HANA Training System","S/4HANA (ECC differences noted)","ECC and S/4HANA","RCA document","RCA document","","OBYC; OMWB; OMSK; OMWD; OMWM; OMWN; FS00; FB03","Pending"
"INC-027","INC-027","Troubleshooting Incident","Normal","[INC-027] Incident 27: Account determination error at goods receipt","**Objective:** Incident 27: Account determination error at goods receipt

**Prerequisites:** INC-026

**Concepts:** Valuation; Valuation area; Valuation class; Account category reference; Transaction keys; Automatic account determination; Inventory account; GR/IR; Consumption account; Price difference; Stock posting; Chain: material, valuation class, transaction, account determination, G/L

**Transaction codes:** OBYC; OMWB; OMSK; OMWD; OMWM; OMWN; FS00; FB03 (SAP GUI; use the Fiori app for the same function where one exists)

**Environment:** SAP S/4HANA Training System

### Steps
- [ ] Problem: record the message number and text, the transaction and the user
- [ ] Business impact: state what cannot be done, who is affected and the deadline
- [ ] Reproduce the error in the training client (instructor-prepared)
- [ ] Check master data
- [ ] Check configuration
- [ ] Check authorization
- [ ] Check integration: periods, accounts, cost objects and the neighbouring module
- [ ] Check documents: history, material and accounting documents, change documents and logs
- [ ] Identify the root cause - where to look: Missing entry for the key, valuation grouping code and chart of accounts
- [ ] Fix
- [ ] Test: re-run the original transaction
- [ ] Document the RCA

### Expected Result
- The original transaction now works
- Root cause is shown in master data, configuration, authorization or integration
- RCA document covers problem, business impact, checks made, root cause, fix, test and prevention

**Evidence:** RCA document

**Deliverable:** RCA document

**Assessment:** Instructor grades the RCA document against the twelve-step framework.

### Completion criteria
- Every step is done and the expected result is demonstrated
- Evidence is attached to the issue and the deliverable is in your workbook or document set
- Accounting and integration impact are written down where documents were created
- Actual time is logged against the issue
- Instructor Review is Approved and the status is Completed

**Estimated time:** 1 h

**Next task:** INC-028","Valuation","V05 - Valuation","TOPIC-029","INC-026","1","Level 2 - SAP MM Core","18 Account Determination","Valuation","Procure to Pay","0","FI","L4 - Advanced","0","0","Account Determination","","SAP S/4HANA Training System","S/4HANA (ECC differences noted)","ECC and S/4HANA","RCA document","RCA document","","OBYC; OMWB; OMSK; OMWD; OMWM; OMWN; FS00; FB03","Pending"
"INC-028","INC-028","Troubleshooting Incident","Normal","[INC-028] Incident 28: Wrong valuation class in the material","**Objective:** Incident 28: Wrong valuation class in the material

**Prerequisites:** INC-027

**Concepts:** Valuation; Valuation area; Valuation class; Account category reference; Transaction keys; Automatic account determination; Inventory account; GR/IR; Consumption account; Price difference; Stock posting; Chain: material, valuation class, transaction, account determination, G/L

**Transaction codes:** OBYC; OMWB; OMSK; OMWD; OMWM; OMWN; FS00; FB03 (SAP GUI; use the Fiori app for the same function where one exists)

**Environment:** SAP S/4HANA Training System

### Steps
- [ ] Problem: record the message number and text, the transaction and the user
- [ ] Business impact: state what cannot be done, who is affected and the deadline
- [ ] Reproduce the error in the training client (instructor-prepared)
- [ ] Check master data
- [ ] Check configuration
- [ ] Check authorization
- [ ] Check integration: periods, accounts, cost objects and the neighbouring module
- [ ] Check documents: history, material and accounting documents, change documents and logs
- [ ] Identify the root cause - where to look: Account category reference of the material type and existing stock and open documents
- [ ] Fix
- [ ] Test: re-run the original transaction
- [ ] Document the RCA

### Expected Result
- The original transaction now works
- Root cause is shown in master data, configuration, authorization or integration
- RCA document covers problem, business impact, checks made, root cause, fix, test and prevention

**Evidence:** RCA document

**Deliverable:** RCA document

**Assessment:** Instructor grades the RCA document against the twelve-step framework.

### Completion criteria
- Every step is done and the expected result is demonstrated
- Evidence is attached to the issue and the deliverable is in your workbook or document set
- Accounting and integration impact are written down where documents were created
- Actual time is logged against the issue
- Instructor Review is Approved and the status is Completed

**Estimated time:** 1 h

**Next task:** ASM-018","Valuation","V05 - Valuation","TOPIC-029","INC-027","1","Level 2 - SAP MM Core","18 Account Determination","Valuation","Procure to Pay","0","FI","L4 - Advanced","0","0","Account Determination","","SAP S/4HANA Training System","S/4HANA (ECC differences noted)","ECC and S/4HANA","RCA document","RCA document","","OBYC; OMWB; OMSK; OMWD; OMWM; OMWN; FS00; FB03","Pending"
"ASM-018","ASM-018","Assessment","High","[ASM-018] Account determination assessment","**Objective:** Account determination assessment

**Prerequisites:** INC-028

**Concepts:** Valuation; Valuation area; Valuation class; Account category reference; Transaction keys; Automatic account determination; Inventory account; GR/IR; Consumption account; Price difference; Stock posting; Chain: material, valuation class, transaction, account determination, G/L

**Environment:** SAP S/4HANA Training System

### Steps
- [ ] Predict and prove the postings of unseen cases

### Expected Result
- Score of 70 or higher

**Evidence:** Scored result

**Deliverable:** Scored assessment

**Assessment:** Scored 0-100 in the Score field. Pass mark 70.

### Completion criteria
- Every step is done and the expected result is demonstrated
- Evidence is attached to the issue and the deliverable is in your workbook or document set
- Accounting and integration impact are written down where documents were created
- Actual time is logged against the issue
- Instructor Review is Approved and the status is Completed

**Estimated time:** 2 h

**Next task:** Last task of this topic","Valuation","V05 - Valuation","TOPIC-029","INC-028","2","Level 2 - SAP MM Core","18 Account Determination","Valuation","Procure to Pay","0","FI","L4 - Advanced","0","1","Account Determination","","SAP S/4HANA Training System","S/4HANA (ECC differences noted)","ECC and S/4HANA","Scored assessment","Scored result","","","Pending"
"REVIEW-18","REVIEW-18","Review","High","[REVIEW-18] Module 18 gate review","**Objective:** Confirm that module 18 (Account Determination) is complete.

### Checklist
- [ ] Every issue of the module is Completed
- [ ] Evidence is attached to every issue
- [ ] Time is logged
- [ ] Assessment score is 70 or higher
- [ ] Configuration workbook, master-data workbook and issue log are up to date

**Assessment:** Instructor confirms the checklist and records the gate decision.

**Estimated time:** 1 h","","V05 - Valuation","MOD-18","ASM-018","1","Level 2 - SAP MM Core","18 Account Determination","","","0","","","0","1","","","","","","Gate decision","Instructor sign-off","","","Pending"
"MOD-19","MOD-19","Module","Normal","[MOD-19] 19 Material Valuation","Module 19 of 42. Level 2 - SAP MM Core. Version: V05 - Valuation.

Topics: 1. Estimated hours: 17.

- TOPIC-030 Material Valuation

The module closes with the gate review REVIEW-19.","","V05 - Valuation","EPIC","","","Level 2 - SAP MM Core","19 Material Valuation","","","","","","","","","","","","","","","","",""
"TOPIC-030","TOPIC-030","Topic","Normal","[TOPIC-030] Material Valuation","**Topics:** Standard price; Moving average price; Price control; Material valuation; Split valuation; Valuation categories; Valuation types; Price differences; Accounting impact

**Transaction codes:** MM03; MR21; MR22; CKM3N; MB5L; MMBE; OMWC; MIGO

**Fiori apps:** Display Material Value Chain; Material Price Analysis

**Environment:** SAP S/4HANA Training System

**Tasks:** 7, 16 estimated hours.

- THY-034 Price control: standard and moving average
- MM-LAB-064 Valuation with moving average and standard price
- MM-LAB-065 Price change and revaluation
- MM-LAB-066 Split valuation
- INC-029 Incident 29: Stock value differs from the general ledger
- INC-030 Incident 30: Unexpected price difference posting at invoice
- ASM-019 Valuation assessment","Valuation","V05 - Valuation","MOD-19","","","Level 2 - SAP MM Core","19 Material Valuation","Valuation","Procure to Pay","","FI","","","","Valuation","","SAP S/4HANA Training System","S/4HANA (ECC differences noted)","ECC and S/4HANA","","","","MM03; MR21; MR22; CKM3N; MB5L; MMBE; OMWC; MIGO",""
"THY-034","THY-034","Theory","Normal","[THY-034] Price control: standard and moving average","**Objective:** Price control: standard and moving average

**Prerequisites:** ASM-018

**Concepts:** Standard price; Moving average price; Price control; Material valuation; Split valuation; Valuation categories; Valuation types; Price differences; Accounting impact

**Fiori apps:** Display Material Value Chain; Material Price Analysis

**Environment:** SAP S/4HANA Training System

### Steps
- [ ] Study how stock value is kept
- [ ] Study moving average price recalculation at receipt and invoice
- [ ] Study standard price and price difference postings
- [ ] Study which control suits which material type and why

### Expected Result
- Calculates the new moving average after three receipts
- Explains where the difference goes under standard price

**Evidence:** Notes

**Deliverable:** Study notes

**Assessment:** Instructor checks the notes and asks short oral questions.

### Completion criteria
- Every step is done and the expected result is demonstrated
- Evidence is attached to the issue and the deliverable is in your workbook or document set
- Accounting and integration impact are written down where documents were created
- Actual time is logged against the issue
- Instructor Review is Approved and the status is Completed

**Estimated time:** 3 h

**Next task:** MM-LAB-064","Valuation","V05 - Valuation","TOPIC-030","ASM-018","3","Level 2 - SAP MM Core","19 Material Valuation","Valuation","Procure to Pay","0","FI","L4 - Advanced","0","0","Valuation","","SAP S/4HANA Training System","S/4HANA (ECC differences noted)","ECC and S/4HANA","Study notes","Notes","","","Pending"
"MM-LAB-064","MM-LAB-064","Business Process Lab","Normal","[MM-LAB-064] Valuation with moving average and standard price","**LAB ID:** MM-LAB-064

**Title:** Valuation with moving average and standard price

**Objective:** Execute the business process - Valuation with moving average and standard price - and validate documents, stock and accounting.

**Business Scenario:** The same purchase at a changed price is posted for a raw material at moving average and a finished product at standard.

**Prerequisites:** THY-034

**Required Configuration:** Organizational structure, document types and account determination as configured in the earlier modules of this client.

**Master Data:** Materials and suppliers from your master-data workbook.

**Transaction codes:** MIGO; MIRO; MM03; MB5L (SAP GUI; use the Fiori app for the same function where one exists)

**Fiori apps:** Display Material Value Chain; Material Price Analysis

### Procedure
- [ ] Record price and value before
- [ ] Post receipts and invoices with price changes for both
- [ ] Record price and value after each
- [ ] Reconcile stock value with the inventory account

### Expected Result
- Hand calculation equals the system for every step
- Stock value list equals the general ledger balance

**Accounting Impact:** Moving average: variance to stock. Standard: variance to price difference account

**Integration Impact:** FI: record the documents or data created in the integrated area.

**Troubleshooting:** Read the full message with its number. Check master data, then configuration, then authorization, then integration. Record each error and its cause in your issue log. If stuck for more than 30 minutes, set the status to Blocked and describe the blocker.

**Validation:** Display the documents created (purchasing document history, material document, accounting document, stock) and compare them with the expected result.

**Evidence:** Document numbers + screenshots

**Deliverable:** Process sheet with document numbers

**Assessment:** Instructor verifies the expected result from the documents and may ask for a live demonstration.

### Completion criteria
- Every step is done and the expected result is demonstrated
- Evidence is attached to the issue and the deliverable is in your workbook or document set
- Accounting and integration impact are written down where documents were created
- Actual time is logged against the issue
- Instructor Review is Approved and the status is Completed

**Estimated time:** 4 h

**Next task:** MM-LAB-065","Valuation","V05 - Valuation","TOPIC-030","THY-034","4","Level 2 - SAP MM Core","19 Material Valuation","Valuation","Procure to Pay","0","FI","L4 - Advanced","1","0","Valuation","","SAP S/4HANA Training System","S/4HANA (ECC differences noted)","ECC and S/4HANA","Process sheet with document numbers","Document numbers + screenshots","The same purchase at a changed price is posted for a raw material at moving average and a finished product at standard.","MIGO; MIRO; MM03; MB5L","Pending"
"MM-LAB-065","MM-LAB-065","Business Process Lab","Normal","[MM-LAB-065] Price change and revaluation","**LAB ID:** MM-LAB-065

**Title:** Price change and revaluation

**Objective:** Execute the business process - Price change and revaluation - and validate documents, stock and accounting.

**Business Scenario:** The standard price of a component is raised for the new year.

**Prerequisites:** MM-LAB-064

**Required Configuration:** Organizational structure, document types and account determination as configured in the earlier modules of this client.

**Master Data:** Materials and suppliers from your master-data workbook.

**Transaction codes:** MR21; MR22 (SAP GUI; use the Fiori app for the same function where one exists)

**Fiori apps:** Display Material Value Chain; Material Price Analysis

### Procedure
- [ ] Change the price and read the revaluation document
- [ ] Debit a material value without quantity

### Expected Result
- Revaluation posts the stock value difference

**Accounting Impact:** Inventory debit or credit against the revaluation account

**Integration Impact:** FI: record the documents or data created in the integrated area.

**Troubleshooting:** Read the full message with its number. Check master data, then configuration, then authorization, then integration. Record each error and its cause in your issue log. If stuck for more than 30 minutes, set the status to Blocked and describe the blocker.

**Validation:** Display the documents created (purchasing document history, material document, accounting document, stock) and compare them with the expected result.

**Evidence:** Document numbers + screenshots

**Deliverable:** Process sheet with document numbers

**Assessment:** Instructor verifies the expected result from the documents and may ask for a live demonstration.

### Completion criteria
- Every step is done and the expected result is demonstrated
- Evidence is attached to the issue and the deliverable is in your workbook or document set
- Accounting and integration impact are written down where documents were created
- Actual time is logged against the issue
- Instructor Review is Approved and the status is Completed

**Estimated time:** 2 h

**Next task:** MM-LAB-066","Valuation","V05 - Valuation","TOPIC-030","MM-LAB-064","2","Level 2 - SAP MM Core","19 Material Valuation","Valuation","Procure to Pay","0","FI","L4 - Advanced","1","0","Valuation","","SAP S/4HANA Training System","S/4HANA (ECC differences noted)","ECC and S/4HANA","Process sheet with document numbers","Document numbers + screenshots","The standard price of a component is raised for the new year.","MR21; MR22","Pending"
"MM-LAB-066","MM-LAB-066","Configuration Lab","Normal","[MM-LAB-066] Split valuation","**LAB ID:** MM-LAB-066

**Title:** Split valuation

**Objective:** Configure - Split valuation - and prove it with a test transaction.

**Business Scenario:** The same material is bought domestically and imported at different values.

**Prerequisites:** MM-LAB-065

**Required Configuration:** This lab is the configuration. Prerequisite: organizational structure of module 02.

**Master Data:** Only the test data named in the procedure.

**Transaction codes:** OMWC; MM01; MIGO (SAP GUI; use the Fiori app for the same function where one exists)

**Fiori apps:** Display Material Value Chain; Material Price Analysis

### Procedure
- [ ] Activate split valuation
- [ ] Define valuation category and valuation types
- [ ] Create the material with both types
- [ ] Receive into each and compare values

### Expected Result
- Stock is valued separately by valuation type

**Accounting Impact:** Configuration itself posts nothing. Record the accounting document of the test transaction where one is created.

**Integration Impact:** FI: record the documents or data created in the integrated area.

**Troubleshooting:** Read the full message with its number. Check master data, then configuration, then authorization, then integration. Record each error and its cause in your issue log. If stuck for more than 30 minutes, set the status to Blocked and describe the blocker.

**Validation:** Run the test transaction named in the procedure and confirm that the setting takes effect; display the setting again.

**Evidence:** Configuration workbook entry + test document

**Deliverable:** Configuration workbook entry

**Assessment:** Instructor checks the setting, its test document and the documented rationale.

### Completion criteria
- Every step is done and the expected result is demonstrated
- Evidence is attached to the issue and the deliverable is in your workbook or document set
- Accounting and integration impact are written down where documents were created
- Actual time is logged against the issue
- Instructor Review is Approved and the status is Completed

**Estimated time:** 3 h

**Next task:** INC-029","Valuation","V05 - Valuation","TOPIC-030","MM-LAB-065","3","Level 2 - SAP MM Core","19 Material Valuation","Valuation","Procure to Pay","1","FI","L4 - Advanced","1","0","Valuation","","SAP S/4HANA Training System","S/4HANA (ECC differences noted)","ECC and S/4HANA","Configuration workbook entry","Configuration workbook entry + test document","The same material is bought domestically and imported at different values.","OMWC; MM01; MIGO","Pending"
"INC-029","INC-029","Troubleshooting Incident","Normal","[INC-029] Incident 29: Stock value differs from the general ledger","**Objective:** Incident 29: Stock value differs from the general ledger

**Prerequisites:** MM-LAB-066

**Concepts:** Standard price; Moving average price; Price control; Material valuation; Split valuation; Valuation categories; Valuation types; Price differences; Accounting impact

**Transaction codes:** MM03; MR21; MR22; CKM3N; MB5L; MMBE; OMWC; MIGO (SAP GUI; use the Fiori app for the same function where one exists)

**Fiori apps:** Display Material Value Chain; Material Price Analysis

**Environment:** SAP S/4HANA Training System

### Steps
- [ ] Problem: record the message number and text, the transaction and the user
- [ ] Business impact: state what cannot be done, who is affected and the deadline
- [ ] Reproduce the error in the training client (instructor-prepared)
- [ ] Check master data
- [ ] Check configuration
- [ ] Check authorization
- [ ] Check integration: periods, accounts, cost objects and the neighbouring module
- [ ] Check documents: history, material and accounting documents, change documents and logs
- [ ] Identify the root cause - where to look: Manual postings on inventory accounts, price changes and period of the reports
- [ ] Fix
- [ ] Test: re-run the original transaction
- [ ] Document the RCA

### Expected Result
- The original transaction now works
- Root cause is shown in master data, configuration, authorization or integration
- RCA document covers problem, business impact, checks made, root cause, fix, test and prevention

**Evidence:** RCA document

**Deliverable:** RCA document

**Assessment:** Instructor grades the RCA document against the twelve-step framework.

### Completion criteria
- Every step is done and the expected result is demonstrated
- Evidence is attached to the issue and the deliverable is in your workbook or document set
- Accounting and integration impact are written down where documents were created
- Actual time is logged against the issue
- Instructor Review is Approved and the status is Completed

**Estimated time:** 1 h

**Next task:** INC-030","Valuation","V05 - Valuation","TOPIC-030","MM-LAB-066","1","Level 2 - SAP MM Core","19 Material Valuation","Valuation","Procure to Pay","0","FI","L4 - Advanced","0","0","Valuation","","SAP S/4HANA Training System","S/4HANA (ECC differences noted)","ECC and S/4HANA","RCA document","RCA document","","MM03; MR21; MR22; CKM3N; MB5L; MMBE; OMWC; MIGO","Pending"
"INC-030","INC-030","Troubleshooting Incident","Normal","[INC-030] Incident 30: Unexpected price difference posting at invoice","**Objective:** Incident 30: Unexpected price difference posting at invoice

**Prerequisites:** INC-029

**Concepts:** Standard price; Moving average price; Price control; Material valuation; Split valuation; Valuation categories; Valuation types; Price differences; Accounting impact

**Transaction codes:** MM03; MR21; MR22; CKM3N; MB5L; MMBE; OMWC; MIGO (SAP GUI; use the Fiori app for the same function where one exists)

**Fiori apps:** Display Material Value Chain; Material Price Analysis

**Environment:** SAP S/4HANA Training System

### Steps
- [ ] Problem: record the message number and text, the transaction and the user
- [ ] Business impact: state what cannot be done, who is affected and the deadline
- [ ] Reproduce the error in the training client (instructor-prepared)
- [ ] Check master data
- [ ] Check configuration
- [ ] Check authorization
- [ ] Check integration: periods, accounts, cost objects and the neighbouring module
- [ ] Check documents: history, material and accounting documents, change documents and logs
- [ ] Identify the root cause - where to look: Price control, stock coverage at invoice time and the order price unit
- [ ] Fix
- [ ] Test: re-run the original transaction
- [ ] Document the RCA

### Expected Result
- The original transaction now works
- Root cause is shown in master data, configuration, authorization or integration
- RCA document covers problem, business impact, checks made, root cause, fix, test and prevention

**Evidence:** RCA document

**Deliverable:** RCA document

**Assessment:** Instructor grades the RCA document against the twelve-step framework.

### Completion criteria
- Every step is done and the expected result is demonstrated
- Evidence is attached to the issue and the deliverable is in your workbook or document set
- Accounting and integration impact are written down where documents were created
- Actual time is logged against the issue
- Instructor Review is Approved and the status is Completed

**Estimated time:** 1 h

**Next task:** ASM-019","Valuation","V05 - Valuation","TOPIC-030","INC-029","1","Level 2 - SAP MM Core","19 Material Valuation","Valuation","Procure to Pay","0","FI","L4 - Advanced","0","0","Valuation","","SAP S/4HANA Training System","S/4HANA (ECC differences noted)","ECC and S/4HANA","RCA document","RCA document","","MM03; MR21; MR22; CKM3N; MB5L; MMBE; OMWC; MIGO","Pending"
"ASM-019","ASM-019","Assessment","High","[ASM-019] Valuation assessment","**Objective:** Valuation assessment

**Prerequisites:** INC-030

**Concepts:** Standard price; Moving average price; Price control; Material valuation; Split valuation; Valuation categories; Valuation types; Price differences; Accounting impact

**Fiori apps:** Display Material Value Chain; Material Price Analysis

**Environment:** SAP S/4HANA Training System

### Steps
- [ ] Calculate and prove valuation for a movement series

### Expected Result
- Score of 70 or higher

**Evidence:** Scored result

**Deliverable:** Scored assessment

**Assessment:** Scored 0-100 in the Score field. Pass mark 70.

### Completion criteria
- Every step is done and the expected result is demonstrated
- Evidence is attached to the issue and the deliverable is in your workbook or document set
- Accounting and integration impact are written down where documents were created
- Actual time is logged against the issue
- Instructor Review is Approved and the status is Completed

**Estimated time:** 2 h

**Next task:** Last task of this topic","Valuation","V05 - Valuation","TOPIC-030","INC-030","2","Level 2 - SAP MM Core","19 Material Valuation","Valuation","Procure to Pay","0","FI","L4 - Advanced","0","1","Valuation","","SAP S/4HANA Training System","S/4HANA (ECC differences noted)","ECC and S/4HANA","Scored assessment","Scored result","","","Pending"
"REVIEW-19","REVIEW-19","Review","High","[REVIEW-19] Module 19 gate review","**Objective:** Confirm that module 19 (Material Valuation) is complete.

### Checklist
- [ ] Every issue of the module is Completed
- [ ] Evidence is attached to every issue
- [ ] Time is logged
- [ ] Assessment score is 70 or higher
- [ ] Configuration workbook, master-data workbook and issue log are up to date

**Assessment:** Instructor confirms the checklist and records the gate decision.

**Estimated time:** 1 h","","V05 - Valuation","MOD-19","ASM-019","1","Level 2 - SAP MM Core","19 Material Valuation","","","0","","","0","1","","","","","","Gate decision","Instructor sign-off","","","Pending"
"MOD-20","MOD-20","Module","Normal","[MOD-20] 20 Material Ledger","Module 20 of 42. Level 2 - SAP MM Core. Version: V05 - Valuation.

Topics: 1. Estimated hours: 12.

- TOPIC-031 Material Ledger and Actual Costing

The module closes with the gate review REVIEW-20.","","V05 - Valuation","EPIC","","","Level 2 - SAP MM Core","20 Material Ledger","","","","","","","","","","","","","","","","",""
"TOPIC-031","TOPIC-031","Topic","Normal","[TOPIC-031] Material Ledger and Actual Costing","**Topics:** Material Ledger; Purpose; Inventory valuation; Multiple currencies; Multiple valuations; Actual costing; Period-end processing; Price determination; S/4HANA Material Ledger requirements

**Transaction codes:** CKM3N; CKMLCP; MMPV; MR21

**Fiori apps:** Material Price Analysis; Display Material Value Chain

**Environment:** SAP S/4HANA Training System

**Tasks:** 5, 11 estimated hours.

- THY-035 The Material Ledger in S/4HANA
- THY-036 Actual costing concepts
- EX-018 Material price analysis
- EX-019 Period-end processing for materials: walkthrough
- ASM-020 Material Ledger assessment","Valuation","V05 - Valuation","MOD-20","","","Level 2 - SAP MM Core","20 Material Ledger","Valuation","Period-End Closing","","FI","","","","Valuation","","SAP S/4HANA Training System","S/4HANA (ECC differences noted)","ECC and S/4HANA (changed in S/4HANA)","","","","CKM3N; CKMLCP; MMPV; MR21",""
"THY-035","THY-035","Theory","Normal","[THY-035] The Material Ledger in S/4HANA","**Objective:** The Material Ledger in S/4HANA

**Prerequisites:** ASM-019

**Concepts:** Material Ledger; Purpose; Inventory valuation; Multiple currencies; Multiple valuations; Actual costing; Period-end processing; Price determination; S/4HANA Material Ledger requirements

**Fiori apps:** Material Price Analysis; Display Material Value Chain

**Environment:** SAP S/4HANA Training System

### Steps
- [ ] Study why the Material Ledger is mandatory in S/4HANA
- [ ] Study valuation in several currencies and valuation views
- [ ] Study that inventory values are in the universal journal
- [ ] Study price determination control and its relation to price control

### Expected Result
- Explains what the Material Ledger adds to inventory valuation
- States what is mandatory and what is optional

**Evidence:** Notes

**Deliverable:** Study notes

**Assessment:** Instructor checks the notes and asks short oral questions.

### Completion criteria
- Every step is done and the expected result is demonstrated
- Evidence is attached to the issue and the deliverable is in your workbook or document set
- Accounting and integration impact are written down where documents were created
- Actual time is logged against the issue
- Instructor Review is Approved and the status is Completed

**Estimated time:** 3 h

**Next task:** THY-036","Valuation","V05 - Valuation","TOPIC-031","ASM-019","3","Level 2 - SAP MM Core","20 Material Ledger","Valuation","Period-End Closing","0","FI","L4 - Advanced","0","0","Valuation","","SAP S/4HANA Training System","S/4HANA (ECC differences noted)","ECC and S/4HANA (changed in S/4HANA)","Study notes","Notes","","","Pending"
"THY-036","THY-036","Theory","Normal","[THY-036] Actual costing concepts","**Objective:** Actual costing concepts

**Prerequisites:** THY-035

**Concepts:** Material Ledger; Purpose; Inventory valuation; Multiple currencies; Multiple valuations; Actual costing; Period-end processing; Price determination; S/4HANA Material Ledger requirements

**Fiori apps:** Material Price Analysis; Display Material Value Chain

**Environment:** SAP S/4HANA Training System

### Steps
- [ ] Study the collection of price and exchange rate differences per material
- [ ] Study single-level and multilevel price determination and the periodic unit price
- [ ] Study the costing run and closing entries at concept level

### Expected Result
- Explains how a price difference from a raw material can reach a finished product

**Evidence:** Notes

**Deliverable:** Study notes

**Assessment:** Instructor checks the notes and asks short oral questions.

### Completion criteria
- Every step is done and the expected result is demonstrated
- Evidence is attached to the issue and the deliverable is in your workbook or document set
- Accounting and integration impact are written down where documents were created
- Actual time is logged against the issue
- Instructor Review is Approved and the status is Completed

**Estimated time:** 3 h

**Next task:** EX-018","Valuation","V05 - Valuation","TOPIC-031","THY-035","3","Level 2 - SAP MM Core","20 Material Ledger","Valuation","Period-End Closing","0","FI","L4 - Advanced","0","0","Valuation","","SAP S/4HANA Training System","S/4HANA (ECC differences noted)","ECC and S/4HANA (changed in S/4HANA)","Study notes","Notes","","","Pending"
"EX-018","EX-018","Practical Exercise","Normal","[EX-018] Material price analysis","**Objective:** Material price analysis

**Business Scenario:** The cost accountant asks why the value of a material changed this month.

**Prerequisites:** THY-036

**Concepts:** Material Ledger; Purpose; Inventory valuation; Multiple currencies; Multiple valuations; Actual costing; Period-end processing; Price determination; S/4HANA Material Ledger requirements

**Transaction codes:** CKM3N (SAP GUI; use the Fiori app for the same function where one exists)

**Fiori apps:** Material Price Analysis; Display Material Value Chain

**Environment:** SAP S/4HANA Training System

### Steps
- [ ] Open the price analysis for a material with receipts, invoices and consumption
- [ ] Read beginning inventory, receipts, consumption and ending inventory with their differences in two currencies

### Expected Result
- Each line is linked to a document
- Differences are explained

**Evidence:** Worked result + screenshots

**Deliverable:** Annotated price analysis

**Assessment:** Instructor checks the worked result.

### Completion criteria
- Every step is done and the expected result is demonstrated
- Evidence is attached to the issue and the deliverable is in your workbook or document set
- Accounting and integration impact are written down where documents were created
- Actual time is logged against the issue
- Instructor Review is Approved and the status is Completed

**Estimated time:** 2 h

**Next task:** EX-019","Valuation","V05 - Valuation","TOPIC-031","THY-036","2","Level 2 - SAP MM Core","20 Material Ledger","Valuation","Period-End Closing","0","FI","L4 - Advanced","0","0","Valuation","","SAP S/4HANA Training System","S/4HANA (ECC differences noted)","ECC and S/4HANA (changed in S/4HANA)","Annotated price analysis","Worked result + screenshots","The cost accountant asks why the value of a material changed this month.","CKM3N","Pending"
"EX-019","EX-019","Practical Exercise","Normal","[EX-019] Period-end processing for materials: walkthrough","**Objective:** Period-end processing for materials: walkthrough

**Prerequisites:** EX-018

**Concepts:** Material Ledger; Purpose; Inventory valuation; Multiple currencies; Multiple valuations; Actual costing; Period-end processing; Price determination; S/4HANA Material Ledger requirements

**Transaction codes:** MMPV; CKMLCP (SAP GUI; use the Fiori app for the same function where one exists)

**Fiori apps:** Material Price Analysis; Display Material Value Chain

**Environment:** SAP S/4HANA Training System

### Steps
- [ ] Close and open the material period in the training company code
- [ ] Follow the steps of an actual costing run with the instructor at concept level

### Expected Result
- Lists the period-end steps in order

**Evidence:** Worked result + screenshots

**Deliverable:** Exercise sheet

**Assessment:** Instructor checks the worked result.

### Completion criteria
- Every step is done and the expected result is demonstrated
- Evidence is attached to the issue and the deliverable is in your workbook or document set
- Accounting and integration impact are written down where documents were created
- Actual time is logged against the issue
- Instructor Review is Approved and the status is Completed

**Estimated time:** 2 h

**Next task:** ASM-020","Valuation","V05 - Valuation","TOPIC-031","EX-018","2","Level 2 - SAP MM Core","20 Material Ledger","Valuation","Period-End Closing","0","FI","L4 - Advanced","0","0","Valuation","","SAP S/4HANA Training System","S/4HANA (ECC differences noted)","ECC and S/4HANA (changed in S/4HANA)","Exercise sheet","Worked result + screenshots","","MMPV; CKMLCP","Pending"
"ASM-020","ASM-020","Assessment","High","[ASM-020] Material Ledger assessment","**Objective:** Material Ledger assessment

**Prerequisites:** EX-019

**Concepts:** Material Ledger; Purpose; Inventory valuation; Multiple currencies; Multiple valuations; Actual costing; Period-end processing; Price determination; S/4HANA Material Ledger requirements

**Fiori apps:** Material Price Analysis; Display Material Value Chain

**Environment:** SAP S/4HANA Training System

### Steps
- [ ] Answer questions on Material Ledger concepts and read one price analysis

### Expected Result
- Score of 70 or higher

**Evidence:** Scored result

**Deliverable:** Scored assessment

**Assessment:** Scored 0-100 in the Score field. Pass mark 70.

### Completion criteria
- Every step is done and the expected result is demonstrated
- Evidence is attached to the issue and the deliverable is in your workbook or document set
- Accounting and integration impact are written down where documents were created
- Actual time is logged against the issue
- Instructor Review is Approved and the status is Completed

**Estimated time:** 1 h

**Next task:** Last task of this topic","Valuation","V05 - Valuation","TOPIC-031","EX-019","1","Level 2 - SAP MM Core","20 Material Ledger","Valuation","Period-End Closing","0","FI","L4 - Advanced","0","1","Valuation","","SAP S/4HANA Training System","S/4HANA (ECC differences noted)","ECC and S/4HANA (changed in S/4HANA)","Scored assessment","Scored result","","","Pending"
"REVIEW-20","REVIEW-20","Review","High","[REVIEW-20] Module 20 gate review","**Objective:** Confirm that module 20 (Material Ledger) is complete.

### Checklist
- [ ] Every issue of the module is Completed
- [ ] Evidence is attached to every issue
- [ ] Time is logged
- [ ] Assessment score is 70 or higher
- [ ] Configuration workbook, master-data workbook and issue log are up to date

**Assessment:** Instructor confirms the checklist and records the gate decision.

**Estimated time:** 1 h","","V05 - Valuation","MOD-20","ASM-020","1","Level 2 - SAP MM Core","20 Material Ledger","","","0","","","0","1","","","","","","Gate decision","Instructor sign-off","","","Pending"
"MOD-21","MOD-21","Module","Normal","[MOD-21] 21 Special Procurement","Module 21 of 42. Level 2 - SAP MM Core. Version: V07 - Special Procurement.

Topics: 3. Estimated hours: 23.

- TOPIC-032 Subcontracting
- TOPIC-033 Consignment and Pipeline
- TOPIC-034 Third-Party and Stock Transfer Procurement

The module closes with the gate review REVIEW-21.","","V07 - Special Procurement","EPIC","","","Level 2 - SAP MM Core","21 Special Procurement","","","","","","","","","","","","","","","","",""
"TOPIC-032","TOPIC-032","Topic","Normal","[TOPIC-032] Subcontracting","**Topics:** Flow: company material, components sent to supplier, supplier processing, finished material received; BOM/components; Subcontracting PO; Component consumption; GR; Automatic consumption; Variances

**Transaction codes:** ME21N; ME2O; MIGO; CS01; MB51; MIRO

**Fiori apps:** Subcontracting Cockpit

**Environment:** SAP S/4HANA Training System

**Tasks:** 3, 8 estimated hours.

- THY-037 Subcontracting
- MM-LAB-067 Subcontracting end to end
- INC-031 Incident 31: Subcontracting component missing at goods receipt","Special Procurement","V07 - Special Procurement","MOD-21","","","Level 2 - SAP MM Core","21 Special Procurement","Special Procurement","Subcontracting","","PP","","","","Procurement","","SAP S/4HANA Training System","S/4HANA (ECC differences noted)","ECC and S/4HANA","","","","ME21N; ME2O; MIGO; CS01; MB51; MIRO",""
"THY-037","THY-037","Theory","Normal","[THY-037] Subcontracting","**Objective:** Subcontracting

**Prerequisites:** ASM-020

**Concepts:** Flow: company material, components sent to supplier, supplier processing, finished material received; BOM/components; Subcontracting PO; Component consumption; GR; Automatic consumption; Variances

**Fiori apps:** Subcontracting Cockpit

**Environment:** SAP S/4HANA Training System

### Steps
- [ ] Study the flow and who owns the components at the supplier
- [ ] Study the subcontracting item with components from a bill of material or entered manually
- [ ] Study stock provided to the supplier
- [ ] Study the postings at receipt and subsequent adjustment

### Expected Result
- Explains the four postings at subcontracting goods receipt

**Evidence:** Notes

**Deliverable:** Study notes

**Assessment:** Instructor checks the notes and asks short oral questions.

### Completion criteria
- Every step is done and the expected result is demonstrated
- Evidence is attached to the issue and the deliverable is in your workbook or document set
- Accounting and integration impact are written down where documents were created
- Actual time is logged against the issue
- Instructor Review is Approved and the status is Completed

**Estimated time:** 2 h

**Next task:** MM-LAB-067","Special Procurement","V07 - Special Procurement","TOPIC-032","ASM-020","2","Level 2 - SAP MM Core","21 Special Procurement","Special Procurement","Subcontracting","0","PP","L4 - Advanced","0","0","Procurement","","SAP S/4HANA Training System","S/4HANA (ECC differences noted)","ECC and S/4HANA","Study notes","Notes","","","Pending"
"MM-LAB-067","MM-LAB-067","Business Process Lab","Normal","[MM-LAB-067] Subcontracting end to end","**LAB ID:** MM-LAB-067

**Title:** Subcontracting end to end

**Objective:** Execute the business process - Subcontracting end to end - and validate documents, stock and accounting.

**Business Scenario:** A supplier machines castings into housings; the company provides the castings.

**Prerequisites:** THY-037

**Required Configuration:** Organizational structure, document types and account determination as configured in the earlier modules of this client.

**Master Data:** Finished housing, casting component, subcontracting info record, bill of material

**Transaction codes:** CS01; ME21N; ME2O; MIGO; MIRO (SAP GUI; use the Fiori app for the same function where one exists)

**Fiori apps:** Subcontracting Cockpit

### Procedure
- [ ] Create the bill of material and the subcontracting info record
- [ ] Create the subcontracting order and check components
- [ ] Provide components to the supplier and check stock at the supplier
- [ ] Post the goods receipt and read the automatic component consumption
- [ ] Post a subsequent adjustment for extra consumption
- [ ] Post the service invoice

### Expected Result
- Component stock at the supplier is reduced by the receipt
- Finished stock is valued with material and service

**Accounting Impact:** Finished stock debit and change-in-stock credit; external service debit and GR/IR credit; component consumption debit and component inventory credit

**Integration Impact:** PP: bill of material; FI: four line groups in one document

**Troubleshooting:** Read the full message with its number. Check master data, then configuration, then authorization, then integration. Record each error and its cause in your issue log. If stuck for more than 30 minutes, set the status to Blocked and describe the blocker.

**Validation:** Display the documents created (purchasing document history, material document, accounting document, stock) and compare them with the expected result.

**Evidence:** Document numbers + screenshots

**Deliverable:** Process sheet with document numbers

**Assessment:** Instructor verifies the expected result from the documents and may ask for a live demonstration.

### Completion criteria
- Every step is done and the expected result is demonstrated
- Evidence is attached to the issue and the deliverable is in your workbook or document set
- Accounting and integration impact are written down where documents were created
- Actual time is logged against the issue
- Instructor Review is Approved and the status is Completed

**Estimated time:** 5 h

**Next task:** INC-031","Special Procurement","V07 - Special Procurement","TOPIC-032","THY-037","5","Level 2 - SAP MM Core","21 Special Procurement","Special Procurement","Subcontracting","0","PP","L4 - Advanced","1","0","Procurement","","SAP S/4HANA Training System","S/4HANA (ECC differences noted)","ECC and S/4HANA","Process sheet with document numbers","Document numbers + screenshots","A supplier machines castings into housings; the company provides the castings.","CS01; ME21N; ME2O; MIGO; MIRO","Pending"
"INC-031","INC-031","Troubleshooting Incident","Normal","[INC-031] Incident 31: Subcontracting component missing at goods receipt","**Objective:** Incident 31: Subcontracting component missing at goods receipt

**Prerequisites:** MM-LAB-067

**Concepts:** Flow: company material, components sent to supplier, supplier processing, finished material received; BOM/components; Subcontracting PO; Component consumption; GR; Automatic consumption; Variances

**Transaction codes:** ME21N; ME2O; MIGO; CS01; MB51; MIRO (SAP GUI; use the Fiori app for the same function where one exists)

**Fiori apps:** Subcontracting Cockpit

**Environment:** SAP S/4HANA Training System

### Steps
- [ ] Problem: record the message number and text, the transaction and the user
- [ ] Business impact: state what cannot be done, who is affected and the deadline
- [ ] Reproduce the error in the training client (instructor-prepared)
- [ ] Check master data
- [ ] Check configuration
- [ ] Check authorization
- [ ] Check integration: periods, accounts, cost objects and the neighbouring module
- [ ] Check documents: history, material and accounting documents, change documents and logs
- [ ] Identify the root cause - where to look: Stock provided to the supplier, component list in the order and batch
- [ ] Fix
- [ ] Test: re-run the original transaction
- [ ] Document the RCA

### Expected Result
- The original transaction now works
- Root cause is shown in master data, configuration, authorization or integration
- RCA document covers problem, business impact, checks made, root cause, fix, test and prevention

**Evidence:** RCA document

**Deliverable:** RCA document

**Assessment:** Instructor grades the RCA document against the twelve-step framework.

### Completion criteria
- Every step is done and the expected result is demonstrated
- Evidence is attached to the issue and the deliverable is in your workbook or document set
- Accounting and integration impact are written down where documents were created
- Actual time is logged against the issue
- Instructor Review is Approved and the status is Completed

**Estimated time:** 1 h

**Next task:** Last task of this topic","Special Procurement","V07 - Special Procurement","TOPIC-032","MM-LAB-067","1","Level 2 - SAP MM Core","21 Special Procurement","Special Procurement","Subcontracting","0","PP","L4 - Advanced","0","0","Procurement","","SAP S/4HANA Training System","S/4HANA (ECC differences noted)","ECC and S/4HANA","RCA document","RCA document","","ME21N; ME2O; MIGO; CS01; MB51; MIRO","Pending"
"TOPIC-033","TOPIC-033","Topic","Normal","[TOPIC-033] Consignment and Pipeline","**Topics:** Consignment stock; Consignment settlement; Consumption; Liability; Ownership; Pipeline procurement concepts

**Transaction codes:** ME11; ME21N; MIGO; MRKO; MMBE; MB54

**Fiori apps:** None listed

**Environment:** SAP S/4HANA Training System

**Tasks:** 3, 7 estimated hours.

- THY-038 Supplier consignment and pipeline
- MM-LAB-068 Consignment end to end
- INC-032 Incident 32: Consignment stock issue: settlement shows nothing or wrong price","Special Procurement","V07 - Special Procurement","MOD-21","","","Level 2 - SAP MM Core","21 Special Procurement","Special Procurement","Consignment","","FI","","","","Procurement","","SAP S/4HANA Training System","S/4HANA (ECC differences noted)","ECC and S/4HANA","","","","ME11; ME21N; MIGO; MRKO; MMBE; MB54",""
"THY-038","THY-038","Theory","Normal","[THY-038] Supplier consignment and pipeline","**Objective:** Supplier consignment and pipeline

**Prerequisites:** INC-031

**Concepts:** Consignment stock; Consignment settlement; Consumption; Liability; Ownership; Pipeline procurement concepts

**Environment:** SAP S/4HANA Training System

### Steps
- [ ] Study stock on the premises that the supplier still owns
- [ ] Study the consignment info record and price
- [ ] Study withdrawal or transfer to own stock as the moment liability arises
- [ ] Study settlement without supplier invoice
- [ ] Study pipeline material as always available and settled the same way

### Expected Result
- States when ownership passes and when liability is posted

**Evidence:** Notes

**Deliverable:** Study notes

**Assessment:** Instructor checks the notes and asks short oral questions.

### Completion criteria
- Every step is done and the expected result is demonstrated
- Evidence is attached to the issue and the deliverable is in your workbook or document set
- Accounting and integration impact are written down where documents were created
- Actual time is logged against the issue
- Instructor Review is Approved and the status is Completed

**Estimated time:** 2 h

**Next task:** MM-LAB-068","Special Procurement","V07 - Special Procurement","TOPIC-033","INC-031","2","Level 2 - SAP MM Core","21 Special Procurement","Special Procurement","Consignment","0","FI","L4 - Advanced","0","0","Procurement","","SAP S/4HANA Training System","S/4HANA (ECC differences noted)","ECC and S/4HANA","Study notes","Notes","","","Pending"
"MM-LAB-068","MM-LAB-068","Business Process Lab","Normal","[MM-LAB-068] Consignment end to end","**LAB ID:** MM-LAB-068

**Title:** Consignment end to end

**Objective:** Execute the business process - Consignment end to end - and validate documents, stock and accounting.

**Business Scenario:** A fastener supplier keeps stock in the plant; the company pays for what it takes.

**Prerequisites:** THY-038

**Required Configuration:** Organizational structure, document types and account determination as configured in the earlier modules of this client.

**Master Data:** Materials and suppliers from your master-data workbook.

**Transaction codes:** ME11; ME21N; MIGO; MMBE; MRKO (SAP GUI; use the Fiori app for the same function where one exists)

### Procedure
- [ ] Create the consignment info record
- [ ] Create the consignment order
- [ ] Post goods receipt and check consignment stock and accounting
- [ ] Transfer part to own stock and issue part directly to a cost centre
- [ ] Settle the liabilities

### Expected Result
- Receipt creates no accounting document
- Settlement creates the supplier invoice for the withdrawn quantity

**Accounting Impact:** Withdrawal: inventory or consumption debit, consignment liability credit. Settlement: consignment liability debit, supplier credit

**Integration Impact:** FI: record the documents or data created in the integrated area.

**Troubleshooting:** Read the full message with its number. Check master data, then configuration, then authorization, then integration. Record each error and its cause in your issue log. If stuck for more than 30 minutes, set the status to Blocked and describe the blocker.

**Validation:** Display the documents created (purchasing document history, material document, accounting document, stock) and compare them with the expected result.

**Evidence:** Document numbers + screenshots

**Deliverable:** Process sheet with document numbers

**Assessment:** Instructor verifies the expected result from the documents and may ask for a live demonstration.

### Completion criteria
- Every step is done and the expected result is demonstrated
- Evidence is attached to the issue and the deliverable is in your workbook or document set
- Accounting and integration impact are written down where documents were created
- Actual time is logged against the issue
- Instructor Review is Approved and the status is Completed

**Estimated time:** 4 h

**Next task:** INC-032","Special Procurement","V07 - Special Procurement","TOPIC-033","THY-038","4","Level 2 - SAP MM Core","21 Special Procurement","Special Procurement","Consignment","0","FI","L4 - Advanced","1","0","Procurement","","SAP S/4HANA Training System","S/4HANA (ECC differences noted)","ECC and S/4HANA","Process sheet with document numbers","Document numbers + screenshots","A fastener supplier keeps stock in the plant; the company pays for what it takes.","ME11; ME21N; MIGO; MMBE; MRKO","Pending"
"INC-032","INC-032","Troubleshooting Incident","Normal","[INC-032] Incident 32: Consignment stock issue: settlement shows nothing or wrong price","**Objective:** Incident 32: Consignment stock issue: settlement shows nothing or wrong price

**Prerequisites:** MM-LAB-068

**Concepts:** Consignment stock; Consignment settlement; Consumption; Liability; Ownership; Pipeline procurement concepts

**Transaction codes:** ME11; ME21N; MIGO; MRKO; MMBE; MB54 (SAP GUI; use the Fiori app for the same function where one exists)

**Environment:** SAP S/4HANA Training System

### Steps
- [ ] Problem: record the message number and text, the transaction and the user
- [ ] Business impact: state what cannot be done, who is affected and the deadline
- [ ] Reproduce the error in the training client (instructor-prepared)
- [ ] Check master data
- [ ] Check configuration
- [ ] Check authorization
- [ ] Check integration: periods, accounts, cost objects and the neighbouring module
- [ ] Check documents: history, material and accounting documents, change documents and logs
- [ ] Identify the root cause - where to look: Consignment info record price and validity, withdrawals and settlement selection
- [ ] Fix
- [ ] Test: re-run the original transaction
- [ ] Document the RCA

### Expected Result
- The original transaction now works
- Root cause is shown in master data, configuration, authorization or integration
- RCA document covers problem, business impact, checks made, root cause, fix, test and prevention

**Evidence:** RCA document

**Deliverable:** RCA document

**Assessment:** Instructor grades the RCA document against the twelve-step framework.

### Completion criteria
- Every step is done and the expected result is demonstrated
- Evidence is attached to the issue and the deliverable is in your workbook or document set
- Accounting and integration impact are written down where documents were created
- Actual time is logged against the issue
- Instructor Review is Approved and the status is Completed

**Estimated time:** 1 h

**Next task:** Last task of this topic","Special Procurement","V07 - Special Procurement","TOPIC-033","MM-LAB-068","1","Level 2 - SAP MM Core","21 Special Procurement","Special Procurement","Consignment","0","FI","L4 - Advanced","0","0","Procurement","","SAP S/4HANA Training System","S/4HANA (ECC differences noted)","ECC and S/4HANA","RCA document","RCA document","","ME11; ME21N; MIGO; MRKO; MMBE; MB54","Pending"
"TOPIC-034","TOPIC-034","Topic","Normal","[TOPIC-034] Third-Party and Stock Transfer Procurement","**Topics:** Third-party procurement; Integration with SD; Stock transfer procurement by special procurement key

**Transaction codes:** ME21N; ME52N; MIRO; VA03; MIGO

**Fiori apps:** None listed

**Environment:** SAP S/4HANA Training System

**Tasks:** 3, 7 estimated hours.

- THY-039 Third-party procurement and special procurement keys
- MM-LAB-069 Third-party procurement from the purchasing side
- ASM-021 Special procurement assessment","Special Procurement","V07 - Special Procurement","MOD-21","","","Level 2 - SAP MM Core","21 Special Procurement","Special Procurement","Procure to Pay","","SD","","","","Procurement","","SAP S/4HANA Training System","S/4HANA (ECC differences noted)","ECC and S/4HANA","","","","ME21N; ME52N; MIRO; VA03; MIGO",""
"THY-039","THY-039","Theory","Normal","[THY-039] Third-party procurement and special procurement keys","**Objective:** Third-party procurement and special procurement keys

**Prerequisites:** INC-032

**Concepts:** Third-party procurement; Integration with SD; Stock transfer procurement by special procurement key

**Environment:** SAP S/4HANA Training System

### Steps
- [ ] Study the third-party item: supplier ships to the customer
- [ ] Study the requisition created from the sales order with account assignment
- [ ] Study statistical goods receipt and invoice-driven billing
- [ ] Study special procurement keys for stock transfer from another plant

### Expected Result
- Explains why no stock moves in own plant

**Evidence:** Notes

**Deliverable:** Study notes

**Assessment:** Instructor checks the notes and asks short oral questions.

### Completion criteria
- Every step is done and the expected result is demonstrated
- Evidence is attached to the issue and the deliverable is in your workbook or document set
- Accounting and integration impact are written down where documents were created
- Actual time is logged against the issue
- Instructor Review is Approved and the status is Completed

**Estimated time:** 2 h

**Next task:** MM-LAB-069","Special Procurement","V07 - Special Procurement","TOPIC-034","INC-032","2","Level 2 - SAP MM Core","21 Special Procurement","Special Procurement","Procure to Pay","0","SD","L3 - Intermediate","0","0","Procurement","","SAP S/4HANA Training System","S/4HANA (ECC differences noted)","ECC and S/4HANA","Study notes","Notes","","","Pending"
"MM-LAB-069","MM-LAB-069","Business Process Lab","Normal","[MM-LAB-069] Third-party procurement from the purchasing side","**LAB ID:** MM-LAB-069

**Title:** Third-party procurement from the purchasing side

**Objective:** Execute the business process - Third-party procurement from the purchasing side - and validate documents, stock and accounting.

**Business Scenario:** A customer orders an item the company does not stock; the supplier delivers directly.

**Prerequisites:** THY-039

**Required Configuration:** Organizational structure, document types and account determination as configured in the earlier modules of this client.

**Master Data:** Sales order with third-party item prepared by the instructor

**Transaction codes:** ME52N; ME21N; MIRO; VA03 (SAP GUI; use the Fiori app for the same function where one exists)

### Procedure
- [ ] Find the requisition created by the sales order
- [ ] Convert it to an order with the customer delivery address
- [ ] Post the supplier invoice
- [ ] See the sales order status

### Expected Result
- Purchase order is assigned to the sales order
- No own stock changes

**Accounting Impact:** Cost of goods debit against GR/IR or supplier; no inventory posting

**Integration Impact:** SD: sales order item drives the requisition and is billed from the supplier invoice quantity

**Troubleshooting:** Read the full message with its number. Check master data, then configuration, then authorization, then integration. Record each error and its cause in your issue log. If stuck for more than 30 minutes, set the status to Blocked and describe the blocker.

**Validation:** Display the documents created (purchasing document history, material document, accounting document, stock) and compare them with the expected result.

**Evidence:** Document numbers + screenshots

**Deliverable:** Process sheet with document numbers

**Assessment:** Instructor verifies the expected result from the documents and may ask for a live demonstration.

### Completion criteria
- Every step is done and the expected result is demonstrated
- Evidence is attached to the issue and the deliverable is in your workbook or document set
- Accounting and integration impact are written down where documents were created
- Actual time is logged against the issue
- Instructor Review is Approved and the status is Completed

**Estimated time:** 3 h

**Next task:** ASM-021","Special Procurement","V07 - Special Procurement","TOPIC-034","THY-039","3","Level 2 - SAP MM Core","21 Special Procurement","Special Procurement","Procure to Pay","0","SD","L3 - Intermediate","1","0","Procurement","","SAP S/4HANA Training System","S/4HANA (ECC differences noted)","ECC and S/4HANA","Process sheet with document numbers","Document numbers + screenshots","A customer orders an item the company does not stock; the supplier delivers directly.","ME52N; ME21N; MIRO; VA03","Pending"
"ASM-021","ASM-021","Assessment","High","[ASM-021] Special procurement assessment","**Objective:** Special procurement assessment

**Prerequisites:** MM-LAB-069

**Concepts:** Third-party procurement; Integration with SD; Stock transfer procurement by special procurement key

**Environment:** SAP S/4HANA Training System

### Steps
- [ ] Run one special process from a business description and explain its postings

### Expected Result
- Score of 70 or higher

**Evidence:** Scored result

**Deliverable:** Scored assessment

**Assessment:** Scored 0-100 in the Score field. Pass mark 70.

### Completion criteria
- Every step is done and the expected result is demonstrated
- Evidence is attached to the issue and the deliverable is in your workbook or document set
- Accounting and integration impact are written down where documents were created
- Actual time is logged against the issue
- Instructor Review is Approved and the status is Completed

**Estimated time:** 2 h

**Next task:** Last task of this topic","Special Procurement","V07 - Special Procurement","TOPIC-034","MM-LAB-069","2","Level 2 - SAP MM Core","21 Special Procurement","Special Procurement","Procure to Pay","0","SD","L3 - Intermediate","0","1","Procurement","","SAP S/4HANA Training System","S/4HANA (ECC differences noted)","ECC and S/4HANA","Scored assessment","Scored result","","","Pending"
"REVIEW-21","REVIEW-21","Review","High","[REVIEW-21] Module 21 gate review","**Objective:** Confirm that module 21 (Special Procurement) is complete.

### Checklist
- [ ] Every issue of the module is Completed
- [ ] Evidence is attached to every issue
- [ ] Time is logged
- [ ] Assessment score is 70 or higher
- [ ] Configuration workbook, master-data workbook and issue log are up to date

**Assessment:** Instructor confirms the checklist and records the gate decision.

**Estimated time:** 1 h","","V07 - Special Procurement","MOD-21","INC-031, INC-032, ASM-021","1","Level 2 - SAP MM Core","21 Special Procurement","","","0","","","0","1","","","","","","Gate decision","Instructor sign-off","","","Pending"
"MOD-22","MOD-22","Module","Normal","[MOD-22] 22 Service Procurement","Module 22 of 42. Level 2 - SAP MM Core. Version: V07 - Special Procurement.

Topics: 1. Estimated hours: 10.

- TOPIC-035 Service Procurement

The module closes with the gate review REVIEW-22.","","V07 - Special Procurement","EPIC","","","Level 2 - SAP MM Core","22 Service Procurement","","","","","","","","","","","","","","","","",""
"TOPIC-035","TOPIC-035","Topic","Normal","[TOPIC-035] Service Procurement","**Topics:** Service master concepts; Service PO; Service entry sheet; Acceptance; Invoice; Account assignment; Service procurement lifecycle: requirement, service PO, service entry, approval, invoice, payment

**Transaction codes:** AC03; ME21N; ML81N; MIRO; ME23N; ML84

**Fiori apps:** Manage Service Entry Sheets - Lean Services; Manage Purchase Orders

**Environment:** SAP S/4HANA Training System

**Tasks:** 4, 9 estimated hours.

- THY-040 Service procurement in ECC and S/4HANA
- MM-LAB-070 Service order to service entry to invoice
- INC-033 Incident 33: Service entry sheet cannot be accepted or invoiced
- ASM-022 Service procurement assessment","Special Procurement","V07 - Special Procurement","MOD-22","","","Level 2 - SAP MM Core","22 Service Procurement","Special Procurement","Service Procurement","","CO","","","","Procurement","","SAP S/4HANA Training System","S/4HANA (ECC differences noted)","ECC and S/4HANA (changed in S/4HANA)","","","","AC03; ME21N; ML81N; MIRO; ME23N; ML84",""
"THY-040","THY-040","Theory","Normal","[THY-040] Service procurement in ECC and S/4HANA","**Objective:** Service procurement in ECC and S/4HANA

**Prerequisites:** ASM-021

**Concepts:** Service master concepts; Service PO; Service entry sheet; Acceptance; Invoice; Account assignment; Service procurement lifecycle: requirement, service PO, service entry, approval, invoice, payment

**Fiori apps:** Manage Service Entry Sheets - Lean Services; Manage Purchase Orders

**Environment:** SAP S/4HANA Training System

### Steps
- [ ] Study the lifecycle requirement, order, service entry, approval, invoice, payment
- [ ] Study the classic service item with service master, specifications and limits
- [ ] Study lean services in S/4HANA with service materials and the lean entry sheet
- [ ] Study account assignment and unplanned services

### Expected Result
- Explains acceptance as the goods receipt of a service
- Compares classic and lean services

**Evidence:** Notes

**Deliverable:** Study notes

**Assessment:** Instructor checks the notes and asks short oral questions.

### Completion criteria
- Every step is done and the expected result is demonstrated
- Evidence is attached to the issue and the deliverable is in your workbook or document set
- Accounting and integration impact are written down where documents were created
- Actual time is logged against the issue
- Instructor Review is Approved and the status is Completed

**Estimated time:** 3 h

**Next task:** MM-LAB-070","Special Procurement","V07 - Special Procurement","TOPIC-035","ASM-021","3","Level 2 - SAP MM Core","22 Service Procurement","Special Procurement","Service Procurement","0","CO","L3 - Intermediate","0","0","Procurement","","SAP S/4HANA Training System","S/4HANA (ECC differences noted)","ECC and S/4HANA (changed in S/4HANA)","Study notes","Notes","","","Pending"
"MM-LAB-070","MM-LAB-070","Business Process Lab","Normal","[MM-LAB-070] Service order to service entry to invoice","**LAB ID:** MM-LAB-070

**Title:** Service order to service entry to invoice

**Objective:** Execute the business process - Service order to service entry to invoice - and validate documents, stock and accounting.

**Business Scenario:** A contractor maintains the plant's compressors each month at an agreed rate.

**Prerequisites:** THY-040

**Required Configuration:** Organizational structure, document types and account determination as configured in the earlier modules of this client.

**Master Data:** Service material or service master; cost centre

**Transaction codes:** ME21N; ML81N; MIRO (SAP GUI; use the Fiori app for the same function where one exists)

**Fiori apps:** Manage Service Entry Sheets - Lean Services; Manage Purchase Orders

### Procedure
- [ ] Create the service order with account assignment and a limit for unplanned services
- [ ] Enter the service entry sheet for the work done
- [ ] Approve it
- [ ] Post the invoice
- [ ] Display the order history

### Expected Result
- Acceptance creates the accounting document
- Invoice matches the accepted value

**Accounting Impact:** Acceptance: service expense debit, GR/IR credit. Invoice: GR/IR debit, supplier credit

**Integration Impact:** CO: cost on the cost centre at acceptance

**Troubleshooting:** Read the full message with its number. Check master data, then configuration, then authorization, then integration. Record each error and its cause in your issue log. If stuck for more than 30 minutes, set the status to Blocked and describe the blocker.

**Validation:** Display the documents created (purchasing document history, material document, accounting document, stock) and compare them with the expected result.

**Evidence:** Document numbers + screenshots

**Deliverable:** Process sheet with document numbers

**Assessment:** Instructor verifies the expected result from the documents and may ask for a live demonstration.

### Completion criteria
- Every step is done and the expected result is demonstrated
- Evidence is attached to the issue and the deliverable is in your workbook or document set
- Accounting and integration impact are written down where documents were created
- Actual time is logged against the issue
- Instructor Review is Approved and the status is Completed

**Estimated time:** 4 h

**Next task:** INC-033","Special Procurement","V07 - Special Procurement","TOPIC-035","THY-040","4","Level 2 - SAP MM Core","22 Service Procurement","Special Procurement","Service Procurement","0","CO","L3 - Intermediate","1","0","Procurement","","SAP S/4HANA Training System","S/4HANA (ECC differences noted)","ECC and S/4HANA (changed in S/4HANA)","Process sheet with document numbers","Document numbers + screenshots","A contractor maintains the plant's compressors each month at an agreed rate.","ME21N; ML81N; MIRO","Pending"
"INC-033","INC-033","Troubleshooting Incident","Normal","[INC-033] Incident 33: Service entry sheet cannot be accepted or invoiced","**Objective:** Incident 33: Service entry sheet cannot be accepted or invoiced

**Prerequisites:** MM-LAB-070

**Concepts:** Service master concepts; Service PO; Service entry sheet; Acceptance; Invoice; Account assignment; Service procurement lifecycle: requirement, service PO, service entry, approval, invoice, payment

**Transaction codes:** AC03; ME21N; ML81N; MIRO; ME23N; ML84 (SAP GUI; use the Fiori app for the same function where one exists)

**Fiori apps:** Manage Service Entry Sheets - Lean Services; Manage Purchase Orders

**Environment:** SAP S/4HANA Training System

### Steps
- [ ] Problem: record the message number and text, the transaction and the user
- [ ] Business impact: state what cannot be done, who is affected and the deadline
- [ ] Reproduce the error in the training client (instructor-prepared)
- [ ] Check master data
- [ ] Check configuration
- [ ] Check authorization
- [ ] Check integration: periods, accounts, cost objects and the neighbouring module
- [ ] Check documents: history, material and accounting documents, change documents and logs
- [ ] Identify the root cause - where to look: Release of the order, limits, account assignment and approval status
- [ ] Fix
- [ ] Test: re-run the original transaction
- [ ] Document the RCA

### Expected Result
- The original transaction now works
- Root cause is shown in master data, configuration, authorization or integration
- RCA document covers problem, business impact, checks made, root cause, fix, test and prevention

**Evidence:** RCA document

**Deliverable:** RCA document

**Assessment:** Instructor grades the RCA document against the twelve-step framework.

### Completion criteria
- Every step is done and the expected result is demonstrated
- Evidence is attached to the issue and the deliverable is in your workbook or document set
- Accounting and integration impact are written down where documents were created
- Actual time is logged against the issue
- Instructor Review is Approved and the status is Completed

**Estimated time:** 1 h

**Next task:** ASM-022","Special Procurement","V07 - Special Procurement","TOPIC-035","MM-LAB-070","1","Level 2 - SAP MM Core","22 Service Procurement","Special Procurement","Service Procurement","0","CO","L3 - Intermediate","0","0","Procurement","","SAP S/4HANA Training System","S/4HANA (ECC differences noted)","ECC and S/4HANA (changed in S/4HANA)","RCA document","RCA document","","AC03; ME21N; ML81N; MIRO; ME23N; ML84","Pending"
"ASM-022","ASM-022","Assessment","High","[ASM-022] Service procurement assessment","**Objective:** Service procurement assessment

**Prerequisites:** INC-033

**Concepts:** Service master concepts; Service PO; Service entry sheet; Acceptance; Invoice; Account assignment; Service procurement lifecycle: requirement, service PO, service entry, approval, invoice, payment

**Fiori apps:** Manage Service Entry Sheets - Lean Services; Manage Purchase Orders

**Environment:** SAP S/4HANA Training System

### Steps
- [ ] Process a service requirement to invoice

### Expected Result
- Score of 70 or higher

**Evidence:** Scored result

**Deliverable:** Scored assessment

**Assessment:** Scored 0-100 in the Score field. Pass mark 70.

### Completion criteria
- Every step is done and the expected result is demonstrated
- Evidence is attached to the issue and the deliverable is in your workbook or document set
- Accounting and integration impact are written down where documents were created
- Actual time is logged against the issue
- Instructor Review is Approved and the status is Completed

**Estimated time:** 1 h

**Next task:** Last task of this topic","Special Procurement","V07 - Special Procurement","TOPIC-035","INC-033","1","Level 2 - SAP MM Core","22 Service Procurement","Special Procurement","Service Procurement","0","CO","L3 - Intermediate","0","1","Procurement","","SAP S/4HANA Training System","S/4HANA (ECC differences noted)","ECC and S/4HANA (changed in S/4HANA)","Scored assessment","Scored result","","","Pending"
"REVIEW-22","REVIEW-22","Review","High","[REVIEW-22] Module 22 gate review","**Objective:** Confirm that module 22 (Service Procurement) is complete.

### Checklist
- [ ] Every issue of the module is Completed
- [ ] Evidence is attached to every issue
- [ ] Time is logged
- [ ] Assessment score is 70 or higher
- [ ] Configuration workbook, master-data workbook and issue log are up to date

**Assessment:** Instructor confirms the checklist and records the gate decision.

**Estimated time:** 1 h","","V07 - Special Procurement","MOD-22","ASM-022","1","Level 2 - SAP MM Core","22 Service Procurement","","","0","","","0","1","","","","","","Gate decision","Instructor sign-off","","","Pending"
"MOD-23","MOD-23","Module","Normal","[MOD-23] 23 Contracts","Module 23 of 42. Level 2 - SAP MM Core. Version: V07 - Special Procurement.

Topics: 1. Estimated hours: 13.

- TOPIC-036 Contracts and Scheduling Agreements

The module closes with the gate review REVIEW-23.","","V07 - Special Procurement","EPIC","","","Level 2 - SAP MM Core","23 Contracts","","","","","","","","","","","","","","","","",""
"TOPIC-036","TOPIC-036","Topic","Normal","[TOPIC-036] Contracts and Scheduling Agreements","**Topics:** Quantity contracts; Value contracts; Scheduling agreements; Release documentation; Schedule lines; Supplier commitments; Long-term procurement

**Transaction codes:** ME31K; ME32K; ME33K; ME21N; ME2K; ME31L; ME38; ME84; ME9E; ME80RN

**Fiori apps:** Manage Purchase Contracts; Manage Scheduling Agreements

**Environment:** SAP S/4HANA Training System

**Tasks:** 6, 12 estimated hours.

- THY-041 Outline agreements
- MM-LAB-071 Business case: quantity contract with release orders
- MM-LAB-072 Business case: value contract
- MM-LAB-073 Business case: scheduling agreement with delivery schedule
- INC-034 Incident 34: Contract not proposed as source or cannot be released against
- ASM-023 Contracts assessment","Purchasing","V07 - Special Procurement","MOD-23","","","Level 2 - SAP MM Core","23 Contracts","Purchasing","Source to Pay","","None","","","","Procurement","","SAP S/4HANA Training System","S/4HANA (ECC differences noted)","ECC and S/4HANA","","","","ME31K; ME32K; ME33K; ME21N; ME2K; ME31L; ME38; ME84; ME9E; ME80RN",""
"THY-041","THY-041","Theory","Normal","[THY-041] Outline agreements","**Objective:** Outline agreements

**Prerequisites:** ASM-022

**Concepts:** Quantity contracts; Value contracts; Scheduling agreements; Release documentation; Schedule lines; Supplier commitments; Long-term procurement

**Fiori apps:** Manage Purchase Contracts; Manage Scheduling Agreements

**Environment:** SAP S/4HANA Training System

### Steps
- [ ] Study quantity and value contracts with target, validity and conditions
- [ ] Study centrally agreed contracts
- [ ] Study release orders and release documentation
- [ ] Study scheduling agreements with delivery schedule, forecast and just-in-time schedules and firm zones

### Expected Result
- Chooses contract or scheduling agreement for four cases

**Evidence:** Notes

**Deliverable:** Study notes

**Assessment:** Instructor checks the notes and asks short oral questions.

### Completion criteria
- Every step is done and the expected result is demonstrated
- Evidence is attached to the issue and the deliverable is in your workbook or document set
- Accounting and integration impact are written down where documents were created
- Actual time is logged against the issue
- Instructor Review is Approved and the status is Completed

**Estimated time:** 2 h

**Next task:** MM-LAB-071","Purchasing","V07 - Special Procurement","TOPIC-036","ASM-022","2","Level 2 - SAP MM Core","23 Contracts","Purchasing","Source to Pay","0","None","L3 - Intermediate","0","0","Procurement","","SAP S/4HANA Training System","S/4HANA (ECC differences noted)","ECC and S/4HANA","Study notes","Notes","","","Pending"
"MM-LAB-071","MM-LAB-071","Business Process Lab","Normal","[MM-LAB-071] Business case: quantity contract with release orders","**LAB ID:** MM-LAB-071

**Title:** Business case: quantity contract with release orders

**Objective:** Execute the business process - Business case: quantity contract with release orders - and validate documents, stock and accounting.

**Business Scenario:** A yearly volume of packaging is agreed at a fixed price; plants call off as needed.

**Prerequisites:** THY-041

**Required Configuration:** Organizational structure, document types and account determination as configured in the earlier modules of this client.

**Master Data:** Materials and suppliers from your master-data workbook.

**Transaction codes:** ME31K; ME21N; ME33K (SAP GUI; use the Fiori app for the same function where one exists)

**Fiori apps:** Manage Purchase Contracts; Manage Scheduling Agreements

### Procedure
- [ ] Create a quantity contract
- [ ] Create three release orders, one beyond the target
- [ ] Display release documentation
- [ ] Add the contract to the source list

### Expected Result
- Release documentation shows the called-off quantity
- Over-release gives the configured message

**Accounting Impact:** Display every accounting document created and write its debit and credit lines; where none is created, state why.

**Integration Impact:** None beyond materials management.

**Troubleshooting:** Read the full message with its number. Check master data, then configuration, then authorization, then integration. Record each error and its cause in your issue log. If stuck for more than 30 minutes, set the status to Blocked and describe the blocker.

**Validation:** Display the documents created (purchasing document history, material document, accounting document, stock) and compare them with the expected result.

**Evidence:** Document numbers + screenshots

**Deliverable:** Process sheet with document numbers

**Assessment:** Instructor verifies the expected result from the documents and may ask for a live demonstration.

### Completion criteria
- Every step is done and the expected result is demonstrated
- Evidence is attached to the issue and the deliverable is in your workbook or document set
- Accounting and integration impact are written down where documents were created
- Actual time is logged against the issue
- Instructor Review is Approved and the status is Completed

**Estimated time:** 3 h

**Next task:** MM-LAB-072","Purchasing","V07 - Special Procurement","TOPIC-036","THY-041","3","Level 2 - SAP MM Core","23 Contracts","Purchasing","Source to Pay","0","None","L3 - Intermediate","1","0","Procurement","","SAP S/4HANA Training System","S/4HANA (ECC differences noted)","ECC and S/4HANA","Process sheet with document numbers","Document numbers + screenshots","A yearly volume of packaging is agreed at a fixed price; plants call off as needed.","ME31K; ME21N; ME33K","Pending"
"MM-LAB-072","MM-LAB-072","Business Process Lab","Normal","[MM-LAB-072] Business case: value contract","**LAB ID:** MM-LAB-072

**Title:** Business case: value contract

**Objective:** Execute the business process - Business case: value contract - and validate documents, stock and accounting.

**Business Scenario:** Maintenance materials from one supplier are capped at a yearly value.

**Prerequisites:** MM-LAB-071

**Required Configuration:** Organizational structure, document types and account determination as configured in the earlier modules of this client.

**Master Data:** Materials and suppliers from your master-data workbook.

**Transaction codes:** ME31K; ME21N (SAP GUI; use the Fiori app for the same function where one exists)

**Fiori apps:** Manage Purchase Contracts; Manage Scheduling Agreements

### Procedure
- [ ] Create a value contract with material group items
- [ ] Release against it for different materials
- [ ] Follow the consumed value

### Expected Result
- Releases reduce the open target value

**Accounting Impact:** Display every accounting document created and write its debit and credit lines; where none is created, state why.

**Integration Impact:** None beyond materials management.

**Troubleshooting:** Read the full message with its number. Check master data, then configuration, then authorization, then integration. Record each error and its cause in your issue log. If stuck for more than 30 minutes, set the status to Blocked and describe the blocker.

**Validation:** Display the documents created (purchasing document history, material document, accounting document, stock) and compare them with the expected result.

**Evidence:** Document numbers + screenshots

**Deliverable:** Process sheet with document numbers

**Assessment:** Instructor verifies the expected result from the documents and may ask for a live demonstration.

### Completion criteria
- Every step is done and the expected result is demonstrated
- Evidence is attached to the issue and the deliverable is in your workbook or document set
- Accounting and integration impact are written down where documents were created
- Actual time is logged against the issue
- Instructor Review is Approved and the status is Completed

**Estimated time:** 2 h

**Next task:** MM-LAB-073","Purchasing","V07 - Special Procurement","TOPIC-036","MM-LAB-071","2","Level 2 - SAP MM Core","23 Contracts","Purchasing","Source to Pay","0","None","L3 - Intermediate","1","0","Procurement","","SAP S/4HANA Training System","S/4HANA (ECC differences noted)","ECC and S/4HANA","Process sheet with document numbers","Document numbers + screenshots","Maintenance materials from one supplier are capped at a yearly value.","ME31K; ME21N","Pending"
"MM-LAB-073","MM-LAB-073","Business Process Lab","Normal","[MM-LAB-073] Business case: scheduling agreement with delivery schedule","**LAB ID:** MM-LAB-073

**Title:** Business case: scheduling agreement with delivery schedule

**Objective:** Execute the business process - Business case: scheduling agreement with delivery schedule - and validate documents, stock and accounting.

**Business Scenario:** A component is delivered weekly against a rolling schedule.

**Prerequisites:** MM-LAB-072

**Required Configuration:** Organizational structure, document types and account determination as configured in the earlier modules of this client.

**Master Data:** Materials and suppliers from your master-data workbook.

**Transaction codes:** ME31L; ME38; MIGO; ME84 (SAP GUI; use the Fiori app for the same function where one exists)

**Fiori apps:** Manage Purchase Contracts; Manage Scheduling Agreements

### Procedure
- [ ] Create a scheduling agreement
- [ ] Maintain schedule lines
- [ ] Post a goods receipt against a schedule line
- [ ] Create a release with the creation profile at concept level

### Expected Result
- Receipts reduce the schedule
- Cumulative received quantity is shown

**Accounting Impact:** Display every accounting document created and write its debit and credit lines; where none is created, state why.

**Integration Impact:** None beyond materials management.

**Troubleshooting:** Read the full message with its number. Check master data, then configuration, then authorization, then integration. Record each error and its cause in your issue log. If stuck for more than 30 minutes, set the status to Blocked and describe the blocker.

**Validation:** Display the documents created (purchasing document history, material document, accounting document, stock) and compare them with the expected result.

**Evidence:** Document numbers + screenshots

**Deliverable:** Process sheet with document numbers

**Assessment:** Instructor verifies the expected result from the documents and may ask for a live demonstration.

### Completion criteria
- Every step is done and the expected result is demonstrated
- Evidence is attached to the issue and the deliverable is in your workbook or document set
- Accounting and integration impact are written down where documents were created
- Actual time is logged against the issue
- Instructor Review is Approved and the status is Completed

**Estimated time:** 3 h

**Next task:** INC-034","Purchasing","V07 - Special Procurement","TOPIC-036","MM-LAB-072","3","Level 2 - SAP MM Core","23 Contracts","Purchasing","Source to Pay","0","None","L3 - Intermediate","1","0","Procurement","","SAP S/4HANA Training System","S/4HANA (ECC differences noted)","ECC and S/4HANA","Process sheet with document numbers","Document numbers + screenshots","A component is delivered weekly against a rolling schedule.","ME31L; ME38; MIGO; ME84","Pending"
"INC-034","INC-034","Troubleshooting Incident","Normal","[INC-034] Incident 34: Contract not proposed as source or cannot be released against","**Objective:** Incident 34: Contract not proposed as source or cannot be released against

**Prerequisites:** MM-LAB-073

**Concepts:** Quantity contracts; Value contracts; Scheduling agreements; Release documentation; Schedule lines; Supplier commitments; Long-term procurement

**Transaction codes:** ME31K; ME32K; ME33K; ME21N; ME2K; ME31L; ME38; ME84; ME9E; ME80RN (SAP GUI; use the Fiori app for the same function where one exists)

**Fiori apps:** Manage Purchase Contracts; Manage Scheduling Agreements

**Environment:** SAP S/4HANA Training System

### Steps
- [ ] Problem: record the message number and text, the transaction and the user
- [ ] Business impact: state what cannot be done, who is affected and the deadline
- [ ] Reproduce the error in the training client (instructor-prepared)
- [ ] Check master data
- [ ] Check configuration
- [ ] Check authorization
- [ ] Check integration: periods, accounts, cost objects and the neighbouring module
- [ ] Check documents: history, material and accounting documents, change documents and logs
- [ ] Identify the root cause - where to look: Validity, plant, target reached and source list
- [ ] Fix
- [ ] Test: re-run the original transaction
- [ ] Document the RCA

### Expected Result
- The original transaction now works
- Root cause is shown in master data, configuration, authorization or integration
- RCA document covers problem, business impact, checks made, root cause, fix, test and prevention

**Evidence:** RCA document

**Deliverable:** RCA document

**Assessment:** Instructor grades the RCA document against the twelve-step framework.

### Completion criteria
- Every step is done and the expected result is demonstrated
- Evidence is attached to the issue and the deliverable is in your workbook or document set
- Accounting and integration impact are written down where documents were created
- Actual time is logged against the issue
- Instructor Review is Approved and the status is Completed

**Estimated time:** 1 h

**Next task:** ASM-023","Purchasing","V07 - Special Procurement","TOPIC-036","MM-LAB-073","1","Level 2 - SAP MM Core","23 Contracts","Purchasing","Source to Pay","0","None","L3 - Intermediate","0","0","Procurement","","SAP S/4HANA Training System","S/4HANA (ECC differences noted)","ECC and S/4HANA","RCA document","RCA document","","ME31K; ME32K; ME33K; ME21N; ME2K; ME31L; ME38; ME84; ME9E; ME80RN","Pending"
"ASM-023","ASM-023","Assessment","High","[ASM-023] Contracts assessment","**Objective:** Contracts assessment

**Prerequisites:** INC-034

**Concepts:** Quantity contracts; Value contracts; Scheduling agreements; Release documentation; Schedule lines; Supplier commitments; Long-term procurement

**Fiori apps:** Manage Purchase Contracts; Manage Scheduling Agreements

**Environment:** SAP S/4HANA Training System

### Steps
- [ ] Set up and use an agreement from a business description

### Expected Result
- Score of 70 or higher

**Evidence:** Scored result

**Deliverable:** Scored assessment

**Assessment:** Scored 0-100 in the Score field. Pass mark 70.

### Completion criteria
- Every step is done and the expected result is demonstrated
- Evidence is attached to the issue and the deliverable is in your workbook or document set
- Accounting and integration impact are written down where documents were created
- Actual time is logged against the issue
- Instructor Review is Approved and the status is Completed

**Estimated time:** 1 h

**Next task:** Last task of this topic","Purchasing","V07 - Special Procurement","TOPIC-036","INC-034","1","Level 2 - SAP MM Core","23 Contracts","Purchasing","Source to Pay","0","None","L3 - Intermediate","0","1","Procurement","","SAP S/4HANA Training System","S/4HANA (ECC differences noted)","ECC and S/4HANA","Scored assessment","Scored result","","","Pending"
"REVIEW-23","REVIEW-23","Review","High","[REVIEW-23] Module 23 gate review","**Objective:** Confirm that module 23 (Contracts) is complete.

### Checklist
- [ ] Every issue of the module is Completed
- [ ] Evidence is attached to every issue
- [ ] Time is logged
- [ ] Assessment score is 70 or higher
- [ ] Configuration workbook, master-data workbook and issue log are up to date

**Assessment:** Instructor confirms the checklist and records the gate decision.

**Estimated time:** 1 h","","V07 - Special Procurement","MOD-23","ASM-023","1","Level 2 - SAP MM Core","23 Contracts","","","0","","","0","1","","","","","","Gate decision","Instructor sign-off","","","Pending"
"MOD-24","MOD-24","Module","Normal","[MOD-24] 24 MRP Integration","Module 24 of 42. Level 2 - SAP MM Core. Version: V08 - Integration.

Topics: 1. Estimated hours: 14.

- TOPIC-037 MRP and Procurement

The module closes with the gate review REVIEW-24.","","V08 - Integration","EPIC","","","Level 2 - SAP MM Core","24 MRP Integration","","","","","","","","","","","","","","","","",""
"TOPIC-037","TOPIC-037","Topic","Normal","[TOPIC-037] MRP and Procurement","**Topics:** MRP fundamentals; Material requirements; MRP controller; MRP types; Lot sizing; Reorder point; Safety stock; Planned orders; Purchase requisitions; External procurement; Internal procurement; MRP-generated procurement proposals; Flow: demand, MRP, procurement proposal, PR, PO, GR

**Transaction codes:** MD01N; MD03; MD04; MD05; MM02; MD61; ME57

**Fiori apps:** Monitor Material Coverage; Schedule MRP Runs; Manage Material Coverage

**Environment:** SAP S/4HANA Training System

**Tasks:** 6, 13 estimated hours.

- THY-042 MRP fundamentals for the MM consultant
- MM-LAB-074 Reorder point planning to purchase order
- MM-LAB-075 Demand-driven planning with lot sizes and safety stock
- INC-035 Incident 35: MRP not generating PR
- INC-036 Incident 36: Incorrect delivery date in MRP proposals
- ASM-024 MRP integration assessment","Integration","V08 - Integration","MOD-24","","","Level 2 - SAP MM Core","24 MRP Integration","Integration","MRP Procurement","","PP","","","","Integration","","SAP S/4HANA Training System","S/4HANA (ECC differences noted)","ECC and S/4HANA (changed in S/4HANA)","","","","MD01N; MD03; MD04; MD05; MM02; MD61; ME57",""
"THY-042","THY-042","Theory","Normal","[THY-042] MRP fundamentals for the MM consultant","**Objective:** MRP fundamentals for the MM consultant

**Prerequisites:** ASM-023

**Concepts:** MRP fundamentals; Material requirements; MRP controller; MRP types; Lot sizing; Reorder point; Safety stock; Planned orders; Purchase requisitions; External procurement; Internal procurement; MRP-generated procurement proposals; Flow: demand, MRP, procurement proposal, PR, PO, GR

**Fiori apps:** Monitor Material Coverage; Schedule MRP Runs; Manage Material Coverage

**Environment:** SAP S/4HANA Training System

### Steps
- [ ] Study the planning logic: demand, stock, receipts, shortage, proposal
- [ ] Study MRP type, lot-sizing procedure, reorder point, safety stock, planned delivery time and goods receipt processing time
- [ ] Study procurement type and planned orders versus requisitions
- [ ] Study the MRP controller and MRP Live in S/4HANA

### Expected Result
- Calculates a proposal by hand for a reorder point case and a lot-for-lot case

**Evidence:** Notes

**Deliverable:** Study notes

**Assessment:** Instructor checks the notes and asks short oral questions.

### Completion criteria
- Every step is done and the expected result is demonstrated
- Evidence is attached to the issue and the deliverable is in your workbook or document set
- Accounting and integration impact are written down where documents were created
- Actual time is logged against the issue
- Instructor Review is Approved and the status is Completed

**Estimated time:** 3 h

**Next task:** MM-LAB-074","Integration","V08 - Integration","TOPIC-037","ASM-023","3","Level 2 - SAP MM Core","24 MRP Integration","Integration","MRP Procurement","0","PP","L3 - Intermediate","0","0","Integration","","SAP S/4HANA Training System","S/4HANA (ECC differences noted)","ECC and S/4HANA (changed in S/4HANA)","Study notes","Notes","","","Pending"
"MM-LAB-074","MM-LAB-074","Business Process Lab","Normal","[MM-LAB-074] Reorder point planning to purchase order","**LAB ID:** MM-LAB-074

**Title:** Reorder point planning to purchase order

**Objective:** Execute the business process - Reorder point planning to purchase order - and validate documents, stock and accounting.

**Business Scenario:** A consumable must be reordered automatically when stock falls below 200 pieces.

**Prerequisites:** THY-042

**Required Configuration:** Organizational structure, document types and account determination as configured in the earlier modules of this client.

**Master Data:** Materials and suppliers from your master-data workbook.

**Transaction codes:** MM02; MD03; MD04; ME57 (SAP GUI; use the Fiori app for the same function where one exists)

**Fiori apps:** Monitor Material Coverage; Schedule MRP Runs; Manage Material Coverage

### Procedure
- [ ] Maintain MRP type, reorder point, lot size and planned delivery time
- [ ] Issue stock below the reorder point
- [ ] Run planning for the material
- [ ] Read the stock and requirements list
- [ ] Convert the proposal to a purchase order and receive it

### Expected Result
- Requisition is created with the right quantity and date
- List shows receipt after goods receipt

**Accounting Impact:** Display every accounting document created and write its debit and credit lines; where none is created, state why.

**Integration Impact:** PP: planning run creates the proposal that purchasing processes

**Troubleshooting:** Read the full message with its number. Check master data, then configuration, then authorization, then integration. Record each error and its cause in your issue log. If stuck for more than 30 minutes, set the status to Blocked and describe the blocker.

**Validation:** Display the documents created (purchasing document history, material document, accounting document, stock) and compare them with the expected result.

**Evidence:** Document numbers + screenshots

**Deliverable:** Process sheet with document numbers

**Assessment:** Instructor verifies the expected result from the documents and may ask for a live demonstration.

### Completion criteria
- Every step is done and the expected result is demonstrated
- Evidence is attached to the issue and the deliverable is in your workbook or document set
- Accounting and integration impact are written down where documents were created
- Actual time is logged against the issue
- Instructor Review is Approved and the status is Completed

**Estimated time:** 3 h

**Next task:** MM-LAB-075","Integration","V08 - Integration","TOPIC-037","THY-042","3","Level 2 - SAP MM Core","24 MRP Integration","Integration","MRP Procurement","0","PP","L3 - Intermediate","1","0","Integration","","SAP S/4HANA Training System","S/4HANA (ECC differences noted)","ECC and S/4HANA (changed in S/4HANA)","Process sheet with document numbers","Document numbers + screenshots","A consumable must be reordered automatically when stock falls below 200 pieces.","MM02; MD03; MD04; ME57","Pending"
"MM-LAB-075","MM-LAB-075","Business Process Lab","Normal","[MM-LAB-075] Demand-driven planning with lot sizes and safety stock","**LAB ID:** MM-LAB-075

**Title:** Demand-driven planning with lot sizes and safety stock

**Objective:** Execute the business process - Demand-driven planning with lot sizes and safety stock - and validate documents, stock and accounting.

**Business Scenario:** Forecast demand for a raw material must be covered with weekly lots and a safety stock.

**Prerequisites:** MM-LAB-074

**Required Configuration:** Organizational structure, document types and account determination as configured in the earlier modules of this client.

**Master Data:** Materials and suppliers from your master-data workbook.

**Transaction codes:** MD61; MD01N; MD04 (SAP GUI; use the Fiori app for the same function where one exists)

**Fiori apps:** Monitor Material Coverage; Schedule MRP Runs; Manage Material Coverage

### Procedure
- [ ] Enter planned independent requirements or use a dependent requirement from the instructor
- [ ] Maintain lot-sizing, safety stock and source list for MRP
- [ ] Run planning
- [ ] Explain every proposal in the list

### Expected Result
- Proposals cover the demand in the chosen lots
- Source is assigned by MRP

**Accounting Impact:** Display every accounting document created and write its debit and credit lines; where none is created, state why.

**Integration Impact:** PP: record the documents or data created in the integrated area.

**Troubleshooting:** Read the full message with its number. Check master data, then configuration, then authorization, then integration. Record each error and its cause in your issue log. If stuck for more than 30 minutes, set the status to Blocked and describe the blocker.

**Validation:** Display the documents created (purchasing document history, material document, accounting document, stock) and compare them with the expected result.

**Evidence:** Document numbers + screenshots

**Deliverable:** Process sheet with document numbers

**Assessment:** Instructor verifies the expected result from the documents and may ask for a live demonstration.

### Completion criteria
- Every step is done and the expected result is demonstrated
- Evidence is attached to the issue and the deliverable is in your workbook or document set
- Accounting and integration impact are written down where documents were created
- Actual time is logged against the issue
- Instructor Review is Approved and the status is Completed

**Estimated time:** 3 h

**Next task:** INC-035","Integration","V08 - Integration","TOPIC-037","MM-LAB-074","3","Level 2 - SAP MM Core","24 MRP Integration","Integration","MRP Procurement","0","PP","L3 - Intermediate","1","0","Integration","","SAP S/4HANA Training System","S/4HANA (ECC differences noted)","ECC and S/4HANA (changed in S/4HANA)","Process sheet with document numbers","Document numbers + screenshots","Forecast demand for a raw material must be covered with weekly lots and a safety stock.","MD61; MD01N; MD04","Pending"
"INC-035","INC-035","Troubleshooting Incident","Normal","[INC-035] Incident 35: MRP not generating PR","**Objective:** Incident 35: MRP not generating PR

**Prerequisites:** MM-LAB-075

**Concepts:** MRP fundamentals; Material requirements; MRP controller; MRP types; Lot sizing; Reorder point; Safety stock; Planned orders; Purchase requisitions; External procurement; Internal procurement; MRP-generated procurement proposals; Flow: demand, MRP, procurement proposal, PR, PO, GR

**Transaction codes:** MD01N; MD03; MD04; MD05; MM02; MD61; ME57 (SAP GUI; use the Fiori app for the same function where one exists)

**Fiori apps:** Monitor Material Coverage; Schedule MRP Runs; Manage Material Coverage

**Environment:** SAP S/4HANA Training System

### Steps
- [ ] Problem: record the message number and text, the transaction and the user
- [ ] Business impact: state what cannot be done, who is affected and the deadline
- [ ] Reproduce the error in the training client (instructor-prepared)
- [ ] Check master data
- [ ] Check configuration
- [ ] Check authorization
- [ ] Check integration: periods, accounts, cost objects and the neighbouring module
- [ ] Check documents: history, material and accounting documents, change documents and logs
- [ ] Identify the root cause - where to look: MRP type, plant parameters, planning file entry, procurement type and creation indicator
- [ ] Fix
- [ ] Test: re-run the original transaction
- [ ] Document the RCA

### Expected Result
- The original transaction now works
- Root cause is shown in master data, configuration, authorization or integration
- RCA document covers problem, business impact, checks made, root cause, fix, test and prevention

**Evidence:** RCA document

**Deliverable:** RCA document

**Assessment:** Instructor grades the RCA document against the twelve-step framework.

### Completion criteria
- Every step is done and the expected result is demonstrated
- Evidence is attached to the issue and the deliverable is in your workbook or document set
- Accounting and integration impact are written down where documents were created
- Actual time is logged against the issue
- Instructor Review is Approved and the status is Completed

**Estimated time:** 1 h

**Next task:** INC-036","Integration","V08 - Integration","TOPIC-037","MM-LAB-075","1","Level 2 - SAP MM Core","24 MRP Integration","Integration","MRP Procurement","0","PP","L3 - Intermediate","0","0","Integration","","SAP S/4HANA Training System","S/4HANA (ECC differences noted)","ECC and S/4HANA (changed in S/4HANA)","RCA document","RCA document","","MD01N; MD03; MD04; MD05; MM02; MD61; ME57","Pending"
"INC-036","INC-036","Troubleshooting Incident","Normal","[INC-036] Incident 36: Incorrect delivery date in MRP proposals","**Objective:** Incident 36: Incorrect delivery date in MRP proposals

**Prerequisites:** INC-035

**Concepts:** MRP fundamentals; Material requirements; MRP controller; MRP types; Lot sizing; Reorder point; Safety stock; Planned orders; Purchase requisitions; External procurement; Internal procurement; MRP-generated procurement proposals; Flow: demand, MRP, procurement proposal, PR, PO, GR

**Transaction codes:** MD01N; MD03; MD04; MD05; MM02; MD61; ME57 (SAP GUI; use the Fiori app for the same function where one exists)

**Fiori apps:** Monitor Material Coverage; Schedule MRP Runs; Manage Material Coverage

**Environment:** SAP S/4HANA Training System

### Steps
- [ ] Problem: record the message number and text, the transaction and the user
- [ ] Business impact: state what cannot be done, who is affected and the deadline
- [ ] Reproduce the error in the training client (instructor-prepared)
- [ ] Check master data
- [ ] Check configuration
- [ ] Check authorization
- [ ] Check integration: periods, accounts, cost objects and the neighbouring module
- [ ] Check documents: history, material and accounting documents, change documents and logs
- [ ] Identify the root cause - where to look: Planned delivery time, goods receipt processing time, factory calendar and purchasing processing time
- [ ] Fix
- [ ] Test: re-run the original transaction
- [ ] Document the RCA

### Expected Result
- The original transaction now works
- Root cause is shown in master data, configuration, authorization or integration
- RCA document covers problem, business impact, checks made, root cause, fix, test and prevention

**Evidence:** RCA document

**Deliverable:** RCA document

**Assessment:** Instructor grades the RCA document against the twelve-step framework.

### Completion criteria
- Every step is done and the expected result is demonstrated
- Evidence is attached to the issue and the deliverable is in your workbook or document set
- Accounting and integration impact are written down where documents were created
- Actual time is logged against the issue
- Instructor Review is Approved and the status is Completed

**Estimated time:** 1 h

**Next task:** ASM-024","Integration","V08 - Integration","TOPIC-037","INC-035","1","Level 2 - SAP MM Core","24 MRP Integration","Integration","MRP Procurement","0","PP","L3 - Intermediate","0","0","Integration","","SAP S/4HANA Training System","S/4HANA (ECC differences noted)","ECC and S/4HANA (changed in S/4HANA)","RCA document","RCA document","","MD01N; MD03; MD04; MD05; MM02; MD61; ME57","Pending"
"ASM-024","ASM-024","Assessment","High","[ASM-024] MRP integration assessment","**Objective:** MRP integration assessment

**Prerequisites:** INC-036

**Concepts:** MRP fundamentals; Material requirements; MRP controller; MRP types; Lot sizing; Reorder point; Safety stock; Planned orders; Purchase requisitions; External procurement; Internal procurement; MRP-generated procurement proposals; Flow: demand, MRP, procurement proposal, PR, PO, GR

**Fiori apps:** Monitor Material Coverage; Schedule MRP Runs; Manage Material Coverage

**Environment:** SAP S/4HANA Training System

### Steps
- [ ] Set planning parameters for three materials and explain the results

### Expected Result
- Score of 70 or higher

**Evidence:** Scored result

**Deliverable:** Scored assessment

**Assessment:** Scored 0-100 in the Score field. Pass mark 70.

### Completion criteria
- Every step is done and the expected result is demonstrated
- Evidence is attached to the issue and the deliverable is in your workbook or document set
- Accounting and integration impact are written down where documents were created
- Actual time is logged against the issue
- Instructor Review is Approved and the status is Completed

**Estimated time:** 2 h

**Next task:** Last task of this topic","Integration","V08 - Integration","TOPIC-037","INC-036","2","Level 2 - SAP MM Core","24 MRP Integration","Integration","MRP Procurement","0","PP","L3 - Intermediate","0","1","Integration","","SAP S/4HANA Training System","S/4HANA (ECC differences noted)","ECC and S/4HANA (changed in S/4HANA)","Scored assessment","Scored result","","","Pending"
"REVIEW-24","REVIEW-24","Review","High","[REVIEW-24] Module 24 gate review","**Objective:** Confirm that module 24 (MRP Integration) is complete.

### Checklist
- [ ] Every issue of the module is Completed
- [ ] Evidence is attached to every issue
- [ ] Time is logged
- [ ] Assessment score is 70 or higher
- [ ] Configuration workbook, master-data workbook and issue log are up to date

**Assessment:** Instructor confirms the checklist and records the gate decision.

**Estimated time:** 1 h","","V08 - Integration","MOD-24","ASM-024","1","Level 2 - SAP MM Core","24 MRP Integration","","","0","","","0","1","","","","","","Gate decision","Instructor sign-off","","","Pending"
"MOD-25","MOD-25","Module","Normal","[MOD-25] 25 MM-FI Integration","Module 25 of 42. Level 2 - SAP MM Core. Version: V08 - Integration.

Topics: 1. Estimated hours: 11.

- TOPIC-038 MM-FI Integration

The module closes with the gate review REVIEW-25.","","V08 - Integration","EPIC","","","Level 2 - SAP MM Core","25 MM-FI Integration","","","","","","","","","","","","","","","","",""
"TOPIC-038","TOPIC-038","Topic","Normal","[TOPIC-038] MM-FI Integration","**Topics:** GR accounting; Invoice accounting; GR/IR; Inventory; Consumption; Tax; Supplier liability; Account determination

**Transaction codes:** FB03; FBL1N; FBL3N; FAGLB03; MR11; F.13; MIRO; MIGO; F110; FTXP

**Fiori apps:** Clear GR/IR Clearing Account; Manage Supplier Line Items; Display G/L Account Balances

**Environment:** SAP S/4HANA Training System

**Tasks:** 5, 10 estimated hours.

- THY-043 Where MM meets FI
- MM-LAB-076 Follow one purchase through FI to payment
- MM-LAB-077 GR/IR account analysis and maintenance
- INC-037 Incident 37: Tax issue: wrong or missing tax in the supplier invoice
- ASM-025 MM-FI integration assessment","Integration","V08 - Integration","MOD-25","","","Level 2 - SAP MM Core","25 MM-FI Integration","Integration","Procure to Pay","","FI","","","","Integration","","SAP S/4HANA Training System","S/4HANA (ECC differences noted)","ECC and S/4HANA","","","","FB03; FBL1N; FBL3N; FAGLB03; MR11; F.13; MIRO; MIGO; F110; FTXP",""
"THY-043","THY-043","Theory","Normal","[THY-043] Where MM meets FI","**Objective:** Where MM meets FI

**Prerequisites:** ASM-024

**Concepts:** GR accounting; Invoice accounting; GR/IR; Inventory; Consumption; Tax; Supplier liability; Account determination

**Fiori apps:** Clear GR/IR Clearing Account; Manage Supplier Line Items; Display G/L Account Balances

**Environment:** SAP S/4HANA Training System

### Steps
- [ ] Study every MM transaction that posts to FI and the accounts touched
- [ ] Study the GR/IR clearing account life cycle
- [ ] Study input tax from the purchase order tax code to the invoice
- [ ] Study the supplier open item, payment terms and the payment run

### Expected Result
- Lists the FI effect of receipt, invoice, return, issue, transfer, count difference and revaluation

**Evidence:** Notes

**Deliverable:** Study notes

**Assessment:** Instructor checks the notes and asks short oral questions.

### Completion criteria
- Every step is done and the expected result is demonstrated
- Evidence is attached to the issue and the deliverable is in your workbook or document set
- Accounting and integration impact are written down where documents were created
- Actual time is logged against the issue
- Instructor Review is Approved and the status is Completed

**Estimated time:** 2 h

**Next task:** MM-LAB-076","Integration","V08 - Integration","TOPIC-038","ASM-024","2","Level 2 - SAP MM Core","25 MM-FI Integration","Integration","Procure to Pay","0","FI","L3 - Intermediate","0","0","Integration","","SAP S/4HANA Training System","S/4HANA (ECC differences noted)","ECC and S/4HANA","Study notes","Notes","","","Pending"
"MM-LAB-076","MM-LAB-076","Business Process Lab","Normal","[MM-LAB-076] Follow one purchase through FI to payment","**LAB ID:** MM-LAB-076

**Title:** Follow one purchase through FI to payment

**Objective:** Execute the business process - Follow one purchase through FI to payment - and validate documents, stock and accounting.

**Business Scenario:** The finance lead wants to see a purchase from order to cleared supplier item.

**Prerequisites:** THY-043

**Required Configuration:** Organizational structure, document types and account determination as configured in the earlier modules of this client.

**Master Data:** Materials and suppliers from your master-data workbook.

**Transaction codes:** MIGO; MIRO; FBL1N; FBL3N; F110 (SAP GUI; use the Fiori app for the same function where one exists)

**Fiori apps:** Clear GR/IR Clearing Account; Manage Supplier Line Items; Display G/L Account Balances

### Procedure
- [ ] Post receipt and invoice with tax
- [ ] Display supplier line items and the GR/IR and inventory accounts
- [ ] Pay the invoice with the instructor's payment run or a manual outgoing payment
- [ ] Display the cleared item

### Expected Result
- Supplier item is cleared
- GR/IR line items for the order net to zero

**Accounting Impact:** Payment: supplier debit, bank clearing credit

**Integration Impact:** FI accounts payable and general ledger

**Troubleshooting:** Read the full message with its number. Check master data, then configuration, then authorization, then integration. Record each error and its cause in your issue log. If stuck for more than 30 minutes, set the status to Blocked and describe the blocker.

**Validation:** Display the documents created (purchasing document history, material document, accounting document, stock) and compare them with the expected result.

**Evidence:** Document numbers + screenshots

**Deliverable:** Process sheet with document numbers

**Assessment:** Instructor verifies the expected result from the documents and may ask for a live demonstration.

### Completion criteria
- Every step is done and the expected result is demonstrated
- Evidence is attached to the issue and the deliverable is in your workbook or document set
- Accounting and integration impact are written down where documents were created
- Actual time is logged against the issue
- Instructor Review is Approved and the status is Completed

**Estimated time:** 3 h

**Next task:** MM-LAB-077","Integration","V08 - Integration","TOPIC-038","THY-043","3","Level 2 - SAP MM Core","25 MM-FI Integration","Integration","Procure to Pay","0","FI","L3 - Intermediate","1","0","Integration","","SAP S/4HANA Training System","S/4HANA (ECC differences noted)","ECC and S/4HANA","Process sheet with document numbers","Document numbers + screenshots","The finance lead wants to see a purchase from order to cleared supplier item.","MIGO; MIRO; FBL1N; FBL3N; F110","Pending"
"MM-LAB-077","MM-LAB-077","Business Process Lab","Normal","[MM-LAB-077] GR/IR account analysis and maintenance","**LAB ID:** MM-LAB-077

**Title:** GR/IR account analysis and maintenance

**Objective:** Execute the business process - GR/IR account analysis and maintenance - and validate documents, stock and accounting.

**Business Scenario:** At month end the GR/IR account shows old balances from quantity differences.

**Prerequisites:** MM-LAB-076

**Required Configuration:** Organizational structure, document types and account determination as configured in the earlier modules of this client.

**Master Data:** Materials and suppliers from your master-data workbook.

**Transaction codes:** FBL3N; MR11; F.13 (SAP GUI; use the Fiori app for the same function where one exists)

**Fiori apps:** Clear GR/IR Clearing Account; Manage Supplier Line Items; Display G/L Account Balances

### Procedure
- [ ] List open GR/IR items by order
- [ ] Classify each as goods received not invoiced or invoiced not received
- [ ] Clear a small quantity difference with account maintenance
- [ ] Run automatic clearing

### Expected Result
- Each open item is explained
- Maintenance document posts the difference

**Accounting Impact:** GR/IR against price difference or stock for the cleared difference

**Integration Impact:** FI: record the documents or data created in the integrated area.

**Troubleshooting:** Read the full message with its number. Check master data, then configuration, then authorization, then integration. Record each error and its cause in your issue log. If stuck for more than 30 minutes, set the status to Blocked and describe the blocker.

**Validation:** Display the documents created (purchasing document history, material document, accounting document, stock) and compare them with the expected result.

**Evidence:** Document numbers + screenshots

**Deliverable:** Process sheet with document numbers

**Assessment:** Instructor verifies the expected result from the documents and may ask for a live demonstration.

### Completion criteria
- Every step is done and the expected result is demonstrated
- Evidence is attached to the issue and the deliverable is in your workbook or document set
- Accounting and integration impact are written down where documents were created
- Actual time is logged against the issue
- Instructor Review is Approved and the status is Completed

**Estimated time:** 3 h

**Next task:** INC-037","Integration","V08 - Integration","TOPIC-038","MM-LAB-076","3","Level 2 - SAP MM Core","25 MM-FI Integration","Integration","Procure to Pay","0","FI","L3 - Intermediate","1","0","Integration","","SAP S/4HANA Training System","S/4HANA (ECC differences noted)","ECC and S/4HANA","Process sheet with document numbers","Document numbers + screenshots","At month end the GR/IR account shows old balances from quantity differences.","FBL3N; MR11; F.13","Pending"
"INC-037","INC-037","Troubleshooting Incident","Normal","[INC-037] Incident 37: Tax issue: wrong or missing tax in the supplier invoice","**Objective:** Incident 37: Tax issue: wrong or missing tax in the supplier invoice

**Prerequisites:** MM-LAB-077

**Concepts:** GR accounting; Invoice accounting; GR/IR; Inventory; Consumption; Tax; Supplier liability; Account determination

**Transaction codes:** FB03; FBL1N; FBL3N; FAGLB03; MR11; F.13; MIRO; MIGO; F110; FTXP (SAP GUI; use the Fiori app for the same function where one exists)

**Fiori apps:** Clear GR/IR Clearing Account; Manage Supplier Line Items; Display G/L Account Balances

**Environment:** SAP S/4HANA Training System

### Steps
- [ ] Problem: record the message number and text, the transaction and the user
- [ ] Business impact: state what cannot be done, who is affected and the deadline
- [ ] Reproduce the error in the training client (instructor-prepared)
- [ ] Check master data
- [ ] Check configuration
- [ ] Check authorization
- [ ] Check integration: periods, accounts, cost objects and the neighbouring module
- [ ] Check documents: history, material and accounting documents, change documents and logs
- [ ] Identify the root cause - where to look: Tax code in order and info record, tax procedure and default tax code in invoice verification
- [ ] Fix
- [ ] Test: re-run the original transaction
- [ ] Document the RCA

### Expected Result
- The original transaction now works
- Root cause is shown in master data, configuration, authorization or integration
- RCA document covers problem, business impact, checks made, root cause, fix, test and prevention

**Evidence:** RCA document

**Deliverable:** RCA document

**Assessment:** Instructor grades the RCA document against the twelve-step framework.

### Completion criteria
- Every step is done and the expected result is demonstrated
- Evidence is attached to the issue and the deliverable is in your workbook or document set
- Accounting and integration impact are written down where documents were created
- Actual time is logged against the issue
- Instructor Review is Approved and the status is Completed

**Estimated time:** 1 h

**Next task:** ASM-025","Integration","V08 - Integration","TOPIC-038","MM-LAB-077","1","Level 2 - SAP MM Core","25 MM-FI Integration","Integration","Procure to Pay","0","FI","L3 - Intermediate","0","0","Integration","","SAP S/4HANA Training System","S/4HANA (ECC differences noted)","ECC and S/4HANA","RCA document","RCA document","","FB03; FBL1N; FBL3N; FAGLB03; MR11; F.13; MIRO; MIGO; F110; FTXP","Pending"
"ASM-025","ASM-025","Assessment","High","[ASM-025] MM-FI integration assessment","**Objective:** MM-FI integration assessment

**Prerequisites:** INC-037

**Concepts:** GR accounting; Invoice accounting; GR/IR; Inventory; Consumption; Tax; Supplier liability; Account determination

**Fiori apps:** Clear GR/IR Clearing Account; Manage Supplier Line Items; Display G/L Account Balances

**Environment:** SAP S/4HANA Training System

### Steps
- [ ] Explain the FI postings of a full purchase with a variance

### Expected Result
- Score of 70 or higher

**Evidence:** Scored result

**Deliverable:** Scored assessment

**Assessment:** Scored 0-100 in the Score field. Pass mark 70.

### Completion criteria
- Every step is done and the expected result is demonstrated
- Evidence is attached to the issue and the deliverable is in your workbook or document set
- Accounting and integration impact are written down where documents were created
- Actual time is logged against the issue
- Instructor Review is Approved and the status is Completed

**Estimated time:** 1 h

**Next task:** Last task of this topic","Integration","V08 - Integration","TOPIC-038","INC-037","1","Level 2 - SAP MM Core","25 MM-FI Integration","Integration","Procure to Pay","0","FI","L3 - Intermediate","0","1","Integration","","SAP S/4HANA Training System","S/4HANA (ECC differences noted)","ECC and S/4HANA","Scored assessment","Scored result","","","Pending"
"REVIEW-25","REVIEW-25","Review","High","[REVIEW-25] Module 25 gate review","**Objective:** Confirm that module 25 (MM-FI Integration) is complete.

### Checklist
- [ ] Every issue of the module is Completed
- [ ] Evidence is attached to every issue
- [ ] Time is logged
- [ ] Assessment score is 70 or higher
- [ ] Configuration workbook, master-data workbook and issue log are up to date

**Assessment:** Instructor confirms the checklist and records the gate decision.

**Estimated time:** 1 h","","V08 - Integration","MOD-25","ASM-025","1","Level 2 - SAP MM Core","25 MM-FI Integration","","","0","","","0","1","","","","","","Gate decision","Instructor sign-off","","","Pending"
"MOD-26","MOD-26","Module","Normal","[MOD-26] 26 MM-CO Integration","Module 26 of 42. Level 2 - SAP MM Core. Version: V08 - Integration.

Topics: 1. Estimated hours: 7.

- TOPIC-039 MM-CO Integration

The module closes with the gate review REVIEW-26.","","V08 - Integration","EPIC","","","Level 2 - SAP MM Core","26 MM-CO Integration","","","","","","","","","","","","","","","","",""
"TOPIC-039","TOPIC-039","Topic","Normal","[TOPIC-039] MM-CO Integration","**Topics:** Cost center; Internal order; Profit center; Consumption; Cost allocation

**Transaction codes:** KS03; KSB1; KO03; KOB1; KE5Z; ME2K; KA03; ME21N

**Fiori apps:** None listed

**Environment:** SAP S/4HANA Training System

**Tasks:** 3, 6 estimated hours.

- THY-044 Cost objects in procurement and inventory
- MM-LAB-078 Costs and commitments from purchasing
- ASM-026 MM-CO integration assessment","Integration","V08 - Integration","MOD-26","","","Level 2 - SAP MM Core","26 MM-CO Integration","Integration","Procure to Pay","","CO","","","","Integration","","SAP S/4HANA Training System","S/4HANA (ECC differences noted)","ECC and S/4HANA","","","","KS03; KSB1; KO03; KOB1; KE5Z; ME2K; KA03; ME21N",""
"THY-044","THY-044","Theory","Normal","[THY-044] Cost objects in procurement and inventory","**Objective:** Cost objects in procurement and inventory

**Prerequisites:** ASM-025

**Concepts:** Cost center; Internal order; Profit center; Consumption; Cost allocation

**Environment:** SAP S/4HANA Training System

### Steps
- [ ] Study how account assignment in requisition, order and goods issue carries the cost object
- [ ] Study cost elements and why consumption accounts need them
- [ ] Study profit centre derivation from the material and from the cost object
- [ ] Study commitments from requisitions and orders

### Expected Result
- Explains where the profit centre of a stock receipt and of a cost-centre purchase comes from

**Evidence:** Notes

**Deliverable:** Study notes

**Assessment:** Instructor checks the notes and asks short oral questions.

### Completion criteria
- Every step is done and the expected result is demonstrated
- Evidence is attached to the issue and the deliverable is in your workbook or document set
- Accounting and integration impact are written down where documents were created
- Actual time is logged against the issue
- Instructor Review is Approved and the status is Completed

**Estimated time:** 2 h

**Next task:** MM-LAB-078","Integration","V08 - Integration","TOPIC-039","ASM-025","2","Level 2 - SAP MM Core","26 MM-CO Integration","Integration","Procure to Pay","0","CO","L3 - Intermediate","0","0","Integration","","SAP S/4HANA Training System","S/4HANA (ECC differences noted)","ECC and S/4HANA","Study notes","Notes","","","Pending"
"MM-LAB-078","MM-LAB-078","Business Process Lab","Normal","[MM-LAB-078] Costs and commitments from purchasing","**LAB ID:** MM-LAB-078

**Title:** Costs and commitments from purchasing

**Objective:** Execute the business process - Costs and commitments from purchasing - and validate documents, stock and accounting.

**Business Scenario:** A cost centre manager asks why his report shows a commitment and then an actual cost.

**Prerequisites:** THY-044

**Required Configuration:** Organizational structure, document types and account determination as configured in the earlier modules of this client.

**Master Data:** Cost centre and internal order from the instructor

**Transaction codes:** ME21N; KSB1; KOB1; ME2K; KE5Z (SAP GUI; use the Fiori app for the same function where one exists)

### Procedure
- [ ] Create orders for a cost centre and an internal order
- [ ] Display the commitment
- [ ] Post receipt and invoice
- [ ] Display actual line items on cost centre, order and profit centre
- [ ] List purchase orders by account assignment

### Expected Result
- Commitment is reduced by the receipt
- Actual costs are on the right objects

**Accounting Impact:** Display every accounting document created and write its debit and credit lines; where none is created, state why.

**Integration Impact:** CO: commitments and actual line items; profit centre accounting

**Troubleshooting:** Read the full message with its number. Check master data, then configuration, then authorization, then integration. Record each error and its cause in your issue log. If stuck for more than 30 minutes, set the status to Blocked and describe the blocker.

**Validation:** Display the documents created (purchasing document history, material document, accounting document, stock) and compare them with the expected result.

**Evidence:** Document numbers + screenshots

**Deliverable:** Process sheet with document numbers

**Assessment:** Instructor verifies the expected result from the documents and may ask for a live demonstration.

### Completion criteria
- Every step is done and the expected result is demonstrated
- Evidence is attached to the issue and the deliverable is in your workbook or document set
- Accounting and integration impact are written down where documents were created
- Actual time is logged against the issue
- Instructor Review is Approved and the status is Completed

**Estimated time:** 3 h

**Next task:** ASM-026","Integration","V08 - Integration","TOPIC-039","THY-044","3","Level 2 - SAP MM Core","26 MM-CO Integration","Integration","Procure to Pay","0","CO","L3 - Intermediate","1","0","Integration","","SAP S/4HANA Training System","S/4HANA (ECC differences noted)","ECC and S/4HANA","Process sheet with document numbers","Document numbers + screenshots","A cost centre manager asks why his report shows a commitment and then an actual cost.","ME21N; KSB1; KOB1; ME2K; KE5Z","Pending"
"ASM-026","ASM-026","Assessment","High","[ASM-026] MM-CO integration assessment","**Objective:** MM-CO integration assessment

**Prerequisites:** MM-LAB-078

**Concepts:** Cost center; Internal order; Profit center; Consumption; Cost allocation

**Environment:** SAP S/4HANA Training System

### Steps
- [ ] Trace the costs of three purchases to their cost objects

### Expected Result
- Score of 70 or higher

**Evidence:** Scored result

**Deliverable:** Scored assessment

**Assessment:** Scored 0-100 in the Score field. Pass mark 70.

### Completion criteria
- Every step is done and the expected result is demonstrated
- Evidence is attached to the issue and the deliverable is in your workbook or document set
- Accounting and integration impact are written down where documents were created
- Actual time is logged against the issue
- Instructor Review is Approved and the status is Completed

**Estimated time:** 1 h

**Next task:** Last task of this topic","Integration","V08 - Integration","TOPIC-039","MM-LAB-078","1","Level 2 - SAP MM Core","26 MM-CO Integration","Integration","Procure to Pay","0","CO","L3 - Intermediate","0","1","Integration","","SAP S/4HANA Training System","S/4HANA (ECC differences noted)","ECC and S/4HANA","Scored assessment","Scored result","","","Pending"
"REVIEW-26","REVIEW-26","Review","High","[REVIEW-26] Module 26 gate review","**Objective:** Confirm that module 26 (MM-CO Integration) is complete.

### Checklist
- [ ] Every issue of the module is Completed
- [ ] Evidence is attached to every issue
- [ ] Time is logged
- [ ] Assessment score is 70 or higher
- [ ] Configuration workbook, master-data workbook and issue log are up to date

**Assessment:** Instructor confirms the checklist and records the gate decision.

**Estimated time:** 1 h","","V08 - Integration","MOD-26","ASM-026","1","Level 2 - SAP MM Core","26 MM-CO Integration","","","0","","","0","1","","","","","","Gate decision","Instructor sign-off","","","Pending"
"MOD-27","MOD-27","Module","Normal","[MOD-27] 27 MM-SD Integration","Module 27 of 42. Level 2 - SAP MM Core. Version: V08 - Integration.

Topics: 1. Estimated hours: 7.

- TOPIC-040 MM-SD Integration

The module closes with the gate review REVIEW-27.","","V08 - Integration","EPIC","","","Level 2 - SAP MM Core","27 MM-SD Integration","","","","","","","","","","","","","","","","",""
"TOPIC-040","TOPIC-040","Topic","Normal","[TOPIC-040] MM-SD Integration","**Topics:** Third-party procurement; Stock availability; Sales-related procurement; Delivery/inventory integration

**Transaction codes:** VA03; VL03N; MMBE; MD04; CO09; ME52N; MIGO

**Fiori apps:** None listed

**Environment:** SAP S/4HANA Training System

**Tasks:** 3, 6 estimated hours.

- THY-045 Where MM meets SD
- MM-LAB-079 Stock, availability and the sales goods issue
- ASM-027 MM-SD integration assessment","Integration","V08 - Integration","MOD-27","","","Level 2 - SAP MM Core","27 MM-SD Integration","Integration","Procure to Pay","","SD","","","","Integration","","SAP S/4HANA Training System","S/4HANA (ECC differences noted)","ECC and S/4HANA","","","","VA03; VL03N; MMBE; MD04; CO09; ME52N; MIGO",""
"THY-045","THY-045","Theory","Normal","[THY-045] Where MM meets SD","**Objective:** Where MM meets SD

**Prerequisites:** ASM-026

**Concepts:** Third-party procurement; Stock availability; Sales-related procurement; Delivery/inventory integration

**Environment:** SAP S/4HANA Training System

### Steps
- [ ] Study the availability check of sales against MM stock and receipts
- [ ] Study the delivery goods issue and its stock and accounting effect
- [ ] Study sales-driven procurement: third-party and individual purchase order
- [ ] Study returns into stock and stock transport orders using shipping

### Expected Result
- Explains how a purchase order changes the confirmation of a sales order

**Evidence:** Notes

**Deliverable:** Study notes

**Assessment:** Instructor checks the notes and asks short oral questions.

### Completion criteria
- Every step is done and the expected result is demonstrated
- Evidence is attached to the issue and the deliverable is in your workbook or document set
- Accounting and integration impact are written down where documents were created
- Actual time is logged against the issue
- Instructor Review is Approved and the status is Completed

**Estimated time:** 2 h

**Next task:** MM-LAB-079","Integration","V08 - Integration","TOPIC-040","ASM-026","2","Level 2 - SAP MM Core","27 MM-SD Integration","Integration","Procure to Pay","0","SD","L3 - Intermediate","0","0","Integration","","SAP S/4HANA Training System","S/4HANA (ECC differences noted)","ECC and S/4HANA","Study notes","Notes","","","Pending"
"MM-LAB-079","MM-LAB-079","Business Process Lab","Normal","[MM-LAB-079] Stock, availability and the sales goods issue","**LAB ID:** MM-LAB-079

**Title:** Stock, availability and the sales goods issue

**Objective:** Execute the business process - Stock, availability and the sales goods issue - and validate documents, stock and accounting.

**Business Scenario:** Sales cannot confirm an order until a purchase order arrives.

**Prerequisites:** THY-045

**Required Configuration:** Organizational structure, document types and account determination as configured in the earlier modules of this client.

**Master Data:** Sales order and delivery prepared by the instructor

**Transaction codes:** VA03; MD04; CO09; VL03N; MMBE (SAP GUI; use the Fiori app for the same function where one exists)

### Procedure
- [ ] Display the sales requirement in the stock and requirements list
- [ ] Create and receive a purchase order and see the availability change
- [ ] Follow the delivery goods issue and its documents

### Expected Result
- Availability overview shows the receipt
- Stock falls at the delivery goods issue

**Accounting Impact:** Sales goods issue: cost of goods sold debit, inventory credit

**Integration Impact:** SD: availability and delivery

**Troubleshooting:** Read the full message with its number. Check master data, then configuration, then authorization, then integration. Record each error and its cause in your issue log. If stuck for more than 30 minutes, set the status to Blocked and describe the blocker.

**Validation:** Display the documents created (purchasing document history, material document, accounting document, stock) and compare them with the expected result.

**Evidence:** Document numbers + screenshots

**Deliverable:** Process sheet with document numbers

**Assessment:** Instructor verifies the expected result from the documents and may ask for a live demonstration.

### Completion criteria
- Every step is done and the expected result is demonstrated
- Evidence is attached to the issue and the deliverable is in your workbook or document set
- Accounting and integration impact are written down where documents were created
- Actual time is logged against the issue
- Instructor Review is Approved and the status is Completed

**Estimated time:** 3 h

**Next task:** ASM-027","Integration","V08 - Integration","TOPIC-040","THY-045","3","Level 2 - SAP MM Core","27 MM-SD Integration","Integration","Procure to Pay","0","SD","L3 - Intermediate","1","0","Integration","","SAP S/4HANA Training System","S/4HANA (ECC differences noted)","ECC and S/4HANA","Process sheet with document numbers","Document numbers + screenshots","Sales cannot confirm an order until a purchase order arrives.","VA03; MD04; CO09; VL03N; MMBE","Pending"
"ASM-027","ASM-027","Assessment","High","[ASM-027] MM-SD integration assessment","**Objective:** MM-SD integration assessment

**Prerequisites:** MM-LAB-079

**Concepts:** Third-party procurement; Stock availability; Sales-related procurement; Delivery/inventory integration

**Environment:** SAP S/4HANA Training System

### Steps
- [ ] Explain stock and document flow for a sale covered by a purchase

### Expected Result
- Score of 70 or higher

**Evidence:** Scored result

**Deliverable:** Scored assessment

**Assessment:** Scored 0-100 in the Score field. Pass mark 70.

### Completion criteria
- Every step is done and the expected result is demonstrated
- Evidence is attached to the issue and the deliverable is in your workbook or document set
- Accounting and integration impact are written down where documents were created
- Actual time is logged against the issue
- Instructor Review is Approved and the status is Completed

**Estimated time:** 1 h

**Next task:** Last task of this topic","Integration","V08 - Integration","TOPIC-040","MM-LAB-079","1","Level 2 - SAP MM Core","27 MM-SD Integration","Integration","Procure to Pay","0","SD","L3 - Intermediate","0","1","Integration","","SAP S/4HANA Training System","S/4HANA (ECC differences noted)","ECC and S/4HANA","Scored assessment","Scored result","","","Pending"
"REVIEW-27","REVIEW-27","Review","High","[REVIEW-27] Module 27 gate review","**Objective:** Confirm that module 27 (MM-SD Integration) is complete.

### Checklist
- [ ] Every issue of the module is Completed
- [ ] Evidence is attached to every issue
- [ ] Time is logged
- [ ] Assessment score is 70 or higher
- [ ] Configuration workbook, master-data workbook and issue log are up to date

**Assessment:** Instructor confirms the checklist and records the gate decision.

**Estimated time:** 1 h","","V08 - Integration","MOD-27","ASM-027","1","Level 2 - SAP MM Core","27 MM-SD Integration","","","0","","","0","1","","","","","","Gate decision","Instructor sign-off","","","Pending"
"MOD-28","MOD-28","Module","Normal","[MOD-28] 28 MM-PP Integration","Module 28 of 42. Level 2 - SAP MM Core. Version: V08 - Integration.

Topics: 1. Estimated hours: 7.

- TOPIC-041 MM-PP Integration

The module closes with the gate review REVIEW-28.","","V08 - Integration","EPIC","","","Level 2 - SAP MM Core","28 MM-PP Integration","","","","","","","","","","","","","","","","",""
"TOPIC-041","TOPIC-041","Topic","Normal","[TOPIC-041] MM-PP Integration","**Topics:** BOM; MRP; Production order; Component consumption; Goods receipt; Production planning

**Transaction codes:** CS03; CO03; MD04; MIGO; MB26; CO11N

**Fiori apps:** None listed

**Environment:** SAP S/4HANA Training System

**Tasks:** 3, 6 estimated hours.

- THY-046 Where MM meets PP
- MM-LAB-080 Components to production and finished goods back
- ASM-028 MM-PP integration assessment","Integration","V08 - Integration","MOD-28","","","Level 2 - SAP MM Core","28 MM-PP Integration","Integration","MRP Procurement","","PP","","","","Integration","","SAP S/4HANA Training System","S/4HANA (ECC differences noted)","ECC and S/4HANA","","","","CS03; CO03; MD04; MIGO; MB26; CO11N",""
"THY-046","THY-046","Theory","Normal","[THY-046] Where MM meets PP","**Objective:** Where MM meets PP

**Prerequisites:** ASM-027

**Concepts:** BOM; MRP; Production order; Component consumption; Goods receipt; Production planning

**Environment:** SAP S/4HANA Training System

### Steps
- [ ] Study the bill of material and dependent requirements
- [ ] Study the production order reservation and component issue
- [ ] Study backflush
- [ ] Study goods receipt of the finished product from production and its valuation

### Expected Result
- Explains how a production order creates demand for purchased components

**Evidence:** Notes

**Deliverable:** Study notes

**Assessment:** Instructor checks the notes and asks short oral questions.

### Completion criteria
- Every step is done and the expected result is demonstrated
- Evidence is attached to the issue and the deliverable is in your workbook or document set
- Accounting and integration impact are written down where documents were created
- Actual time is logged against the issue
- Instructor Review is Approved and the status is Completed

**Estimated time:** 2 h

**Next task:** MM-LAB-080","Integration","V08 - Integration","TOPIC-041","ASM-027","2","Level 2 - SAP MM Core","28 MM-PP Integration","Integration","MRP Procurement","0","PP","L3 - Intermediate","0","0","Integration","","SAP S/4HANA Training System","S/4HANA (ECC differences noted)","ECC and S/4HANA","Study notes","Notes","","","Pending"
"MM-LAB-080","MM-LAB-080","Business Process Lab","Normal","[MM-LAB-080] Components to production and finished goods back","**LAB ID:** MM-LAB-080

**Title:** Components to production and finished goods back

**Objective:** Execute the business process - Components to production and finished goods back - and validate documents, stock and accounting.

**Business Scenario:** A production order needs purchased components and delivers the finished product to stock.

**Prerequisites:** THY-046

**Required Configuration:** Organizational structure, document types and account determination as configured in the earlier modules of this client.

**Master Data:** Production order prepared by the instructor

**Transaction codes:** CO03; MD04; MIGO; MB26 (SAP GUI; use the Fiori app for the same function where one exists)

### Procedure
- [ ] Display the order reservation
- [ ] Check component availability and procure a missing component
- [ ] Issue components to the order
- [ ] Post the goods receipt from the order
- [ ] Compare stock and accounts before and after

### Expected Result
- Components are consumed on the order
- Finished stock is received at standard price

**Accounting Impact:** Issue: order consumption debit, inventory credit. Receipt: finished inventory debit, production output credit

**Integration Impact:** PP: reservation, order confirmation and receipt

**Troubleshooting:** Read the full message with its number. Check master data, then configuration, then authorization, then integration. Record each error and its cause in your issue log. If stuck for more than 30 minutes, set the status to Blocked and describe the blocker.

**Validation:** Display the documents created (purchasing document history, material document, accounting document, stock) and compare them with the expected result.

**Evidence:** Document numbers + screenshots

**Deliverable:** Process sheet with document numbers

**Assessment:** Instructor verifies the expected result from the documents and may ask for a live demonstration.

### Completion criteria
- Every step is done and the expected result is demonstrated
- Evidence is attached to the issue and the deliverable is in your workbook or document set
- Accounting and integration impact are written down where documents were created
- Actual time is logged against the issue
- Instructor Review is Approved and the status is Completed

**Estimated time:** 3 h

**Next task:** ASM-028","Integration","V08 - Integration","TOPIC-041","THY-046","3","Level 2 - SAP MM Core","28 MM-PP Integration","Integration","MRP Procurement","0","PP","L3 - Intermediate","1","0","Integration","","SAP S/4HANA Training System","S/4HANA (ECC differences noted)","ECC and S/4HANA","Process sheet with document numbers","Document numbers + screenshots","A production order needs purchased components and delivers the finished product to stock.","CO03; MD04; MIGO; MB26","Pending"
"ASM-028","ASM-028","Assessment","High","[ASM-028] MM-PP integration assessment","**Objective:** MM-PP integration assessment

**Prerequisites:** MM-LAB-080

**Concepts:** BOM; MRP; Production order; Component consumption; Goods receipt; Production planning

**Environment:** SAP S/4HANA Training System

### Steps
- [ ] Trace materials through one production order

### Expected Result
- Score of 70 or higher

**Evidence:** Scored result

**Deliverable:** Scored assessment

**Assessment:** Scored 0-100 in the Score field. Pass mark 70.

### Completion criteria
- Every step is done and the expected result is demonstrated
- Evidence is attached to the issue and the deliverable is in your workbook or document set
- Accounting and integration impact are written down where documents were created
- Actual time is logged against the issue
- Instructor Review is Approved and the status is Completed

**Estimated time:** 1 h

**Next task:** Last task of this topic","Integration","V08 - Integration","TOPIC-041","MM-LAB-080","1","Level 2 - SAP MM Core","28 MM-PP Integration","Integration","MRP Procurement","0","PP","L3 - Intermediate","0","1","Integration","","SAP S/4HANA Training System","S/4HANA (ECC differences noted)","ECC and S/4HANA","Scored assessment","Scored result","","","Pending"
"REVIEW-28","REVIEW-28","Review","High","[REVIEW-28] Module 28 gate review","**Objective:** Confirm that module 28 (MM-PP Integration) is complete.

### Checklist
- [ ] Every issue of the module is Completed
- [ ] Evidence is attached to every issue
- [ ] Time is logged
- [ ] Assessment score is 70 or higher
- [ ] Configuration workbook, master-data workbook and issue log are up to date

**Assessment:** Instructor confirms the checklist and records the gate decision.

**Estimated time:** 1 h","","V08 - Integration","MOD-28","ASM-028","1","Level 2 - SAP MM Core","28 MM-PP Integration","","","0","","","0","1","","","","","","Gate decision","Instructor sign-off","","","Pending"
"MOD-29","MOD-29","Module","Normal","[MOD-29] 29 MM-QM Integration","Module 29 of 42. Level 2 - SAP MM Core. Version: V08 - Integration.

Topics: 1. Estimated hours: 7.

- TOPIC-042 MM-QM Integration

The module closes with the gate review REVIEW-29.","","V08 - Integration","EPIC","","","Level 2 - SAP MM Core","29 MM-QM Integration","","","","","","","","","","","","","","","","",""
"TOPIC-042","TOPIC-042","Topic","Normal","[TOPIC-042] MM-QM Integration","**Topics:** Quality inspection; Inspection stock; Usage decision; Supplier quality concepts

**Transaction codes:** MM02; QA32; QA11; QE51N; MIGO; MMBE; QI01

**Fiori apps:** Manage Usage Decisions; Record Inspection Results

**Environment:** SAP S/4HANA Training System

**Tasks:** 3, 6 estimated hours.

- THY-047 Where MM meets QM
- MM-LAB-081 Goods receipt with inspection lot and usage decision
- ASM-029 MM-QM integration assessment","Integration","V08 - Integration","MOD-29","","","Level 2 - SAP MM Core","29 MM-QM Integration","Integration","Procure to Pay","","QM","","","","Integration","","SAP S/4HANA Training System","S/4HANA (ECC differences noted)","ECC and S/4HANA","","","","MM02; QA32; QA11; QE51N; MIGO; MMBE; QI01",""
"THY-047","THY-047","Theory","Normal","[THY-047] Where MM meets QM","**Objective:** Where MM meets QM

**Prerequisites:** ASM-028

**Concepts:** Quality inspection; Inspection stock; Usage decision; Supplier quality concepts

**Fiori apps:** Manage Usage Decisions; Record Inspection Results

**Environment:** SAP S/4HANA Training System

### Steps
- [ ] Study the quality view and inspection type for goods receipt
- [ ] Study the inspection lot and quality inspection stock managed by quality
- [ ] Study the usage decision and stock posting
- [ ] Study quality info records, supplier release and blocks, and certificates

### Expected Result
- Explains why inventory management cannot move stock that belongs to an inspection lot

**Evidence:** Notes

**Deliverable:** Study notes

**Assessment:** Instructor checks the notes and asks short oral questions.

### Completion criteria
- Every step is done and the expected result is demonstrated
- Evidence is attached to the issue and the deliverable is in your workbook or document set
- Accounting and integration impact are written down where documents were created
- Actual time is logged against the issue
- Instructor Review is Approved and the status is Completed

**Estimated time:** 2 h

**Next task:** MM-LAB-081","Integration","V08 - Integration","TOPIC-042","ASM-028","2","Level 2 - SAP MM Core","29 MM-QM Integration","Integration","Procure to Pay","0","QM","L3 - Intermediate","0","0","Integration","","SAP S/4HANA Training System","S/4HANA (ECC differences noted)","ECC and S/4HANA","Study notes","Notes","","","Pending"
"MM-LAB-081","MM-LAB-081","Business Process Lab","Normal","[MM-LAB-081] Goods receipt with inspection lot and usage decision","**LAB ID:** MM-LAB-081

**Title:** Goods receipt with inspection lot and usage decision

**Objective:** Execute the business process - Goods receipt with inspection lot and usage decision - and validate documents, stock and accounting.

**Business Scenario:** Incoming raw material must be inspected before use; part of one delivery fails.

**Prerequisites:** THY-047

**Required Configuration:** Inspection type for goods receipt active (instructor or student in the quality view)

**Master Data:** Materials and suppliers from your master-data workbook.

**Transaction codes:** MM02; MIGO; QA32; QA11 (SAP GUI; use the Fiori app for the same function where one exists)

**Fiori apps:** Manage Usage Decisions; Record Inspection Results

### Procedure
- [ ] Activate the inspection type in the material
- [ ] Post a goods receipt and find the inspection lot
- [ ] Record a usage decision posting most to unrestricted and the rejected part to blocked stock or return

### Expected Result
- Stock leaves quality inspection only by the usage decision

**Accounting Impact:** Display every accounting document created and write its debit and credit lines; where none is created, state why.

**Integration Impact:** QM: inspection lot created by the goods receipt

**Troubleshooting:** Read the full message with its number. Check master data, then configuration, then authorization, then integration. Record each error and its cause in your issue log. If stuck for more than 30 minutes, set the status to Blocked and describe the blocker.

**Validation:** Display the documents created (purchasing document history, material document, accounting document, stock) and compare them with the expected result.

**Evidence:** Document numbers + screenshots

**Deliverable:** Process sheet with document numbers

**Assessment:** Instructor verifies the expected result from the documents and may ask for a live demonstration.

### Completion criteria
- Every step is done and the expected result is demonstrated
- Evidence is attached to the issue and the deliverable is in your workbook or document set
- Accounting and integration impact are written down where documents were created
- Actual time is logged against the issue
- Instructor Review is Approved and the status is Completed

**Estimated time:** 3 h

**Next task:** ASM-029","Integration","V08 - Integration","TOPIC-042","THY-047","3","Level 2 - SAP MM Core","29 MM-QM Integration","Integration","Procure to Pay","1","QM","L3 - Intermediate","1","0","Integration","","SAP S/4HANA Training System","S/4HANA (ECC differences noted)","ECC and S/4HANA","Process sheet with document numbers","Document numbers + screenshots","Incoming raw material must be inspected before use; part of one delivery fails.","MM02; MIGO; QA32; QA11","Pending"
"ASM-029","ASM-029","Assessment","High","[ASM-029] MM-QM integration assessment","**Objective:** MM-QM integration assessment

**Prerequisites:** MM-LAB-081

**Concepts:** Quality inspection; Inspection stock; Usage decision; Supplier quality concepts

**Fiori apps:** Manage Usage Decisions; Record Inspection Results

**Environment:** SAP S/4HANA Training System

### Steps
- [ ] Explain stock and documents for an inspected delivery with a rejection

### Expected Result
- Score of 70 or higher

**Evidence:** Scored result

**Deliverable:** Scored assessment

**Assessment:** Scored 0-100 in the Score field. Pass mark 70.

### Completion criteria
- Every step is done and the expected result is demonstrated
- Evidence is attached to the issue and the deliverable is in your workbook or document set
- Accounting and integration impact are written down where documents were created
- Actual time is logged against the issue
- Instructor Review is Approved and the status is Completed

**Estimated time:** 1 h

**Next task:** Last task of this topic","Integration","V08 - Integration","TOPIC-042","MM-LAB-081","1","Level 2 - SAP MM Core","29 MM-QM Integration","Integration","Procure to Pay","0","QM","L3 - Intermediate","0","1","Integration","","SAP S/4HANA Training System","S/4HANA (ECC differences noted)","ECC and S/4HANA","Scored assessment","Scored result","","","Pending"
"REVIEW-29","REVIEW-29","Review","High","[REVIEW-29] Module 29 gate review","**Objective:** Confirm that module 29 (MM-QM Integration) is complete.

### Checklist
- [ ] Every issue of the module is Completed
- [ ] Evidence is attached to every issue
- [ ] Time is logged
- [ ] Assessment score is 70 or higher
- [ ] Configuration workbook, master-data workbook and issue log are up to date

**Assessment:** Instructor confirms the checklist and records the gate decision.

**Estimated time:** 1 h","","V08 - Integration","MOD-29","ASM-029","1","Level 2 - SAP MM Core","29 MM-QM Integration","","","0","","","0","1","","","","","","Gate decision","Instructor sign-off","","","Pending"
"MOD-30","MOD-30","Module","Normal","[MOD-30] 30 MM-WM/EWM Integration","Module 30 of 42. Level 2 - SAP MM Core. Version: V08 - Integration.

Topics: 1. Estimated hours: 8.

- TOPIC-043 MM-WM/EWM Integration

The module closes with the gate review REVIEW-30.","","V08 - Integration","EPIC","","","Level 2 - SAP MM Core","30 MM-WM/EWM Integration","","","","","","","","","","","","","","","","",""
"TOPIC-043","TOPIC-043","Topic","Normal","[TOPIC-043] MM-WM/EWM Integration","**Topics:** Warehouse integration; Putaway; Picking; Stock movements; Warehouse management concepts; EWM integration

**Transaction codes:** MIGO; VL31N; VL32N; LT01; LT0A; LS26; /SCWM/MON; /SCWM/PRDI

**Fiori apps:** None listed

**Environment:** SAP S/4HANA Training System

**Tasks:** 3, 7 estimated hours.

- THY-048 Inventory management versus warehouse management
- EX-020 Inbound with warehouse management: guided walkthrough
- ASM-030 MM-WM/EWM integration assessment","Integration","V08 - Integration","MOD-30","","","Level 2 - SAP MM Core","30 MM-WM/EWM Integration","Integration","Inventory Management","","WM/EWM","","","","Integration","","SAP S/4HANA Training System","S/4HANA (ECC differences noted)","ECC and S/4HANA (changed in S/4HANA)","","","","MIGO; VL31N; VL32N; LT01; LT0A; LS26; /SCWM/MON; /SCWM/PRDI",""
"THY-048","THY-048","Theory","Normal","[THY-048] Inventory management versus warehouse management","**Objective:** Inventory management versus warehouse management

**Prerequisites:** ASM-029

**Concepts:** Warehouse integration; Putaway; Picking; Stock movements; Warehouse management concepts; EWM integration

**Environment:** SAP S/4HANA Training System

### Steps
- [ ] Study stock at storage location level versus bin level
- [ ] Study the classic warehouse number, storage types and transfer orders
- [ ] Study embedded and decentralised extended warehouse management, the inbound delivery and warehouse tasks
- [ ] Study stock room management in S/4HANA
- [ ] Study which document posts the goods receipt in each setup

### Expected Result
- Explains where the goods receipt is posted with and without warehouse management

**Evidence:** Notes

**Deliverable:** Study notes

**Assessment:** Instructor checks the notes and asks short oral questions.

### Completion criteria
- Every step is done and the expected result is demonstrated
- Evidence is attached to the issue and the deliverable is in your workbook or document set
- Accounting and integration impact are written down where documents were created
- Actual time is logged against the issue
- Instructor Review is Approved and the status is Completed

**Estimated time:** 3 h

**Next task:** EX-020","Integration","V08 - Integration","TOPIC-043","ASM-029","3","Level 2 - SAP MM Core","30 MM-WM/EWM Integration","Integration","Inventory Management","0","WM/EWM","L3 - Intermediate","0","0","Integration","","SAP S/4HANA Training System","S/4HANA (ECC differences noted)","ECC and S/4HANA (changed in S/4HANA)","Study notes","Notes","","","Pending"
"EX-020","EX-020","Practical Exercise","Normal","[EX-020] Inbound with warehouse management: guided walkthrough","**Objective:** Inbound with warehouse management: guided walkthrough

**Business Scenario:** Deliveries to the distribution centre are put away into bins before stock is available.

**Prerequisites:** THY-048

**Concepts:** Warehouse integration; Putaway; Picking; Stock movements; Warehouse management concepts; EWM integration

**Transaction codes:** VL31N; MIGO (SAP GUI; use the Fiori app for the same function where one exists)

**Environment:** SAP S/4HANA Training System

### Steps
- [ ] With the instructor's warehouse-managed storage location create an inbound delivery for a purchase order
- [ ] Follow putaway by transfer order or warehouse task
- [ ] Follow the goods receipt and stock at bin level
- [ ] Follow a pick for a goods issue
- [ ] Where no warehouse is configured, document the flow from the instructor's demonstration

### Expected Result
- Flow diagram shows documents and stock at each step

**Evidence:** Worked result + screenshots

**Deliverable:** Inbound and outbound flow diagram

**Assessment:** Instructor checks the worked result.

### Completion criteria
- Every step is done and the expected result is demonstrated
- Evidence is attached to the issue and the deliverable is in your workbook or document set
- Accounting and integration impact are written down where documents were created
- Actual time is logged against the issue
- Instructor Review is Approved and the status is Completed

**Estimated time:** 3 h

**Next task:** ASM-030","Integration","V08 - Integration","TOPIC-043","THY-048","3","Level 2 - SAP MM Core","30 MM-WM/EWM Integration","Integration","Inventory Management","0","WM/EWM","L3 - Intermediate","0","0","Integration","","SAP S/4HANA Training System","S/4HANA (ECC differences noted)","ECC and S/4HANA (changed in S/4HANA)","Inbound and outbound flow diagram","Worked result + screenshots","Deliveries to the distribution centre are put away into bins before stock is available.","VL31N; MIGO","Pending"
"ASM-030","ASM-030","Assessment","High","[ASM-030] MM-WM/EWM integration assessment","**Objective:** MM-WM/EWM integration assessment

**Prerequisites:** EX-020

**Concepts:** Warehouse integration; Putaway; Picking; Stock movements; Warehouse management concepts; EWM integration

**Environment:** SAP S/4HANA Training System

### Steps
- [ ] Explain an inbound and an outbound flow in a warehouse-managed plant

### Expected Result
- Score of 70 or higher

**Evidence:** Scored result

**Deliverable:** Scored assessment

**Assessment:** Scored 0-100 in the Score field. Pass mark 70.

### Completion criteria
- Every step is done and the expected result is demonstrated
- Evidence is attached to the issue and the deliverable is in your workbook or document set
- Accounting and integration impact are written down where documents were created
- Actual time is logged against the issue
- Instructor Review is Approved and the status is Completed

**Estimated time:** 1 h

**Next task:** Last task of this topic","Integration","V08 - Integration","TOPIC-043","EX-020","1","Level 2 - SAP MM Core","30 MM-WM/EWM Integration","Integration","Inventory Management","0","WM/EWM","L3 - Intermediate","0","1","Integration","","SAP S/4HANA Training System","S/4HANA (ECC differences noted)","ECC and S/4HANA (changed in S/4HANA)","Scored assessment","Scored result","","","Pending"
"REVIEW-30","REVIEW-30","Review","High","[REVIEW-30] Module 30 gate review","**Objective:** Confirm that module 30 (MM-WM/EWM Integration) is complete.

### Checklist
- [ ] Every issue of the module is Completed
- [ ] Evidence is attached to every issue
- [ ] Time is logged
- [ ] Assessment score is 70 or higher
- [ ] Configuration workbook, master-data workbook and issue log are up to date

**Assessment:** Instructor confirms the checklist and records the gate decision.

**Estimated time:** 1 h","","V08 - Integration","MOD-30","ASM-030","1","Level 2 - SAP MM Core","30 MM-WM/EWM Integration","","","0","","","0","1","","","","","","Gate decision","Instructor sign-off","","","Pending"
"MOD-31","MOD-31","Module","Normal","[MOD-31] 31 S/4HANA Procurement","Module 31 of 42. Level 3 - Advanced SAP MM. Version: V09 - S/4HANA.

Topics: 2. Estimated hours: 16.

- TOPIC-044 SAP S/4HANA Procurement
- TOPIC-045 Source-to-Pay

The module closes with the gate review REVIEW-31.","","V09 - S/4HANA","EPIC","","","Level 3 - Advanced SAP MM","31 S/4HANA Procurement","","","","","","","","","","","","","","","","",""
"TOPIC-044","TOPIC-044","Topic","Normal","[TOPIC-044] SAP S/4HANA Procurement","**Topics:** SAP S/4HANA architecture; SAP Fiori; Business Partner; Supplier management; Simplification items; Procurement innovations; Embedded analytics; Workflow; Flexible workflow; APIs; CDS concepts; Extensibility concepts; ECC MM vs S/4HANA Procurement

**Transaction codes:** BP; MIGO; SE16N; MD01N

**Fiori apps:** None listed

**Environment:** SAP S/4HANA Training System

**Tasks:** 3, 9 estimated hours.

- THY-049 S/4HANA architecture and the MM simplifications
- THY-050 Procurement innovations, APIs, CDS and extensibility
- EX-021 Data model: where stock and documents live in S/4HANA","S/4HANA","V09 - S/4HANA","MOD-31","","","Level 3 - Advanced SAP MM","31 S/4HANA Procurement","S/4HANA","Procure to Pay","","None","","","","S/4HANA","","SAP S/4HANA Training System","S/4HANA (ECC differences noted)","S/4HANA only","","","","BP; MIGO; SE16N; MD01N",""
"THY-049","THY-049","Theory","Normal","[THY-049] S/4HANA architecture and the MM simplifications","**Objective:** S/4HANA architecture and the MM simplifications

**Prerequisites:** ASM-030

**Concepts:** SAP S/4HANA architecture; SAP Fiori; Business Partner; Supplier management; Simplification items; Procurement innovations; Embedded analytics; Workflow; Flexible workflow; APIs; CDS concepts; Extensibility concepts; ECC MM vs S/4HANA Procurement

**Environment:** SAP S/4HANA Training System

### Steps
- [ ] Study the in-memory database and the simplified data model
- [ ] Study the simplification items: business partner, material number length, new inventory data model, Material Ledger, obsolete inventory transactions replaced by the single goods movement transaction, output management, MRP Live, service procurement, foreign trade, supplier evaluation
- [ ] Study compatibility scope

### Expected Result
- Lists ten MM simplifications and what replaced each

**Evidence:** Notes

**Deliverable:** Comparison table: ECC MM vs S/4HANA Procurement

**Assessment:** Instructor checks the notes and asks short oral questions.

### Completion criteria
- Every step is done and the expected result is demonstrated
- Evidence is attached to the issue and the deliverable is in your workbook or document set
- Accounting and integration impact are written down where documents were created
- Actual time is logged against the issue
- Instructor Review is Approved and the status is Completed

**Estimated time:** 4 h

**Next task:** THY-050","S/4HANA","V09 - S/4HANA","TOPIC-044","ASM-030","4","Level 3 - Advanced SAP MM","31 S/4HANA Procurement","S/4HANA","Procure to Pay","0","None","L4 - Advanced","0","0","S/4HANA","","SAP S/4HANA Training System","S/4HANA (ECC differences noted)","S/4HANA only","Comparison table: ECC MM vs S/4HANA Procurement","Notes","","","Pending"
"THY-050","THY-050","Theory","Normal","[THY-050] Procurement innovations, APIs, CDS and extensibility","**Objective:** Procurement innovations, APIs, CDS and extensibility

**Prerequisites:** THY-049

**Concepts:** SAP S/4HANA architecture; SAP Fiori; Business Partner; Supplier management; Simplification items; Procurement innovations; Embedded analytics; Workflow; Flexible workflow; APIs; CDS concepts; Extensibility concepts; ECC MM vs S/4HANA Procurement

**Environment:** SAP S/4HANA Training System

### Steps
- [ ] Study central procurement, self-service requisitioning, supplier and category management and situation handling at concept level
- [ ] Study released APIs for purchase orders and requisitions
- [ ] Study core data services as the base of analytics
- [ ] Study key user and developer extensibility

### Expected Result
- Explains when to use an API, a CDS view and a custom field

**Evidence:** Notes

**Deliverable:** Study notes

**Assessment:** Instructor checks the notes and asks short oral questions.

### Completion criteria
- Every step is done and the expected result is demonstrated
- Evidence is attached to the issue and the deliverable is in your workbook or document set
- Accounting and integration impact are written down where documents were created
- Actual time is logged against the issue
- Instructor Review is Approved and the status is Completed

**Estimated time:** 3 h

**Next task:** EX-021","S/4HANA","V09 - S/4HANA","TOPIC-044","THY-049","3","Level 3 - Advanced SAP MM","31 S/4HANA Procurement","S/4HANA","Procure to Pay","0","None","L4 - Advanced","0","0","S/4HANA","","SAP S/4HANA Training System","S/4HANA (ECC differences noted)","S/4HANA only","Study notes","Notes","","","Pending"
"EX-021","EX-021","Practical Exercise","Normal","[EX-021] Data model: where stock and documents live in S/4HANA","**Objective:** Data model: where stock and documents live in S/4HANA

**Prerequisites:** THY-050

**Concepts:** SAP S/4HANA architecture; SAP Fiori; Business Partner; Supplier management; Simplification items; Procurement innovations; Embedded analytics; Workflow; Flexible workflow; APIs; CDS concepts; Extensibility concepts; ECC MM vs S/4HANA Procurement

**Transaction codes:** SE16N (SAP GUI; use the Fiori app for the same function where one exists)

**Environment:** SAP S/4HANA Training System

### Steps
- [ ] Display the material document table and the purchasing tables for the first purchase
- [ ] Note which former stock and index tables are now calculated views

### Expected Result
- Finds one material document and its stock effect in the table

**Evidence:** Worked result + screenshots

**Deliverable:** Exercise sheet

**Assessment:** Instructor checks the worked result.

### Completion criteria
- Every step is done and the expected result is demonstrated
- Evidence is attached to the issue and the deliverable is in your workbook or document set
- Accounting and integration impact are written down where documents were created
- Actual time is logged against the issue
- Instructor Review is Approved and the status is Completed

**Estimated time:** 2 h

**Next task:** Last task of this topic","S/4HANA","V09 - S/4HANA","TOPIC-044","THY-050","2","Level 3 - Advanced SAP MM","31 S/4HANA Procurement","S/4HANA","Procure to Pay","0","None","L4 - Advanced","0","0","S/4HANA","","SAP S/4HANA Training System","S/4HANA (ECC differences noted)","S/4HANA only","Exercise sheet","Worked result + screenshots","","SE16N","Pending"
"TOPIC-045","TOPIC-045","Topic","Normal","[TOPIC-045] Source-to-Pay","**Topics:** Supplier discovery; Supplier qualification; Sourcing; RFQ; Quotation; Supplier selection; Contract; Purchase requisition; Purchase order; Goods receipt; Invoice; Payment; Supplier evaluation; Where SAP MM participates in every stage

**Transaction codes:** ME41; ME31K; ME21N; MIRO; ME61

**Fiori apps:** None listed

**Environment:** SAP S/4HANA Training System

**Tasks:** 3, 6 estimated hours.

- THY-051 Source-to-Pay and the place of MM
- ASG-004 Assignment: map the course company to Source-to-Pay
- ASM-031 S/4HANA procurement assessment","S/4HANA","V09 - S/4HANA","MOD-31","","","Level 3 - Advanced SAP MM","31 S/4HANA Procurement","S/4HANA","Source to Pay","","None","","","","S/4HANA","","SAP S/4HANA Training System","S/4HANA (ECC differences noted)","S/4HANA only","","","","ME41; ME31K; ME21N; MIRO; ME61",""
"THY-051","THY-051","Theory","Normal","[THY-051] Source-to-Pay and the place of MM","**Objective:** Source-to-Pay and the place of MM

**Prerequisites:** EX-021

**Concepts:** Supplier discovery; Supplier qualification; Sourcing; RFQ; Quotation; Supplier selection; Contract; Purchase requisition; Purchase order; Goods receipt; Invoice; Payment; Supplier evaluation; Where SAP MM participates in every stage

**Environment:** SAP S/4HANA Training System

### Steps
- [ ] Study the thirteen stages from supplier discovery to supplier evaluation
- [ ] For each stage note what MM does, what another SAP solution does and what stays outside the system

### Expected Result
- Completes the stage table with MM participation

**Evidence:** Notes

**Deliverable:** Source-to-Pay stage table

**Assessment:** Instructor checks the notes and asks short oral questions.

### Completion criteria
- Every step is done and the expected result is demonstrated
- Evidence is attached to the issue and the deliverable is in your workbook or document set
- Accounting and integration impact are written down where documents were created
- Actual time is logged against the issue
- Instructor Review is Approved and the status is Completed

**Estimated time:** 2 h

**Next task:** ASG-004","S/4HANA","V09 - S/4HANA","TOPIC-045","EX-021","2","Level 3 - Advanced SAP MM","31 S/4HANA Procurement","S/4HANA","Source to Pay","0","None","L3 - Intermediate","0","0","S/4HANA","","SAP S/4HANA Training System","S/4HANA (ECC differences noted)","S/4HANA only","Source-to-Pay stage table","Notes","","","Pending"
"ASG-004","ASG-004","Assignment","Normal","[ASG-004] Assignment: map the course company to Source-to-Pay","**Objective:** Assignment: map the course company to Source-to-Pay

**Prerequisites:** THY-051

**Concepts:** Supplier discovery; Supplier qualification; Sourcing; RFQ; Quotation; Supplier selection; Contract; Purchase requisition; Purchase order; Goods receipt; Invoice; Payment; Supplier evaluation; Where SAP MM participates in every stage

**Environment:** SAP S/4HANA Training System

### Steps
- [ ] For Global Manufacturing Corporation describe each stage with the document, the owner and the system used

### Expected Result
- All thirteen stages are described

**Evidence:** Written deliverable

**Deliverable:** Source-to-Pay process description

**Assessment:** Instructor reviews the document for completeness and reasoning.

### Completion criteria
- Every step is done and the expected result is demonstrated
- Evidence is attached to the issue and the deliverable is in your workbook or document set
- Accounting and integration impact are written down where documents were created
- Actual time is logged against the issue
- Instructor Review is Approved and the status is Completed

**Estimated time:** 2 h

**Next task:** ASM-031","S/4HANA","V09 - S/4HANA","TOPIC-045","THY-051","2","Level 3 - Advanced SAP MM","31 S/4HANA Procurement","S/4HANA","Source to Pay","0","None","L3 - Intermediate","0","0","S/4HANA","","SAP S/4HANA Training System","S/4HANA (ECC differences noted)","S/4HANA only","Source-to-Pay process description","Written deliverable","","","Pending"
"ASM-031","ASM-031","Assessment","High","[ASM-031] S/4HANA procurement assessment","**Objective:** S/4HANA procurement assessment

**Prerequisites:** ASG-004

**Concepts:** Supplier discovery; Supplier qualification; Sourcing; RFQ; Quotation; Supplier selection; Contract; Purchase requisition; Purchase order; Goods receipt; Invoice; Payment; Supplier evaluation; Where SAP MM participates in every stage

**Environment:** SAP S/4HANA Training System

### Steps
- [ ] Answer design questions on S/4HANA differences

### Expected Result
- Score of 70 or higher

**Evidence:** Scored result

**Deliverable:** Scored assessment

**Assessment:** Scored 0-100 in the Score field. Pass mark 70.

### Completion criteria
- Every step is done and the expected result is demonstrated
- Evidence is attached to the issue and the deliverable is in your workbook or document set
- Accounting and integration impact are written down where documents were created
- Actual time is logged against the issue
- Instructor Review is Approved and the status is Completed

**Estimated time:** 2 h

**Next task:** Last task of this topic","S/4HANA","V09 - S/4HANA","TOPIC-045","ASG-004","2","Level 3 - Advanced SAP MM","31 S/4HANA Procurement","S/4HANA","Source to Pay","0","None","L3 - Intermediate","0","1","S/4HANA","","SAP S/4HANA Training System","S/4HANA (ECC differences noted)","S/4HANA only","Scored assessment","Scored result","","","Pending"
"REVIEW-31","REVIEW-31","Review","High","[REVIEW-31] Module 31 gate review","**Objective:** Confirm that module 31 (S/4HANA Procurement) is complete.

### Checklist
- [ ] Every issue of the module is Completed
- [ ] Evidence is attached to every issue
- [ ] Time is logged
- [ ] Assessment score is 70 or higher
- [ ] Configuration workbook, master-data workbook and issue log are up to date

**Assessment:** Instructor confirms the checklist and records the gate decision.

**Estimated time:** 1 h","","V09 - S/4HANA","MOD-31","EX-021, ASM-031","1","Level 3 - Advanced SAP MM","31 S/4HANA Procurement","","","0","","","0","1","","","","","","Gate decision","Instructor sign-off","","","Pending"
"MOD-32","MOD-32","Module","Normal","[MOD-32] 32 Fiori","Module 32 of 42. Level 3 - Advanced SAP MM. Version: V09 - S/4HANA.

Topics: 1. Estimated hours: 14.

- TOPIC-046 S/4HANA Fiori Procurement

The module closes with the gate review REVIEW-32.","","V09 - S/4HANA","EPIC","","","Level 3 - Advanced SAP MM","32 Fiori","","","","","","","","","","","","","","","","",""
"TOPIC-046","TOPIC-046","Topic","Normal","[TOPIC-046] S/4HANA Fiori Procurement","**Topics:** Fiori launchpad; Business roles; Procurement apps; Purchase requisition apps; Purchase order apps; Supplier apps; Goods movement apps; Invoice apps; Approval apps; Analytical apps; Classic SAP GUI approach vs S/4HANA Fiori approach for every process

**Transaction codes:** /UI2/FLP

**Fiori apps:** Create Purchase Requisition; Manage Purchase Requisitions; Manage Purchase Orders; Manage Supplier Master Data; Post Goods Receipt for Purchasing Document; Manage Stock; Create Supplier Invoice; My Inbox; Procurement Overview

**Environment:** SAP S/4HANA Training System

**Tasks:** 6, 13 estimated hours.

- THY-052 Fiori app types, business roles and the apps reference library
- MM-LAB-082 Fiori exercise: purchaser
- MM-LAB-083 Fiori exercise: warehouse clerk and inventory manager
- MM-LAB-084 Fiori exercise: accounts payable
- ASG-005 Assignment: GUI versus Fiori table
- ASM-032 Fiori assessment","Fiori","V09 - S/4HANA","MOD-32","","","Level 3 - Advanced SAP MM","32 Fiori","Fiori","Procure to Pay","","None","","","","S/4HANA","","SAP S/4HANA Training System","S/4HANA (ECC differences noted)","S/4HANA only","","","","/UI2/FLP",""
"THY-052","THY-052","Theory","Normal","[THY-052] Fiori app types, business roles and the apps reference library","**Objective:** Fiori app types, business roles and the apps reference library

**Prerequisites:** ASM-031

**Concepts:** Fiori launchpad; Business roles; Procurement apps; Purchase requisition apps; Purchase order apps; Supplier apps; Goods movement apps; Invoice apps; Approval apps; Analytical apps; Classic SAP GUI approach vs S/4HANA Fiori approach for every process

**Fiori apps:** Create Purchase Requisition; Manage Purchase Requisitions; Manage Purchase Orders; Manage Supplier Master Data; Post Goods Receipt for Purchasing Document; Manage Stock; Create Supplier Invoice; My Inbox; Procurement Overview

**Environment:** SAP S/4HANA Training System

### Steps
- [ ] Study transactional, analytical and fact sheet apps
- [ ] Study the business roles purchaser, strategic buyer, warehouse clerk, inventory manager and accounts payable accountant
- [ ] Find the app for a transaction in the reference library

### Expected Result
- Finds app and role for ten MM tasks

**Evidence:** Notes

**Deliverable:** Study notes

**Assessment:** Instructor checks the notes and asks short oral questions.

### Completion criteria
- Every step is done and the expected result is demonstrated
- Evidence is attached to the issue and the deliverable is in your workbook or document set
- Accounting and integration impact are written down where documents were created
- Actual time is logged against the issue
- Instructor Review is Approved and the status is Completed

**Estimated time:** 2 h

**Next task:** MM-LAB-082","Fiori","V09 - S/4HANA","TOPIC-046","ASM-031","2","Level 3 - Advanced SAP MM","32 Fiori","Fiori","Procure to Pay","0","None","L3 - Intermediate","0","0","S/4HANA","","SAP S/4HANA Training System","S/4HANA (ECC differences noted)","S/4HANA only","Study notes","Notes","","","Pending"
"MM-LAB-082","MM-LAB-082","Business Process Lab","Normal","[MM-LAB-082] Fiori exercise: purchaser","**LAB ID:** MM-LAB-082

**Title:** Fiori exercise: purchaser

**Objective:** Execute the business process - Fiori exercise: purchaser - and validate documents, stock and accounting.

**Business Scenario:** A buyer works a full day in the launchpad only.

**Prerequisites:** THY-052

**Required Configuration:** Organizational structure, document types and account determination as configured in the earlier modules of this client.

**Master Data:** Materials and suppliers from your master-data workbook.

**Transaction codes:** /UI2/FLP (SAP GUI; use the Fiori app for the same function where one exists)

**Fiori apps:** Create Purchase Requisition; Manage Purchase Requisitions; Manage Purchase Orders; Manage Supplier Master Data; Post Goods Receipt for Purchasing Document; Manage Stock; Create Supplier Invoice; My Inbox; Procurement Overview

### Procedure
- [ ] Create and manage requisitions
- [ ] Process requisitions into orders
- [ ] Manage orders and monitor items
- [ ] Maintain an info record and a source list
- [ ] Approve in the inbox

### Expected Result
- Requisition to approved order is completed in Fiori

**Accounting Impact:** Display every accounting document created and write its debit and credit lines; where none is created, state why.

**Integration Impact:** None beyond materials management.

**Troubleshooting:** Read the full message with its number. Check master data, then configuration, then authorization, then integration. Record each error and its cause in your issue log. If stuck for more than 30 minutes, set the status to Blocked and describe the blocker.

**Validation:** Display the documents created (purchasing document history, material document, accounting document, stock) and compare them with the expected result.

**Evidence:** Document numbers + screenshots

**Deliverable:** Process sheet with document numbers

**Assessment:** Instructor verifies the expected result from the documents and may ask for a live demonstration.

### Completion criteria
- Every step is done and the expected result is demonstrated
- Evidence is attached to the issue and the deliverable is in your workbook or document set
- Accounting and integration impact are written down where documents were created
- Actual time is logged against the issue
- Instructor Review is Approved and the status is Completed

**Estimated time:** 3 h

**Next task:** MM-LAB-083","Fiori","V09 - S/4HANA","TOPIC-046","THY-052","3","Level 3 - Advanced SAP MM","32 Fiori","Fiori","Procure to Pay","0","None","L3 - Intermediate","1","0","S/4HANA","","SAP S/4HANA Training System","S/4HANA (ECC differences noted)","S/4HANA only","Process sheet with document numbers","Document numbers + screenshots","A buyer works a full day in the launchpad only.","/UI2/FLP","Pending"
"MM-LAB-083","MM-LAB-083","Business Process Lab","Normal","[MM-LAB-083] Fiori exercise: warehouse clerk and inventory manager","**LAB ID:** MM-LAB-083

**Title:** Fiori exercise: warehouse clerk and inventory manager

**Objective:** Execute the business process - Fiori exercise: warehouse clerk and inventory manager - and validate documents, stock and accounting.

**Business Scenario:** The stores team posts all movements from apps.

**Prerequisites:** MM-LAB-082

**Required Configuration:** Organizational structure, document types and account determination as configured in the earlier modules of this client.

**Master Data:** Materials and suppliers from your master-data workbook.

**Transaction codes:** /UI2/FLP (SAP GUI; use the Fiori app for the same function where one exists)

**Fiori apps:** Create Purchase Requisition; Manage Purchase Requisitions; Manage Purchase Orders; Manage Supplier Master Data; Post Goods Receipt for Purchasing Document; Manage Stock; Create Supplier Invoice; My Inbox; Procurement Overview

### Procedure
- [ ] Post goods receipt for an order
- [ ] Transfer stock in plant and across plants
- [ ] Manage stock for scrapping and initial entry
- [ ] Display stock for single and multiple materials
- [ ] Create and count a physical inventory document

### Expected Result
- All movements are posted in Fiori and found in the material documents overview

**Accounting Impact:** Display every accounting document created and write its debit and credit lines; where none is created, state why.

**Integration Impact:** None beyond materials management.

**Troubleshooting:** Read the full message with its number. Check master data, then configuration, then authorization, then integration. Record each error and its cause in your issue log. If stuck for more than 30 minutes, set the status to Blocked and describe the blocker.

**Validation:** Display the documents created (purchasing document history, material document, accounting document, stock) and compare them with the expected result.

**Evidence:** Document numbers + screenshots

**Deliverable:** Process sheet with document numbers

**Assessment:** Instructor verifies the expected result from the documents and may ask for a live demonstration.

### Completion criteria
- Every step is done and the expected result is demonstrated
- Evidence is attached to the issue and the deliverable is in your workbook or document set
- Accounting and integration impact are written down where documents were created
- Actual time is logged against the issue
- Instructor Review is Approved and the status is Completed

**Estimated time:** 3 h

**Next task:** MM-LAB-084","Fiori","V09 - S/4HANA","TOPIC-046","MM-LAB-082","3","Level 3 - Advanced SAP MM","32 Fiori","Fiori","Procure to Pay","0","None","L3 - Intermediate","1","0","S/4HANA","","SAP S/4HANA Training System","S/4HANA (ECC differences noted)","S/4HANA only","Process sheet with document numbers","Document numbers + screenshots","The stores team posts all movements from apps.","/UI2/FLP","Pending"
"MM-LAB-084","MM-LAB-084","Business Process Lab","Normal","[MM-LAB-084] Fiori exercise: accounts payable","**LAB ID:** MM-LAB-084

**Title:** Fiori exercise: accounts payable

**Objective:** Execute the business process - Fiori exercise: accounts payable - and validate documents, stock and accounting.

**Business Scenario:** The invoice clerk posts and releases invoices from apps.

**Prerequisites:** MM-LAB-083

**Required Configuration:** Organizational structure, document types and account determination as configured in the earlier modules of this client.

**Master Data:** Materials and suppliers from your master-data workbook.

**Transaction codes:** /UI2/FLP (SAP GUI; use the Fiori app for the same function where one exists)

**Fiori apps:** Create Purchase Requisition; Manage Purchase Requisitions; Manage Purchase Orders; Manage Supplier Master Data; Post Goods Receipt for Purchasing Document; Manage Stock; Create Supplier Invoice; My Inbox; Procurement Overview

### Procedure
- [ ] Create a supplier invoice
- [ ] List and manage invoices
- [ ] Release a blocked invoice
- [ ] Clear a GR/IR item

### Expected Result
- Invoice is posted and released in Fiori

**Accounting Impact:** Display every accounting document created and write its debit and credit lines; where none is created, state why.

**Integration Impact:** None beyond materials management.

**Troubleshooting:** Read the full message with its number. Check master data, then configuration, then authorization, then integration. Record each error and its cause in your issue log. If stuck for more than 30 minutes, set the status to Blocked and describe the blocker.

**Validation:** Display the documents created (purchasing document history, material document, accounting document, stock) and compare them with the expected result.

**Evidence:** Document numbers + screenshots

**Deliverable:** Process sheet with document numbers

**Assessment:** Instructor verifies the expected result from the documents and may ask for a live demonstration.

### Completion criteria
- Every step is done and the expected result is demonstrated
- Evidence is attached to the issue and the deliverable is in your workbook or document set
- Accounting and integration impact are written down where documents were created
- Actual time is logged against the issue
- Instructor Review is Approved and the status is Completed

**Estimated time:** 2 h

**Next task:** ASG-005","Fiori","V09 - S/4HANA","TOPIC-046","MM-LAB-083","2","Level 3 - Advanced SAP MM","32 Fiori","Fiori","Procure to Pay","0","None","L3 - Intermediate","1","0","S/4HANA","","SAP S/4HANA Training System","S/4HANA (ECC differences noted)","S/4HANA only","Process sheet with document numbers","Document numbers + screenshots","The invoice clerk posts and releases invoices from apps.","/UI2/FLP","Pending"
"ASG-005","ASG-005","Assignment","Normal","[ASG-005] Assignment: GUI versus Fiori table","**Objective:** Assignment: GUI versus Fiori table

**Prerequisites:** MM-LAB-084

**Concepts:** Fiori launchpad; Business roles; Procurement apps; Purchase requisition apps; Purchase order apps; Supplier apps; Goods movement apps; Invoice apps; Approval apps; Analytical apps; Classic SAP GUI approach vs S/4HANA Fiori approach for every process

**Fiori apps:** Create Purchase Requisition; Manage Purchase Requisitions; Manage Purchase Orders; Manage Supplier Master Data; Post Goods Receipt for Purchasing Document; Manage Stock; Create Supplier Invoice; My Inbox; Procurement Overview

**Environment:** SAP S/4HANA Training System

### Steps
- [ ] For requisition, request for quotation, order, contract, info record, goods receipt, transfer, count, invoice, release and reporting write the classic transaction and the Fiori app with one advantage of each

### Expected Result
- Table covers eleven processes

**Evidence:** Written deliverable

**Deliverable:** GUI versus Fiori table

**Assessment:** Instructor reviews the document for completeness and reasoning.

### Completion criteria
- Every step is done and the expected result is demonstrated
- Evidence is attached to the issue and the deliverable is in your workbook or document set
- Accounting and integration impact are written down where documents were created
- Actual time is logged against the issue
- Instructor Review is Approved and the status is Completed

**Estimated time:** 2 h

**Next task:** ASM-032","Fiori","V09 - S/4HANA","TOPIC-046","MM-LAB-084","2","Level 3 - Advanced SAP MM","32 Fiori","Fiori","Procure to Pay","0","None","L3 - Intermediate","0","0","S/4HANA","","SAP S/4HANA Training System","S/4HANA (ECC differences noted)","S/4HANA only","GUI versus Fiori table","Written deliverable","","","Pending"
"ASM-032","ASM-032","Assessment","High","[ASM-032] Fiori assessment","**Objective:** Fiori assessment

**Prerequisites:** ASG-005

**Concepts:** Fiori launchpad; Business roles; Procurement apps; Purchase requisition apps; Purchase order apps; Supplier apps; Goods movement apps; Invoice apps; Approval apps; Analytical apps; Classic SAP GUI approach vs S/4HANA Fiori approach for every process

**Fiori apps:** Create Purchase Requisition; Manage Purchase Requisitions; Manage Purchase Orders; Manage Supplier Master Data; Post Goods Receipt for Purchasing Document; Manage Stock; Create Supplier Invoice; My Inbox; Procurement Overview

**Environment:** SAP S/4HANA Training System

### Steps
- [ ] Complete a role-based task set in the launchpad

### Expected Result
- Score of 70 or higher

**Evidence:** Scored result

**Deliverable:** Scored assessment

**Assessment:** Scored 0-100 in the Score field. Pass mark 70.

### Completion criteria
- Every step is done and the expected result is demonstrated
- Evidence is attached to the issue and the deliverable is in your workbook or document set
- Accounting and integration impact are written down where documents were created
- Actual time is logged against the issue
- Instructor Review is Approved and the status is Completed

**Estimated time:** 1 h

**Next task:** Last task of this topic","Fiori","V09 - S/4HANA","TOPIC-046","ASG-005","1","Level 3 - Advanced SAP MM","32 Fiori","Fiori","Procure to Pay","0","None","L3 - Intermediate","0","1","S/4HANA","","SAP S/4HANA Training System","S/4HANA (ECC differences noted)","S/4HANA only","Scored assessment","Scored result","","","Pending"
"REVIEW-32","REVIEW-32","Review","High","[REVIEW-32] Module 32 gate review","**Objective:** Confirm that module 32 (Fiori) is complete.

### Checklist
- [ ] Every issue of the module is Completed
- [ ] Evidence is attached to every issue
- [ ] Time is logged
- [ ] Assessment score is 70 or higher
- [ ] Configuration workbook, master-data workbook and issue log are up to date

**Assessment:** Instructor confirms the checklist and records the gate decision.

**Estimated time:** 1 h","","V09 - S/4HANA","MOD-32","ASM-032","1","Level 3 - Advanced SAP MM","32 Fiori","","","0","","","0","1","","","","","","Gate decision","Instructor sign-off","","","Pending"
"MOD-33","MOD-33","Module","Normal","[MOD-33] 33 Analytics","Module 33 of 42. Level 3 - Advanced SAP MM. Version: V09 - S/4HANA.

Topics: 2. Estimated hours: 19.

- TOPIC-047 SAP MM Reporting
- TOPIC-048 Procurement Analytics

The module closes with the gate review REVIEW-33.","","V09 - S/4HANA","EPIC","","","Level 3 - Advanced SAP MM","33 Analytics","","","","","","","","","","","","","","","","",""
"TOPIC-047","TOPIC-047","Topic","Normal","[TOPIC-047] SAP MM Reporting","**Topics:** Reporting for purchasing, purchase requisitions, purchase orders, goods movements, stock, inventory valuation, supplier analysis, invoice verification, material consumption; CDS views; Embedded analytics; Fiori analytical apps; Query/reporting concepts

**Transaction codes:** ME2N; ME2M; ME2L; ME2K; ME5A; ME80FN; MB51; MB52; MB5B; MB5L; MC.9; MB5M; ME1P; MIR6; MB53

**Fiori apps:** Monitor Purchase Order Items; Monitor Purchase Requisition Items; Material Documents Overview; Stock - Multiple Materials; Supplier Invoices List

**Environment:** SAP S/4HANA Training System

**Tasks:** 3, 8 estimated hours.

- MM-LAB-085 Purchasing reports
- MM-LAB-086 Inventory, valuation, consumption and invoice reports
- THY-053 CDS views, embedded analytics and query concepts","Analytics","V09 - S/4HANA","MOD-33","","","Level 3 - Advanced SAP MM","33 Analytics","Analytics","Procure to Pay","","None","","","","S/4HANA","","SAP S/4HANA Training System","S/4HANA (ECC differences noted)","ECC and S/4HANA","","","","ME2N; ME2M; ME2L; ME2K; ME5A; ME80FN; MB51; MB52; MB5B; MB5L; MC.9; MB5M; ME1P; MIR6; MB53",""
"MM-LAB-085","MM-LAB-085","Business Process Lab","Normal","[MM-LAB-085] Purchasing reports","**LAB ID:** MM-LAB-085

**Title:** Purchasing reports

**Objective:** Execute the business process - Purchasing reports - and validate documents, stock and accounting.

**Business Scenario:** The purchasing manager needs weekly lists of open requisitions and orders.

**Prerequisites:** ASM-032

**Required Configuration:** Organizational structure, document types and account determination as configured in the earlier modules of this client.

**Master Data:** Materials and suppliers from your master-data workbook.

**Transaction codes:** ME5A; ME2N; ME2L; ME2M; ME2K; ME80FN; ME1P (SAP GUI; use the Fiori app for the same function where one exists)

**Fiori apps:** Monitor Purchase Order Items; Monitor Purchase Requisition Items; Material Documents Overview; Stock - Multiple Materials; Supplier Invoices List

### Procedure
- [ ] Produce open requisitions
- [ ] orders by supplier, material and account assignment with open receipts and invoices
- [ ] order price history
- [ ] Use selection parameters, scope of list, layouts and variants

### Expected Result
- Each list is produced with a saved variant and layout

**Accounting Impact:** Display every accounting document created and write its debit and credit lines; where none is created, state why.

**Integration Impact:** None beyond materials management.

**Troubleshooting:** Read the full message with its number. Check master data, then configuration, then authorization, then integration. Record each error and its cause in your issue log. If stuck for more than 30 minutes, set the status to Blocked and describe the blocker.

**Validation:** Display the documents created (purchasing document history, material document, accounting document, stock) and compare them with the expected result.

**Evidence:** Document numbers + screenshots

**Deliverable:** Purchasing report pack

**Assessment:** Instructor verifies the expected result from the documents and may ask for a live demonstration.

### Completion criteria
- Every step is done and the expected result is demonstrated
- Evidence is attached to the issue and the deliverable is in your workbook or document set
- Accounting and integration impact are written down where documents were created
- Actual time is logged against the issue
- Instructor Review is Approved and the status is Completed

**Estimated time:** 3 h

**Next task:** MM-LAB-086","Analytics","V09 - S/4HANA","TOPIC-047","ASM-032","3","Level 3 - Advanced SAP MM","33 Analytics","Analytics","Procure to Pay","0","None","L3 - Intermediate","1","0","S/4HANA","","SAP S/4HANA Training System","S/4HANA (ECC differences noted)","ECC and S/4HANA","Purchasing report pack","Document numbers + screenshots","The purchasing manager needs weekly lists of open requisitions and orders.","ME5A; ME2N; ME2L; ME2M; ME2K; ME80FN; ME1P","Pending"
"MM-LAB-086","MM-LAB-086","Business Process Lab","Normal","[MM-LAB-086] Inventory, valuation, consumption and invoice reports","**LAB ID:** MM-LAB-086

**Title:** Inventory, valuation, consumption and invoice reports

**Objective:** Execute the business process - Inventory, valuation, consumption and invoice reports - and validate documents, stock and accounting.

**Business Scenario:** The stores and finance leads need month-end stock and movement reports.

**Prerequisites:** MM-LAB-085

**Required Configuration:** Organizational structure, document types and account determination as configured in the earlier modules of this client.

**Master Data:** Materials and suppliers from your master-data workbook.

**Transaction codes:** MB51; MB52; MB5B; MB5L; MC.9; MB5M; MIR6 (SAP GUI; use the Fiori app for the same function where one exists)

**Fiori apps:** Monitor Purchase Order Items; Monitor Purchase Requisition Items; Material Documents Overview; Stock - Multiple Materials; Supplier Invoices List

### Procedure
- [ ] Produce material document list, warehouse stocks, stock on posting date, stock values against balances, consumption and shelf-life list
- [ ] Produce the invoice overview with blocked invoices

### Expected Result
- Each list is produced and reconciled where a control total exists

**Accounting Impact:** Display every accounting document created and write its debit and credit lines; where none is created, state why.

**Integration Impact:** None beyond materials management.

**Troubleshooting:** Read the full message with its number. Check master data, then configuration, then authorization, then integration. Record each error and its cause in your issue log. If stuck for more than 30 minutes, set the status to Blocked and describe the blocker.

**Validation:** Display the documents created (purchasing document history, material document, accounting document, stock) and compare them with the expected result.

**Evidence:** Document numbers + screenshots

**Deliverable:** Inventory report pack

**Assessment:** Instructor verifies the expected result from the documents and may ask for a live demonstration.

### Completion criteria
- Every step is done and the expected result is demonstrated
- Evidence is attached to the issue and the deliverable is in your workbook or document set
- Accounting and integration impact are written down where documents were created
- Actual time is logged against the issue
- Instructor Review is Approved and the status is Completed

**Estimated time:** 3 h

**Next task:** THY-053","Analytics","V09 - S/4HANA","TOPIC-047","MM-LAB-085","3","Level 3 - Advanced SAP MM","33 Analytics","Analytics","Procure to Pay","0","None","L3 - Intermediate","1","0","S/4HANA","","SAP S/4HANA Training System","S/4HANA (ECC differences noted)","ECC and S/4HANA","Inventory report pack","Document numbers + screenshots","The stores and finance leads need month-end stock and movement reports.","MB51; MB52; MB5B; MB5L; MC.9; MB5M; MIR6","Pending"
"THY-053","THY-053","Theory","Normal","[THY-053] CDS views, embedded analytics and query concepts","**Objective:** CDS views, embedded analytics and query concepts

**Prerequisites:** MM-LAB-086

**Concepts:** Reporting for purchasing, purchase requisitions, purchase orders, goods movements, stock, inventory valuation, supplier analysis, invoice verification, material consumption; CDS views; Embedded analytics; Fiori analytical apps; Query/reporting concepts

**Fiori apps:** Monitor Purchase Order Items; Monitor Purchase Requisition Items; Material Documents Overview; Stock - Multiple Materials; Supplier Invoices List

**Environment:** SAP S/4HANA Training System

### Steps
- [ ] Study core data services as virtual data models
- [ ] Study analytical apps and key figure tiles built on them
- [ ] Study custom queries and custom CDS views at concept level
- [ ] Study the classic information system and its limits

### Expected Result
- Explains how an analytical app gets its data

**Evidence:** Notes

**Deliverable:** Study notes

**Assessment:** Instructor checks the notes and asks short oral questions.

### Completion criteria
- Every step is done and the expected result is demonstrated
- Evidence is attached to the issue and the deliverable is in your workbook or document set
- Accounting and integration impact are written down where documents were created
- Actual time is logged against the issue
- Instructor Review is Approved and the status is Completed

**Estimated time:** 2 h

**Next task:** Last task of this topic","Analytics","V09 - S/4HANA","TOPIC-047","MM-LAB-086","2","Level 3 - Advanced SAP MM","33 Analytics","Analytics","Procure to Pay","0","None","L3 - Intermediate","0","0","S/4HANA","","SAP S/4HANA Training System","S/4HANA (ECC differences noted)","ECC and S/4HANA","Study notes","Notes","","","Pending"
"TOPIC-048","TOPIC-048","Topic","Normal","[TOPIC-048] Procurement Analytics","**Topics:** Procurement KPIs; Spend analysis; Supplier performance; Purchase order analysis; Delivery performance; Price variance; Purchase requisition aging; GR/IR aging; Inventory turnover; Stock value; Slow-moving inventory; Overstock; Stock-out; Procurement cycle time

**Transaction codes:** ME2N; ME5A; MC.9; MB5B; FBL3N; MC46; MC50

**Fiori apps:** Procurement Overview; Purchasing Spend; Overdue Purchase Order Items; Supplier Evaluation by Time; Inventory Turnover Analysis; Slow or Non-Moving Materials; Dead Stock Analysis; Purchase Requisition Item Changes

**Environment:** SAP S/4HANA Training System

**Tasks:** 4, 10 estimated hours.

- THY-054 Procurement and inventory key figures
- MM-LAB-087 Build the procurement dashboard
- MM-LAB-088 Build the inventory dashboard
- ASM-033 Analytics assessment","Analytics","V09 - S/4HANA","MOD-33","","","Level 3 - Advanced SAP MM","33 Analytics","Analytics","Procure to Pay","","None","","","","S/4HANA","","SAP S/4HANA Training System","S/4HANA (ECC differences noted)","S/4HANA only","","","","ME2N; ME5A; MC.9; MB5B; FBL3N; MC46; MC50",""
"THY-054","THY-054","Theory","Normal","[THY-054] Procurement and inventory key figures","**Objective:** Procurement and inventory key figures

**Prerequisites:** THY-053

**Concepts:** Procurement KPIs; Spend analysis; Supplier performance; Purchase order analysis; Delivery performance; Price variance; Purchase requisition aging; GR/IR aging; Inventory turnover; Stock value; Slow-moving inventory; Overstock; Stock-out; Procurement cycle time

**Fiori apps:** Procurement Overview; Purchasing Spend; Overdue Purchase Order Items; Supplier Evaluation by Time; Inventory Turnover Analysis; Slow or Non-Moving Materials; Dead Stock Analysis; Purchase Requisition Item Changes

**Environment:** SAP S/4HANA Training System

### Steps
- [ ] Study each key figure with its formula, data source and the decision it supports: spend, supplier performance, delivery performance, price variance, requisition aging, GR/IR aging, inventory turnover, stock value, slow movers, overstock, stock-out, cycle time

### Expected Result
- Writes formula and source for all fourteen key figures

**Evidence:** Notes

**Deliverable:** Study notes

**Assessment:** Instructor checks the notes and asks short oral questions.

### Completion criteria
- Every step is done and the expected result is demonstrated
- Evidence is attached to the issue and the deliverable is in your workbook or document set
- Accounting and integration impact are written down where documents were created
- Actual time is logged against the issue
- Instructor Review is Approved and the status is Completed

**Estimated time:** 2 h

**Next task:** MM-LAB-087","Analytics","V09 - S/4HANA","TOPIC-048","THY-053","2","Level 3 - Advanced SAP MM","33 Analytics","Analytics","Procure to Pay","0","None","L3 - Intermediate","0","0","S/4HANA","","SAP S/4HANA Training System","S/4HANA (ECC differences noted)","S/4HANA only","Study notes","Notes","","","Pending"
"MM-LAB-087","MM-LAB-087","Business Process Lab","Normal","[MM-LAB-087] Build the procurement dashboard","**LAB ID:** MM-LAB-087

**Title:** Build the procurement dashboard

**Objective:** Execute the business process - Build the procurement dashboard - and validate documents, stock and accounting.

**Business Scenario:** The head of procurement wants one page of key figures each month.

**Prerequisites:** THY-054

**Required Configuration:** Organizational structure, document types and account determination as configured in the earlier modules of this client.

**Master Data:** Materials and suppliers from your master-data workbook.

**Transaction codes:** ME2N; ME5A; MC.9; MB5B; FBL3N; MC46; MC50 (SAP GUI; use the Fiori app for the same function where one exists)

**Fiori apps:** Procurement Overview; Purchasing Spend; Overdue Purchase Order Items; Supplier Evaluation by Time; Inventory Turnover Analysis; Slow or Non-Moving Materials; Dead Stock Analysis; Purchase Requisition Item Changes

### Procedure
- [ ] Use analytical apps or list reports with spreadsheet export
- [ ] Produce spend by supplier and material group, supplier delivery performance, price variance, requisition aging, GR/IR aging and procurement cycle time
- [ ] Assemble a one-page dashboard

### Expected Result
- Dashboard shows six key figures with the period and source

**Accounting Impact:** Display every accounting document created and write its debit and credit lines; where none is created, state why.

**Integration Impact:** None beyond materials management.

**Troubleshooting:** Read the full message with its number. Check master data, then configuration, then authorization, then integration. Record each error and its cause in your issue log. If stuck for more than 30 minutes, set the status to Blocked and describe the blocker.

**Validation:** Display the documents created (purchasing document history, material document, accounting document, stock) and compare them with the expected result.

**Evidence:** Document numbers + screenshots

**Deliverable:** Procurement dashboard

**Assessment:** Instructor verifies the expected result from the documents and may ask for a live demonstration.

### Completion criteria
- Every step is done and the expected result is demonstrated
- Evidence is attached to the issue and the deliverable is in your workbook or document set
- Accounting and integration impact are written down where documents were created
- Actual time is logged against the issue
- Instructor Review is Approved and the status is Completed

**Estimated time:** 4 h

**Next task:** MM-LAB-088","Analytics","V09 - S/4HANA","TOPIC-048","THY-054","4","Level 3 - Advanced SAP MM","33 Analytics","Analytics","Procure to Pay","0","None","L3 - Intermediate","1","0","S/4HANA","","SAP S/4HANA Training System","S/4HANA (ECC differences noted)","S/4HANA only","Procurement dashboard","Document numbers + screenshots","The head of procurement wants one page of key figures each month.","ME2N; ME5A; MC.9; MB5B; FBL3N; MC46; MC50","Pending"
"MM-LAB-088","MM-LAB-088","Business Process Lab","Normal","[MM-LAB-088] Build the inventory dashboard","**LAB ID:** MM-LAB-088

**Title:** Build the inventory dashboard

**Objective:** Execute the business process - Build the inventory dashboard - and validate documents, stock and accounting.

**Business Scenario:** The supply chain head wants to see where money is tied up in stock.

**Prerequisites:** MM-LAB-087

**Required Configuration:** Organizational structure, document types and account determination as configured in the earlier modules of this client.

**Master Data:** Materials and suppliers from your master-data workbook.

**Transaction codes:** MC.9; MC46; MC50; MB5B (SAP GUI; use the Fiori app for the same function where one exists)

**Fiori apps:** Procurement Overview; Purchasing Spend; Overdue Purchase Order Items; Supplier Evaluation by Time; Inventory Turnover Analysis; Slow or Non-Moving Materials; Dead Stock Analysis; Purchase Requisition Item Changes

### Procedure
- [ ] Produce stock value, inventory turnover, slow-moving and dead stock, overstock and stock-out lists
- [ ] Assemble a one-page dashboard with three recommended actions

### Expected Result
- Dashboard shows five key figures and actions

**Accounting Impact:** Display every accounting document created and write its debit and credit lines; where none is created, state why.

**Integration Impact:** None beyond materials management.

**Troubleshooting:** Read the full message with its number. Check master data, then configuration, then authorization, then integration. Record each error and its cause in your issue log. If stuck for more than 30 minutes, set the status to Blocked and describe the blocker.

**Validation:** Display the documents created (purchasing document history, material document, accounting document, stock) and compare them with the expected result.

**Evidence:** Document numbers + screenshots

**Deliverable:** Inventory dashboard

**Assessment:** Instructor verifies the expected result from the documents and may ask for a live demonstration.

### Completion criteria
- Every step is done and the expected result is demonstrated
- Evidence is attached to the issue and the deliverable is in your workbook or document set
- Accounting and integration impact are written down where documents were created
- Actual time is logged against the issue
- Instructor Review is Approved and the status is Completed

**Estimated time:** 3 h

**Next task:** ASM-033","Analytics","V09 - S/4HANA","TOPIC-048","MM-LAB-087","3","Level 3 - Advanced SAP MM","33 Analytics","Analytics","Procure to Pay","0","None","L3 - Intermediate","1","0","S/4HANA","","SAP S/4HANA Training System","S/4HANA (ECC differences noted)","S/4HANA only","Inventory dashboard","Document numbers + screenshots","The supply chain head wants to see where money is tied up in stock.","MC.9; MC46; MC50; MB5B","Pending"
"ASM-033","ASM-033","Assessment","High","[ASM-033] Analytics assessment","**Objective:** Analytics assessment

**Prerequisites:** MM-LAB-088

**Concepts:** Procurement KPIs; Spend analysis; Supplier performance; Purchase order analysis; Delivery performance; Price variance; Purchase requisition aging; GR/IR aging; Inventory turnover; Stock value; Slow-moving inventory; Overstock; Stock-out; Procurement cycle time

**Fiori apps:** Procurement Overview; Purchasing Spend; Overdue Purchase Order Items; Supplier Evaluation by Time; Inventory Turnover Analysis; Slow or Non-Moving Materials; Dead Stock Analysis; Purchase Requisition Item Changes

**Environment:** SAP S/4HANA Training System

### Steps
- [ ] Produce a requested key figure and explain it

### Expected Result
- Score of 70 or higher

**Evidence:** Scored result

**Deliverable:** Scored assessment

**Assessment:** Scored 0-100 in the Score field. Pass mark 70.

### Completion criteria
- Every step is done and the expected result is demonstrated
- Evidence is attached to the issue and the deliverable is in your workbook or document set
- Accounting and integration impact are written down where documents were created
- Actual time is logged against the issue
- Instructor Review is Approved and the status is Completed

**Estimated time:** 1 h

**Next task:** Last task of this topic","Analytics","V09 - S/4HANA","TOPIC-048","MM-LAB-088","1","Level 3 - Advanced SAP MM","33 Analytics","Analytics","Procure to Pay","0","None","L3 - Intermediate","0","1","S/4HANA","","SAP S/4HANA Training System","S/4HANA (ECC differences noted)","S/4HANA only","Scored assessment","Scored result","","","Pending"
"REVIEW-33","REVIEW-33","Review","High","[REVIEW-33] Module 33 gate review","**Objective:** Confirm that module 33 (Analytics) is complete.

### Checklist
- [ ] Every issue of the module is Completed
- [ ] Evidence is attached to every issue
- [ ] Time is logged
- [ ] Assessment score is 70 or higher
- [ ] Configuration workbook, master-data workbook and issue log are up to date

**Assessment:** Instructor confirms the checklist and records the gate decision.

**Estimated time:** 1 h","","V09 - S/4HANA","MOD-33","THY-053, ASM-033","1","Level 3 - Advanced SAP MM","33 Analytics","","","0","","","0","1","","","","","","Gate decision","Instructor sign-off","","","Pending"
"MOD-34","MOD-34","Module","Normal","[MOD-34] 34 Security","Module 34 of 42. Level 3 - Advanced SAP MM. Version: V09 - S/4HANA.

Topics: 1. Estimated hours: 11.

- TOPIC-049 MM Security and Authorization

The module closes with the gate review REVIEW-34.","","V09 - S/4HANA","EPIC","","","Level 3 - Advanced SAP MM","34 Security","","","","","","","","","","","","","","","","",""
"TOPIC-049","TOPIC-049","Topic","Normal","[TOPIC-049] MM Security and Authorization","**Topics:** Roles; Authorization objects; Organizational restrictions; Purchasing organization restrictions; Plant restrictions; Storage location restrictions; Approval authorization; Segregation of duties; Procurement fraud risks; Collaboration with SAP Security/Basis teams

**Transaction codes:** SU53; SUIM; PFCG; SU01; SU3

**Fiori apps:** None listed

**Environment:** SAP S/4HANA Training System

**Tasks:** 5, 10 estimated hours.

- THY-055 Functional security for MM
- THY-056 Segregation of duties and procurement fraud risks
- EX-022 Authorization failure analysis and role requirement
- ASG-006 Assignment: segregation of duties matrix
- ASM-034 Security assessment","Security","V09 - S/4HANA","MOD-34","","","Level 3 - Advanced SAP MM","34 Security","Security","None","","None","","","","Consultant-Level","","SAP S/4HANA Training System","S/4HANA (ECC differences noted)","ECC and S/4HANA","","","","SU53; SUIM; PFCG; SU01; SU3",""
"THY-055","THY-055","Theory","Normal","[THY-055] Functional security for MM","**Objective:** Functional security for MM

**Prerequisites:** ASM-033

**Concepts:** Roles; Authorization objects; Organizational restrictions; Purchasing organization restrictions; Plant restrictions; Storage location restrictions; Approval authorization; Segregation of duties; Procurement fraud risks; Collaboration with SAP Security/Basis teams

**Environment:** SAP S/4HANA Training System

### Steps
- [ ] Study roles and authorization objects for purchasing documents, goods movements and invoices
- [ ] Study restrictions by purchasing organization, purchasing group, plant, storage location, document type, movement type and release code
- [ ] Study business roles in Fiori
- [ ] Study who does what between functional consultant, security and Basis

### Expected Result
- Names the organizational fields that restrict purchasing and inventory
- Explains the hand-over to the security team

**Evidence:** Notes

**Deliverable:** Study notes

**Assessment:** Instructor checks the notes and asks short oral questions.

### Completion criteria
- Every step is done and the expected result is demonstrated
- Evidence is attached to the issue and the deliverable is in your workbook or document set
- Accounting and integration impact are written down where documents were created
- Actual time is logged against the issue
- Instructor Review is Approved and the status is Completed

**Estimated time:** 3 h

**Next task:** THY-056","Security","V09 - S/4HANA","TOPIC-049","ASM-033","3","Level 3 - Advanced SAP MM","34 Security","Security","None","0","None","L3 - Intermediate","0","0","Consultant-Level","","SAP S/4HANA Training System","S/4HANA (ECC differences noted)","ECC and S/4HANA","Study notes","Notes","","","Pending"
"THY-056","THY-056","Theory","Normal","[THY-056] Segregation of duties and procurement fraud risks","**Objective:** Segregation of duties and procurement fraud risks

**Prerequisites:** THY-055

**Concepts:** Roles; Authorization objects; Organizational restrictions; Purchasing organization restrictions; Plant restrictions; Storage location restrictions; Approval authorization; Segregation of duties; Procurement fraud risks; Collaboration with SAP Security/Basis teams

**Environment:** SAP S/4HANA Training System

### Steps
- [ ] Study conflicts: supplier maintenance with invoice posting, order creation with goods receipt, order with approval, receipt with count adjustment
- [ ] Study fraud patterns: fictitious supplier, split orders below thresholds, duplicate invoices, changed bank details

### Expected Result
- Gives five conflicts with the risk of each

**Evidence:** Notes

**Deliverable:** Study notes

**Assessment:** Instructor checks the notes and asks short oral questions.

### Completion criteria
- Every step is done and the expected result is demonstrated
- Evidence is attached to the issue and the deliverable is in your workbook or document set
- Accounting and integration impact are written down where documents were created
- Actual time is logged against the issue
- Instructor Review is Approved and the status is Completed

**Estimated time:** 2 h

**Next task:** EX-022","Security","V09 - S/4HANA","TOPIC-049","THY-055","2","Level 3 - Advanced SAP MM","34 Security","Security","None","0","None","L3 - Intermediate","0","0","Consultant-Level","","SAP S/4HANA Training System","S/4HANA (ECC differences noted)","ECC and S/4HANA","Study notes","Notes","","","Pending"
"EX-022","EX-022","Practical Exercise","Normal","[EX-022] Authorization failure analysis and role requirement","**Objective:** Authorization failure analysis and role requirement

**Business Scenario:** A new storekeeper cannot post goods receipts for the second plant.

**Prerequisites:** THY-056

**Concepts:** Roles; Authorization objects; Organizational restrictions; Purchasing organization restrictions; Plant restrictions; Storage location restrictions; Approval authorization; Segregation of duties; Procurement fraud risks; Collaboration with SAP Security/Basis teams

**Transaction codes:** SU53; SUIM (SAP GUI; use the Fiori app for the same function where one exists)

**Environment:** SAP S/4HANA Training System

### Steps
- [ ] Reproduce the missing authorization
- [ ] Read the failed check
- [ ] Write the role change request with object, field, value and business reason

### Expected Result
- Request can be implemented by the security team without questions

**Evidence:** Worked result + screenshots

**Deliverable:** Role change request

**Assessment:** Instructor checks the worked result.

### Completion criteria
- Every step is done and the expected result is demonstrated
- Evidence is attached to the issue and the deliverable is in your workbook or document set
- Accounting and integration impact are written down where documents were created
- Actual time is logged against the issue
- Instructor Review is Approved and the status is Completed

**Estimated time:** 2 h

**Next task:** ASG-006","Security","V09 - S/4HANA","TOPIC-049","THY-056","2","Level 3 - Advanced SAP MM","34 Security","Security","None","0","None","L3 - Intermediate","0","0","Consultant-Level","","SAP S/4HANA Training System","S/4HANA (ECC differences noted)","ECC and S/4HANA","Role change request","Worked result + screenshots","A new storekeeper cannot post goods receipts for the second plant.","SU53; SUIM","Pending"
"ASG-006","ASG-006","Assignment","Normal","[ASG-006] Assignment: segregation of duties matrix","**Objective:** Assignment: segregation of duties matrix

**Prerequisites:** EX-022

**Concepts:** Roles; Authorization objects; Organizational restrictions; Purchasing organization restrictions; Plant restrictions; Storage location restrictions; Approval authorization; Segregation of duties; Procurement fraud risks; Collaboration with SAP Security/Basis teams

**Environment:** SAP S/4HANA Training System

### Steps
- [ ] Build the matrix of MM activities against roles for the course company and mark conflicts and mitigating controls

### Expected Result
- Every conflict has a control

**Evidence:** Written deliverable

**Deliverable:** Segregation of duties matrix

**Assessment:** Instructor reviews the document for completeness and reasoning.

### Completion criteria
- Every step is done and the expected result is demonstrated
- Evidence is attached to the issue and the deliverable is in your workbook or document set
- Accounting and integration impact are written down where documents were created
- Actual time is logged against the issue
- Instructor Review is Approved and the status is Completed

**Estimated time:** 2 h

**Next task:** ASM-034","Security","V09 - S/4HANA","TOPIC-049","EX-022","2","Level 3 - Advanced SAP MM","34 Security","Security","None","0","None","L3 - Intermediate","0","0","Consultant-Level","","SAP S/4HANA Training System","S/4HANA (ECC differences noted)","ECC and S/4HANA","Segregation of duties matrix","Written deliverable","","","Pending"
"ASM-034","ASM-034","Assessment","High","[ASM-034] Security assessment","**Objective:** Security assessment

**Prerequisites:** ASG-006

**Concepts:** Roles; Authorization objects; Organizational restrictions; Purchasing organization restrictions; Plant restrictions; Storage location restrictions; Approval authorization; Segregation of duties; Procurement fraud risks; Collaboration with SAP Security/Basis teams

**Environment:** SAP S/4HANA Training System

### Steps
- [ ] Analyse an authorization case and a segregation case

### Expected Result
- Score of 70 or higher

**Evidence:** Scored result

**Deliverable:** Scored assessment

**Assessment:** Scored 0-100 in the Score field. Pass mark 70.

### Completion criteria
- Every step is done and the expected result is demonstrated
- Evidence is attached to the issue and the deliverable is in your workbook or document set
- Accounting and integration impact are written down where documents were created
- Actual time is logged against the issue
- Instructor Review is Approved and the status is Completed

**Estimated time:** 1 h

**Next task:** Last task of this topic","Security","V09 - S/4HANA","TOPIC-049","ASG-006","1","Level 3 - Advanced SAP MM","34 Security","Security","None","0","None","L3 - Intermediate","0","1","Consultant-Level","","SAP S/4HANA Training System","S/4HANA (ECC differences noted)","ECC and S/4HANA","Scored assessment","Scored result","","","Pending"
"REVIEW-34","REVIEW-34","Review","High","[REVIEW-34] Module 34 gate review","**Objective:** Confirm that module 34 (Security) is complete.

### Checklist
- [ ] Every issue of the module is Completed
- [ ] Evidence is attached to every issue
- [ ] Time is logged
- [ ] Assessment score is 70 or higher
- [ ] Configuration workbook, master-data workbook and issue log are up to date

**Assessment:** Instructor confirms the checklist and records the gate decision.

**Estimated time:** 1 h","","V09 - S/4HANA","MOD-34","ASM-034","1","Level 3 - Advanced SAP MM","34 Security","","","0","","","0","1","","","","","","Gate decision","Instructor sign-off","","","Pending"
"MOD-35","MOD-35","Module","Normal","[MOD-35] 35 Testing","Module 35 of 42. Level 3 - Advanced SAP MM. Version: V10 - Testing & Migration.

Topics: 1. Estimated hours: 25.

- TOPIC-050 SAP MM Testing

The module closes with the gate review REVIEW-35.","","V10 - Testing & Migration","EPIC","","","Level 3 - Advanced SAP MM","35 Testing","","","","","","","","","","","","","","","","",""
"TOPIC-050","TOPIC-050","Topic","Normal","[TOPIC-050] SAP MM Testing","**Topics:** Unit testing; Integration testing; Regression testing; User acceptance testing; Performance testing concepts; Negative testing; Authorization testing; Test case content: test ID, requirement, preconditions, test steps, expected result, actual result, status, defect ID, evidence

**Transaction codes:** ME51N; ME21N; MIGO; MIRO; ME23N

**Fiori apps:** None listed

**Environment:** SAP S/4HANA Training System

**Tasks:** 8, 24 estimated hours.

- THY-057 Test levels and the test case standard
- EX-023 Test cases: PR, RFQ and PO
- EX-024 Test cases: GR, GI, STO and returns
- EX-025 Test cases: invoice, subcontracting, consignment and service procurement
- EX-026 Negative and authorization tests
- EX-027 Integration test, regression pack and user acceptance plan
- DEF-001 Defect: record, analyse and retest three defects
- ASM-035 Testing assessment","Testing","V10 - Testing & Migration","MOD-35","","","Level 3 - Advanced SAP MM","35 Testing","Testing","Procure to Pay","","None","","","","Consultant-Level","","SAP S/4HANA Training System","S/4HANA (ECC differences noted)","ECC and S/4HANA","","","","ME51N; ME21N; MIGO; MIRO; ME23N",""
"THY-057","THY-057","Theory","Normal","[THY-057] Test levels and the test case standard","**Objective:** Test levels and the test case standard

**Prerequisites:** ASM-034

**Concepts:** Unit testing; Integration testing; Regression testing; User acceptance testing; Performance testing concepts; Negative testing; Authorization testing; Test case content: test ID, requirement, preconditions, test steps, expected result, actual result, status, defect ID, evidence

**Environment:** SAP S/4HANA Training System

### Steps
- [ ] Study unit, integration, regression, user acceptance, performance, negative and authorization testing and who owns each
- [ ] Study the course test case template with its nine parts
- [ ] Study traceability from requirement to test and defect

### Expected Result
- Assigns the right level to ten situations
- Writes one model test case

**Evidence:** Notes

**Deliverable:** Model test case

**Assessment:** Instructor checks the notes and asks short oral questions.

### Completion criteria
- Every step is done and the expected result is demonstrated
- Evidence is attached to the issue and the deliverable is in your workbook or document set
- Accounting and integration impact are written down where documents were created
- Actual time is logged against the issue
- Instructor Review is Approved and the status is Completed

**Estimated time:** 2 h

**Next task:** EX-023","Testing","V10 - Testing & Migration","TOPIC-050","ASM-034","2","Level 3 - Advanced SAP MM","35 Testing","Testing","Procure to Pay","0","None","L3 - Intermediate","0","0","Consultant-Level","","SAP S/4HANA Training System","S/4HANA (ECC differences noted)","ECC and S/4HANA","Model test case","Notes","","","Pending"
"EX-023","EX-023","Practical Exercise","Normal","[EX-023] Test cases: PR, RFQ and PO","**Objective:** Test cases: PR, RFQ and PO

**Prerequisites:** THY-057

**Concepts:** Unit testing; Integration testing; Regression testing; User acceptance testing; Performance testing concepts; Negative testing; Authorization testing; Test case content: test ID, requirement, preconditions, test steps, expected result, actual result, status, defect ID, evidence

**Environment:** SAP S/4HANA Training System

### Steps
- [ ] Write and execute eight test cases covering requisition for stock and consumption, approval, request for quotation and price comparison, standard order, account-assigned order, order change and output
- [ ] Record actual result, status and evidence

### Expected Result
- Eight cases executed with evidence

**Evidence:** Worked result + screenshots

**Deliverable:** Test scripts: purchasing

**Assessment:** Instructor checks the worked result.

### Completion criteria
- Every step is done and the expected result is demonstrated
- Evidence is attached to the issue and the deliverable is in your workbook or document set
- Accounting and integration impact are written down where documents were created
- Actual time is logged against the issue
- Instructor Review is Approved and the status is Completed

**Estimated time:** 4 h

**Next task:** EX-024","Testing","V10 - Testing & Migration","TOPIC-050","THY-057","4","Level 3 - Advanced SAP MM","35 Testing","Testing","Procure to Pay","0","None","L3 - Intermediate","0","0","Consultant-Level","","SAP S/4HANA Training System","S/4HANA (ECC differences noted)","ECC and S/4HANA","Test scripts: purchasing","Worked result + screenshots","","","Pending"
"EX-024","EX-024","Practical Exercise","Normal","[EX-024] Test cases: GR, GI, STO and returns","**Objective:** Test cases: GR, GI, STO and returns

**Prerequisites:** EX-023

**Concepts:** Unit testing; Integration testing; Regression testing; User acceptance testing; Performance testing concepts; Negative testing; Authorization testing; Test case content: test ID, requirement, preconditions, test steps, expected result, actual result, status, defect ID, evidence

**Environment:** SAP S/4HANA Training System

### Steps
- [ ] Write and execute eight test cases covering full and partial receipt, tolerance, reversal, return to supplier, issue to cost centre, reservation issue, stock transport order and plant transfer

### Expected Result
- Eight cases executed with evidence
- Stock and accounting effect recorded

**Evidence:** Worked result + screenshots

**Deliverable:** Test scripts: inventory

**Assessment:** Instructor checks the worked result.

### Completion criteria
- Every step is done and the expected result is demonstrated
- Evidence is attached to the issue and the deliverable is in your workbook or document set
- Accounting and integration impact are written down where documents were created
- Actual time is logged against the issue
- Instructor Review is Approved and the status is Completed

**Estimated time:** 4 h

**Next task:** EX-025","Testing","V10 - Testing & Migration","TOPIC-050","EX-023","4","Level 3 - Advanced SAP MM","35 Testing","Testing","Procure to Pay","0","None","L3 - Intermediate","0","0","Consultant-Level","","SAP S/4HANA Training System","S/4HANA (ECC differences noted)","ECC and S/4HANA","Test scripts: inventory","Worked result + screenshots","","","Pending"
"EX-025","EX-025","Practical Exercise","Normal","[EX-025] Test cases: invoice, subcontracting, consignment and service procurement","**Objective:** Test cases: invoice, subcontracting, consignment and service procurement

**Prerequisites:** EX-024

**Concepts:** Unit testing; Integration testing; Regression testing; User acceptance testing; Performance testing concepts; Negative testing; Authorization testing; Test case content: test ID, requirement, preconditions, test steps, expected result, actual result, status, defect ID, evidence

**Environment:** SAP S/4HANA Training System

### Steps
- [ ] Write and execute eight test cases covering clean invoice, price variance block, credit memo, planned delivery costs, subcontracting receipt, consignment withdrawal and settlement, service entry and service invoice

### Expected Result
- Eight cases executed with evidence

**Evidence:** Worked result + screenshots

**Deliverable:** Test scripts: invoice and special procurement

**Assessment:** Instructor checks the worked result.

### Completion criteria
- Every step is done and the expected result is demonstrated
- Evidence is attached to the issue and the deliverable is in your workbook or document set
- Accounting and integration impact are written down where documents were created
- Actual time is logged against the issue
- Instructor Review is Approved and the status is Completed

**Estimated time:** 4 h

**Next task:** EX-026","Testing","V10 - Testing & Migration","TOPIC-050","EX-024","4","Level 3 - Advanced SAP MM","35 Testing","Testing","Procure to Pay","0","None","L3 - Intermediate","0","0","Consultant-Level","","SAP S/4HANA Training System","S/4HANA (ECC differences noted)","ECC and S/4HANA","Test scripts: invoice and special procurement","Worked result + screenshots","","","Pending"
"EX-026","EX-026","Practical Exercise","Normal","[EX-026] Negative and authorization tests","**Objective:** Negative and authorization tests

**Prerequisites:** EX-025

**Concepts:** Unit testing; Integration testing; Regression testing; User acceptance testing; Performance testing concepts; Negative testing; Authorization testing; Test case content: test ID, requirement, preconditions, test steps, expected result, actual result, status, defect ID, evidence

**Environment:** SAP S/4HANA Training System

### Steps
- [ ] Write and execute eight tests that must fail: blocked supplier, blocked material, unreleased order receipt, over-delivery, closed period, duplicate invoice, missing authorization for a plant, approval by the wrong user

### Expected Result
- Each test fails with the expected message recorded

**Evidence:** Worked result + screenshots

**Deliverable:** Negative test scripts

**Assessment:** Instructor checks the worked result.

### Completion criteria
- Every step is done and the expected result is demonstrated
- Evidence is attached to the issue and the deliverable is in your workbook or document set
- Accounting and integration impact are written down where documents were created
- Actual time is logged against the issue
- Instructor Review is Approved and the status is Completed

**Estimated time:** 3 h

**Next task:** EX-027","Testing","V10 - Testing & Migration","TOPIC-050","EX-025","3","Level 3 - Advanced SAP MM","35 Testing","Testing","Procure to Pay","0","None","L3 - Intermediate","0","0","Consultant-Level","","SAP S/4HANA Training System","S/4HANA (ECC differences noted)","ECC and S/4HANA","Negative test scripts","Worked result + screenshots","","","Pending"
"EX-027","EX-027","Practical Exercise","Normal","[EX-027] Integration test, regression pack and user acceptance plan","**Objective:** Integration test, regression pack and user acceptance plan

**Prerequisites:** EX-026

**Concepts:** Unit testing; Integration testing; Regression testing; User acceptance testing; Performance testing concepts; Negative testing; Authorization testing; Test case content: test ID, requirement, preconditions, test steps, expected result, actual result, status, defect ID, evidence

**Environment:** SAP S/4HANA Training System

### Steps
- [ ] Write one integration test from requisition to payment with expected FI and CO postings and execute it
- [ ] Select a regression pack and justify it
- [ ] Write a user acceptance plan with testers and sign-off
- [ ] Describe performance testing for mass goods movements at concept level

### Expected Result
- Every expected posting is confirmed
- Regression pack covers every process area

**Evidence:** Worked result + screenshots

**Deliverable:** Integration test script and user acceptance plan

**Assessment:** Instructor checks the worked result.

### Completion criteria
- Every step is done and the expected result is demonstrated
- Evidence is attached to the issue and the deliverable is in your workbook or document set
- Accounting and integration impact are written down where documents were created
- Actual time is logged against the issue
- Instructor Review is Approved and the status is Completed

**Estimated time:** 3 h

**Next task:** DEF-001","Testing","V10 - Testing & Migration","TOPIC-050","EX-026","3","Level 3 - Advanced SAP MM","35 Testing","Testing","Procure to Pay","0","None","L3 - Intermediate","0","0","Consultant-Level","","SAP S/4HANA Training System","S/4HANA (ECC differences noted)","ECC and S/4HANA","Integration test script and user acceptance plan","Worked result + screenshots","","","Pending"
"DEF-001","DEF-001","Defect","Normal","[DEF-001] Defect: record, analyse and retest three defects","**Objective:** Defect: record, analyse and retest three defects

**Business Scenario:** During the test cycle three cases fail.

**Prerequisites:** EX-027

**Concepts:** Unit testing; Integration testing; Regression testing; User acceptance testing; Performance testing concepts; Negative testing; Authorization testing; Test case content: test ID, requirement, preconditions, test steps, expected result, actual result, status, defect ID, evidence

**Environment:** SAP S/4HANA Training System

### Steps
- [ ] Log each failed case as a defect with severity, steps to reproduce, expected and actual result and evidence
- [ ] Analyse the cause
- [ ] Fix or request the fix
- [ ] Retest and close
- [ ] Link the defect ID in the test case

### Expected Result
- Three defects have a complete life cycle

**Evidence:** Defect log

**Deliverable:** Defect log

**Assessment:** Instructor checks that each defect has a complete life cycle.

### Completion criteria
- Every step is done and the expected result is demonstrated
- Evidence is attached to the issue and the deliverable is in your workbook or document set
- Accounting and integration impact are written down where documents were created
- Actual time is logged against the issue
- Instructor Review is Approved and the status is Completed

**Estimated time:** 2 h

**Next task:** ASM-035","Testing","V10 - Testing & Migration","TOPIC-050","EX-027","2","Level 3 - Advanced SAP MM","35 Testing","Testing","Procure to Pay","0","None","L3 - Intermediate","0","0","Consultant-Level","","SAP S/4HANA Training System","S/4HANA (ECC differences noted)","ECC and S/4HANA","Defect log","Defect log","During the test cycle three cases fail.","","Pending"
"ASM-035","ASM-035","Assessment","High","[ASM-035] Testing assessment","**Objective:** Testing assessment

**Prerequisites:** DEF-001

**Concepts:** Unit testing; Integration testing; Regression testing; User acceptance testing; Performance testing concepts; Negative testing; Authorization testing; Test case content: test ID, requirement, preconditions, test steps, expected result, actual result, status, defect ID, evidence

**Environment:** SAP S/4HANA Training System

### Steps
- [ ] Derive and execute test cases from a written requirement

### Expected Result
- Score of 70 or higher

**Evidence:** Scored result

**Deliverable:** Scored assessment

**Assessment:** Scored 0-100 in the Score field. Pass mark 70.

### Completion criteria
- Every step is done and the expected result is demonstrated
- Evidence is attached to the issue and the deliverable is in your workbook or document set
- Accounting and integration impact are written down where documents were created
- Actual time is logged against the issue
- Instructor Review is Approved and the status is Completed

**Estimated time:** 2 h

**Next task:** Last task of this topic","Testing","V10 - Testing & Migration","TOPIC-050","DEF-001","2","Level 3 - Advanced SAP MM","35 Testing","Testing","Procure to Pay","0","None","L3 - Intermediate","0","1","Consultant-Level","","SAP S/4HANA Training System","S/4HANA (ECC differences noted)","ECC and S/4HANA","Scored assessment","Scored result","","","Pending"
"REVIEW-35","REVIEW-35","Review","High","[REVIEW-35] Module 35 gate review","**Objective:** Confirm that module 35 (Testing) is complete.

### Checklist
- [ ] Every issue of the module is Completed
- [ ] Evidence is attached to every issue
- [ ] Time is logged
- [ ] Assessment score is 70 or higher
- [ ] Configuration workbook, master-data workbook and issue log are up to date

**Assessment:** Instructor confirms the checklist and records the gate decision.

**Estimated time:** 1 h","","V10 - Testing & Migration","MOD-35","ASM-035","1","Level 3 - Advanced SAP MM","35 Testing","","","0","","","0","1","","","","","","Gate decision","Instructor sign-off","","","Pending"
"MOD-36","MOD-36","Module","Normal","[MOD-36] 36 Data Migration","Module 36 of 42. Level 3 - Advanced SAP MM. Version: V10 - Testing & Migration.

Topics: 1. Estimated hours: 24.

- TOPIC-051 MM Data Migration

The module closes with the gate review REVIEW-36.","","V10 - Testing & Migration","EPIC","","","Level 3 - Advanced SAP MM","36 Data Migration","","","","","","","","","","","","","","","","",""
"TOPIC-051","TOPIC-051","Topic","Normal","[TOPIC-051] MM Data Migration","**Topics:** Legacy system analysis; Data cleansing; Mapping; Material migration; Supplier migration; Purchasing data; Stock migration; Open PO migration; Open PR migration; Historical data concepts; Migration validation; Reconciliation; SAP Migration Cockpit; Migration objects; Templates; Staging concepts; Data validation; Cutover migration

**Transaction codes:** LTMC; LTMOM; MM03; BP; ME13; MB52; ME2N; ME5A; MIGO

**Fiori apps:** Migrate Your Data - Migration Cockpit

**Environment:** SAP S/4HANA Training System

**Tasks:** 8, 23 estimated hours.

- THY-058 Migration objects, sequence and reconciliation
- THY-059 The Migration Cockpit: objects, templates and staging
- EX-028 Migration exercise 1: cleanse and map legacy data
- MM-LAB-089 Migrate suppliers and materials
- MM-LAB-090 Migrate purchasing data and open purchase orders
- MM-LAB-091 Migrate stock
- ASG-007 Assignment: migration strategy
- ASM-036 Migration assessment","Migration","V10 - Testing & Migration","MOD-36","","","Level 3 - Advanced SAP MM","36 Data Migration","Migration","None","","FI","","","","Consultant-Level","","SAP S/4HANA Training System","S/4HANA (ECC differences noted)","S/4HANA only","","","","LTMC; LTMOM; MM03; BP; ME13; MB52; ME2N; ME5A; MIGO",""
"THY-058","THY-058","Theory","Normal","[THY-058] Migration objects, sequence and reconciliation","**Objective:** Migration objects, sequence and reconciliation

**Prerequisites:** ASM-035

**Concepts:** Legacy system analysis; Data cleansing; Mapping; Material migration; Supplier migration; Purchasing data; Stock migration; Open PO migration; Open PR migration; Historical data concepts; Migration validation; Reconciliation; SAP Migration Cockpit; Migration objects; Templates; Staging concepts; Data validation; Cutover migration

**Fiori apps:** Migrate Your Data - Migration Cockpit

**Environment:** SAP S/4HANA Training System

### Steps
- [ ] Study legacy analysis, cleansing and mapping
- [ ] Study the objects and their order: suppliers, materials, info records, source lists, contracts, stock, open orders, open requisitions
- [ ] Study why history is usually not migrated
- [ ] Study validation and reconciliation by count and value
- [ ] Study cutover timing of the stock load

### Expected Result
- Draws the load sequence with dependencies
- States the reconciliation for each object

**Evidence:** Notes

**Deliverable:** Study notes

**Assessment:** Instructor checks the notes and asks short oral questions.

### Completion criteria
- Every step is done and the expected result is demonstrated
- Evidence is attached to the issue and the deliverable is in your workbook or document set
- Accounting and integration impact are written down where documents were created
- Actual time is logged against the issue
- Instructor Review is Approved and the status is Completed

**Estimated time:** 3 h

**Next task:** THY-059","Migration","V10 - Testing & Migration","TOPIC-051","ASM-035","3","Level 3 - Advanced SAP MM","36 Data Migration","Migration","None","0","FI","L4 - Advanced","0","0","Consultant-Level","","SAP S/4HANA Training System","S/4HANA (ECC differences noted)","S/4HANA only","Study notes","Notes","","","Pending"
"THY-059","THY-059","Theory","Normal","[THY-059] The Migration Cockpit: objects, templates and staging","**Objective:** The Migration Cockpit: objects, templates and staging

**Prerequisites:** THY-058

**Concepts:** Legacy system analysis; Data cleansing; Mapping; Material migration; Supplier migration; Purchasing data; Stock migration; Open PO migration; Open PR migration; Historical data concepts; Migration validation; Reconciliation; SAP Migration Cockpit; Migration objects; Templates; Staging concepts; Data validation; Cutover migration

**Fiori apps:** Migrate Your Data - Migration Cockpit

**Environment:** SAP S/4HANA Training System

### Steps
- [ ] Study migration projects, objects, file templates and staging tables
- [ ] Study simulate and migrate
- [ ] Study value mapping and error handling

### Expected Result
- Explains file versus staging approach

**Evidence:** Notes

**Deliverable:** Study notes

**Assessment:** Instructor checks the notes and asks short oral questions.

### Completion criteria
- Every step is done and the expected result is demonstrated
- Evidence is attached to the issue and the deliverable is in your workbook or document set
- Accounting and integration impact are written down where documents were created
- Actual time is logged against the issue
- Instructor Review is Approved and the status is Completed

**Estimated time:** 2 h

**Next task:** EX-028","Migration","V10 - Testing & Migration","TOPIC-051","THY-058","2","Level 3 - Advanced SAP MM","36 Data Migration","Migration","None","0","FI","L4 - Advanced","0","0","Consultant-Level","","SAP S/4HANA Training System","S/4HANA (ECC differences noted)","S/4HANA only","Study notes","Notes","","","Pending"
"EX-028","EX-028","Practical Exercise","Normal","[EX-028] Migration exercise 1: cleanse and map legacy data","**Objective:** Migration exercise 1: cleanse and map legacy data

**Business Scenario:** The legacy system export has duplicates, missing units and old supplier codes.

**Prerequisites:** THY-059

**Concepts:** Legacy system analysis; Data cleansing; Mapping; Material migration; Supplier migration; Purchasing data; Stock migration; Open PO migration; Open PR migration; Historical data concepts; Migration validation; Reconciliation; SAP Migration Cockpit; Migration objects; Templates; Staging concepts; Data validation; Cutover migration

**Fiori apps:** Migrate Your Data - Migration Cockpit

**Environment:** SAP S/4HANA Training System

### Steps
- [ ] Take the legacy files for suppliers and materials
- [ ] Find duplicates and gaps
- [ ] Write the mapping of fields and values
- [ ] Produce cleansed load files

### Expected Result
- Cleansing log lists every correction
- Mapping sheet is complete

**Evidence:** Worked result + screenshots

**Deliverable:** Mapping sheet and cleansing log

**Assessment:** Instructor checks the worked result.

### Completion criteria
- Every step is done and the expected result is demonstrated
- Evidence is attached to the issue and the deliverable is in your workbook or document set
- Accounting and integration impact are written down where documents were created
- Actual time is logged against the issue
- Instructor Review is Approved and the status is Completed

**Estimated time:** 3 h

**Next task:** MM-LAB-089","Migration","V10 - Testing & Migration","TOPIC-051","THY-059","3","Level 3 - Advanced SAP MM","36 Data Migration","Migration","None","0","FI","L4 - Advanced","0","0","Consultant-Level","","SAP S/4HANA Training System","S/4HANA (ECC differences noted)","S/4HANA only","Mapping sheet and cleansing log","Worked result + screenshots","The legacy system export has duplicates, missing units and old supplier codes.","","Pending"
"MM-LAB-089","MM-LAB-089","Business Process Lab","Normal","[MM-LAB-089] Migrate suppliers and materials","**LAB ID:** MM-LAB-089

**Title:** Migrate suppliers and materials

**Objective:** Execute the business process - Migrate suppliers and materials - and validate documents, stock and accounting.

**Business Scenario:** Twenty suppliers and thirty materials move to the new system.

**Prerequisites:** EX-028

**Required Configuration:** Organizational structure, document types and account determination as configured in the earlier modules of this client.

**Master Data:** Materials and suppliers from your master-data workbook.

**Transaction codes:** LTMC; BP; MM03 (SAP GUI; use the Fiori app for the same function where one exists)

**Fiori apps:** Migrate Your Data - Migration Cockpit

### Procedure
- [ ] Create a migration project
- [ ] Fill the supplier and product templates
- [ ] Upload, map values, simulate, correct and migrate
- [ ] Reconcile counts and spot-check records

### Expected Result
- All records exist and can be used in a purchase order
- Error log is empty after correction

**Accounting Impact:** Display every accounting document created and write its debit and credit lines; where none is created, state why.

**Integration Impact:** FI: record the documents or data created in the integrated area.

**Troubleshooting:** Read the full message with its number. Check master data, then configuration, then authorization, then integration. Record each error and its cause in your issue log. If stuck for more than 30 minutes, set the status to Blocked and describe the blocker.

**Validation:** Display the documents created (purchasing document history, material document, accounting document, stock) and compare them with the expected result.

**Evidence:** Document numbers + screenshots

**Deliverable:** Process sheet with document numbers

**Assessment:** Instructor verifies the expected result from the documents and may ask for a live demonstration.

### Completion criteria
- Every step is done and the expected result is demonstrated
- Evidence is attached to the issue and the deliverable is in your workbook or document set
- Accounting and integration impact are written down where documents were created
- Actual time is logged against the issue
- Instructor Review is Approved and the status is Completed

**Estimated time:** 4 h

**Next task:** MM-LAB-090","Migration","V10 - Testing & Migration","TOPIC-051","EX-028","4","Level 3 - Advanced SAP MM","36 Data Migration","Migration","None","0","FI","L4 - Advanced","1","0","Consultant-Level","","SAP S/4HANA Training System","S/4HANA (ECC differences noted)","S/4HANA only","Process sheet with document numbers","Document numbers + screenshots","Twenty suppliers and thirty materials move to the new system.","LTMC; BP; MM03","Pending"
"MM-LAB-090","MM-LAB-090","Business Process Lab","Normal","[MM-LAB-090] Migrate purchasing data and open purchase orders","**LAB ID:** MM-LAB-090

**Title:** Migrate purchasing data and open purchase orders

**Objective:** Execute the business process - Migrate purchasing data and open purchase orders - and validate documents, stock and accounting.

**Business Scenario:** Prices and open orders must be available on day one.

**Prerequisites:** MM-LAB-089

**Required Configuration:** Organizational structure, document types and account determination as configured in the earlier modules of this client.

**Master Data:** Materials and suppliers from your master-data workbook.

**Transaction codes:** LTMC; ME13; ME2N (SAP GUI; use the Fiori app for the same function where one exists)

**Fiori apps:** Migrate Your Data - Migration Cockpit

### Procedure
- [ ] Load info records and source lists
- [ ] Load open purchase orders with open quantities only
- [ ] Reconcile open order value by supplier
- [ ] Write the rule for open requisitions

### Expected Result
- Open order value equals the legacy report

**Accounting Impact:** Display every accounting document created and write its debit and credit lines; where none is created, state why.

**Integration Impact:** FI: record the documents or data created in the integrated area.

**Troubleshooting:** Read the full message with its number. Check master data, then configuration, then authorization, then integration. Record each error and its cause in your issue log. If stuck for more than 30 minutes, set the status to Blocked and describe the blocker.

**Validation:** Display the documents created (purchasing document history, material document, accounting document, stock) and compare them with the expected result.

**Evidence:** Document numbers + screenshots

**Deliverable:** Process sheet with document numbers

**Assessment:** Instructor verifies the expected result from the documents and may ask for a live demonstration.

### Completion criteria
- Every step is done and the expected result is demonstrated
- Evidence is attached to the issue and the deliverable is in your workbook or document set
- Accounting and integration impact are written down where documents were created
- Actual time is logged against the issue
- Instructor Review is Approved and the status is Completed

**Estimated time:** 3 h

**Next task:** MM-LAB-091","Migration","V10 - Testing & Migration","TOPIC-051","MM-LAB-089","3","Level 3 - Advanced SAP MM","36 Data Migration","Migration","None","0","FI","L4 - Advanced","1","0","Consultant-Level","","SAP S/4HANA Training System","S/4HANA (ECC differences noted)","S/4HANA only","Process sheet with document numbers","Document numbers + screenshots","Prices and open orders must be available on day one.","LTMC; ME13; ME2N","Pending"
"MM-LAB-091","MM-LAB-091","Business Process Lab","Normal","[MM-LAB-091] Migrate stock","**LAB ID:** MM-LAB-091

**Title:** Migrate stock

**Objective:** Execute the business process - Migrate stock - and validate documents, stock and accounting.

**Business Scenario:** Opening stock is loaded at cutover with its value.

**Prerequisites:** MM-LAB-090

**Required Configuration:** Organizational structure, document types and account determination as configured in the earlier modules of this client.

**Master Data:** Materials and suppliers from your master-data workbook.

**Transaction codes:** LTMC; MIGO; MB52 (SAP GUI; use the Fiori app for the same function where one exists)

**Fiori apps:** Migrate Your Data - Migration Cockpit

### Procedure
- [ ] Load inventory balances by plant, storage location and batch with value
- [ ] Compare with a manual initial stock entry for one material
- [ ] Reconcile quantity and value with the legacy stock list and the inventory accounts

### Expected Result
- Quantity and value equal the legacy list
- Offsetting account balance is explained

**Accounting Impact:** Inventory debit, initial stock offsetting account credit

**Integration Impact:** FI: record the documents or data created in the integrated area.

**Troubleshooting:** Read the full message with its number. Check master data, then configuration, then authorization, then integration. Record each error and its cause in your issue log. If stuck for more than 30 minutes, set the status to Blocked and describe the blocker.

**Validation:** Display the documents created (purchasing document history, material document, accounting document, stock) and compare them with the expected result.

**Evidence:** Document numbers + screenshots

**Deliverable:** Process sheet with document numbers

**Assessment:** Instructor verifies the expected result from the documents and may ask for a live demonstration.

### Completion criteria
- Every step is done and the expected result is demonstrated
- Evidence is attached to the issue and the deliverable is in your workbook or document set
- Accounting and integration impact are written down where documents were created
- Actual time is logged against the issue
- Instructor Review is Approved and the status is Completed

**Estimated time:** 3 h

**Next task:** ASG-007","Migration","V10 - Testing & Migration","TOPIC-051","MM-LAB-090","3","Level 3 - Advanced SAP MM","36 Data Migration","Migration","None","0","FI","L4 - Advanced","1","0","Consultant-Level","","SAP S/4HANA Training System","S/4HANA (ECC differences noted)","S/4HANA only","Process sheet with document numbers","Document numbers + screenshots","Opening stock is loaded at cutover with its value.","LTMC; MIGO; MB52","Pending"
"ASG-007","ASG-007","Assignment","Normal","[ASG-007] Assignment: migration strategy","**Objective:** Assignment: migration strategy

**Prerequisites:** MM-LAB-091

**Concepts:** Legacy system analysis; Data cleansing; Mapping; Material migration; Supplier migration; Purchasing data; Stock migration; Open PO migration; Open PR migration; Historical data concepts; Migration validation; Reconciliation; SAP Migration Cockpit; Migration objects; Templates; Staging concepts; Data validation; Cutover migration

**Fiori apps:** Migrate Your Data - Migration Cockpit

**Environment:** SAP S/4HANA Training System

### Steps
- [ ] Write the strategy: scope, objects, sources, cleansing, mapping, tools, sequence, validation, reconciliation, cutover timing and roles

### Expected Result
- Every object has an owner and a reconciliation method

**Evidence:** Written deliverable

**Deliverable:** Migration strategy

**Assessment:** Instructor reviews the document for completeness and reasoning.

### Completion criteria
- Every step is done and the expected result is demonstrated
- Evidence is attached to the issue and the deliverable is in your workbook or document set
- Accounting and integration impact are written down where documents were created
- Actual time is logged against the issue
- Instructor Review is Approved and the status is Completed

**Estimated time:** 3 h

**Next task:** ASM-036","Migration","V10 - Testing & Migration","TOPIC-051","MM-LAB-091","3","Level 3 - Advanced SAP MM","36 Data Migration","Migration","None","0","FI","L4 - Advanced","0","0","Consultant-Level","","SAP S/4HANA Training System","S/4HANA (ECC differences noted)","S/4HANA only","Migration strategy","Written deliverable","","","Pending"
"ASM-036","ASM-036","Assessment","High","[ASM-036] Migration assessment","**Objective:** Migration assessment

**Prerequisites:** ASG-007

**Concepts:** Legacy system analysis; Data cleansing; Mapping; Material migration; Supplier migration; Purchasing data; Stock migration; Open PO migration; Open PR migration; Historical data concepts; Migration validation; Reconciliation; SAP Migration Cockpit; Migration objects; Templates; Staging concepts; Data validation; Cutover migration

**Fiori apps:** Migrate Your Data - Migration Cockpit

**Environment:** SAP S/4HANA Training System

### Steps
- [ ] Plan and justify the migration of a legacy data set

### Expected Result
- Score of 70 or higher

**Evidence:** Scored result

**Deliverable:** Scored assessment

**Assessment:** Scored 0-100 in the Score field. Pass mark 70.

### Completion criteria
- Every step is done and the expected result is demonstrated
- Evidence is attached to the issue and the deliverable is in your workbook or document set
- Accounting and integration impact are written down where documents were created
- Actual time is logged against the issue
- Instructor Review is Approved and the status is Completed

**Estimated time:** 2 h

**Next task:** Last task of this topic","Migration","V10 - Testing & Migration","TOPIC-051","ASG-007","2","Level 3 - Advanced SAP MM","36 Data Migration","Migration","None","0","FI","L4 - Advanced","0","1","Consultant-Level","","SAP S/4HANA Training System","S/4HANA (ECC differences noted)","S/4HANA only","Scored assessment","Scored result","","","Pending"
"REVIEW-36","REVIEW-36","Review","High","[REVIEW-36] Module 36 gate review","**Objective:** Confirm that module 36 (Data Migration) is complete.

### Checklist
- [ ] Every issue of the module is Completed
- [ ] Evidence is attached to every issue
- [ ] Time is logged
- [ ] Assessment score is 70 or higher
- [ ] Configuration workbook, master-data workbook and issue log are up to date

**Assessment:** Instructor confirms the checklist and records the gate decision.

**Estimated time:** 1 h","","V10 - Testing & Migration","MOD-36","ASM-036","1","Level 3 - Advanced SAP MM","36 Data Migration","","","0","","","0","1","","","","","","Gate decision","Instructor sign-off","","","Pending"
"MOD-37","MOD-37","Module","Normal","[MOD-37] 37 SAP Activate","Module 37 of 42. Level 3 - Advanced SAP MM. Version: V10 - Testing & Migration.

Topics: 3. Estimated hours: 34.

- TOPIC-052 Implementation Methodology: SAP Activate
- TOPIC-053 SAP MM Configuration Methodology
- TOPIC-054 Functional Specifications

The module closes with the gate review REVIEW-37.","","V10 - Testing & Migration","EPIC","","","Level 3 - Advanced SAP MM","37 SAP Activate","","","","","","","","","","","","","","","","",""
"TOPIC-052","TOPIC-052","Topic","Normal","[TOPIC-052] Implementation Methodology: SAP Activate","**Topics:** Discover; Prepare; Explore; Realize; Deploy; Run; Business requirement gathering; Fit-to-standard; Gap analysis; Business process design; Configuration; Development coordination; Testing; Migration; Training; Cutover; Go-live; Hypercare

**Transaction codes:** SPRO; SE10; STMS

**Fiori apps:** None listed

**Environment:** SAP S/4HANA Training System

**Tasks:** 3, 10 estimated hours.

- THY-060 SAP Activate and its phases
- ASG-008 Assignment: fit-to-standard workshop and gap analysis for procurement
- ASG-009 Assignment: cutover plan and go-live checklist","Implementation","V10 - Testing & Migration","MOD-37","","","Level 3 - Advanced SAP MM","37 SAP Activate","Implementation","None","","None","","","","Consultant-Level","","SAP S/4HANA Training System","S/4HANA (ECC differences noted)","ECC and S/4HANA","","","","SPRO; SE10; STMS",""
"THY-060","THY-060","Theory","Normal","[THY-060] SAP Activate and its phases","**Objective:** SAP Activate and its phases

**Prerequisites:** ASM-036

**Concepts:** Discover; Prepare; Explore; Realize; Deploy; Run; Business requirement gathering; Fit-to-standard; Gap analysis; Business process design; Configuration; Development coordination; Testing; Migration; Training; Cutover; Go-live; Hypercare

**Environment:** SAP S/4HANA Training System

### Steps
- [ ] Study discover, prepare, explore, realize, deploy and run with the deliverables and the MM consultant's work in each
- [ ] Study fit-to-standard workshops and the backlog
- [ ] Study cutover, go-live and hypercare

### Expected Result
- Lists the MM deliverables of each phase

**Evidence:** Notes

**Deliverable:** Study notes

**Assessment:** Instructor checks the notes and asks short oral questions.

### Completion criteria
- Every step is done and the expected result is demonstrated
- Evidence is attached to the issue and the deliverable is in your workbook or document set
- Accounting and integration impact are written down where documents were created
- Actual time is logged against the issue
- Instructor Review is Approved and the status is Completed

**Estimated time:** 3 h

**Next task:** ASG-008","Implementation","V10 - Testing & Migration","TOPIC-052","ASM-036","3","Level 3 - Advanced SAP MM","37 SAP Activate","Implementation","None","0","None","L3 - Intermediate","0","0","Consultant-Level","","SAP S/4HANA Training System","S/4HANA (ECC differences noted)","ECC and S/4HANA","Study notes","Notes","","","Pending"
"ASG-008","ASG-008","Assignment","Normal","[ASG-008] Assignment: fit-to-standard workshop and gap analysis for procurement","**Objective:** Assignment: fit-to-standard workshop and gap analysis for procurement

**Business Scenario:** The client wants its current purchasing process in the new system.

**Prerequisites:** THY-060

**Concepts:** Discover; Prepare; Explore; Realize; Deploy; Run; Business requirement gathering; Fit-to-standard; Gap analysis; Business process design; Configuration; Development coordination; Testing; Migration; Training; Cutover; Go-live; Hypercare

**Environment:** SAP S/4HANA Training System

### Steps
- [ ] Run a role-played workshop with another student as the business
- [ ] Record requirements
- [ ] Classify each as fit, configuration or gap with options and decision
- [ ] Write the business process design for Procure-to-Pay

### Expected Result
- At least twenty requirements with decisions
- Process design covers standard and exception flows

**Evidence:** Written deliverable

**Deliverable:** Gap analysis and business process design

**Assessment:** Instructor reviews the document for completeness and reasoning.

### Completion criteria
- Every step is done and the expected result is demonstrated
- Evidence is attached to the issue and the deliverable is in your workbook or document set
- Accounting and integration impact are written down where documents were created
- Actual time is logged against the issue
- Instructor Review is Approved and the status is Completed

**Estimated time:** 4 h

**Next task:** ASG-009","Implementation","V10 - Testing & Migration","TOPIC-052","THY-060","4","Level 3 - Advanced SAP MM","37 SAP Activate","Implementation","None","0","None","L3 - Intermediate","0","0","Consultant-Level","","SAP S/4HANA Training System","S/4HANA (ECC differences noted)","ECC and S/4HANA","Gap analysis and business process design","Written deliverable","The client wants its current purchasing process in the new system.","","Pending"
"ASG-009","ASG-009","Assignment","Normal","[ASG-009] Assignment: cutover plan and go-live checklist","**Objective:** Assignment: cutover plan and go-live checklist

**Prerequisites:** ASG-008

**Concepts:** Discover; Prepare; Explore; Realize; Deploy; Run; Business requirement gathering; Fit-to-standard; Gap analysis; Business process design; Configuration; Development coordination; Testing; Migration; Training; Cutover; Go-live; Hypercare

**Environment:** SAP S/4HANA Training System

### Steps
- [ ] Write the cutover plan with task, owner, start, duration, dependency, verification and fallback
- [ ] Write the go-live checklist and the hypercare plan

### Expected Result
- Every critical task has a fallback
- Checklist supports a go or no-go decision

**Evidence:** Written deliverable

**Deliverable:** Cutover plan and go-live checklist

**Assessment:** Instructor reviews the document for completeness and reasoning.

### Completion criteria
- Every step is done and the expected result is demonstrated
- Evidence is attached to the issue and the deliverable is in your workbook or document set
- Accounting and integration impact are written down where documents were created
- Actual time is logged against the issue
- Instructor Review is Approved and the status is Completed

**Estimated time:** 3 h

**Next task:** Last task of this topic","Implementation","V10 - Testing & Migration","TOPIC-052","ASG-008","3","Level 3 - Advanced SAP MM","37 SAP Activate","Implementation","None","0","None","L3 - Intermediate","0","0","Consultant-Level","","SAP S/4HANA Training System","S/4HANA (ECC differences noted)","ECC and S/4HANA","Cutover plan and go-live checklist","Written deliverable","","","Pending"
"TOPIC-053","TOPIC-053","Topic","Normal","[TOPIC-053] SAP MM Configuration Methodology","**Topics:** Chain: business requirement, process design, configuration, master data, unit test, integration test, user acceptance test, documentation, transport, production; IMG/SPRO; Configuration documentation; Configuration rationale; Transport concepts; Naming conventions; Change management; Functional specifications; Test scripts; Configuration workbook

**Transaction codes:** SPRO; SE10; STMS; SCC1

**Fiori apps:** None listed

**Environment:** SAP S/4HANA Training System

**Tasks:** 3, 10 estimated hours.

- THY-061 From requirement to production
- EX-029 IMG navigation and transport requests
- DOC-001 Configuration workbook","Implementation","V10 - Testing & Migration","MOD-37","","","Level 3 - Advanced SAP MM","37 SAP Activate","Implementation","None","","None","","","","Consultant-Level","","SAP S/4HANA Training System","S/4HANA (ECC differences noted)","ECC and S/4HANA","","","","SPRO; SE10; STMS; SCC1",""
"THY-061","THY-061","Theory","Normal","[THY-061] From requirement to production","**Objective:** From requirement to production

**Prerequisites:** ASG-009

**Concepts:** Chain: business requirement, process design, configuration, master data, unit test, integration test, user acceptance test, documentation, transport, production; IMG/SPRO; Configuration documentation; Configuration rationale; Transport concepts; Naming conventions; Change management; Functional specifications; Test scripts; Configuration workbook

**Environment:** SAP S/4HANA Training System

### Steps
- [ ] Study the ten-step chain and what is delivered at each step
- [ ] Study customizing and workbench requests, release and import
- [ ] Study naming conventions and why standard entries are copied, not changed
- [ ] Study change management after go-live

### Expected Result
- Traces one requirement through all ten steps

**Evidence:** Notes

**Deliverable:** Study notes

**Assessment:** Instructor checks the notes and asks short oral questions.

### Completion criteria
- Every step is done and the expected result is demonstrated
- Evidence is attached to the issue and the deliverable is in your workbook or document set
- Accounting and integration impact are written down where documents were created
- Actual time is logged against the issue
- Instructor Review is Approved and the status is Completed

**Estimated time:** 3 h

**Next task:** EX-029","Implementation","V10 - Testing & Migration","TOPIC-053","ASG-009","3","Level 3 - Advanced SAP MM","37 SAP Activate","Implementation","None","0","None","L3 - Intermediate","0","0","Consultant-Level","","SAP S/4HANA Training System","S/4HANA (ECC differences noted)","ECC and S/4HANA","Study notes","Notes","","","Pending"
"EX-029","EX-029","Practical Exercise","Normal","[EX-029] IMG navigation and transport requests","**Objective:** IMG navigation and transport requests

**Prerequisites:** THY-061

**Concepts:** Chain: business requirement, process design, configuration, master data, unit test, integration test, user acceptance test, documentation, transport, production; IMG/SPRO; Configuration documentation; Configuration rationale; Transport concepts; Naming conventions; Change management; Functional specifications; Test scripts; Configuration workbook

**Transaction codes:** SPRO; SE10 (SAP GUI; use the Fiori app for the same function where one exists)

**Environment:** SAP S/4HANA Training System

### Steps
- [ ] Walk the implementation guide for enterprise structure, logistics general, purchasing, inventory management, valuation and invoice verification
- [ ] Record a customizing change in a request
- [ ] Display its content and follow its release

### Expected Result
- Finds any MM setting in the guide
- Explains what a request contains

**Evidence:** Worked result + screenshots

**Deliverable:** Exercise sheet

**Assessment:** Instructor checks the worked result.

### Completion criteria
- Every step is done and the expected result is demonstrated
- Evidence is attached to the issue and the deliverable is in your workbook or document set
- Accounting and integration impact are written down where documents were created
- Actual time is logged against the issue
- Instructor Review is Approved and the status is Completed

**Estimated time:** 3 h

**Next task:** DOC-001","Implementation","V10 - Testing & Migration","TOPIC-053","THY-061","3","Level 3 - Advanced SAP MM","37 SAP Activate","Implementation","None","0","None","L3 - Intermediate","0","0","Consultant-Level","","SAP S/4HANA Training System","S/4HANA (ECC differences noted)","ECC and S/4HANA","Exercise sheet","Worked result + screenshots","","SPRO; SE10","Pending"
"DOC-001","DOC-001","Documentation","Normal","[DOC-001] Configuration workbook","**Objective:** Configuration workbook

**Prerequisites:** EX-029

**Concepts:** Chain: business requirement, process design, configuration, master data, unit test, integration test, user acceptance test, documentation, transport, production; IMG/SPRO; Configuration documentation; Configuration rationale; Transport concepts; Naming conventions; Change management; Functional specifications; Test scripts; Configuration workbook

**Environment:** SAP S/4HANA Training System

### Steps
- [ ] Consolidate the configuration entries of all modules into one workbook by area with setting, values, rationale, naming convention, unit test reference and transport

### Expected Result
- Every configured area is present with a rationale

**Evidence:** Written deliverable

**Deliverable:** Configuration workbook

**Assessment:** Instructor reviews the document as a project lead would.

### Completion criteria
- Every step is done and the expected result is demonstrated
- Evidence is attached to the issue and the deliverable is in your workbook or document set
- Accounting and integration impact are written down where documents were created
- Actual time is logged against the issue
- Instructor Review is Approved and the status is Completed

**Estimated time:** 4 h

**Next task:** Last task of this topic","Implementation","V10 - Testing & Migration","TOPIC-053","EX-029","4","Level 3 - Advanced SAP MM","37 SAP Activate","Implementation","None","0","None","L3 - Intermediate","0","0","Consultant-Level","","SAP S/4HANA Training System","S/4HANA (ECC differences noted)","ECC and S/4HANA","Configuration workbook","Written deliverable","","","Pending"
"TOPIC-054","TOPIC-054","Topic","Normal","[TOPIC-054] Functional Specifications","**Topics:** FS structure: business requirement, functional requirement, current process, future process, input, processing logic, output, business rules, error handling, security, dependencies, acceptance criteria; Examples: custom procurement report, purchase order enhancement, approval enhancement, supplier report, inventory report, interface requirement

**Transaction codes:** None

**Fiori apps:** None listed

**Environment:** SAP S/4HANA Training System

**Tasks:** 5, 13 estimated hours.

- THY-062 How to write a functional specification
- DOC-002 Functional specification: custom procurement report
- DOC-003 Functional specification: purchase order or approval enhancement
- DOC-004 Functional specification: interface requirement
- ASM-037 Implementation assessment","Implementation","V10 - Testing & Migration","MOD-37","","","Level 3 - Advanced SAP MM","37 SAP Activate","Implementation","None","","None","","","","Consultant-Level","","SAP S/4HANA Training System","S/4HANA (ECC differences noted)","ECC and S/4HANA","","","","",""
"THY-062","THY-062","Theory","Normal","[THY-062] How to write a functional specification","**Objective:** How to write a functional specification

**Prerequisites:** DOC-001

**Concepts:** FS structure: business requirement, functional requirement, current process, future process, input, processing logic, output, business rules, error handling, security, dependencies, acceptance criteria; Examples: custom procurement report, purchase order enhancement, approval enhancement, supplier report, inventory report, interface requirement

**Environment:** SAP S/4HANA Training System

### Steps
- [ ] Study the twelve sections
- [ ] Study how a developer reads a specification
- [ ] Study report, interface, conversion, enhancement, form and workflow as types of development

### Expected Result
- Explains what belongs in each section

**Evidence:** Notes

**Deliverable:** Study notes

**Assessment:** Instructor checks the notes and asks short oral questions.

### Completion criteria
- Every step is done and the expected result is demonstrated
- Evidence is attached to the issue and the deliverable is in your workbook or document set
- Accounting and integration impact are written down where documents were created
- Actual time is logged against the issue
- Instructor Review is Approved and the status is Completed

**Estimated time:** 2 h

**Next task:** DOC-002","Implementation","V10 - Testing & Migration","TOPIC-054","DOC-001","2","Level 3 - Advanced SAP MM","37 SAP Activate","Implementation","None","0","None","L3 - Intermediate","0","0","Consultant-Level","","SAP S/4HANA Training System","S/4HANA (ECC differences noted)","ECC and S/4HANA","Study notes","Notes","","","Pending"
"DOC-002","DOC-002","Documentation","Normal","[DOC-002] Functional specification: custom procurement report","**Objective:** Functional specification: custom procurement report

**Business Scenario:** Management wants open orders with overdue deliveries by buyer and supplier.

**Prerequisites:** THY-062

**Concepts:** FS structure: business requirement, functional requirement, current process, future process, input, processing logic, output, business rules, error handling, security, dependencies, acceptance criteria; Examples: custom procurement report, purchase order enhancement, approval enhancement, supplier report, inventory report, interface requirement

**Environment:** SAP S/4HANA Training System

### Steps
- [ ] Write the specification in the twelve-section structure with selection screen, logic, layout and test cases

### Expected Result
- A developer could build from it without questions

**Evidence:** Written deliverable

**Deliverable:** Functional specification 1

**Assessment:** Instructor reviews the document as a project lead would.

### Completion criteria
- Every step is done and the expected result is demonstrated
- Evidence is attached to the issue and the deliverable is in your workbook or document set
- Accounting and integration impact are written down where documents were created
- Actual time is logged against the issue
- Instructor Review is Approved and the status is Completed

**Estimated time:** 3 h

**Next task:** DOC-003","Implementation","V10 - Testing & Migration","TOPIC-054","THY-062","3","Level 3 - Advanced SAP MM","37 SAP Activate","Implementation","None","0","None","L3 - Intermediate","0","0","Consultant-Level","","SAP S/4HANA Training System","S/4HANA (ECC differences noted)","ECC and S/4HANA","Functional specification 1","Written deliverable","Management wants open orders with overdue deliveries by buyer and supplier.","","Pending"
"DOC-003","DOC-003","Documentation","Normal","[DOC-003] Functional specification: purchase order or approval enhancement","**Objective:** Functional specification: purchase order or approval enhancement

**Business Scenario:** Orders for hazardous materials need an additional mandatory check and approver.

**Prerequisites:** DOC-002

**Concepts:** FS structure: business requirement, functional requirement, current process, future process, input, processing logic, output, business rules, error handling, security, dependencies, acceptance criteria; Examples: custom procurement report, purchase order enhancement, approval enhancement, supplier report, inventory report, interface requirement

**Environment:** SAP S/4HANA Training System

### Steps
- [ ] Write the specification with business rules, error handling and security

### Expected Result
- Rules are unambiguous and testable

**Evidence:** Written deliverable

**Deliverable:** Functional specification 2

**Assessment:** Instructor reviews the document as a project lead would.

### Completion criteria
- Every step is done and the expected result is demonstrated
- Evidence is attached to the issue and the deliverable is in your workbook or document set
- Accounting and integration impact are written down where documents were created
- Actual time is logged against the issue
- Instructor Review is Approved and the status is Completed

**Estimated time:** 3 h

**Next task:** DOC-004","Implementation","V10 - Testing & Migration","TOPIC-054","DOC-002","3","Level 3 - Advanced SAP MM","37 SAP Activate","Implementation","None","0","None","L3 - Intermediate","0","0","Consultant-Level","","SAP S/4HANA Training System","S/4HANA (ECC differences noted)","ECC and S/4HANA","Functional specification 2","Written deliverable","Orders for hazardous materials need an additional mandatory check and approver.","","Pending"
"DOC-004","DOC-004","Documentation","Normal","[DOC-004] Functional specification: interface requirement","**Objective:** Functional specification: interface requirement

**Business Scenario:** Purchase orders must be sent to a supplier portal and confirmations received back.

**Prerequisites:** DOC-003

**Concepts:** FS structure: business requirement, functional requirement, current process, future process, input, processing logic, output, business rules, error handling, security, dependencies, acceptance criteria; Examples: custom procurement report, purchase order enhancement, approval enhancement, supplier report, inventory report, interface requirement

**Environment:** SAP S/4HANA Training System

### Steps
- [ ] Write the specification with message content, mapping, frequency, error handling and monitoring

### Expected Result
- Each field has a source and a target

**Evidence:** Written deliverable

**Deliverable:** Functional specification 3

**Assessment:** Instructor reviews the document as a project lead would.

### Completion criteria
- Every step is done and the expected result is demonstrated
- Evidence is attached to the issue and the deliverable is in your workbook or document set
- Accounting and integration impact are written down where documents were created
- Actual time is logged against the issue
- Instructor Review is Approved and the status is Completed

**Estimated time:** 3 h

**Next task:** ASM-037","Implementation","V10 - Testing & Migration","TOPIC-054","DOC-003","3","Level 3 - Advanced SAP MM","37 SAP Activate","Implementation","None","0","None","L3 - Intermediate","0","0","Consultant-Level","","SAP S/4HANA Training System","S/4HANA (ECC differences noted)","ECC and S/4HANA","Functional specification 3","Written deliverable","Purchase orders must be sent to a supplier portal and confirmations received back.","","Pending"
"ASM-037","ASM-037","Assessment","High","[ASM-037] Implementation assessment","**Objective:** Implementation assessment

**Prerequisites:** DOC-004

**Concepts:** FS structure: business requirement, functional requirement, current process, future process, input, processing logic, output, business rules, error handling, security, dependencies, acceptance criteria; Examples: custom procurement report, purchase order enhancement, approval enhancement, supplier report, inventory report, interface requirement

**Environment:** SAP S/4HANA Training System

### Steps
- [ ] Present a requirement from workshop to transport

### Expected Result
- Score of 70 or higher

**Evidence:** Scored result

**Deliverable:** Scored assessment

**Assessment:** Scored 0-100 in the Score field. Pass mark 70.

### Completion criteria
- Every step is done and the expected result is demonstrated
- Evidence is attached to the issue and the deliverable is in your workbook or document set
- Accounting and integration impact are written down where documents were created
- Actual time is logged against the issue
- Instructor Review is Approved and the status is Completed

**Estimated time:** 2 h

**Next task:** Last task of this topic","Implementation","V10 - Testing & Migration","TOPIC-054","DOC-004","2","Level 3 - Advanced SAP MM","37 SAP Activate","Implementation","None","0","None","L3 - Intermediate","0","1","Consultant-Level","","SAP S/4HANA Training System","S/4HANA (ECC differences noted)","ECC and S/4HANA","Scored assessment","Scored result","","","Pending"
"REVIEW-37","REVIEW-37","Review","High","[REVIEW-37] Module 37 gate review","**Objective:** Confirm that module 37 (SAP Activate) is complete.

### Checklist
- [ ] Every issue of the module is Completed
- [ ] Evidence is attached to every issue
- [ ] Time is logged
- [ ] Assessment score is 70 or higher
- [ ] Configuration workbook, master-data workbook and issue log are up to date

**Assessment:** Instructor confirms the checklist and records the gate decision.

**Estimated time:** 1 h","","V10 - Testing & Migration","MOD-37","ASG-009, DOC-001, ASM-037","1","Level 3 - Advanced SAP MM","37 SAP Activate","","","0","","","0","1","","","","","","Gate decision","Instructor sign-off","","","Pending"
"MOD-38","MOD-38","Module","Normal","[MOD-38] 38 Production Support","Module 38 of 42. Level 3 - Advanced SAP MM. Version: V11 - Production Support.

Topics: 1. Estimated hours: 32.

- TOPIC-055 Production Support

The module closes with the gate review REVIEW-38.","","V11 - Production Support","EPIC","","","Level 3 - Advanced SAP MM","38 Production Support","","","","","","","","","","","","","","","","",""
"TOPIC-055","TOPIC-055","Topic","Normal","[TOPIC-055] Production Support","**Topics:** Incident management; Priority; Severity; SLA; Root cause analysis; Problem management; Change requests; Transport management; Emergency fixes; User communication; Documentation; Knowledge base

**Transaction codes:** SM37; SM21; ST22; SU53; SE16N; SE10; STMS; ME23N; MB51

**Fiori apps:** None listed

**Environment:** SAP S/4HANA Training System

**Tasks:** 19, 31 estimated hours.

- THY-063 Support processes: incident, problem and change
- EX-030 Support tools for the MM consultant
- PRD-001 Production incident 01: PO cannot be created
- PRD-002 Production incident 02: Supplier not available
- PRD-003 Production incident 03: Material cannot be ordered
- PRD-004 Production incident 04: Wrong price in PO
- PRD-005 Production incident 05: GR cannot be posted
- PRD-006 Production incident 06: Invoice blocked
- PRD-007 Production incident 07: Wrong account posting
- PRD-008 Production incident 08: Stock mismatch
- PRD-009 Production incident 09: MRP not generating PR
- PRD-010 Production incident 10: STO not working
- PRD-011 Production incident 11: Approval workflow failure
- CR-001 Change request: new purchasing group and approval threshold
- CR-002 Change request: new movement type for sample issues
- CR-003 Emergency fix: invoices blocked by a wrong tolerance after a transport
- DOC-005 Root cause analysis and knowledge base article
- DOC-006 Production support runbook and issue log
- ASM-038 Production support assessment","Production Support","V11 - Production Support","MOD-38","","","Level 3 - Advanced SAP MM","38 Production Support","Production Support","None","","None","","","","Production Support","","SAP S/4HANA Training System","S/4HANA (ECC differences noted)","ECC and S/4HANA","","","","SM37; SM21; ST22; SU53; SE16N; SE10; STMS; ME23N; MB51",""
"THY-063","THY-063","Theory","Normal","[THY-063] Support processes: incident, problem and change","**Objective:** Support processes: incident, problem and change

**Prerequisites:** ASM-037

**Concepts:** Incident management; Priority; Severity; SLA; Root cause analysis; Problem management; Change requests; Transport management; Emergency fixes; User communication; Documentation; Knowledge base

**Environment:** SAP S/4HANA Training System

### Steps
- [ ] Study incident, problem and change management
- [ ] Study severity, priority and service level targets
- [ ] Study the change request path from request to transport and the emergency fix
- [ ] Study user communication and the knowledge base article

### Expected Result
- Classifies ten tickets by severity and priority
- Explains incident versus problem versus change

**Evidence:** Notes

**Deliverable:** Study notes

**Assessment:** Instructor checks the notes and asks short oral questions.

### Completion criteria
- Every step is done and the expected result is demonstrated
- Evidence is attached to the issue and the deliverable is in your workbook or document set
- Accounting and integration impact are written down where documents were created
- Actual time is logged against the issue
- Instructor Review is Approved and the status is Completed

**Estimated time:** 3 h

**Next task:** EX-030","Production Support","V11 - Production Support","TOPIC-055","ASM-037","3","Level 3 - Advanced SAP MM","38 Production Support","Production Support","None","0","None","L3 - Intermediate","0","0","Production Support","","SAP S/4HANA Training System","S/4HANA (ECC differences noted)","ECC and S/4HANA","Study notes","Notes","","","Pending"
"EX-030","EX-030","Practical Exercise","Normal","[EX-030] Support tools for the MM consultant","**Objective:** Support tools for the MM consultant

**Prerequisites:** THY-063

**Concepts:** Incident management; Priority; Severity; SLA; Root cause analysis; Problem management; Change requests; Transport management; Emergency fixes; User communication; Documentation; Knowledge base

**Transaction codes:** SM37; SM21; ST22; SU53; SE16N; ME23N; MB51 (SAP GUI; use the Fiori app for the same function where one exists)

**Environment:** SAP S/4HANA Training System

### Steps
- [ ] Monitor background jobs for planning, settlement and invoice release
- [ ] Read the system log and a dump at functional level
- [ ] Analyse an authorization failure
- [ ] Use purchase order history, change documents, material document list, condition analysis, account simulation and workflow log as analysis tools

### Expected Result
- Uses each tool once on a prepared case

**Evidence:** Worked result + screenshots

**Deliverable:** Exercise sheet

**Assessment:** Instructor checks the worked result.

### Completion criteria
- Every step is done and the expected result is demonstrated
- Evidence is attached to the issue and the deliverable is in your workbook or document set
- Accounting and integration impact are written down where documents were created
- Actual time is logged against the issue
- Instructor Review is Approved and the status is Completed

**Estimated time:** 3 h

**Next task:** PRD-001","Production Support","V11 - Production Support","TOPIC-055","THY-063","3","Level 3 - Advanced SAP MM","38 Production Support","Production Support","None","0","None","L3 - Intermediate","0","0","Production Support","","SAP S/4HANA Training System","S/4HANA (ECC differences noted)","ECC and S/4HANA","Exercise sheet","Worked result + screenshots","","SM37; SM21; ST22; SU53; SE16N; ME23N; MB51","Pending"
"PRD-001","PRD-001","Production Incident","High","[PRD-001] Production incident 01: PO cannot be created","**Objective:** Production incident 01: PO cannot be created

**Prerequisites:** EX-030

**Concepts:** Incident management; Priority; Severity; SLA; Root cause analysis; Problem management; Change requests; Transport management; Emergency fixes; User communication; Documentation; Knowledge base

**Transaction codes:** SM37; SM21; ST22; SU53; SE16N; SE10; STMS; ME23N; MB51 (SAP GUI; use the Fiori app for the same function where one exists)

**Environment:** SAP S/4HANA Training System

### Steps
- [ ] Open the ticket: classify severity and priority and acknowledge to the user
- [ ] Problem: record the message number and text, the transaction and the user
- [ ] Business impact: state what cannot be done, who is affected and the deadline
- [ ] Reproduce the error in the training client (instructor-prepared)
- [ ] Check master data
- [ ] Check configuration
- [ ] Check authorization
- [ ] Check integration: periods, accounts, cost objects and the neighbouring module
- [ ] Check documents: history, material and accounting documents, change documents and logs
- [ ] Identify the root cause - where to look: Supplier and material data for the organization, document type, field selection and authorization
- [ ] Fix
- [ ] Test: re-run the original transaction
- [ ] Document the RCA
- [ ] Close the ticket: user communication, closure notes and knowledge base entry

### Expected Result
- The original transaction now works
- Root cause is shown in master data, configuration, authorization or integration
- RCA document covers problem, business impact, checks made, root cause, fix, test and prevention
- Ticket notes show classification, communication and closure

**Evidence:** Ticket notes + RCA document

**Deliverable:** Ticket notes and RCA document

**Assessment:** Instructor checks ticket notes: analysis, solution, user communication, closure and RCA.

### Completion criteria
- Every step is done and the expected result is demonstrated
- Evidence is attached to the issue and the deliverable is in your workbook or document set
- Accounting and integration impact are written down where documents were created
- Actual time is logged against the issue
- Instructor Review is Approved and the status is Completed

**Estimated time:** 1 h

**Next task:** PRD-002","Production Support","V11 - Production Support","TOPIC-055","EX-030","1","Level 3 - Advanced SAP MM","38 Production Support","Production Support","None","0","None","L3 - Intermediate","0","0","Production Support","","SAP S/4HANA Training System","S/4HANA (ECC differences noted)","ECC and S/4HANA","Ticket notes and RCA document","Ticket notes + RCA document","","SM37; SM21; ST22; SU53; SE16N; SE10; STMS; ME23N; MB51","Pending"
"PRD-002","PRD-002","Production Incident","High","[PRD-002] Production incident 02: Supplier not available","**Objective:** Production incident 02: Supplier not available

**Prerequisites:** PRD-001

**Concepts:** Incident management; Priority; Severity; SLA; Root cause analysis; Problem management; Change requests; Transport management; Emergency fixes; User communication; Documentation; Knowledge base

**Transaction codes:** SM37; SM21; ST22; SU53; SE16N; SE10; STMS; ME23N; MB51 (SAP GUI; use the Fiori app for the same function where one exists)

**Environment:** SAP S/4HANA Training System

### Steps
- [ ] Open the ticket: classify severity and priority and acknowledge to the user
- [ ] Problem: record the message number and text, the transaction and the user
- [ ] Business impact: state what cannot be done, who is affected and the deadline
- [ ] Reproduce the error in the training client (instructor-prepared)
- [ ] Check master data
- [ ] Check configuration
- [ ] Check authorization
- [ ] Check integration: periods, accounts, cost objects and the neighbouring module
- [ ] Check documents: history, material and accounting documents, change documents and logs
- [ ] Identify the root cause - where to look: Purchasing role, purchasing organization extension, blocks and search term
- [ ] Fix
- [ ] Test: re-run the original transaction
- [ ] Document the RCA
- [ ] Close the ticket: user communication, closure notes and knowledge base entry

### Expected Result
- The original transaction now works
- Root cause is shown in master data, configuration, authorization or integration
- RCA document covers problem, business impact, checks made, root cause, fix, test and prevention
- Ticket notes show classification, communication and closure

**Evidence:** Ticket notes + RCA document

**Deliverable:** Ticket notes and RCA document

**Assessment:** Instructor checks ticket notes: analysis, solution, user communication, closure and RCA.

### Completion criteria
- Every step is done and the expected result is demonstrated
- Evidence is attached to the issue and the deliverable is in your workbook or document set
- Accounting and integration impact are written down where documents were created
- Actual time is logged against the issue
- Instructor Review is Approved and the status is Completed

**Estimated time:** 1 h

**Next task:** PRD-003","Production Support","V11 - Production Support","TOPIC-055","PRD-001","1","Level 3 - Advanced SAP MM","38 Production Support","Production Support","None","0","None","L3 - Intermediate","0","0","Production Support","","SAP S/4HANA Training System","S/4HANA (ECC differences noted)","ECC and S/4HANA","Ticket notes and RCA document","Ticket notes + RCA document","","SM37; SM21; ST22; SU53; SE16N; SE10; STMS; ME23N; MB51","Pending"
"PRD-003","PRD-003","Production Incident","High","[PRD-003] Production incident 03: Material cannot be ordered","**Objective:** Production incident 03: Material cannot be ordered

**Prerequisites:** PRD-002

**Concepts:** Incident management; Priority; Severity; SLA; Root cause analysis; Problem management; Change requests; Transport management; Emergency fixes; User communication; Documentation; Knowledge base

**Transaction codes:** SM37; SM21; ST22; SU53; SE16N; SE10; STMS; ME23N; MB51 (SAP GUI; use the Fiori app for the same function where one exists)

**Environment:** SAP S/4HANA Training System

### Steps
- [ ] Open the ticket: classify severity and priority and acknowledge to the user
- [ ] Problem: record the message number and text, the transaction and the user
- [ ] Business impact: state what cannot be done, who is affected and the deadline
- [ ] Reproduce the error in the training client (instructor-prepared)
- [ ] Check master data
- [ ] Check configuration
- [ ] Check authorization
- [ ] Check integration: periods, accounts, cost objects and the neighbouring module
- [ ] Check documents: history, material and accounting documents, change documents and logs
- [ ] Identify the root cause - where to look: Purchasing view, plant status, material status and source list requirement
- [ ] Fix
- [ ] Test: re-run the original transaction
- [ ] Document the RCA
- [ ] Close the ticket: user communication, closure notes and knowledge base entry

### Expected Result
- The original transaction now works
- Root cause is shown in master data, configuration, authorization or integration
- RCA document covers problem, business impact, checks made, root cause, fix, test and prevention
- Ticket notes show classification, communication and closure

**Evidence:** Ticket notes + RCA document

**Deliverable:** Ticket notes and RCA document

**Assessment:** Instructor checks ticket notes: analysis, solution, user communication, closure and RCA.

### Completion criteria
- Every step is done and the expected result is demonstrated
- Evidence is attached to the issue and the deliverable is in your workbook or document set
- Accounting and integration impact are written down where documents were created
- Actual time is logged against the issue
- Instructor Review is Approved and the status is Completed

**Estimated time:** 1 h

**Next task:** PRD-004","Production Support","V11 - Production Support","TOPIC-055","PRD-002","1","Level 3 - Advanced SAP MM","38 Production Support","Production Support","None","0","None","L3 - Intermediate","0","0","Production Support","","SAP S/4HANA Training System","S/4HANA (ECC differences noted)","ECC and S/4HANA","Ticket notes and RCA document","Ticket notes + RCA document","","SM37; SM21; ST22; SU53; SE16N; SE10; STMS; ME23N; MB51","Pending"
"PRD-004","PRD-004","Production Incident","High","[PRD-004] Production incident 04: Wrong price in PO","**Objective:** Production incident 04: Wrong price in PO

**Prerequisites:** PRD-003

**Concepts:** Incident management; Priority; Severity; SLA; Root cause analysis; Problem management; Change requests; Transport management; Emergency fixes; User communication; Documentation; Knowledge base

**Transaction codes:** SM37; SM21; ST22; SU53; SE16N; SE10; STMS; ME23N; MB51 (SAP GUI; use the Fiori app for the same function where one exists)

**Environment:** SAP S/4HANA Training System

### Steps
- [ ] Open the ticket: classify severity and priority and acknowledge to the user
- [ ] Problem: record the message number and text, the transaction and the user
- [ ] Business impact: state what cannot be done, who is affected and the deadline
- [ ] Reproduce the error in the training client (instructor-prepared)
- [ ] Check master data
- [ ] Check configuration
- [ ] Check authorization
- [ ] Check integration: periods, accounts, cost objects and the neighbouring module
- [ ] Check documents: history, material and accounting documents, change documents and logs
- [ ] Identify the root cause - where to look: Info record and contract conditions, validity, condition analysis and last purchase order price
- [ ] Fix
- [ ] Test: re-run the original transaction
- [ ] Document the RCA
- [ ] Close the ticket: user communication, closure notes and knowledge base entry

### Expected Result
- The original transaction now works
- Root cause is shown in master data, configuration, authorization or integration
- RCA document covers problem, business impact, checks made, root cause, fix, test and prevention
- Ticket notes show classification, communication and closure

**Evidence:** Ticket notes + RCA document

**Deliverable:** Ticket notes and RCA document

**Assessment:** Instructor checks ticket notes: analysis, solution, user communication, closure and RCA.

### Completion criteria
- Every step is done and the expected result is demonstrated
- Evidence is attached to the issue and the deliverable is in your workbook or document set
- Accounting and integration impact are written down where documents were created
- Actual time is logged against the issue
- Instructor Review is Approved and the status is Completed

**Estimated time:** 1 h

**Next task:** PRD-005","Production Support","V11 - Production Support","TOPIC-055","PRD-003","1","Level 3 - Advanced SAP MM","38 Production Support","Production Support","None","0","None","L3 - Intermediate","0","0","Production Support","","SAP S/4HANA Training System","S/4HANA (ECC differences noted)","ECC and S/4HANA","Ticket notes and RCA document","Ticket notes + RCA document","","SM37; SM21; ST22; SU53; SE16N; SE10; STMS; ME23N; MB51","Pending"
"PRD-005","PRD-005","Production Incident","High","[PRD-005] Production incident 05: GR cannot be posted","**Objective:** Production incident 05: GR cannot be posted

**Prerequisites:** PRD-004

**Concepts:** Incident management; Priority; Severity; SLA; Root cause analysis; Problem management; Change requests; Transport management; Emergency fixes; User communication; Documentation; Knowledge base

**Transaction codes:** SM37; SM21; ST22; SU53; SE16N; SE10; STMS; ME23N; MB51 (SAP GUI; use the Fiori app for the same function where one exists)

**Environment:** SAP S/4HANA Training System

### Steps
- [ ] Open the ticket: classify severity and priority and acknowledge to the user
- [ ] Problem: record the message number and text, the transaction and the user
- [ ] Business impact: state what cannot be done, who is affected and the deadline
- [ ] Reproduce the error in the training client (instructor-prepared)
- [ ] Check master data
- [ ] Check configuration
- [ ] Check authorization
- [ ] Check integration: periods, accounts, cost objects and the neighbouring module
- [ ] Check documents: history, material and accounting documents, change documents and logs
- [ ] Identify the root cause - where to look: Posting period, release status, delivery completed, tolerance and storage location
- [ ] Fix
- [ ] Test: re-run the original transaction
- [ ] Document the RCA
- [ ] Close the ticket: user communication, closure notes and knowledge base entry

### Expected Result
- The original transaction now works
- Root cause is shown in master data, configuration, authorization or integration
- RCA document covers problem, business impact, checks made, root cause, fix, test and prevention
- Ticket notes show classification, communication and closure

**Evidence:** Ticket notes + RCA document

**Deliverable:** Ticket notes and RCA document

**Assessment:** Instructor checks ticket notes: analysis, solution, user communication, closure and RCA.

### Completion criteria
- Every step is done and the expected result is demonstrated
- Evidence is attached to the issue and the deliverable is in your workbook or document set
- Accounting and integration impact are written down where documents were created
- Actual time is logged against the issue
- Instructor Review is Approved and the status is Completed

**Estimated time:** 1 h

**Next task:** PRD-006","Production Support","V11 - Production Support","TOPIC-055","PRD-004","1","Level 3 - Advanced SAP MM","38 Production Support","Production Support","None","0","None","L3 - Intermediate","0","0","Production Support","","SAP S/4HANA Training System","S/4HANA (ECC differences noted)","ECC and S/4HANA","Ticket notes and RCA document","Ticket notes + RCA document","","SM37; SM21; ST22; SU53; SE16N; SE10; STMS; ME23N; MB51","Pending"
"PRD-006","PRD-006","Production Incident","High","[PRD-006] Production incident 06: Invoice blocked","**Objective:** Production incident 06: Invoice blocked

**Prerequisites:** PRD-005

**Concepts:** Incident management; Priority; Severity; SLA; Root cause analysis; Problem management; Change requests; Transport management; Emergency fixes; User communication; Documentation; Knowledge base

**Transaction codes:** SM37; SM21; ST22; SU53; SE16N; SE10; STMS; ME23N; MB51 (SAP GUI; use the Fiori app for the same function where one exists)

**Environment:** SAP S/4HANA Training System

### Steps
- [ ] Open the ticket: classify severity and priority and acknowledge to the user
- [ ] Problem: record the message number and text, the transaction and the user
- [ ] Business impact: state what cannot be done, who is affected and the deadline
- [ ] Reproduce the error in the training client (instructor-prepared)
- [ ] Check master data
- [ ] Check configuration
- [ ] Check authorization
- [ ] Check integration: periods, accounts, cost objects and the neighbouring module
- [ ] Check documents: history, material and accounting documents, change documents and logs
- [ ] Identify the root cause - where to look: Blocking reason, variance against tolerance, missing receipt and release run
- [ ] Fix
- [ ] Test: re-run the original transaction
- [ ] Document the RCA
- [ ] Close the ticket: user communication, closure notes and knowledge base entry

### Expected Result
- The original transaction now works
- Root cause is shown in master data, configuration, authorization or integration
- RCA document covers problem, business impact, checks made, root cause, fix, test and prevention
- Ticket notes show classification, communication and closure

**Evidence:** Ticket notes + RCA document

**Deliverable:** Ticket notes and RCA document

**Assessment:** Instructor checks ticket notes: analysis, solution, user communication, closure and RCA.

### Completion criteria
- Every step is done and the expected result is demonstrated
- Evidence is attached to the issue and the deliverable is in your workbook or document set
- Accounting and integration impact are written down where documents were created
- Actual time is logged against the issue
- Instructor Review is Approved and the status is Completed

**Estimated time:** 1 h

**Next task:** PRD-007","Production Support","V11 - Production Support","TOPIC-055","PRD-005","1","Level 3 - Advanced SAP MM","38 Production Support","Production Support","None","0","None","L3 - Intermediate","0","0","Production Support","","SAP S/4HANA Training System","S/4HANA (ECC differences noted)","ECC and S/4HANA","Ticket notes and RCA document","Ticket notes + RCA document","","SM37; SM21; ST22; SU53; SE16N; SE10; STMS; ME23N; MB51","Pending"
"PRD-007","PRD-007","Production Incident","High","[PRD-007] Production incident 07: Wrong account posting","**Objective:** Production incident 07: Wrong account posting

**Prerequisites:** PRD-006

**Concepts:** Incident management; Priority; Severity; SLA; Root cause analysis; Problem management; Change requests; Transport management; Emergency fixes; User communication; Documentation; Knowledge base

**Transaction codes:** SM37; SM21; ST22; SU53; SE16N; SE10; STMS; ME23N; MB51 (SAP GUI; use the Fiori app for the same function where one exists)

**Environment:** SAP S/4HANA Training System

### Steps
- [ ] Open the ticket: classify severity and priority and acknowledge to the user
- [ ] Problem: record the message number and text, the transaction and the user
- [ ] Business impact: state what cannot be done, who is affected and the deadline
- [ ] Reproduce the error in the training client (instructor-prepared)
- [ ] Check master data
- [ ] Check configuration
- [ ] Check authorization
- [ ] Check integration: periods, accounts, cost objects and the neighbouring module
- [ ] Check documents: history, material and accounting documents, change documents and logs
- [ ] Identify the root cause - where to look: Valuation class, account assignment, movement type grouping and account table
- [ ] Fix
- [ ] Test: re-run the original transaction
- [ ] Document the RCA
- [ ] Close the ticket: user communication, closure notes and knowledge base entry

### Expected Result
- The original transaction now works
- Root cause is shown in master data, configuration, authorization or integration
- RCA document covers problem, business impact, checks made, root cause, fix, test and prevention
- Ticket notes show classification, communication and closure

**Evidence:** Ticket notes + RCA document

**Deliverable:** Ticket notes and RCA document

**Assessment:** Instructor checks ticket notes: analysis, solution, user communication, closure and RCA.

### Completion criteria
- Every step is done and the expected result is demonstrated
- Evidence is attached to the issue and the deliverable is in your workbook or document set
- Accounting and integration impact are written down where documents were created
- Actual time is logged against the issue
- Instructor Review is Approved and the status is Completed

**Estimated time:** 1 h

**Next task:** PRD-008","Production Support","V11 - Production Support","TOPIC-055","PRD-006","1","Level 3 - Advanced SAP MM","38 Production Support","Production Support","None","0","None","L3 - Intermediate","0","0","Production Support","","SAP S/4HANA Training System","S/4HANA (ECC differences noted)","ECC and S/4HANA","Ticket notes and RCA document","Ticket notes + RCA document","","SM37; SM21; ST22; SU53; SE16N; SE10; STMS; ME23N; MB51","Pending"
"PRD-008","PRD-008","Production Incident","High","[PRD-008] Production incident 08: Stock mismatch","**Objective:** Production incident 08: Stock mismatch

**Prerequisites:** PRD-007

**Concepts:** Incident management; Priority; Severity; SLA; Root cause analysis; Problem management; Change requests; Transport management; Emergency fixes; User communication; Documentation; Knowledge base

**Transaction codes:** SM37; SM21; ST22; SU53; SE16N; SE10; STMS; ME23N; MB51 (SAP GUI; use the Fiori app for the same function where one exists)

**Environment:** SAP S/4HANA Training System

### Steps
- [ ] Open the ticket: classify severity and priority and acknowledge to the user
- [ ] Problem: record the message number and text, the transaction and the user
- [ ] Business impact: state what cannot be done, who is affected and the deadline
- [ ] Reproduce the error in the training client (instructor-prepared)
- [ ] Check master data
- [ ] Check configuration
- [ ] Check authorization
- [ ] Check integration: periods, accounts, cost objects and the neighbouring module
- [ ] Check documents: history, material and accounting documents, change documents and logs
- [ ] Identify the root cause - where to look: Material document list, stock types, unposted movements and count documents
- [ ] Fix
- [ ] Test: re-run the original transaction
- [ ] Document the RCA
- [ ] Close the ticket: user communication, closure notes and knowledge base entry

### Expected Result
- The original transaction now works
- Root cause is shown in master data, configuration, authorization or integration
- RCA document covers problem, business impact, checks made, root cause, fix, test and prevention
- Ticket notes show classification, communication and closure

**Evidence:** Ticket notes + RCA document

**Deliverable:** Ticket notes and RCA document

**Assessment:** Instructor checks ticket notes: analysis, solution, user communication, closure and RCA.

### Completion criteria
- Every step is done and the expected result is demonstrated
- Evidence is attached to the issue and the deliverable is in your workbook or document set
- Accounting and integration impact are written down where documents were created
- Actual time is logged against the issue
- Instructor Review is Approved and the status is Completed

**Estimated time:** 1 h

**Next task:** PRD-009","Production Support","V11 - Production Support","TOPIC-055","PRD-007","1","Level 3 - Advanced SAP MM","38 Production Support","Production Support","None","0","None","L3 - Intermediate","0","0","Production Support","","SAP S/4HANA Training System","S/4HANA (ECC differences noted)","ECC and S/4HANA","Ticket notes and RCA document","Ticket notes + RCA document","","SM37; SM21; ST22; SU53; SE16N; SE10; STMS; ME23N; MB51","Pending"
"PRD-009","PRD-009","Production Incident","High","[PRD-009] Production incident 09: MRP not generating PR","**Objective:** Production incident 09: MRP not generating PR

**Prerequisites:** PRD-008

**Concepts:** Incident management; Priority; Severity; SLA; Root cause analysis; Problem management; Change requests; Transport management; Emergency fixes; User communication; Documentation; Knowledge base

**Transaction codes:** SM37; SM21; ST22; SU53; SE16N; SE10; STMS; ME23N; MB51 (SAP GUI; use the Fiori app for the same function where one exists)

**Environment:** SAP S/4HANA Training System

### Steps
- [ ] Open the ticket: classify severity and priority and acknowledge to the user
- [ ] Problem: record the message number and text, the transaction and the user
- [ ] Business impact: state what cannot be done, who is affected and the deadline
- [ ] Reproduce the error in the training client (instructor-prepared)
- [ ] Check master data
- [ ] Check configuration
- [ ] Check authorization
- [ ] Check integration: periods, accounts, cost objects and the neighbouring module
- [ ] Check documents: history, material and accounting documents, change documents and logs
- [ ] Identify the root cause - where to look: MRP type, planning file, stock and requirements list and creation indicator
- [ ] Fix
- [ ] Test: re-run the original transaction
- [ ] Document the RCA
- [ ] Close the ticket: user communication, closure notes and knowledge base entry

### Expected Result
- The original transaction now works
- Root cause is shown in master data, configuration, authorization or integration
- RCA document covers problem, business impact, checks made, root cause, fix, test and prevention
- Ticket notes show classification, communication and closure

**Evidence:** Ticket notes + RCA document

**Deliverable:** Ticket notes and RCA document

**Assessment:** Instructor checks ticket notes: analysis, solution, user communication, closure and RCA.

### Completion criteria
- Every step is done and the expected result is demonstrated
- Evidence is attached to the issue and the deliverable is in your workbook or document set
- Accounting and integration impact are written down where documents were created
- Actual time is logged against the issue
- Instructor Review is Approved and the status is Completed

**Estimated time:** 1 h

**Next task:** PRD-010","Production Support","V11 - Production Support","TOPIC-055","PRD-008","1","Level 3 - Advanced SAP MM","38 Production Support","Production Support","None","0","None","L3 - Intermediate","0","0","Production Support","","SAP S/4HANA Training System","S/4HANA (ECC differences noted)","ECC and S/4HANA","Ticket notes and RCA document","Ticket notes + RCA document","","SM37; SM21; ST22; SU53; SE16N; SE10; STMS; ME23N; MB51","Pending"
"PRD-010","PRD-010","Production Incident","High","[PRD-010] Production incident 10: STO not working","**Objective:** Production incident 10: STO not working

**Prerequisites:** PRD-009

**Concepts:** Incident management; Priority; Severity; SLA; Root cause analysis; Problem management; Change requests; Transport management; Emergency fixes; User communication; Documentation; Knowledge base

**Transaction codes:** SM37; SM21; ST22; SU53; SE16N; SE10; STMS; ME23N; MB51 (SAP GUI; use the Fiori app for the same function where one exists)

**Environment:** SAP S/4HANA Training System

### Steps
- [ ] Open the ticket: classify severity and priority and acknowledge to the user
- [ ] Problem: record the message number and text, the transaction and the user
- [ ] Business impact: state what cannot be done, who is affected and the deadline
- [ ] Reproduce the error in the training client (instructor-prepared)
- [ ] Check master data
- [ ] Check configuration
- [ ] Check authorization
- [ ] Check integration: periods, accounts, cost objects and the neighbouring module
- [ ] Check documents: history, material and accounting documents, change documents and logs
- [ ] Identify the root cause - where to look: Plant shipping data, document type assignment, delivery and goods issue status
- [ ] Fix
- [ ] Test: re-run the original transaction
- [ ] Document the RCA
- [ ] Close the ticket: user communication, closure notes and knowledge base entry

### Expected Result
- The original transaction now works
- Root cause is shown in master data, configuration, authorization or integration
- RCA document covers problem, business impact, checks made, root cause, fix, test and prevention
- Ticket notes show classification, communication and closure

**Evidence:** Ticket notes + RCA document

**Deliverable:** Ticket notes and RCA document

**Assessment:** Instructor checks ticket notes: analysis, solution, user communication, closure and RCA.

### Completion criteria
- Every step is done and the expected result is demonstrated
- Evidence is attached to the issue and the deliverable is in your workbook or document set
- Accounting and integration impact are written down where documents were created
- Actual time is logged against the issue
- Instructor Review is Approved and the status is Completed

**Estimated time:** 1 h

**Next task:** PRD-011","Production Support","V11 - Production Support","TOPIC-055","PRD-009","1","Level 3 - Advanced SAP MM","38 Production Support","Production Support","None","0","None","L3 - Intermediate","0","0","Production Support","","SAP S/4HANA Training System","S/4HANA (ECC differences noted)","ECC and S/4HANA","Ticket notes and RCA document","Ticket notes + RCA document","","SM37; SM21; ST22; SU53; SE16N; SE10; STMS; ME23N; MB51","Pending"
"PRD-011","PRD-011","Production Incident","High","[PRD-011] Production incident 11: Approval workflow failure","**Objective:** Production incident 11: Approval workflow failure

**Prerequisites:** PRD-010

**Concepts:** Incident management; Priority; Severity; SLA; Root cause analysis; Problem management; Change requests; Transport management; Emergency fixes; User communication; Documentation; Knowledge base

**Transaction codes:** SM37; SM21; ST22; SU53; SE16N; SE10; STMS; ME23N; MB51 (SAP GUI; use the Fiori app for the same function where one exists)

**Environment:** SAP S/4HANA Training System

### Steps
- [ ] Open the ticket: classify severity and priority and acknowledge to the user
- [ ] Problem: record the message number and text, the transaction and the user
- [ ] Business impact: state what cannot be done, who is affected and the deadline
- [ ] Reproduce the error in the training client (instructor-prepared)
- [ ] Check master data
- [ ] Check configuration
- [ ] Check authorization
- [ ] Check integration: periods, accounts, cost objects and the neighbouring module
- [ ] Check documents: history, material and accounting documents, change documents and logs
- [ ] Identify the root cause - where to look: Workflow activation, preconditions, approver determination and workflow log
- [ ] Fix
- [ ] Test: re-run the original transaction
- [ ] Document the RCA
- [ ] Close the ticket: user communication, closure notes and knowledge base entry

### Expected Result
- The original transaction now works
- Root cause is shown in master data, configuration, authorization or integration
- RCA document covers problem, business impact, checks made, root cause, fix, test and prevention
- Ticket notes show classification, communication and closure

**Evidence:** Ticket notes + RCA document

**Deliverable:** Ticket notes and RCA document

**Assessment:** Instructor checks ticket notes: analysis, solution, user communication, closure and RCA.

### Completion criteria
- Every step is done and the expected result is demonstrated
- Evidence is attached to the issue and the deliverable is in your workbook or document set
- Accounting and integration impact are written down where documents were created
- Actual time is logged against the issue
- Instructor Review is Approved and the status is Completed

**Estimated time:** 1 h

**Next task:** CR-001","Production Support","V11 - Production Support","TOPIC-055","PRD-010","1","Level 3 - Advanced SAP MM","38 Production Support","Production Support","None","0","None","L3 - Intermediate","0","0","Production Support","","SAP S/4HANA Training System","S/4HANA (ECC differences noted)","ECC and S/4HANA","Ticket notes and RCA document","Ticket notes + RCA document","","SM37; SM21; ST22; SU53; SE16N; SE10; STMS; ME23N; MB51","Pending"
"CR-001","CR-001","Change Request","Normal","[CR-001] Change request: new purchasing group and approval threshold","**Objective:** Change request: new purchasing group and approval threshold

**Business Scenario:** The business reorganises buyers and raises the manager's approval limit.

**Prerequisites:** PRD-011

**Concepts:** Incident management; Priority; Severity; SLA; Root cause analysis; Problem management; Change requests; Transport management; Emergency fixes; User communication; Documentation; Knowledge base

**Environment:** SAP S/4HANA Training System

### Steps
- [ ] Write the change request with reason, impact, risk, test plan and rollback
- [ ] Configure in the training client
- [ ] Record the transport
- [ ] Unit test and get approval
- [ ] Document the change

### Expected Result
- Change is traceable from request to transport and test

**Evidence:** Change record + test evidence

**Deliverable:** Change request 1

**Assessment:** Instructor checks traceability from request to transport and test.

### Completion criteria
- Every step is done and the expected result is demonstrated
- Evidence is attached to the issue and the deliverable is in your workbook or document set
- Accounting and integration impact are written down where documents were created
- Actual time is logged against the issue
- Instructor Review is Approved and the status is Completed

**Estimated time:** 2 h

**Next task:** CR-002","Production Support","V11 - Production Support","TOPIC-055","PRD-011","2","Level 3 - Advanced SAP MM","38 Production Support","Production Support","None","1","None","L3 - Intermediate","0","0","Production Support","","SAP S/4HANA Training System","S/4HANA (ECC differences noted)","ECC and S/4HANA","Change request 1","Change record + test evidence","The business reorganises buyers and raises the manager's approval limit.","","Pending"
"CR-002","CR-002","Change Request","Normal","[CR-002] Change request: new movement type for sample issues","**Objective:** Change request: new movement type for sample issues

**Business Scenario:** Quality needs a separate movement for destructive samples with its own account.

**Prerequisites:** CR-001

**Concepts:** Incident management; Priority; Severity; SLA; Root cause analysis; Problem management; Change requests; Transport management; Emergency fixes; User communication; Documentation; Knowledge base

**Environment:** SAP S/4HANA Training System

### Steps
- [ ] Write the change request
- [ ] Configure the movement type and account determination
- [ ] Test
- [ ] Document
- [ ] Explain the regression tests needed

### Expected Result
- Change is traceable from request to transport and test

**Evidence:** Change record + test evidence

**Deliverable:** Change request 2

**Assessment:** Instructor checks traceability from request to transport and test.

### Completion criteria
- Every step is done and the expected result is demonstrated
- Evidence is attached to the issue and the deliverable is in your workbook or document set
- Accounting and integration impact are written down where documents were created
- Actual time is logged against the issue
- Instructor Review is Approved and the status is Completed

**Estimated time:** 2 h

**Next task:** CR-003","Production Support","V11 - Production Support","TOPIC-055","CR-001","2","Level 3 - Advanced SAP MM","38 Production Support","Production Support","None","1","None","L3 - Intermediate","0","0","Production Support","","SAP S/4HANA Training System","S/4HANA (ECC differences noted)","ECC and S/4HANA","Change request 2","Change record + test evidence","Quality needs a separate movement for destructive samples with its own account.","","Pending"
"CR-003","CR-003","Change Request","Normal","[CR-003] Emergency fix: invoices blocked by a wrong tolerance after a transport","**Objective:** Emergency fix: invoices blocked by a wrong tolerance after a transport

**Business Scenario:** After a release all invoices are blocked for price variance on month-end day.

**Prerequisites:** CR-002

**Concepts:** Incident management; Priority; Severity; SLA; Root cause analysis; Problem management; Change requests; Transport management; Emergency fixes; User communication; Documentation; Knowledge base

**Environment:** SAP S/4HANA Training System

### Steps
- [ ] Analyse the tolerance change
- [ ] Write the emergency change with approval after the fact
- [ ] Correct and release the invoices
- [ ] Write the user communication

### Expected Result
- Fix, communication and retrospective approval are documented

**Evidence:** Change record + test evidence

**Deliverable:** Emergency change record

**Assessment:** Instructor checks traceability from request to transport and test.

### Completion criteria
- Every step is done and the expected result is demonstrated
- Evidence is attached to the issue and the deliverable is in your workbook or document set
- Accounting and integration impact are written down where documents were created
- Actual time is logged against the issue
- Instructor Review is Approved and the status is Completed

**Estimated time:** 2 h

**Next task:** DOC-005","Production Support","V11 - Production Support","TOPIC-055","CR-002","2","Level 3 - Advanced SAP MM","38 Production Support","Production Support","None","1","None","L3 - Intermediate","0","0","Production Support","","SAP S/4HANA Training System","S/4HANA (ECC differences noted)","ECC and S/4HANA","Emergency change record","Change record + test evidence","After a release all invoices are blocked for price variance on month-end day.","","Pending"
"DOC-005","DOC-005","Documentation","Normal","[DOC-005] Root cause analysis and knowledge base article","**Objective:** Root cause analysis and knowledge base article

**Prerequisites:** CR-003

**Concepts:** Incident management; Priority; Severity; SLA; Root cause analysis; Problem management; Change requests; Transport management; Emergency fixes; User communication; Documentation; Knowledge base

**Environment:** SAP S/4HANA Training System

### Steps
- [ ] Write a root cause analysis for the most serious incident with timeline, impact, root cause, corrective and preventive action
- [ ] Write a knowledge base article for a recurring incident with symptoms, cause, solution and keywords

### Expected Result
- Analysis has corrective and preventive action
- Article can be used by first-level support

**Evidence:** Written deliverable

**Deliverable:** RCA document and knowledge base article

**Assessment:** Instructor reviews the document as a project lead would.

### Completion criteria
- Every step is done and the expected result is demonstrated
- Evidence is attached to the issue and the deliverable is in your workbook or document set
- Accounting and integration impact are written down where documents were created
- Actual time is logged against the issue
- Instructor Review is Approved and the status is Completed

**Estimated time:** 3 h

**Next task:** DOC-006","Production Support","V11 - Production Support","TOPIC-055","CR-003","3","Level 3 - Advanced SAP MM","38 Production Support","Production Support","None","0","None","L3 - Intermediate","0","0","Production Support","","SAP S/4HANA Training System","S/4HANA (ECC differences noted)","ECC and S/4HANA","RCA document and knowledge base article","Written deliverable","","","Pending"
"DOC-006","DOC-006","Documentation","Normal","[DOC-006] Production support runbook and issue log","**Objective:** Production support runbook and issue log

**Prerequisites:** DOC-005

**Concepts:** Incident management; Priority; Severity; SLA; Root cause analysis; Problem management; Change requests; Transport management; Emergency fixes; User communication; Documentation; Knowledge base

**Environment:** SAP S/4HANA Training System

### Steps
- [ ] Write the MM support runbook: daily checks, jobs, month-end tasks, known errors, contacts and escalation
- [ ] Bring the issue log of the whole course up to date

### Expected Result
- Runbook covers daily and month-end checks

**Evidence:** Written deliverable

**Deliverable:** Support runbook and issue log

**Assessment:** Instructor reviews the document as a project lead would.

### Completion criteria
- Every step is done and the expected result is demonstrated
- Evidence is attached to the issue and the deliverable is in your workbook or document set
- Accounting and integration impact are written down where documents were created
- Actual time is logged against the issue
- Instructor Review is Approved and the status is Completed

**Estimated time:** 3 h

**Next task:** ASM-038","Production Support","V11 - Production Support","TOPIC-055","DOC-005","3","Level 3 - Advanced SAP MM","38 Production Support","Production Support","None","0","None","L3 - Intermediate","0","0","Production Support","","SAP S/4HANA Training System","S/4HANA (ECC differences noted)","ECC and S/4HANA","Support runbook and issue log","Written deliverable","","","Pending"
"ASM-038","ASM-038","Assessment","High","[ASM-038] Production support assessment","**Objective:** Production support assessment

**Prerequisites:** DOC-006

**Concepts:** Incident management; Priority; Severity; SLA; Root cause analysis; Problem management; Change requests; Transport management; Emergency fixes; User communication; Documentation; Knowledge base

**Environment:** SAP S/4HANA Training System

### Steps
- [ ] Work three unseen tickets with full ticket notes

### Expected Result
- Score of 70 or higher

**Evidence:** Scored result

**Deliverable:** Scored assessment

**Assessment:** Scored 0-100 in the Score field. Pass mark 70.

### Completion criteria
- Every step is done and the expected result is demonstrated
- Evidence is attached to the issue and the deliverable is in your workbook or document set
- Accounting and integration impact are written down where documents were created
- Actual time is logged against the issue
- Instructor Review is Approved and the status is Completed

**Estimated time:** 2 h

**Next task:** Last task of this topic","Production Support","V11 - Production Support","TOPIC-055","DOC-006","2","Level 3 - Advanced SAP MM","38 Production Support","Production Support","None","0","None","L3 - Intermediate","0","1","Production Support","","SAP S/4HANA Training System","S/4HANA (ECC differences noted)","ECC and S/4HANA","Scored assessment","Scored result","","","Pending"
"REVIEW-38","REVIEW-38","Review","High","[REVIEW-38] Module 38 gate review","**Objective:** Confirm that module 38 (Production Support) is complete.

### Checklist
- [ ] Every issue of the module is Completed
- [ ] Evidence is attached to every issue
- [ ] Time is logged
- [ ] Assessment score is 70 or higher
- [ ] Configuration workbook, master-data workbook and issue log are up to date

**Assessment:** Instructor confirms the checklist and records the gate decision.

**Estimated time:** 1 h","","V11 - Production Support","MOD-38","ASM-038","1","Level 3 - Advanced SAP MM","38 Production Support","","","0","","","0","1","","","","","","Gate decision","Instructor sign-off","","","Pending"
"MOD-39","MOD-39","Module","Normal","[MOD-39] 39 Troubleshooting","Module 39 of 42. Level 3 - Advanced SAP MM. Version: V11 - Production Support.

Topics: 1. Estimated hours: 28.

- TOPIC-056 SAP MM Troubleshooting

The module closes with the gate review REVIEW-39.","","V11 - Production Support","EPIC","","","Level 3 - Advanced SAP MM","39 Troubleshooting","","","","","","","","","","","","","","","","",""
"TOPIC-056","TOPIC-056","Topic","Normal","[TOPIC-056] SAP MM Troubleshooting","**Topics:** Framework: problem, business impact, reproduce, check master data, check configuration, check authorization, check integration, check documents, identify root cause, fix, test, document RCA

**Transaction codes:** ME23N; MIGO; MIRO; OBYC; OMWB; MB51; MD04; SU53; SE10

**Fiori apps:** None listed

**Environment:** SAP S/4HANA Training System

**Tasks:** 20, 27 estimated hours.

- THY-064 The troubleshooting framework
- INC-038 Incident 38: Supplier price changed but orders still use the old price
- INC-039 Incident 39: Material blocked for procurement in one plant only
- INC-040 Incident 40: Supplier blocked: order exists but goods receipt and invoice behave differently
- INC-041 Incident 41: Wrong purchasing organization proposed or used in the order
- INC-042 Incident 42: Incorrect plant or wrong storage location in a goods receipt
- INC-043 Incident 43: Partial delivery closed the order by mistake
- INC-044 Incident 44: Over-delivery accepted without warning
- INC-045 Incident 45: Under-delivery leaves an open commitment
- INC-046 Incident 46: Return to supplier does not reduce the invoice expectation
- INC-047 Incident 47: Batch not found or shelf life check fails at goods receipt
- INC-048 Incident 48: Output not sent to the supplier
- INC-049 Incident 49: Purchase order shows no tax code or the invoice proposes the wrong one
- INC-050 Incident 50: Requisition from planning has no source and is not converted
- INC-051 Incident 51: Config works in development but not in quality: transport missing
- INC-052 Incident 52: Reservation is not reduced by the goods issue
- INC-053 Incident 53: Goods receipt for an account-assigned order posts to an unexpected account
- INC-054 Incident 54: Posting to a previous period is not possible
- INC-055 Incident 55: Month-end multi-fault case in Procure-to-Pay
- ASM-039 Troubleshooting assessment","Troubleshooting","V11 - Production Support","MOD-39","","","Level 3 - Advanced SAP MM","39 Troubleshooting","Troubleshooting","Procure to Pay","","FI","","","","Troubleshooting","","SAP S/4HANA Training System","S/4HANA (ECC differences noted)","ECC and S/4HANA","","","","ME23N; MIGO; MIRO; OBYC; OMWB; MB51; MD04; SU53; SE10",""
"THY-064","THY-064","Theory","Normal","[THY-064] The troubleshooting framework","**Objective:** The troubleshooting framework

**Prerequisites:** ASM-038

**Concepts:** Framework: problem, business impact, reproduce, check master data, check configuration, check authorization, check integration, check documents, identify root cause, fix, test, document RCA

**Environment:** SAP S/4HANA Training System

### Steps
- [ ] Study the twelve steps
- [ ] Study which checks come first for purchasing, inventory, invoice and valuation problems
- [ ] Study the RCA document on the Troubleshooting_Framework wiki page
- [ ] Apply the framework to a worked example

### Expected Result
- Applies the twelve steps in order to the example

**Evidence:** Notes

**Deliverable:** Study notes

**Assessment:** Instructor checks the notes and asks short oral questions.

### Completion criteria
- Every step is done and the expected result is demonstrated
- Evidence is attached to the issue and the deliverable is in your workbook or document set
- Accounting and integration impact are written down where documents were created
- Actual time is logged against the issue
- Instructor Review is Approved and the status is Completed

**Estimated time:** 2 h

**Next task:** INC-038","Troubleshooting","V11 - Production Support","TOPIC-056","ASM-038","2","Level 3 - Advanced SAP MM","39 Troubleshooting","Troubleshooting","Procure to Pay","0","FI","L4 - Advanced","0","0","Troubleshooting","","SAP S/4HANA Training System","S/4HANA (ECC differences noted)","ECC and S/4HANA","Study notes","Notes","","","Pending"
"INC-038","INC-038","Troubleshooting Incident","Normal","[INC-038] Incident 38: Supplier price changed but orders still use the old price","**Objective:** Incident 38: Supplier price changed but orders still use the old price

**Prerequisites:** THY-064

**Concepts:** Framework: problem, business impact, reproduce, check master data, check configuration, check authorization, check integration, check documents, identify root cause, fix, test, document RCA

**Transaction codes:** ME23N; MIGO; MIRO; OBYC; OMWB; MB51; MD04; SU53; SE10 (SAP GUI; use the Fiori app for the same function where one exists)

**Environment:** SAP S/4HANA Training System

### Steps
- [ ] Problem: record the message number and text, the transaction and the user
- [ ] Business impact: state what cannot be done, who is affected and the deadline
- [ ] Reproduce the error in the training client (instructor-prepared)
- [ ] Check master data
- [ ] Check configuration
- [ ] Check authorization
- [ ] Check integration: periods, accounts, cost objects and the neighbouring module
- [ ] Check documents: history, material and accounting documents, change documents and logs
- [ ] Identify the root cause - where to look: Info record validity periods, contract price, pricing date category and new pricing in the order
- [ ] Fix
- [ ] Test: re-run the original transaction
- [ ] Document the RCA

### Expected Result
- The original transaction now works
- Root cause is shown in master data, configuration, authorization or integration
- RCA document covers problem, business impact, checks made, root cause, fix, test and prevention

**Evidence:** RCA document

**Deliverable:** RCA document

**Assessment:** Instructor grades the RCA document against the twelve-step framework.

### Completion criteria
- Every step is done and the expected result is demonstrated
- Evidence is attached to the issue and the deliverable is in your workbook or document set
- Accounting and integration impact are written down where documents were created
- Actual time is logged against the issue
- Instructor Review is Approved and the status is Completed

**Estimated time:** 1 h

**Next task:** INC-039","Troubleshooting","V11 - Production Support","TOPIC-056","THY-064","1","Level 3 - Advanced SAP MM","39 Troubleshooting","Troubleshooting","Procure to Pay","0","FI","L4 - Advanced","0","0","Troubleshooting","","SAP S/4HANA Training System","S/4HANA (ECC differences noted)","ECC and S/4HANA","RCA document","RCA document","","ME23N; MIGO; MIRO; OBYC; OMWB; MB51; MD04; SU53; SE10","Pending"
"INC-039","INC-039","Troubleshooting Incident","Normal","[INC-039] Incident 39: Material blocked for procurement in one plant only","**Objective:** Incident 39: Material blocked for procurement in one plant only

**Prerequisites:** INC-038

**Concepts:** Framework: problem, business impact, reproduce, check master data, check configuration, check authorization, check integration, check documents, identify root cause, fix, test, document RCA

**Transaction codes:** ME23N; MIGO; MIRO; OBYC; OMWB; MB51; MD04; SU53; SE10 (SAP GUI; use the Fiori app for the same function where one exists)

**Environment:** SAP S/4HANA Training System

### Steps
- [ ] Problem: record the message number and text, the transaction and the user
- [ ] Business impact: state what cannot be done, who is affected and the deadline
- [ ] Reproduce the error in the training client (instructor-prepared)
- [ ] Check master data
- [ ] Check configuration
- [ ] Check authorization
- [ ] Check integration: periods, accounts, cost objects and the neighbouring module
- [ ] Check documents: history, material and accounting documents, change documents and logs
- [ ] Identify the root cause - where to look: Plant-specific material status and its valid-from date
- [ ] Fix
- [ ] Test: re-run the original transaction
- [ ] Document the RCA

### Expected Result
- The original transaction now works
- Root cause is shown in master data, configuration, authorization or integration
- RCA document covers problem, business impact, checks made, root cause, fix, test and prevention

**Evidence:** RCA document

**Deliverable:** RCA document

**Assessment:** Instructor grades the RCA document against the twelve-step framework.

### Completion criteria
- Every step is done and the expected result is demonstrated
- Evidence is attached to the issue and the deliverable is in your workbook or document set
- Accounting and integration impact are written down where documents were created
- Actual time is logged against the issue
- Instructor Review is Approved and the status is Completed

**Estimated time:** 1 h

**Next task:** INC-040","Troubleshooting","V11 - Production Support","TOPIC-056","INC-038","1","Level 3 - Advanced SAP MM","39 Troubleshooting","Troubleshooting","Procure to Pay","0","FI","L4 - Advanced","0","0","Troubleshooting","","SAP S/4HANA Training System","S/4HANA (ECC differences noted)","ECC and S/4HANA","RCA document","RCA document","","ME23N; MIGO; MIRO; OBYC; OMWB; MB51; MD04; SU53; SE10","Pending"
"INC-040","INC-040","Troubleshooting Incident","Normal","[INC-040] Incident 40: Supplier blocked: order exists but goods receipt and invoice behave differently","**Objective:** Incident 40: Supplier blocked: order exists but goods receipt and invoice behave differently

**Prerequisites:** INC-039

**Concepts:** Framework: problem, business impact, reproduce, check master data, check configuration, check authorization, check integration, check documents, identify root cause, fix, test, document RCA

**Transaction codes:** ME23N; MIGO; MIRO; OBYC; OMWB; MB51; MD04; SU53; SE10 (SAP GUI; use the Fiori app for the same function where one exists)

**Environment:** SAP S/4HANA Training System

### Steps
- [ ] Problem: record the message number and text, the transaction and the user
- [ ] Business impact: state what cannot be done, who is affected and the deadline
- [ ] Reproduce the error in the training client (instructor-prepared)
- [ ] Check master data
- [ ] Check configuration
- [ ] Check authorization
- [ ] Check integration: periods, accounts, cost objects and the neighbouring module
- [ ] Check documents: history, material and accounting documents, change documents and logs
- [ ] Identify the root cause - where to look: Purchasing block versus posting block and the level at which each is set
- [ ] Fix
- [ ] Test: re-run the original transaction
- [ ] Document the RCA

### Expected Result
- The original transaction now works
- Root cause is shown in master data, configuration, authorization or integration
- RCA document covers problem, business impact, checks made, root cause, fix, test and prevention

**Evidence:** RCA document

**Deliverable:** RCA document

**Assessment:** Instructor grades the RCA document against the twelve-step framework.

### Completion criteria
- Every step is done and the expected result is demonstrated
- Evidence is attached to the issue and the deliverable is in your workbook or document set
- Accounting and integration impact are written down where documents were created
- Actual time is logged against the issue
- Instructor Review is Approved and the status is Completed

**Estimated time:** 1 h

**Next task:** INC-041","Troubleshooting","V11 - Production Support","TOPIC-056","INC-039","1","Level 3 - Advanced SAP MM","39 Troubleshooting","Troubleshooting","Procure to Pay","0","FI","L4 - Advanced","0","0","Troubleshooting","","SAP S/4HANA Training System","S/4HANA (ECC differences noted)","ECC and S/4HANA","RCA document","RCA document","","ME23N; MIGO; MIRO; OBYC; OMWB; MB51; MD04; SU53; SE10","Pending"
"INC-041","INC-041","Troubleshooting Incident","Normal","[INC-041] Incident 41: Wrong purchasing organization proposed or used in the order","**Objective:** Incident 41: Wrong purchasing organization proposed or used in the order

**Prerequisites:** INC-040

**Concepts:** Framework: problem, business impact, reproduce, check master data, check configuration, check authorization, check integration, check documents, identify root cause, fix, test, document RCA

**Transaction codes:** ME23N; MIGO; MIRO; OBYC; OMWB; MB51; MD04; SU53; SE10 (SAP GUI; use the Fiori app for the same function where one exists)

**Environment:** SAP S/4HANA Training System

### Steps
- [ ] Problem: record the message number and text, the transaction and the user
- [ ] Business impact: state what cannot be done, who is affected and the deadline
- [ ] Reproduce the error in the training client (instructor-prepared)
- [ ] Check master data
- [ ] Check configuration
- [ ] Check authorization
- [ ] Check integration: periods, accounts, cost objects and the neighbouring module
- [ ] Check documents: history, material and accounting documents, change documents and logs
- [ ] Identify the root cause - where to look: Plant assignment, user parameters, source of supply and reference purchasing organization
- [ ] Fix
- [ ] Test: re-run the original transaction
- [ ] Document the RCA

### Expected Result
- The original transaction now works
- Root cause is shown in master data, configuration, authorization or integration
- RCA document covers problem, business impact, checks made, root cause, fix, test and prevention

**Evidence:** RCA document

**Deliverable:** RCA document

**Assessment:** Instructor grades the RCA document against the twelve-step framework.

### Completion criteria
- Every step is done and the expected result is demonstrated
- Evidence is attached to the issue and the deliverable is in your workbook or document set
- Accounting and integration impact are written down where documents were created
- Actual time is logged against the issue
- Instructor Review is Approved and the status is Completed

**Estimated time:** 1 h

**Next task:** INC-042","Troubleshooting","V11 - Production Support","TOPIC-056","INC-040","1","Level 3 - Advanced SAP MM","39 Troubleshooting","Troubleshooting","Procure to Pay","0","FI","L4 - Advanced","0","0","Troubleshooting","","SAP S/4HANA Training System","S/4HANA (ECC differences noted)","ECC and S/4HANA","RCA document","RCA document","","ME23N; MIGO; MIRO; OBYC; OMWB; MB51; MD04; SU53; SE10","Pending"
"INC-042","INC-042","Troubleshooting Incident","Normal","[INC-042] Incident 42: Incorrect plant or wrong storage location in a goods receipt","**Objective:** Incident 42: Incorrect plant or wrong storage location in a goods receipt

**Prerequisites:** INC-041

**Concepts:** Framework: problem, business impact, reproduce, check master data, check configuration, check authorization, check integration, check documents, identify root cause, fix, test, document RCA

**Transaction codes:** ME23N; MIGO; MIRO; OBYC; OMWB; MB51; MD04; SU53; SE10 (SAP GUI; use the Fiori app for the same function where one exists)

**Environment:** SAP S/4HANA Training System

### Steps
- [ ] Problem: record the message number and text, the transaction and the user
- [ ] Business impact: state what cannot be done, who is affected and the deadline
- [ ] Reproduce the error in the training client (instructor-prepared)
- [ ] Check master data
- [ ] Check configuration
- [ ] Check authorization
- [ ] Check integration: periods, accounts, cost objects and the neighbouring module
- [ ] Check documents: history, material and accounting documents, change documents and logs
- [ ] Identify the root cause - where to look: Order item, default storage location, user settings and transfer or reversal as the fix
- [ ] Fix
- [ ] Test: re-run the original transaction
- [ ] Document the RCA

### Expected Result
- The original transaction now works
- Root cause is shown in master data, configuration, authorization or integration
- RCA document covers problem, business impact, checks made, root cause, fix, test and prevention

**Evidence:** RCA document

**Deliverable:** RCA document

**Assessment:** Instructor grades the RCA document against the twelve-step framework.

### Completion criteria
- Every step is done and the expected result is demonstrated
- Evidence is attached to the issue and the deliverable is in your workbook or document set
- Accounting and integration impact are written down where documents were created
- Actual time is logged against the issue
- Instructor Review is Approved and the status is Completed

**Estimated time:** 1 h

**Next task:** INC-043","Troubleshooting","V11 - Production Support","TOPIC-056","INC-041","1","Level 3 - Advanced SAP MM","39 Troubleshooting","Troubleshooting","Procure to Pay","0","FI","L4 - Advanced","0","0","Troubleshooting","","SAP S/4HANA Training System","S/4HANA (ECC differences noted)","ECC and S/4HANA","RCA document","RCA document","","ME23N; MIGO; MIRO; OBYC; OMWB; MB51; MD04; SU53; SE10","Pending"
"INC-043","INC-043","Troubleshooting Incident","Normal","[INC-043] Incident 43: Partial delivery closed the order by mistake","**Objective:** Incident 43: Partial delivery closed the order by mistake

**Prerequisites:** INC-042

**Concepts:** Framework: problem, business impact, reproduce, check master data, check configuration, check authorization, check integration, check documents, identify root cause, fix, test, document RCA

**Transaction codes:** ME23N; MIGO; MIRO; OBYC; OMWB; MB51; MD04; SU53; SE10 (SAP GUI; use the Fiori app for the same function where one exists)

**Environment:** SAP S/4HANA Training System

### Steps
- [ ] Problem: record the message number and text, the transaction and the user
- [ ] Business impact: state what cannot be done, who is affected and the deadline
- [ ] Reproduce the error in the training client (instructor-prepared)
- [ ] Check master data
- [ ] Check configuration
- [ ] Check authorization
- [ ] Check integration: periods, accounts, cost objects and the neighbouring module
- [ ] Check documents: history, material and accounting documents, change documents and logs
- [ ] Identify the root cause - where to look: Delivery completed indicator, under-delivery tolerance and the open quantity
- [ ] Fix
- [ ] Test: re-run the original transaction
- [ ] Document the RCA

### Expected Result
- The original transaction now works
- Root cause is shown in master data, configuration, authorization or integration
- RCA document covers problem, business impact, checks made, root cause, fix, test and prevention

**Evidence:** RCA document

**Deliverable:** RCA document

**Assessment:** Instructor grades the RCA document against the twelve-step framework.

### Completion criteria
- Every step is done and the expected result is demonstrated
- Evidence is attached to the issue and the deliverable is in your workbook or document set
- Accounting and integration impact are written down where documents were created
- Actual time is logged against the issue
- Instructor Review is Approved and the status is Completed

**Estimated time:** 1 h

**Next task:** INC-044","Troubleshooting","V11 - Production Support","TOPIC-056","INC-042","1","Level 3 - Advanced SAP MM","39 Troubleshooting","Troubleshooting","Procure to Pay","0","FI","L4 - Advanced","0","0","Troubleshooting","","SAP S/4HANA Training System","S/4HANA (ECC differences noted)","ECC and S/4HANA","RCA document","RCA document","","ME23N; MIGO; MIRO; OBYC; OMWB; MB51; MD04; SU53; SE10","Pending"
"INC-044","INC-044","Troubleshooting Incident","Normal","[INC-044] Incident 44: Over-delivery accepted without warning","**Objective:** Incident 44: Over-delivery accepted without warning

**Prerequisites:** INC-043

**Concepts:** Framework: problem, business impact, reproduce, check master data, check configuration, check authorization, check integration, check documents, identify root cause, fix, test, document RCA

**Transaction codes:** ME23N; MIGO; MIRO; OBYC; OMWB; MB51; MD04; SU53; SE10 (SAP GUI; use the Fiori app for the same function where one exists)

**Environment:** SAP S/4HANA Training System

### Steps
- [ ] Problem: record the message number and text, the transaction and the user
- [ ] Business impact: state what cannot be done, who is affected and the deadline
- [ ] Reproduce the error in the training client (instructor-prepared)
- [ ] Check master data
- [ ] Check configuration
- [ ] Check authorization
- [ ] Check integration: periods, accounts, cost objects and the neighbouring module
- [ ] Check documents: history, material and accounting documents, change documents and logs
- [ ] Identify the root cause - where to look: Tolerance in the order, unlimited indicator and message attributes
- [ ] Fix
- [ ] Test: re-run the original transaction
- [ ] Document the RCA

### Expected Result
- The original transaction now works
- Root cause is shown in master data, configuration, authorization or integration
- RCA document covers problem, business impact, checks made, root cause, fix, test and prevention

**Evidence:** RCA document

**Deliverable:** RCA document

**Assessment:** Instructor grades the RCA document against the twelve-step framework.

### Completion criteria
- Every step is done and the expected result is demonstrated
- Evidence is attached to the issue and the deliverable is in your workbook or document set
- Accounting and integration impact are written down where documents were created
- Actual time is logged against the issue
- Instructor Review is Approved and the status is Completed

**Estimated time:** 1 h

**Next task:** INC-045","Troubleshooting","V11 - Production Support","TOPIC-056","INC-043","1","Level 3 - Advanced SAP MM","39 Troubleshooting","Troubleshooting","Procure to Pay","0","FI","L4 - Advanced","0","0","Troubleshooting","","SAP S/4HANA Training System","S/4HANA (ECC differences noted)","ECC and S/4HANA","RCA document","RCA document","","ME23N; MIGO; MIRO; OBYC; OMWB; MB51; MD04; SU53; SE10","Pending"
"INC-045","INC-045","Troubleshooting Incident","Normal","[INC-045] Incident 45: Under-delivery leaves an open commitment","**Objective:** Incident 45: Under-delivery leaves an open commitment

**Prerequisites:** INC-044

**Concepts:** Framework: problem, business impact, reproduce, check master data, check configuration, check authorization, check integration, check documents, identify root cause, fix, test, document RCA

**Transaction codes:** ME23N; MIGO; MIRO; OBYC; OMWB; MB51; MD04; SU53; SE10 (SAP GUI; use the Fiori app for the same function where one exists)

**Environment:** SAP S/4HANA Training System

### Steps
- [ ] Problem: record the message number and text, the transaction and the user
- [ ] Business impact: state what cannot be done, who is affected and the deadline
- [ ] Reproduce the error in the training client (instructor-prepared)
- [ ] Check master data
- [ ] Check configuration
- [ ] Check authorization
- [ ] Check integration: periods, accounts, cost objects and the neighbouring module
- [ ] Check documents: history, material and accounting documents, change documents and logs
- [ ] Identify the root cause - where to look: Delivery completed indicator and final invoice indicator
- [ ] Fix
- [ ] Test: re-run the original transaction
- [ ] Document the RCA

### Expected Result
- The original transaction now works
- Root cause is shown in master data, configuration, authorization or integration
- RCA document covers problem, business impact, checks made, root cause, fix, test and prevention

**Evidence:** RCA document

**Deliverable:** RCA document

**Assessment:** Instructor grades the RCA document against the twelve-step framework.

### Completion criteria
- Every step is done and the expected result is demonstrated
- Evidence is attached to the issue and the deliverable is in your workbook or document set
- Accounting and integration impact are written down where documents were created
- Actual time is logged against the issue
- Instructor Review is Approved and the status is Completed

**Estimated time:** 1 h

**Next task:** INC-046","Troubleshooting","V11 - Production Support","TOPIC-056","INC-044","1","Level 3 - Advanced SAP MM","39 Troubleshooting","Troubleshooting","Procure to Pay","0","FI","L4 - Advanced","0","0","Troubleshooting","","SAP S/4HANA Training System","S/4HANA (ECC differences noted)","ECC and S/4HANA","RCA document","RCA document","","ME23N; MIGO; MIRO; OBYC; OMWB; MB51; MD04; SU53; SE10","Pending"
"INC-046","INC-046","Troubleshooting Incident","Normal","[INC-046] Incident 46: Return to supplier does not reduce the invoice expectation","**Objective:** Incident 46: Return to supplier does not reduce the invoice expectation

**Prerequisites:** INC-045

**Concepts:** Framework: problem, business impact, reproduce, check master data, check configuration, check authorization, check integration, check documents, identify root cause, fix, test, document RCA

**Transaction codes:** ME23N; MIGO; MIRO; OBYC; OMWB; MB51; MD04; SU53; SE10 (SAP GUI; use the Fiori app for the same function where one exists)

**Environment:** SAP S/4HANA Training System

### Steps
- [ ] Problem: record the message number and text, the transaction and the user
- [ ] Business impact: state what cannot be done, who is affected and the deadline
- [ ] Reproduce the error in the training client (instructor-prepared)
- [ ] Check master data
- [ ] Check configuration
- [ ] Check authorization
- [ ] Check integration: periods, accounts, cost objects and the neighbouring module
- [ ] Check documents: history, material and accounting documents, change documents and logs
- [ ] Identify the root cause - where to look: Return movement, order history and the credit memo
- [ ] Fix
- [ ] Test: re-run the original transaction
- [ ] Document the RCA

### Expected Result
- The original transaction now works
- Root cause is shown in master data, configuration, authorization or integration
- RCA document covers problem, business impact, checks made, root cause, fix, test and prevention

**Evidence:** RCA document

**Deliverable:** RCA document

**Assessment:** Instructor grades the RCA document against the twelve-step framework.

### Completion criteria
- Every step is done and the expected result is demonstrated
- Evidence is attached to the issue and the deliverable is in your workbook or document set
- Accounting and integration impact are written down where documents were created
- Actual time is logged against the issue
- Instructor Review is Approved and the status is Completed

**Estimated time:** 1 h

**Next task:** INC-047","Troubleshooting","V11 - Production Support","TOPIC-056","INC-045","1","Level 3 - Advanced SAP MM","39 Troubleshooting","Troubleshooting","Procure to Pay","0","FI","L4 - Advanced","0","0","Troubleshooting","","SAP S/4HANA Training System","S/4HANA (ECC differences noted)","ECC and S/4HANA","RCA document","RCA document","","ME23N; MIGO; MIRO; OBYC; OMWB; MB51; MD04; SU53; SE10","Pending"
"INC-047","INC-047","Troubleshooting Incident","Normal","[INC-047] Incident 47: Batch not found or shelf life check fails at goods receipt","**Objective:** Incident 47: Batch not found or shelf life check fails at goods receipt

**Prerequisites:** INC-046

**Concepts:** Framework: problem, business impact, reproduce, check master data, check configuration, check authorization, check integration, check documents, identify root cause, fix, test, document RCA

**Transaction codes:** ME23N; MIGO; MIRO; OBYC; OMWB; MB51; MD04; SU53; SE10 (SAP GUI; use the Fiori app for the same function where one exists)

**Environment:** SAP S/4HANA Training System

### Steps
- [ ] Problem: record the message number and text, the transaction and the user
- [ ] Business impact: state what cannot be done, who is affected and the deadline
- [ ] Reproduce the error in the training client (instructor-prepared)
- [ ] Check master data
- [ ] Check configuration
- [ ] Check authorization
- [ ] Check integration: periods, accounts, cost objects and the neighbouring module
- [ ] Check documents: history, material and accounting documents, change documents and logs
- [ ] Identify the root cause - where to look: Batch management settings, total and remaining shelf life and production date
- [ ] Fix
- [ ] Test: re-run the original transaction
- [ ] Document the RCA

### Expected Result
- The original transaction now works
- Root cause is shown in master data, configuration, authorization or integration
- RCA document covers problem, business impact, checks made, root cause, fix, test and prevention

**Evidence:** RCA document

**Deliverable:** RCA document

**Assessment:** Instructor grades the RCA document against the twelve-step framework.

### Completion criteria
- Every step is done and the expected result is demonstrated
- Evidence is attached to the issue and the deliverable is in your workbook or document set
- Accounting and integration impact are written down where documents were created
- Actual time is logged against the issue
- Instructor Review is Approved and the status is Completed

**Estimated time:** 1 h

**Next task:** INC-048","Troubleshooting","V11 - Production Support","TOPIC-056","INC-046","1","Level 3 - Advanced SAP MM","39 Troubleshooting","Troubleshooting","Procure to Pay","0","FI","L4 - Advanced","0","0","Troubleshooting","","SAP S/4HANA Training System","S/4HANA (ECC differences noted)","ECC and S/4HANA","RCA document","RCA document","","ME23N; MIGO; MIRO; OBYC; OMWB; MB51; MD04; SU53; SE10","Pending"
"INC-048","INC-048","Troubleshooting Incident","Normal","[INC-048] Incident 48: Output not sent to the supplier","**Objective:** Incident 48: Output not sent to the supplier

**Prerequisites:** INC-047

**Concepts:** Framework: problem, business impact, reproduce, check master data, check configuration, check authorization, check integration, check documents, identify root cause, fix, test, document RCA

**Transaction codes:** ME23N; MIGO; MIRO; OBYC; OMWB; MB51; MD04; SU53; SE10 (SAP GUI; use the Fiori app for the same function where one exists)

**Environment:** SAP S/4HANA Training System

### Steps
- [ ] Problem: record the message number and text, the transaction and the user
- [ ] Business impact: state what cannot be done, who is affected and the deadline
- [ ] Reproduce the error in the training client (instructor-prepared)
- [ ] Check master data
- [ ] Check configuration
- [ ] Check authorization
- [ ] Check integration: periods, accounts, cost objects and the neighbouring module
- [ ] Check documents: history, material and accounting documents, change documents and logs
- [ ] Identify the root cause - where to look: Output determination, partner communication data and the output log
- [ ] Fix
- [ ] Test: re-run the original transaction
- [ ] Document the RCA

### Expected Result
- The original transaction now works
- Root cause is shown in master data, configuration, authorization or integration
- RCA document covers problem, business impact, checks made, root cause, fix, test and prevention

**Evidence:** RCA document

**Deliverable:** RCA document

**Assessment:** Instructor grades the RCA document against the twelve-step framework.

### Completion criteria
- Every step is done and the expected result is demonstrated
- Evidence is attached to the issue and the deliverable is in your workbook or document set
- Accounting and integration impact are written down where documents were created
- Actual time is logged against the issue
- Instructor Review is Approved and the status is Completed

**Estimated time:** 1 h

**Next task:** INC-049","Troubleshooting","V11 - Production Support","TOPIC-056","INC-047","1","Level 3 - Advanced SAP MM","39 Troubleshooting","Troubleshooting","Procure to Pay","0","FI","L4 - Advanced","0","0","Troubleshooting","","SAP S/4HANA Training System","S/4HANA (ECC differences noted)","ECC and S/4HANA","RCA document","RCA document","","ME23N; MIGO; MIRO; OBYC; OMWB; MB51; MD04; SU53; SE10","Pending"
"INC-049","INC-049","Troubleshooting Incident","Normal","[INC-049] Incident 49: Purchase order shows no tax code or the invoice proposes the wrong one","**Objective:** Incident 49: Purchase order shows no tax code or the invoice proposes the wrong one

**Prerequisites:** INC-048

**Concepts:** Framework: problem, business impact, reproduce, check master data, check configuration, check authorization, check integration, check documents, identify root cause, fix, test, document RCA

**Transaction codes:** ME23N; MIGO; MIRO; OBYC; OMWB; MB51; MD04; SU53; SE10 (SAP GUI; use the Fiori app for the same function where one exists)

**Environment:** SAP S/4HANA Training System

### Steps
- [ ] Problem: record the message number and text, the transaction and the user
- [ ] Business impact: state what cannot be done, who is affected and the deadline
- [ ] Reproduce the error in the training client (instructor-prepared)
- [ ] Check master data
- [ ] Check configuration
- [ ] Check authorization
- [ ] Check integration: periods, accounts, cost objects and the neighbouring module
- [ ] Check documents: history, material and accounting documents, change documents and logs
- [ ] Identify the root cause - where to look: Info record, condition records for tax and the default in invoice verification
- [ ] Fix
- [ ] Test: re-run the original transaction
- [ ] Document the RCA

### Expected Result
- The original transaction now works
- Root cause is shown in master data, configuration, authorization or integration
- RCA document covers problem, business impact, checks made, root cause, fix, test and prevention

**Evidence:** RCA document

**Deliverable:** RCA document

**Assessment:** Instructor grades the RCA document against the twelve-step framework.

### Completion criteria
- Every step is done and the expected result is demonstrated
- Evidence is attached to the issue and the deliverable is in your workbook or document set
- Accounting and integration impact are written down where documents were created
- Actual time is logged against the issue
- Instructor Review is Approved and the status is Completed

**Estimated time:** 1 h

**Next task:** INC-050","Troubleshooting","V11 - Production Support","TOPIC-056","INC-048","1","Level 3 - Advanced SAP MM","39 Troubleshooting","Troubleshooting","Procure to Pay","0","FI","L4 - Advanced","0","0","Troubleshooting","","SAP S/4HANA Training System","S/4HANA (ECC differences noted)","ECC and S/4HANA","RCA document","RCA document","","ME23N; MIGO; MIRO; OBYC; OMWB; MB51; MD04; SU53; SE10","Pending"
"INC-050","INC-050","Troubleshooting Incident","Normal","[INC-050] Incident 50: Requisition from planning has no source and is not converted","**Objective:** Incident 50: Requisition from planning has no source and is not converted

**Prerequisites:** INC-049

**Concepts:** Framework: problem, business impact, reproduce, check master data, check configuration, check authorization, check integration, check documents, identify root cause, fix, test, document RCA

**Transaction codes:** ME23N; MIGO; MIRO; OBYC; OMWB; MB51; MD04; SU53; SE10 (SAP GUI; use the Fiori app for the same function where one exists)

**Environment:** SAP S/4HANA Training System

### Steps
- [ ] Problem: record the message number and text, the transaction and the user
- [ ] Business impact: state what cannot be done, who is affected and the deadline
- [ ] Reproduce the error in the training client (instructor-prepared)
- [ ] Check master data
- [ ] Check configuration
- [ ] Check authorization
- [ ] Check integration: periods, accounts, cost objects and the neighbouring module
- [ ] Check documents: history, material and accounting documents, change documents and logs
- [ ] Identify the root cause - where to look: Source list for planning, quota and info record validity
- [ ] Fix
- [ ] Test: re-run the original transaction
- [ ] Document the RCA

### Expected Result
- The original transaction now works
- Root cause is shown in master data, configuration, authorization or integration
- RCA document covers problem, business impact, checks made, root cause, fix, test and prevention

**Evidence:** RCA document

**Deliverable:** RCA document

**Assessment:** Instructor grades the RCA document against the twelve-step framework.

### Completion criteria
- Every step is done and the expected result is demonstrated
- Evidence is attached to the issue and the deliverable is in your workbook or document set
- Accounting and integration impact are written down where documents were created
- Actual time is logged against the issue
- Instructor Review is Approved and the status is Completed

**Estimated time:** 1 h

**Next task:** INC-051","Troubleshooting","V11 - Production Support","TOPIC-056","INC-049","1","Level 3 - Advanced SAP MM","39 Troubleshooting","Troubleshooting","Procure to Pay","0","FI","L4 - Advanced","0","0","Troubleshooting","","SAP S/4HANA Training System","S/4HANA (ECC differences noted)","ECC and S/4HANA","RCA document","RCA document","","ME23N; MIGO; MIRO; OBYC; OMWB; MB51; MD04; SU53; SE10","Pending"
"INC-051","INC-051","Troubleshooting Incident","Normal","[INC-051] Incident 51: Config works in development but not in quality: transport missing","**Objective:** Incident 51: Config works in development but not in quality: transport missing

**Prerequisites:** INC-050

**Concepts:** Framework: problem, business impact, reproduce, check master data, check configuration, check authorization, check integration, check documents, identify root cause, fix, test, document RCA

**Transaction codes:** ME23N; MIGO; MIRO; OBYC; OMWB; MB51; MD04; SU53; SE10 (SAP GUI; use the Fiori app for the same function where one exists)

**Environment:** SAP S/4HANA Training System

### Steps
- [ ] Problem: record the message number and text, the transaction and the user
- [ ] Business impact: state what cannot be done, who is affected and the deadline
- [ ] Reproduce the error in the training client (instructor-prepared)
- [ ] Check master data
- [ ] Check configuration
- [ ] Check authorization
- [ ] Check integration: periods, accounts, cost objects and the neighbouring module
- [ ] Check documents: history, material and accounting documents, change documents and logs
- [ ] Identify the root cause - where to look: Compare the setting in both systems and trace the request
- [ ] Fix
- [ ] Test: re-run the original transaction
- [ ] Document the RCA

### Expected Result
- The original transaction now works
- Root cause is shown in master data, configuration, authorization or integration
- RCA document covers problem, business impact, checks made, root cause, fix, test and prevention

**Evidence:** RCA document

**Deliverable:** RCA document

**Assessment:** Instructor grades the RCA document against the twelve-step framework.

### Completion criteria
- Every step is done and the expected result is demonstrated
- Evidence is attached to the issue and the deliverable is in your workbook or document set
- Accounting and integration impact are written down where documents were created
- Actual time is logged against the issue
- Instructor Review is Approved and the status is Completed

**Estimated time:** 2 h

**Next task:** INC-052","Troubleshooting","V11 - Production Support","TOPIC-056","INC-050","2","Level 3 - Advanced SAP MM","39 Troubleshooting","Troubleshooting","Procure to Pay","0","FI","L4 - Advanced","0","0","Troubleshooting","","SAP S/4HANA Training System","S/4HANA (ECC differences noted)","ECC and S/4HANA","RCA document","RCA document","","ME23N; MIGO; MIRO; OBYC; OMWB; MB51; MD04; SU53; SE10","Pending"
"INC-052","INC-052","Troubleshooting Incident","Normal","[INC-052] Incident 52: Reservation is not reduced by the goods issue","**Objective:** Incident 52: Reservation is not reduced by the goods issue

**Prerequisites:** INC-051

**Concepts:** Framework: problem, business impact, reproduce, check master data, check configuration, check authorization, check integration, check documents, identify root cause, fix, test, document RCA

**Transaction codes:** ME23N; MIGO; MIRO; OBYC; OMWB; MB51; MD04; SU53; SE10 (SAP GUI; use the Fiori app for the same function where one exists)

**Environment:** SAP S/4HANA Training System

### Steps
- [ ] Problem: record the message number and text, the transaction and the user
- [ ] Business impact: state what cannot be done, who is affected and the deadline
- [ ] Reproduce the error in the training client (instructor-prepared)
- [ ] Check master data
- [ ] Check configuration
- [ ] Check authorization
- [ ] Check integration: periods, accounts, cost objects and the neighbouring module
- [ ] Check documents: history, material and accounting documents, change documents and logs
- [ ] Identify the root cause - where to look: Reference to the reservation in the issue, final issue indicator and movement type
- [ ] Fix
- [ ] Test: re-run the original transaction
- [ ] Document the RCA

### Expected Result
- The original transaction now works
- Root cause is shown in master data, configuration, authorization or integration
- RCA document covers problem, business impact, checks made, root cause, fix, test and prevention

**Evidence:** RCA document

**Deliverable:** RCA document

**Assessment:** Instructor grades the RCA document against the twelve-step framework.

### Completion criteria
- Every step is done and the expected result is demonstrated
- Evidence is attached to the issue and the deliverable is in your workbook or document set
- Accounting and integration impact are written down where documents were created
- Actual time is logged against the issue
- Instructor Review is Approved and the status is Completed

**Estimated time:** 1 h

**Next task:** INC-053","Troubleshooting","V11 - Production Support","TOPIC-056","INC-051","1","Level 3 - Advanced SAP MM","39 Troubleshooting","Troubleshooting","Procure to Pay","0","FI","L4 - Advanced","0","0","Troubleshooting","","SAP S/4HANA Training System","S/4HANA (ECC differences noted)","ECC and S/4HANA","RCA document","RCA document","","ME23N; MIGO; MIRO; OBYC; OMWB; MB51; MD04; SU53; SE10","Pending"
"INC-053","INC-053","Troubleshooting Incident","Normal","[INC-053] Incident 53: Goods receipt for an account-assigned order posts to an unexpected account","**Objective:** Incident 53: Goods receipt for an account-assigned order posts to an unexpected account

**Prerequisites:** INC-052

**Concepts:** Framework: problem, business impact, reproduce, check master data, check configuration, check authorization, check integration, check documents, identify root cause, fix, test, document RCA

**Transaction codes:** ME23N; MIGO; MIRO; OBYC; OMWB; MB51; MD04; SU53; SE10 (SAP GUI; use the Fiori app for the same function where one exists)

**Environment:** SAP S/4HANA Training System

### Steps
- [ ] Problem: record the message number and text, the transaction and the user
- [ ] Business impact: state what cannot be done, who is affected and the deadline
- [ ] Reproduce the error in the training client (instructor-prepared)
- [ ] Check master data
- [ ] Check configuration
- [ ] Check authorization
- [ ] Check integration: periods, accounts, cost objects and the neighbouring module
- [ ] Check documents: history, material and accounting documents, change documents and logs
- [ ] Identify the root cause - where to look: Account assignment category, account modification and the order's account
- [ ] Fix
- [ ] Test: re-run the original transaction
- [ ] Document the RCA

### Expected Result
- The original transaction now works
- Root cause is shown in master data, configuration, authorization or integration
- RCA document covers problem, business impact, checks made, root cause, fix, test and prevention

**Evidence:** RCA document

**Deliverable:** RCA document

**Assessment:** Instructor grades the RCA document against the twelve-step framework.

### Completion criteria
- Every step is done and the expected result is demonstrated
- Evidence is attached to the issue and the deliverable is in your workbook or document set
- Accounting and integration impact are written down where documents were created
- Actual time is logged against the issue
- Instructor Review is Approved and the status is Completed

**Estimated time:** 1 h

**Next task:** INC-054","Troubleshooting","V11 - Production Support","TOPIC-056","INC-052","1","Level 3 - Advanced SAP MM","39 Troubleshooting","Troubleshooting","Procure to Pay","0","FI","L4 - Advanced","0","0","Troubleshooting","","SAP S/4HANA Training System","S/4HANA (ECC differences noted)","ECC and S/4HANA","RCA document","RCA document","","ME23N; MIGO; MIRO; OBYC; OMWB; MB51; MD04; SU53; SE10","Pending"
"INC-054","INC-054","Troubleshooting Incident","Normal","[INC-054] Incident 54: Posting to a previous period is not possible","**Objective:** Incident 54: Posting to a previous period is not possible

**Prerequisites:** INC-053

**Concepts:** Framework: problem, business impact, reproduce, check master data, check configuration, check authorization, check integration, check documents, identify root cause, fix, test, document RCA

**Transaction codes:** ME23N; MIGO; MIRO; OBYC; OMWB; MB51; MD04; SU53; SE10 (SAP GUI; use the Fiori app for the same function where one exists)

**Environment:** SAP S/4HANA Training System

### Steps
- [ ] Problem: record the message number and text, the transaction and the user
- [ ] Business impact: state what cannot be done, who is affected and the deadline
- [ ] Reproduce the error in the training client (instructor-prepared)
- [ ] Check master data
- [ ] Check configuration
- [ ] Check authorization
- [ ] Check integration: periods, accounts, cost objects and the neighbouring module
- [ ] Check documents: history, material and accounting documents, change documents and logs
- [ ] Identify the root cause - where to look: Material period, FI posting period and the allow-previous-period setting
- [ ] Fix
- [ ] Test: re-run the original transaction
- [ ] Document the RCA

### Expected Result
- The original transaction now works
- Root cause is shown in master data, configuration, authorization or integration
- RCA document covers problem, business impact, checks made, root cause, fix, test and prevention

**Evidence:** RCA document

**Deliverable:** RCA document

**Assessment:** Instructor grades the RCA document against the twelve-step framework.

### Completion criteria
- Every step is done and the expected result is demonstrated
- Evidence is attached to the issue and the deliverable is in your workbook or document set
- Accounting and integration impact are written down where documents were created
- Actual time is logged against the issue
- Instructor Review is Approved and the status is Completed

**Estimated time:** 1 h

**Next task:** INC-055","Troubleshooting","V11 - Production Support","TOPIC-056","INC-053","1","Level 3 - Advanced SAP MM","39 Troubleshooting","Troubleshooting","Procure to Pay","0","FI","L4 - Advanced","0","0","Troubleshooting","","SAP S/4HANA Training System","S/4HANA (ECC differences noted)","ECC and S/4HANA","RCA document","RCA document","","ME23N; MIGO; MIRO; OBYC; OMWB; MB51; MD04; SU53; SE10","Pending"
"INC-055","INC-055","Troubleshooting Incident","Normal","[INC-055] Incident 55: Month-end multi-fault case in Procure-to-Pay","**Objective:** Incident 55: Month-end multi-fault case in Procure-to-Pay

**Prerequisites:** INC-054

**Concepts:** Framework: problem, business impact, reproduce, check master data, check configuration, check authorization, check integration, check documents, identify root cause, fix, test, document RCA

**Transaction codes:** ME23N; MIGO; MIRO; OBYC; OMWB; MB51; MD04; SU53; SE10 (SAP GUI; use the Fiori app for the same function where one exists)

**Environment:** SAP S/4HANA Training System

### Steps
- [ ] Problem: record the message number and text, the transaction and the user
- [ ] Business impact: state what cannot be done, who is affected and the deadline
- [ ] Reproduce the error in the training client (instructor-prepared)
- [ ] Check master data
- [ ] Check configuration
- [ ] Check authorization
- [ ] Check integration: periods, accounts, cost objects and the neighbouring module
- [ ] Check documents: history, material and accounting documents, change documents and logs
- [ ] Identify the root cause - where to look: Several faults across source, price, receipt, invoice and account determination; find them in a sensible order
- [ ] Fix
- [ ] Test: re-run the original transaction
- [ ] Document the RCA

### Expected Result
- The original transaction now works
- Root cause is shown in master data, configuration, authorization or integration
- RCA document covers problem, business impact, checks made, root cause, fix, test and prevention

**Evidence:** RCA document

**Deliverable:** RCA document

**Assessment:** Instructor grades the RCA document against the twelve-step framework.

### Completion criteria
- Every step is done and the expected result is demonstrated
- Evidence is attached to the issue and the deliverable is in your workbook or document set
- Accounting and integration impact are written down where documents were created
- Actual time is logged against the issue
- Instructor Review is Approved and the status is Completed

**Estimated time:** 4 h

**Next task:** ASM-039","Troubleshooting","V11 - Production Support","TOPIC-056","INC-054","4","Level 3 - Advanced SAP MM","39 Troubleshooting","Troubleshooting","Procure to Pay","0","FI","L4 - Advanced","0","0","Troubleshooting","","SAP S/4HANA Training System","S/4HANA (ECC differences noted)","ECC and S/4HANA","RCA document","RCA document","","ME23N; MIGO; MIRO; OBYC; OMWB; MB51; MD04; SU53; SE10","Pending"
"ASM-039","ASM-039","Assessment","High","[ASM-039] Troubleshooting assessment","**Objective:** Troubleshooting assessment

**Prerequisites:** INC-055

**Concepts:** Framework: problem, business impact, reproduce, check master data, check configuration, check authorization, check integration, check documents, identify root cause, fix, test, document RCA

**Environment:** SAP S/4HANA Training System

### Steps
- [ ] Solve three unseen incidents against the clock and deliver the RCA documents

### Expected Result
- Score of 70 or higher

**Evidence:** Scored result

**Deliverable:** Scored assessment

**Assessment:** Scored 0-100 in the Score field. Pass mark 70.

### Completion criteria
- Every step is done and the expected result is demonstrated
- Evidence is attached to the issue and the deliverable is in your workbook or document set
- Accounting and integration impact are written down where documents were created
- Actual time is logged against the issue
- Instructor Review is Approved and the status is Completed

**Estimated time:** 3 h

**Next task:** Last task of this topic","Troubleshooting","V11 - Production Support","TOPIC-056","INC-055","3","Level 3 - Advanced SAP MM","39 Troubleshooting","Troubleshooting","Procure to Pay","0","FI","L4 - Advanced","0","1","Troubleshooting","","SAP S/4HANA Training System","S/4HANA (ECC differences noted)","ECC and S/4HANA","Scored assessment","Scored result","","","Pending"
"REVIEW-39","REVIEW-39","Review","High","[REVIEW-39] Module 39 gate review","**Objective:** Confirm that module 39 (Troubleshooting) is complete.

### Checklist
- [ ] Every issue of the module is Completed
- [ ] Evidence is attached to every issue
- [ ] Time is logged
- [ ] Assessment score is 70 or higher
- [ ] Configuration workbook, master-data workbook and issue log are up to date

**Assessment:** Instructor confirms the checklist and records the gate decision.

**Estimated time:** 1 h","","V11 - Production Support","MOD-39","ASM-039","1","Level 3 - Advanced SAP MM","39 Troubleshooting","","","0","","","0","1","","","","","","Gate decision","Instructor sign-off","","","Pending"
"MOD-40","MOD-40","Module","Normal","[MOD-40] 40 Real-World Projects","Module 40 of 42. Level 3 - Advanced SAP MM. Version: V12 - Advanced Consulting.

Topics: 4. Estimated hours: 92.

- TOPIC-057 Real-World Business Process Projects
- TOPIC-058 Month-End and Year-End MM Activities
- TOPIC-059 Real-World Scenario Bank
- TOPIC-060 Document Flow Exercises

The module closes with the gate review REVIEW-40.","","V12 - Advanced Consulting","EPIC","","","Level 3 - Advanced SAP MM","40 Real-World Projects","","","","","","","","","","","","","","","","",""
"TOPIC-057","TOPIC-057","Topic","Normal","[TOPIC-057] Real-World Business Process Projects","**Topics:** Standard procurement; Strategic procurement; Subcontracting; Consignment; Stock transport; Service procurement; MRP procurement; Physical inventory; Month-end procurement closing

**Transaction codes:** ME51N; ME21N; MIGO; MIRO; F110; ME41; ME47; ME49; ME31K; ME2O; MRKO; VL10B; ML81N; MD01N; MI01; MI07

**Fiori apps:** None listed

**Environment:** SAP S/4HANA Training System

**Tasks:** 9, 41 estimated hours.

- PROJECT-001 Project 1 - Standard Procurement: PR, PO, GR, invoice, payment
- PROJECT-002 Project 2 - Strategic Procurement: requirement, RFQ, quotation, supplier selection, contract, PO, GR, invoice
- PROJECT-003 Project 3 - Subcontracting
- PROJECT-004 Project 4 - Consignment
- PROJECT-005 Project 5 - Stock Transport
- PROJECT-006 Project 6 - Service Procurement
- PROJECT-007 Project 7 - MRP Procurement
- PROJECT-008 Project 8 - Physical Inventory
- PROJECT-009 Project 9 - Month-End Procurement Closing","Projects","V12 - Advanced Consulting","MOD-40","","","Level 3 - Advanced SAP MM","40 Real-World Projects","Projects","Procure to Pay","","FI","","","","Scenario-Based","","SAP S/4HANA Training System","S/4HANA (ECC differences noted)","ECC and S/4HANA","","","","ME51N; ME21N; MIGO; MIRO; F110; ME41; ME47; ME49; ME31K; ME2O; MRKO; VL10B; ML81N; MD01N; MI01; MI07",""
"PROJECT-001","PROJECT-001","Real-World Project","Normal","[PROJECT-001] Project 1 - Standard Procurement: PR, PO, GR, invoice, payment","**Objective:** Project 1 - Standard Procurement: PR, PO, GR, invoice, payment

**Business Scenario:** A plant buys three raw materials from two suppliers with one partial delivery and one price variance.

**Prerequisites:** ASM-039

**Concepts:** Standard procurement; Strategic procurement; Subcontracting; Consignment; Stock transport; Service procurement; MRP procurement; Physical inventory; Month-end procurement closing

**Transaction codes:** ME51N; ME21N; MIGO; MIRO; F110; ME41; ME47; ME49; ME31K; ME2O; MRKO; VL10B; ML81N; MD01N; MI01; MI07 (SAP GUI; use the Fiori app for the same function where one exists)

**Environment:** SAP S/4HANA Training System

### Steps
- [ ] Create new master data
- [ ] Run requisition, approval, order, receipts, invoices and payment
- [ ] Validate each document and its stock and accounting effect
- [ ] Deliver the process document with document flow

### Expected Result
- All documents exist to cleared supplier items
- Every posting is explained

**Evidence:** Project documentation

**Deliverable:** Project 1 process document

**Assessment:** Scored 0-100 on working result, validation and documentation.

### Completion criteria
- Every step is done and the expected result is demonstrated
- Evidence is attached to the issue and the deliverable is in your workbook or document set
- Accounting and integration impact are written down where documents were created
- Actual time is logged against the issue
- Instructor Review is Approved and the status is Completed

**Estimated time:** 5 h

**Next task:** PROJECT-002","Projects","V12 - Advanced Consulting","TOPIC-057","ASM-039","5","Level 3 - Advanced SAP MM","40 Real-World Projects","Projects","Procure to Pay","0","FI","L4 - Advanced","1","1","Scenario-Based","Project 1 - Standard Procurement","SAP S/4HANA Training System","S/4HANA (ECC differences noted)","ECC and S/4HANA","Project 1 process document","Project documentation","A plant buys three raw materials from two suppliers with one partial delivery and one price variance.","ME51N; ME21N; MIGO; MIRO; F110; ME41; ME47; ME49; ME31K; ME2O; MRKO; VL10B; ML81N; MD01N; MI01; MI07","Pending"
"PROJECT-002","PROJECT-002","Real-World Project","Normal","[PROJECT-002] Project 2 - Strategic Procurement: requirement, RFQ, quotation, supplier selection, contract, PO, GR, invoice","**Objective:** Project 2 - Strategic Procurement: requirement, RFQ, quotation, supplier selection, contract, PO, GR, invoice

**Business Scenario:** A new component family is sourced competitively and put under contract.

**Prerequisites:** PROJECT-001

**Concepts:** Standard procurement; Strategic procurement; Subcontracting; Consignment; Stock transport; Service procurement; MRP procurement; Physical inventory; Month-end procurement closing

**Transaction codes:** ME51N; ME21N; MIGO; MIRO; F110; ME41; ME47; ME49; ME31K; ME2O; MRKO; VL10B; ML81N; MD01N; MI01; MI07 (SAP GUI; use the Fiori app for the same function where one exists)

**Environment:** SAP S/4HANA Training System

### Steps
- [ ] Run the bidding round with three suppliers
- [ ] Select and justify
- [ ] Create the contract and source list
- [ ] Release orders
- [ ] Receive and invoice
- [ ] Evaluate the supplier

### Expected Result
- Release orders reference the contract
- Selection is justified by effective price

**Evidence:** Project documentation

**Deliverable:** Project 2 process document

**Assessment:** Scored 0-100 on working result, validation and documentation.

### Completion criteria
- Every step is done and the expected result is demonstrated
- Evidence is attached to the issue and the deliverable is in your workbook or document set
- Accounting and integration impact are written down where documents were created
- Actual time is logged against the issue
- Instructor Review is Approved and the status is Completed

**Estimated time:** 6 h

**Next task:** PROJECT-003","Projects","V12 - Advanced Consulting","TOPIC-057","PROJECT-001","6","Level 3 - Advanced SAP MM","40 Real-World Projects","Projects","Procure to Pay","0","FI","L4 - Advanced","1","1","Scenario-Based","Project 2 - Strategic Procurement","SAP S/4HANA Training System","S/4HANA (ECC differences noted)","ECC and S/4HANA","Project 2 process document","Project documentation","A new component family is sourced competitively and put under contract.","ME51N; ME21N; MIGO; MIRO; F110; ME41; ME47; ME49; ME31K; ME2O; MRKO; VL10B; ML81N; MD01N; MI01; MI07","Pending"
"PROJECT-003","PROJECT-003","Real-World Project","Normal","[PROJECT-003] Project 3 - Subcontracting","**Objective:** Project 3 - Subcontracting

**Business Scenario:** A second subcontractor is qualified for a new part with scrap at the supplier.

**Prerequisites:** PROJECT-002

**Concepts:** Standard procurement; Strategic procurement; Subcontracting; Consignment; Stock transport; Service procurement; MRP procurement; Physical inventory; Month-end procurement closing

**Transaction codes:** ME51N; ME21N; MIGO; MIRO; F110; ME41; ME47; ME49; ME31K; ME2O; MRKO; VL10B; ML81N; MD01N; MI01; MI07 (SAP GUI; use the Fiori app for the same function where one exists)

**Environment:** SAP S/4HANA Training System

### Steps
- [ ] Set up master data and bill of material
- [ ] Run order, provision, receipt, subsequent adjustment and invoice
- [ ] Reconcile component stock at the supplier

### Expected Result
- Component stock reconciles
- Postings are explained

**Evidence:** Project documentation

**Deliverable:** Project 3 process document

**Assessment:** Scored 0-100 on working result, validation and documentation.

### Completion criteria
- Every step is done and the expected result is demonstrated
- Evidence is attached to the issue and the deliverable is in your workbook or document set
- Accounting and integration impact are written down where documents were created
- Actual time is logged against the issue
- Instructor Review is Approved and the status is Completed

**Estimated time:** 5 h

**Next task:** PROJECT-004","Projects","V12 - Advanced Consulting","TOPIC-057","PROJECT-002","5","Level 3 - Advanced SAP MM","40 Real-World Projects","Projects","Procure to Pay","0","FI","L4 - Advanced","1","1","Scenario-Based","Project 3 - Subcontracting","SAP S/4HANA Training System","S/4HANA (ECC differences noted)","ECC and S/4HANA","Project 3 process document","Project documentation","A second subcontractor is qualified for a new part with scrap at the supplier.","ME51N; ME21N; MIGO; MIRO; F110; ME41; ME47; ME49; ME31K; ME2O; MRKO; VL10B; ML81N; MD01N; MI01; MI07","Pending"
"PROJECT-004","PROJECT-004","Real-World Project","Normal","[PROJECT-004] Project 4 - Consignment","**Objective:** Project 4 - Consignment

**Business Scenario:** A consignment agreement starts with two materials and monthly settlement.

**Prerequisites:** PROJECT-003

**Concepts:** Standard procurement; Strategic procurement; Subcontracting; Consignment; Stock transport; Service procurement; MRP procurement; Physical inventory; Month-end procurement closing

**Transaction codes:** ME51N; ME21N; MIGO; MIRO; F110; ME41; ME47; ME49; ME31K; ME2O; MRKO; VL10B; ML81N; MD01N; MI01; MI07 (SAP GUI; use the Fiori app for the same function where one exists)

**Environment:** SAP S/4HANA Training System

### Steps
- [ ] Set up info records
- [ ] Run order, receipts, withdrawals to stock and to consumption, and settlement
- [ ] Reconcile the liability account

### Expected Result
- Settlement equals withdrawals
- Liability account is zero after settlement

**Evidence:** Project documentation

**Deliverable:** Project 4 process document

**Assessment:** Scored 0-100 on working result, validation and documentation.

### Completion criteria
- Every step is done and the expected result is demonstrated
- Evidence is attached to the issue and the deliverable is in your workbook or document set
- Accounting and integration impact are written down where documents were created
- Actual time is logged against the issue
- Instructor Review is Approved and the status is Completed

**Estimated time:** 4 h

**Next task:** PROJECT-005","Projects","V12 - Advanced Consulting","TOPIC-057","PROJECT-003","4","Level 3 - Advanced SAP MM","40 Real-World Projects","Projects","Procure to Pay","0","FI","L4 - Advanced","1","1","Scenario-Based","Project 4 - Consignment","SAP S/4HANA Training System","S/4HANA (ECC differences noted)","ECC and S/4HANA","Project 4 process document","Project documentation","A consignment agreement starts with two materials and monthly settlement.","ME51N; ME21N; MIGO; MIRO; F110; ME41; ME47; ME49; ME31K; ME2O; MRKO; VL10B; ML81N; MD01N; MI01; MI07","Pending"
"PROJECT-005","PROJECT-005","Real-World Project","Normal","[PROJECT-005] Project 5 - Stock Transport","**Objective:** Project 5 - Stock Transport

**Business Scenario:** The distribution plant is replenished weekly from the manufacturing plant with delivery documents.

**Prerequisites:** PROJECT-004

**Concepts:** Standard procurement; Strategic procurement; Subcontracting; Consignment; Stock transport; Service procurement; MRP procurement; Physical inventory; Month-end procurement closing

**Transaction codes:** ME51N; ME21N; MIGO; MIRO; F110; ME41; ME47; ME49; ME31K; ME2O; MRKO; VL10B; ML81N; MD01N; MI01; MI07 (SAP GUI; use the Fiori app for the same function where one exists)

**Environment:** SAP S/4HANA Training System

### Steps
- [ ] Run stock transport orders with and without delivery
- [ ] Track stock in transit
- [ ] Handle one short receipt

### Expected Result
- Stock in transit is zero at the end
- Difference is resolved

**Evidence:** Project documentation

**Deliverable:** Project 5 process document

**Assessment:** Scored 0-100 on working result, validation and documentation.

### Completion criteria
- Every step is done and the expected result is demonstrated
- Evidence is attached to the issue and the deliverable is in your workbook or document set
- Accounting and integration impact are written down where documents were created
- Actual time is logged against the issue
- Instructor Review is Approved and the status is Completed

**Estimated time:** 4 h

**Next task:** PROJECT-006","Projects","V12 - Advanced Consulting","TOPIC-057","PROJECT-004","4","Level 3 - Advanced SAP MM","40 Real-World Projects","Projects","Procure to Pay","0","FI","L4 - Advanced","1","1","Scenario-Based","Project 5 - Stock Transport","SAP S/4HANA Training System","S/4HANA (ECC differences noted)","ECC and S/4HANA","Project 5 process document","Project documentation","The distribution plant is replenished weekly from the manufacturing plant with delivery documents.","ME51N; ME21N; MIGO; MIRO; F110; ME41; ME47; ME49; ME31K; ME2O; MRKO; VL10B; ML81N; MD01N; MI01; MI07","Pending"
"PROJECT-006","PROJECT-006","Real-World Project","Normal","[PROJECT-006] Project 6 - Service Procurement","**Objective:** Project 6 - Service Procurement

**Business Scenario:** A yearly maintenance contract with planned and unplanned services.

**Prerequisites:** PROJECT-005

**Concepts:** Standard procurement; Strategic procurement; Subcontracting; Consignment; Stock transport; Service procurement; MRP procurement; Physical inventory; Month-end procurement closing

**Transaction codes:** ME51N; ME21N; MIGO; MIRO; F110; ME41; ME47; ME49; ME31K; ME2O; MRKO; VL10B; ML81N; MD01N; MI01; MI07 (SAP GUI; use the Fiori app for the same function where one exists)

**Environment:** SAP S/4HANA Training System

### Steps
- [ ] Run service order, entry sheets over three months including unplanned work within the limit, acceptance and invoices
- [ ] Report cost by cost centre

### Expected Result
- Accepted value equals invoiced value
- Limit is respected

**Evidence:** Project documentation

**Deliverable:** Project 6 process document

**Assessment:** Scored 0-100 on working result, validation and documentation.

### Completion criteria
- Every step is done and the expected result is demonstrated
- Evidence is attached to the issue and the deliverable is in your workbook or document set
- Accounting and integration impact are written down where documents were created
- Actual time is logged against the issue
- Instructor Review is Approved and the status is Completed

**Estimated time:** 4 h

**Next task:** PROJECT-007","Projects","V12 - Advanced Consulting","TOPIC-057","PROJECT-005","4","Level 3 - Advanced SAP MM","40 Real-World Projects","Projects","Procure to Pay","0","FI","L4 - Advanced","1","1","Scenario-Based","Project 6 - Service Procurement","SAP S/4HANA Training System","S/4HANA (ECC differences noted)","ECC and S/4HANA","Project 6 process document","Project documentation","A yearly maintenance contract with planned and unplanned services.","ME51N; ME21N; MIGO; MIRO; F110; ME41; ME47; ME49; ME31K; ME2O; MRKO; VL10B; ML81N; MD01N; MI01; MI07","Pending"
"PROJECT-007","PROJECT-007","Real-World Project","Normal","[PROJECT-007] Project 7 - MRP Procurement","**Objective:** Project 7 - MRP Procurement

**Business Scenario:** Five materials are planned with different MRP types and sources.

**Prerequisites:** PROJECT-006

**Concepts:** Standard procurement; Strategic procurement; Subcontracting; Consignment; Stock transport; Service procurement; MRP procurement; Physical inventory; Month-end procurement closing

**Transaction codes:** ME51N; ME21N; MIGO; MIRO; F110; ME41; ME47; ME49; ME31K; ME2O; MRKO; VL10B; ML81N; MD01N; MI01; MI07 (SAP GUI; use the Fiori app for the same function where one exists)

**Environment:** SAP S/4HANA Training System

### Steps
- [ ] Set planning data
- [ ] Create demand
- [ ] Run planning
- [ ] Convert proposals automatically where possible
- [ ] Receive
- [ ] Explain the stock and requirements lists

### Expected Result
- Every proposal is explained
- Automatic conversion works for materials with a unique source

**Evidence:** Project documentation

**Deliverable:** Project 7 process document

**Assessment:** Scored 0-100 on working result, validation and documentation.

### Completion criteria
- Every step is done and the expected result is demonstrated
- Evidence is attached to the issue and the deliverable is in your workbook or document set
- Accounting and integration impact are written down where documents were created
- Actual time is logged against the issue
- Instructor Review is Approved and the status is Completed

**Estimated time:** 4 h

**Next task:** PROJECT-008","Projects","V12 - Advanced Consulting","TOPIC-057","PROJECT-006","4","Level 3 - Advanced SAP MM","40 Real-World Projects","Projects","Procure to Pay","0","FI","L4 - Advanced","1","1","Scenario-Based","Project 7 - MRP Procurement","SAP S/4HANA Training System","S/4HANA (ECC differences noted)","ECC and S/4HANA","Project 7 process document","Project documentation","Five materials are planned with different MRP types and sources.","ME51N; ME21N; MIGO; MIRO; F110; ME41; ME47; ME49; ME31K; ME2O; MRKO; VL10B; ML81N; MD01N; MI01; MI07","Pending"
"PROJECT-008","PROJECT-008","Real-World Project","Normal","[PROJECT-008] Project 8 - Physical Inventory","**Objective:** Project 8 - Physical Inventory

**Business Scenario:** Year-end count of two storage locations plus cycle counting for fast movers.

**Prerequisites:** PROJECT-007

**Concepts:** Standard procurement; Strategic procurement; Subcontracting; Consignment; Stock transport; Service procurement; MRP procurement; Physical inventory; Month-end procurement closing

**Transaction codes:** ME51N; ME21N; MIGO; MIRO; F110; ME41; ME47; ME49; ME31K; ME2O; MRKO; VL10B; ML81N; MD01N; MI01; MI07 (SAP GUI; use the Fiori app for the same function where one exists)

**Environment:** SAP S/4HANA Training System

### Steps
- [ ] Plan the count
- [ ] Create documents
- [ ] Count, recount and post
- [ ] Report accuracy and value of differences
- [ ] Propose process improvements

### Expected Result
- Differences are posted and explained
- Accuracy report is delivered

**Evidence:** Project documentation

**Deliverable:** Project 8 inventory report

**Assessment:** Scored 0-100 on working result, validation and documentation.

### Completion criteria
- Every step is done and the expected result is demonstrated
- Evidence is attached to the issue and the deliverable is in your workbook or document set
- Accounting and integration impact are written down where documents were created
- Actual time is logged against the issue
- Instructor Review is Approved and the status is Completed

**Estimated time:** 4 h

**Next task:** PROJECT-009","Projects","V12 - Advanced Consulting","TOPIC-057","PROJECT-007","4","Level 3 - Advanced SAP MM","40 Real-World Projects","Projects","Procure to Pay","0","FI","L4 - Advanced","1","1","Scenario-Based","Project 8 - Physical Inventory","SAP S/4HANA Training System","S/4HANA (ECC differences noted)","ECC and S/4HANA","Project 8 inventory report","Project documentation","Year-end count of two storage locations plus cycle counting for fast movers.","ME51N; ME21N; MIGO; MIRO; F110; ME41; ME47; ME49; ME31K; ME2O; MRKO; VL10B; ML81N; MD01N; MI01; MI07","Pending"
"PROJECT-009","PROJECT-009","Real-World Project","Normal","[PROJECT-009] Project 9 - Month-End Procurement Closing","**Objective:** Project 9 - Month-End Procurement Closing

**Business Scenario:** The first month-end after go-live.

**Prerequisites:** PROJECT-008

**Concepts:** Standard procurement; Strategic procurement; Subcontracting; Consignment; Stock transport; Service procurement; MRP procurement; Physical inventory; Month-end procurement closing

**Transaction codes:** ME51N; ME21N; MIGO; MIRO; F110; ME41; ME47; ME49; ME31K; ME2O; MRKO; VL10B; ML81N; MD01N; MI01; MI07 (SAP GUI; use the Fiori app for the same function where one exists)

**Environment:** SAP S/4HANA Training System

### Steps
- [ ] Run the month-end checklist from the Month_End_Closing wiki page for the training company code
- [ ] Deliver the closing file with every list and decision

### Expected Result
- Checklist is complete with evidence
- Open points have owners

**Evidence:** Project documentation

**Deliverable:** Project 9 closing file

**Assessment:** Scored 0-100 on working result, validation and documentation.

### Completion criteria
- Every step is done and the expected result is demonstrated
- Evidence is attached to the issue and the deliverable is in your workbook or document set
- Accounting and integration impact are written down where documents were created
- Actual time is logged against the issue
- Instructor Review is Approved and the status is Completed

**Estimated time:** 5 h

**Next task:** Last task of this topic","Projects","V12 - Advanced Consulting","TOPIC-057","PROJECT-008","5","Level 3 - Advanced SAP MM","40 Real-World Projects","Projects","Procure to Pay","0","FI","L4 - Advanced","1","1","Scenario-Based","Project 9 - Month-End Procurement Closing","SAP S/4HANA Training System","S/4HANA (ECC differences noted)","ECC and S/4HANA","Project 9 closing file","Project documentation","The first month-end after go-live.","ME51N; ME21N; MIGO; MIRO; F110; ME41; ME47; ME49; ME31K; ME2O; MRKO; VL10B; ML81N; MD01N; MI01; MI07","Pending"
"TOPIC-058","TOPIC-058","Topic","Normal","[TOPIC-058] Month-End and Year-End MM Activities","**Topics:** Open PO review; GR/IR reconciliation; Invoice verification; Stock valuation; Physical inventory; Consumption review; Price differences; Material Ledger closing concepts; Outstanding procurement documents; Blocked invoices; Supplier reconciliation; Period-end activities

**Transaction codes:** ME2N; ME2M; MR11; FBL3N; MRBR; MB5L; MB52; MI24; MC.9; CKM3N; MMPV; FBL1N; MB5B

**Fiori apps:** Clear GR/IR Clearing Account; Release Blocked Invoices; Monitor Purchase Order Items

**Environment:** SAP S/4HANA Training System

**Tasks:** 5, 13 estimated hours.

- THY-065 What MM owes finance at period end
- MM-LAB-092 Closing lab 1: open purchasing documents and blocked invoices
- MM-LAB-093 Closing lab 2: GR/IR reconciliation and supplier reconciliation
- MM-LAB-094 Closing lab 3: stock valuation, consumption and price differences
- MM-LAB-095 Closing lab 4: period close and year-end activities","Projects","V12 - Advanced Consulting","MOD-40","","","Level 3 - Advanced SAP MM","40 Real-World Projects","Projects","Period-End Closing","","FI","","","","Scenario-Based","","SAP S/4HANA Training System","S/4HANA (ECC differences noted)","ECC and S/4HANA","","","","ME2N; ME2M; MR11; FBL3N; MRBR; MB5L; MB52; MI24; MC.9; CKM3N; MMPV; FBL1N; MB5B",""
"THY-065","THY-065","Theory","Normal","[THY-065] What MM owes finance at period end","**Objective:** What MM owes finance at period end

**Prerequisites:** PROJECT-009

**Concepts:** Open PO review; GR/IR reconciliation; Invoice verification; Stock valuation; Physical inventory; Consumption review; Price differences; Material Ledger closing concepts; Outstanding procurement documents; Blocked invoices; Supplier reconciliation; Period-end activities

**Fiori apps:** Clear GR/IR Clearing Account; Release Blocked Invoices; Monitor Purchase Order Items

**Environment:** SAP S/4HANA Training System

### Steps
- [ ] Study each closing activity, its purpose and its owner
- [ ] Study the order of MM and FI period closing
- [ ] Study year-end additions: annual count, price updates, balance confirmation

### Expected Result
- Orders the closing activities and names the report for each

**Evidence:** Notes

**Deliverable:** Study notes

**Assessment:** Instructor checks the notes and asks short oral questions.

### Completion criteria
- Every step is done and the expected result is demonstrated
- Evidence is attached to the issue and the deliverable is in your workbook or document set
- Accounting and integration impact are written down where documents were created
- Actual time is logged against the issue
- Instructor Review is Approved and the status is Completed

**Estimated time:** 2 h

**Next task:** MM-LAB-092","Projects","V12 - Advanced Consulting","TOPIC-058","PROJECT-009","2","Level 3 - Advanced SAP MM","40 Real-World Projects","Projects","Period-End Closing","0","FI","L4 - Advanced","0","0","Scenario-Based","","SAP S/4HANA Training System","S/4HANA (ECC differences noted)","ECC and S/4HANA","Study notes","Notes","","","Pending"
"MM-LAB-092","MM-LAB-092","Business Process Lab","Normal","[MM-LAB-092] Closing lab 1: open purchasing documents and blocked invoices","**LAB ID:** MM-LAB-092

**Title:** Closing lab 1: open purchasing documents and blocked invoices

**Objective:** Execute the business process - Closing lab 1: open purchasing documents and blocked invoices - and validate documents, stock and accounting.

**Business Scenario:** Old open orders and requisitions distort commitments.

**Prerequisites:** THY-065

**Required Configuration:** Organizational structure, document types and account determination as configured in the earlier modules of this client.

**Master Data:** Materials and suppliers from your master-data workbook.

**Transaction codes:** ME2N; ME2M; ME5A; MRBR (SAP GUI; use the Fiori app for the same function where one exists)

**Fiori apps:** Clear GR/IR Clearing Account; Release Blocked Invoices; Monitor Purchase Order Items

### Procedure
- [ ] List open orders and requisitions older than a cut-off
- [ ] Decide close, chase or keep for each
- [ ] Set delivery completed and final invoice where right
- [ ] Review and release blocked invoices

### Expected Result
- Every old open document has a decision
- Blocked invoice list is cleared or explained

**Accounting Impact:** Display every accounting document created and write its debit and credit lines; where none is created, state why.

**Integration Impact:** FI: record the documents or data created in the integrated area.

**Troubleshooting:** Read the full message with its number. Check master data, then configuration, then authorization, then integration. Record each error and its cause in your issue log. If stuck for more than 30 minutes, set the status to Blocked and describe the blocker.

**Validation:** Display the documents created (purchasing document history, material document, accounting document, stock) and compare them with the expected result.

**Evidence:** Document numbers + screenshots

**Deliverable:** Open document review

**Assessment:** Instructor verifies the expected result from the documents and may ask for a live demonstration.

### Completion criteria
- Every step is done and the expected result is demonstrated
- Evidence is attached to the issue and the deliverable is in your workbook or document set
- Accounting and integration impact are written down where documents were created
- Actual time is logged against the issue
- Instructor Review is Approved and the status is Completed

**Estimated time:** 3 h

**Next task:** MM-LAB-093","Projects","V12 - Advanced Consulting","TOPIC-058","THY-065","3","Level 3 - Advanced SAP MM","40 Real-World Projects","Projects","Period-End Closing","0","FI","L4 - Advanced","1","0","Scenario-Based","","SAP S/4HANA Training System","S/4HANA (ECC differences noted)","ECC and S/4HANA","Open document review","Document numbers + screenshots","Old open orders and requisitions distort commitments.","ME2N; ME2M; ME5A; MRBR","Pending"
"MM-LAB-093","MM-LAB-093","Business Process Lab","Normal","[MM-LAB-093] Closing lab 2: GR/IR reconciliation and supplier reconciliation","**LAB ID:** MM-LAB-093

**Title:** Closing lab 2: GR/IR reconciliation and supplier reconciliation

**Objective:** Execute the business process - Closing lab 2: GR/IR reconciliation and supplier reconciliation - and validate documents, stock and accounting.

**Business Scenario:** Finance needs the GR/IR balance explained and accrued.

**Prerequisites:** MM-LAB-092

**Required Configuration:** Organizational structure, document types and account determination as configured in the earlier modules of this client.

**Master Data:** Materials and suppliers from your master-data workbook.

**Transaction codes:** FBL3N; MR11; FBL1N (SAP GUI; use the Fiori app for the same function where one exists)

**Fiori apps:** Clear GR/IR Clearing Account; Release Blocked Invoices; Monitor Purchase Order Items

### Procedure
- [ ] Analyse GR/IR by order
- [ ] Clear differences that will not be invoiced or delivered
- [ ] Split the balance into goods received not invoiced and invoiced not received
- [ ] Reconcile one supplier statement against the account

### Expected Result
- GR/IR balance is explained to zero
- Supplier statement differences are listed

**Accounting Impact:** Account maintenance clears GR/IR against price difference or stock

**Integration Impact:** FI: record the documents or data created in the integrated area.

**Troubleshooting:** Read the full message with its number. Check master data, then configuration, then authorization, then integration. Record each error and its cause in your issue log. If stuck for more than 30 minutes, set the status to Blocked and describe the blocker.

**Validation:** Display the documents created (purchasing document history, material document, accounting document, stock) and compare them with the expected result.

**Evidence:** Document numbers + screenshots

**Deliverable:** GR/IR reconciliation

**Assessment:** Instructor verifies the expected result from the documents and may ask for a live demonstration.

### Completion criteria
- Every step is done and the expected result is demonstrated
- Evidence is attached to the issue and the deliverable is in your workbook or document set
- Accounting and integration impact are written down where documents were created
- Actual time is logged against the issue
- Instructor Review is Approved and the status is Completed

**Estimated time:** 3 h

**Next task:** MM-LAB-094","Projects","V12 - Advanced Consulting","TOPIC-058","MM-LAB-092","3","Level 3 - Advanced SAP MM","40 Real-World Projects","Projects","Period-End Closing","0","FI","L4 - Advanced","1","0","Scenario-Based","","SAP S/4HANA Training System","S/4HANA (ECC differences noted)","ECC and S/4HANA","GR/IR reconciliation","Document numbers + screenshots","Finance needs the GR/IR balance explained and accrued.","FBL3N; MR11; FBL1N","Pending"
"MM-LAB-094","MM-LAB-094","Business Process Lab","Normal","[MM-LAB-094] Closing lab 3: stock valuation, consumption and price differences","**LAB ID:** MM-LAB-094

**Title:** Closing lab 3: stock valuation, consumption and price differences

**Objective:** Execute the business process - Closing lab 3: stock valuation, consumption and price differences - and validate documents, stock and accounting.

**Business Scenario:** The inventory value must agree with the ledger and unusual consumption must be explained.

**Prerequisites:** MM-LAB-093

**Required Configuration:** Organizational structure, document types and account determination as configured in the earlier modules of this client.

**Master Data:** Materials and suppliers from your master-data workbook.

**Transaction codes:** MB5L; MB52; MC.9; CKM3N (SAP GUI; use the Fiori app for the same function where one exists)

**Fiori apps:** Clear GR/IR Clearing Account; Release Blocked Invoices; Monitor Purchase Order Items

### Procedure
- [ ] Reconcile stock values with inventory account balances
- [ ] Review consumption by cost centre for outliers
- [ ] Review price difference accounts and find the three largest causes
- [ ] Read the Material Ledger closing steps at concept level

### Expected Result
- Stock value equals ledger balance or the difference is explained
- Top price differences are traced to documents

**Accounting Impact:** Display every accounting document created and write its debit and credit lines; where none is created, state why.

**Integration Impact:** FI: record the documents or data created in the integrated area.

**Troubleshooting:** Read the full message with its number. Check master data, then configuration, then authorization, then integration. Record each error and its cause in your issue log. If stuck for more than 30 minutes, set the status to Blocked and describe the blocker.

**Validation:** Display the documents created (purchasing document history, material document, accounting document, stock) and compare them with the expected result.

**Evidence:** Document numbers + screenshots

**Deliverable:** Valuation and consumption review

**Assessment:** Instructor verifies the expected result from the documents and may ask for a live demonstration.

### Completion criteria
- Every step is done and the expected result is demonstrated
- Evidence is attached to the issue and the deliverable is in your workbook or document set
- Accounting and integration impact are written down where documents were created
- Actual time is logged against the issue
- Instructor Review is Approved and the status is Completed

**Estimated time:** 3 h

**Next task:** MM-LAB-095","Projects","V12 - Advanced Consulting","TOPIC-058","MM-LAB-093","3","Level 3 - Advanced SAP MM","40 Real-World Projects","Projects","Period-End Closing","0","FI","L4 - Advanced","1","0","Scenario-Based","","SAP S/4HANA Training System","S/4HANA (ECC differences noted)","ECC and S/4HANA","Valuation and consumption review","Document numbers + screenshots","The inventory value must agree with the ledger and unusual consumption must be explained.","MB5L; MB52; MC.9; CKM3N","Pending"
"MM-LAB-095","MM-LAB-095","Business Process Lab","Normal","[MM-LAB-095] Closing lab 4: period close and year-end activities","**LAB ID:** MM-LAB-095

**Title:** Closing lab 4: period close and year-end activities

**Objective:** Execute the business process - Closing lab 4: period close and year-end activities - and validate documents, stock and accounting.

**Business Scenario:** The period is closed and the new one opened; at year end the annual count must be complete.

**Prerequisites:** MM-LAB-094

**Required Configuration:** Organizational structure, document types and account determination as configured in the earlier modules of this client.

**Master Data:** Materials and suppliers from your master-data workbook.

**Transaction codes:** MMPV; MI24 (SAP GUI; use the Fiori app for the same function where one exists)

**Fiori apps:** Clear GR/IR Clearing Account; Release Blocked Invoices; Monitor Purchase Order Items

### Procedure
- [ ] Check that all movements of the period are posted
- [ ] Close the material period
- [ ] Verify posting in the new period
- [ ] Check physical inventory completeness for the year

### Expected Result
- New period is open
- Uncounted materials are listed

**Accounting Impact:** Display every accounting document created and write its debit and credit lines; where none is created, state why.

**Integration Impact:** FI: record the documents or data created in the integrated area.

**Troubleshooting:** Read the full message with its number. Check master data, then configuration, then authorization, then integration. Record each error and its cause in your issue log. If stuck for more than 30 minutes, set the status to Blocked and describe the blocker.

**Validation:** Display the documents created (purchasing document history, material document, accounting document, stock) and compare them with the expected result.

**Evidence:** Document numbers + screenshots

**Deliverable:** Process sheet with document numbers

**Assessment:** Instructor verifies the expected result from the documents and may ask for a live demonstration.

### Completion criteria
- Every step is done and the expected result is demonstrated
- Evidence is attached to the issue and the deliverable is in your workbook or document set
- Accounting and integration impact are written down where documents were created
- Actual time is logged against the issue
- Instructor Review is Approved and the status is Completed

**Estimated time:** 2 h

**Next task:** Last task of this topic","Projects","V12 - Advanced Consulting","TOPIC-058","MM-LAB-094","2","Level 3 - Advanced SAP MM","40 Real-World Projects","Projects","Period-End Closing","0","FI","L4 - Advanced","1","0","Scenario-Based","","SAP S/4HANA Training System","S/4HANA (ECC differences noted)","ECC and S/4HANA","Process sheet with document numbers","Document numbers + screenshots","The period is closed and the new one opened; at year end the annual count must be complete.","MMPV; MI24","Pending"
"TOPIC-059","TOPIC-059","Topic","Normal","[TOPIC-059] Real-World Scenario Bank","**Topics:** One hundred business scenarios across master data, sourcing, purchasing, approval, inventory, invoice, valuation, special procurement, integration and support; the full list is on the Scenario_Bank wiki page

**Transaction codes:** None

**Fiori apps:** None listed

**Environment:** SAP S/4HANA Training System

**Tasks:** 10, 30 estimated hours.

- ASG-010 Scenario pack 01: scenarios 1-10
- ASG-011 Scenario pack 02: scenarios 11-20
- ASG-012 Scenario pack 03: scenarios 21-30
- ASG-013 Scenario pack 04: scenarios 31-40
- ASG-014 Scenario pack 05: scenarios 41-50
- ASG-015 Scenario pack 06: scenarios 51-60
- ASG-016 Scenario pack 07: scenarios 61-70
- ASG-017 Scenario pack 08: scenarios 71-80
- ASG-018 Scenario pack 09: scenarios 81-90
- ASG-019 Scenario pack 10: scenarios 91-100","Projects","V12 - Advanced Consulting","MOD-40","","","Level 3 - Advanced SAP MM","40 Real-World Projects","Projects","Procure to Pay","","None","","","","Scenario-Based","","SAP S/4HANA Training System","S/4HANA (ECC differences noted)","ECC and S/4HANA","","","","",""
"ASG-010","ASG-010","Assignment","Normal","[ASG-010] Scenario pack 01: scenarios 1-10","**Objective:** Scenario pack 01: scenarios 1-10

**Business Scenario:** Ten situations a consultant meets in daily work; see the Scenario_Bank wiki page.

**Prerequisites:** MM-LAB-095

**Concepts:** One hundred business scenarios across master data, sourcing, purchasing, approval, inventory, invoice, valuation, special procurement, integration and support; the full list is on the Scenario_Bank wiki page

**Environment:** SAP S/4HANA Training System

### Steps
- [ ] For each scenario write: business impact, the SAP process and documents involved, what to check, the likely root cause or design decision, the solution in the system, and how to prevent it
- [ ] Scenario 1: Supplier price changed from next month; open orders must keep the old price
- [ ] Scenario 2: Material unavailable at the supplier; an alternative source must be used
- [ ] Scenario 3: PO price incorrect after the supplier invoice arrives
- [ ] Scenario 4: Duplicate PO created for the same requisition
- [ ] Scenario 5: GR quantity mismatch between delivery note and purchase order
- [ ] Scenario 6: Invoice blocked for price variance at month end
- [ ] Scenario 7: GR/IR mismatch because the invoice arrived before the goods
- [ ] Scenario 8: Wrong valuation class found on a material that already has stock
- [ ] Scenario 9: Wrong G/L account posted by a goods issue
- [ ] Scenario 10: Supplier blocked for quality while orders are open
- [ ] Reproduce and solve at least three of the ten in the training system

### Expected Result
- All ten scenarios have the six parts
- Three are evidenced in the system

**Evidence:** Written deliverable

**Deliverable:** Scenario pack 01

**Assessment:** Instructor reviews the document for completeness and reasoning.

### Completion criteria
- Every step is done and the expected result is demonstrated
- Evidence is attached to the issue and the deliverable is in your workbook or document set
- Accounting and integration impact are written down where documents were created
- Actual time is logged against the issue
- Instructor Review is Approved and the status is Completed

**Estimated time:** 3 h

**Next task:** ASG-011","Projects","V12 - Advanced Consulting","TOPIC-059","MM-LAB-095","3","Level 3 - Advanced SAP MM","40 Real-World Projects","Projects","Procure to Pay","0","None","L3 - Intermediate","0","0","Scenario-Based","","SAP S/4HANA Training System","S/4HANA (ECC differences noted)","ECC and S/4HANA","Scenario pack 01","Written deliverable","Ten situations a consultant meets in daily work; see the Scenario_Bank wiki page.","","Pending"
"ASG-011","ASG-011","Assignment","Normal","[ASG-011] Scenario pack 02: scenarios 11-20","**Objective:** Scenario pack 02: scenarios 11-20

**Business Scenario:** Ten situations a consultant meets in daily work; see the Scenario_Bank wiki page.

**Prerequisites:** ASG-010

**Concepts:** One hundred business scenarios across master data, sourcing, purchasing, approval, inventory, invoice, valuation, special procurement, integration and support; the full list is on the Scenario_Bank wiki page

**Environment:** SAP S/4HANA Training System

### Steps
- [ ] For each scenario write: business impact, the SAP process and documents involved, what to check, the likely root cause or design decision, the solution in the system, and how to prevent it
- [ ] Scenario 11: Material blocked for procurement but needed urgently
- [ ] Scenario 12: PO approval pending while the approver is on leave
- [ ] Scenario 13: Workflow not triggered for a high-value order
- [ ] Scenario 14: Stock mismatch between the system and the warehouse
- [ ] Scenario 15: Physical inventory difference above the clerk's tolerance
- [ ] Scenario 16: STO failure: delivery cannot be created at the supplying plant
- [ ] Scenario 17: Subcontracting component missing at the supplier
- [ ] Scenario 18: Consignment stock issue: withdrawals were never settled
- [ ] Scenario 19: MRP does not create PR for a reorder point material
- [ ] Scenario 20: Incorrect delivery date proposed in the purchase order
- [ ] Reproduce and solve at least three of the ten in the training system

### Expected Result
- All ten scenarios have the six parts
- Three are evidenced in the system

**Evidence:** Written deliverable

**Deliverable:** Scenario pack 02

**Assessment:** Instructor reviews the document for completeness and reasoning.

### Completion criteria
- Every step is done and the expected result is demonstrated
- Evidence is attached to the issue and the deliverable is in your workbook or document set
- Accounting and integration impact are written down where documents were created
- Actual time is logged against the issue
- Instructor Review is Approved and the status is Completed

**Estimated time:** 3 h

**Next task:** ASG-012","Projects","V12 - Advanced Consulting","TOPIC-059","ASG-010","3","Level 3 - Advanced SAP MM","40 Real-World Projects","Projects","Procure to Pay","0","None","L3 - Intermediate","0","0","Scenario-Based","","SAP S/4HANA Training System","S/4HANA (ECC differences noted)","ECC and S/4HANA","Scenario pack 02","Written deliverable","Ten situations a consultant meets in daily work; see the Scenario_Bank wiki page.","","Pending"
"ASG-012","ASG-012","Assignment","Normal","[ASG-012] Scenario pack 03: scenarios 21-30","**Objective:** Scenario pack 03: scenarios 21-30

**Business Scenario:** Ten situations a consultant meets in daily work; see the Scenario_Bank wiki page.

**Prerequisites:** ASG-011

**Concepts:** One hundred business scenarios across master data, sourcing, purchasing, approval, inventory, invoice, valuation, special procurement, integration and support; the full list is on the Scenario_Bank wiki page

**Environment:** SAP S/4HANA Training System

### Steps
- [ ] For each scenario write: business impact, the SAP process and documents involved, what to check, the likely root cause or design decision, the solution in the system, and how to prevent it
- [ ] Scenario 21: Tax issue: invoice tax differs from the order
- [ ] Scenario 22: Freight condition issue: forwarder invoice does not match the accrual
- [ ] Scenario 23: Duplicate invoice received with a slightly different reference
- [ ] Scenario 24: Return to supplier after the invoice was already paid
- [ ] Scenario 25: Partial delivery and the supplier will not ship the rest
- [ ] Scenario 26: Over-delivery that the stores want to keep
- [ ] Scenario 27: Under-delivery on a critical component
- [ ] Scenario 28: Wrong purchasing organization used for a plant
- [ ] Scenario 29: Incorrect plant in a goods receipt
- [ ] Scenario 30: Wrong storage location in a goods receipt
- [ ] Reproduce and solve at least three of the ten in the training system

### Expected Result
- All ten scenarios have the six parts
- Three are evidenced in the system

**Evidence:** Written deliverable

**Deliverable:** Scenario pack 03

**Assessment:** Instructor reviews the document for completeness and reasoning.

### Completion criteria
- Every step is done and the expected result is demonstrated
- Evidence is attached to the issue and the deliverable is in your workbook or document set
- Accounting and integration impact are written down where documents were created
- Actual time is logged against the issue
- Instructor Review is Approved and the status is Completed

**Estimated time:** 3 h

**Next task:** ASG-013","Projects","V12 - Advanced Consulting","TOPIC-059","ASG-011","3","Level 3 - Advanced SAP MM","40 Real-World Projects","Projects","Procure to Pay","0","None","L3 - Intermediate","0","0","Scenario-Based","","SAP S/4HANA Training System","S/4HANA (ECC differences noted)","ECC and S/4HANA","Scenario pack 03","Written deliverable","Ten situations a consultant meets in daily work; see the Scenario_Bank wiki page.","","Pending"
"ASG-013","ASG-013","Assignment","Normal","[ASG-013] Scenario pack 04: scenarios 31-40","**Objective:** Scenario pack 04: scenarios 31-40

**Business Scenario:** Ten situations a consultant meets in daily work; see the Scenario_Bank wiki page.

**Prerequisites:** ASG-012

**Concepts:** One hundred business scenarios across master data, sourcing, purchasing, approval, inventory, invoice, valuation, special procurement, integration and support; the full list is on the Scenario_Bank wiki page

**Environment:** SAP S/4HANA Training System

### Steps
- [ ] For each scenario write: business impact, the SAP process and documents involved, what to check, the likely root cause or design decision, the solution in the system, and how to prevent it
- [ ] Scenario 31: New plant opens and must buy from existing contracts
- [ ] Scenario 32: New supplier must be onboarded within a day for an urgent order
- [ ] Scenario 33: Supplier changes bank details by e-mail
- [ ] Scenario 34: One-time purchase from a supplier that will never be used again
- [ ] Scenario 35: Buyer leaves the company; open orders must be reassigned
- [ ] Scenario 36: Purchasing group structure is reorganised
- [ ] Scenario 37: Material needs a new unit of measure for ordering
- [ ] Scenario 38: Material is converted to batch management while stock exists
- [ ] Scenario 39: Base unit of measure of a material is wrong
- [ ] Scenario 40: Material created in the wrong material type
- [ ] Reproduce and solve at least three of the ten in the training system

### Expected Result
- All ten scenarios have the six parts
- Three are evidenced in the system

**Evidence:** Written deliverable

**Deliverable:** Scenario pack 04

**Assessment:** Instructor reviews the document for completeness and reasoning.

### Completion criteria
- Every step is done and the expected result is demonstrated
- Evidence is attached to the issue and the deliverable is in your workbook or document set
- Accounting and integration impact are written down where documents were created
- Actual time is logged against the issue
- Instructor Review is Approved and the status is Completed

**Estimated time:** 3 h

**Next task:** ASG-014","Projects","V12 - Advanced Consulting","TOPIC-059","ASG-012","3","Level 3 - Advanced SAP MM","40 Real-World Projects","Projects","Procure to Pay","0","None","L3 - Intermediate","0","0","Scenario-Based","","SAP S/4HANA Training System","S/4HANA (ECC differences noted)","ECC and S/4HANA","Scenario pack 04","Written deliverable","Ten situations a consultant meets in daily work; see the Scenario_Bank wiki page.","","Pending"
"ASG-014","ASG-014","Assignment","Normal","[ASG-014] Scenario pack 05: scenarios 41-50","**Objective:** Scenario pack 05: scenarios 41-50

**Business Scenario:** Ten situations a consultant meets in daily work; see the Scenario_Bank wiki page.

**Prerequisites:** ASG-013

**Concepts:** One hundred business scenarios across master data, sourcing, purchasing, approval, inventory, invoice, valuation, special procurement, integration and support; the full list is on the Scenario_Bank wiki page

**Environment:** SAP S/4HANA Training System

### Steps
- [ ] For each scenario write: business impact, the SAP process and documents involved, what to check, the likely root cause or design decision, the solution in the system, and how to prevent it
- [ ] Scenario 41: Requisition raised without a material master for a new item
- [ ] Scenario 42: Requisition must be split between two suppliers
- [ ] Scenario 43: Urgent requirement must bypass the normal bidding process
- [ ] Scenario 44: Supplier offers a volume discount above a yearly quantity
- [ ] Scenario 45: Supplier quotes in a foreign currency with exchange rate risk
- [ ] Scenario 46: Price must be valid per plant, not per purchasing organization
- [ ] Scenario 47: Contract reaches its target value before the validity ends
- [ ] Scenario 48: Contract price is renegotiated in the middle of the year
- [ ] Scenario 49: Scheduling agreement supplier delivers ahead of the schedule
- [ ] Scenario 50: Framework order limit is exhausted before year end
- [ ] Reproduce and solve at least three of the ten in the training system

### Expected Result
- All ten scenarios have the six parts
- Three are evidenced in the system

**Evidence:** Written deliverable

**Deliverable:** Scenario pack 05

**Assessment:** Instructor reviews the document for completeness and reasoning.

### Completion criteria
- Every step is done and the expected result is demonstrated
- Evidence is attached to the issue and the deliverable is in your workbook or document set
- Accounting and integration impact are written down where documents were created
- Actual time is logged against the issue
- Instructor Review is Approved and the status is Completed

**Estimated time:** 3 h

**Next task:** ASG-015","Projects","V12 - Advanced Consulting","TOPIC-059","ASG-013","3","Level 3 - Advanced SAP MM","40 Real-World Projects","Projects","Procure to Pay","0","None","L3 - Intermediate","0","0","Scenario-Based","","SAP S/4HANA Training System","S/4HANA (ECC differences noted)","ECC and S/4HANA","Scenario pack 05","Written deliverable","Ten situations a consultant meets in daily work; see the Scenario_Bank wiki page.","","Pending"
"ASG-015","ASG-015","Assignment","Normal","[ASG-015] Scenario pack 06: scenarios 51-60","**Objective:** Scenario pack 06: scenarios 51-60

**Business Scenario:** Ten situations a consultant meets in daily work; see the Scenario_Bank wiki page.

**Prerequisites:** ASG-014

**Concepts:** One hundred business scenarios across master data, sourcing, purchasing, approval, inventory, invoice, valuation, special procurement, integration and support; the full list is on the Scenario_Bank wiki page

**Environment:** SAP S/4HANA Training System

### Steps
- [ ] For each scenario write: business impact, the SAP process and documents involved, what to check, the likely root cause or design decision, the solution in the system, and how to prevent it
- [ ] Scenario 51: Order must be sent to the supplier in two languages
- [ ] Scenario 52: Supplier asks for an advance payment on a large order
- [ ] Scenario 53: Order acknowledgement shows a later date than requested
- [ ] Scenario 54: Incoterms change the point where ownership passes
- [ ] Scenario 55: Approval threshold must differ for capital and operating purchases
- [ ] Scenario 56: Order is changed after approval and must be approved again
- [ ] Scenario 57: Requisition approved but budget is no longer available
- [ ] Scenario 58: Goods arrive without a purchase order
- [ ] Scenario 59: Goods arrive damaged and are partly rejected
- [ ] Scenario 60: Goods arrive with the wrong batch or missing certificate
- [ ] Reproduce and solve at least three of the ten in the training system

### Expected Result
- All ten scenarios have the six parts
- Three are evidenced in the system

**Evidence:** Written deliverable

**Deliverable:** Scenario pack 06

**Assessment:** Instructor reviews the document for completeness and reasoning.

### Completion criteria
- Every step is done and the expected result is demonstrated
- Evidence is attached to the issue and the deliverable is in your workbook or document set
- Accounting and integration impact are written down where documents were created
- Actual time is logged against the issue
- Instructor Review is Approved and the status is Completed

**Estimated time:** 3 h

**Next task:** ASG-016","Projects","V12 - Advanced Consulting","TOPIC-059","ASG-014","3","Level 3 - Advanced SAP MM","40 Real-World Projects","Projects","Procure to Pay","0","None","L3 - Intermediate","0","0","Scenario-Based","","SAP S/4HANA Training System","S/4HANA (ECC differences noted)","ECC and S/4HANA","Scenario pack 06","Written deliverable","Ten situations a consultant meets in daily work; see the Scenario_Bank wiki page.","","Pending"
"ASG-016","ASG-016","Assignment","Normal","[ASG-016] Scenario pack 07: scenarios 61-70","**Objective:** Scenario pack 07: scenarios 61-70

**Business Scenario:** Ten situations a consultant meets in daily work; see the Scenario_Bank wiki page.

**Prerequisites:** ASG-015

**Concepts:** One hundred business scenarios across master data, sourcing, purchasing, approval, inventory, invoice, valuation, special procurement, integration and support; the full list is on the Scenario_Bank wiki page

**Environment:** SAP S/4HANA Training System

### Steps
- [ ] For each scenario write: business impact, the SAP process and documents involved, what to check, the likely root cause or design decision, the solution in the system, and how to prevent it
- [ ] Scenario 61: Goods arrive after the order was closed
- [ ] Scenario 62: Goods receipt was posted to the wrong purchase order
- [ ] Scenario 63: Goods receipt must be reversed after the invoice was posted
- [ ] Scenario 64: Free-of-charge sample delivered with an order
- [ ] Scenario 65: Returnable packaging arrives with the goods
- [ ] Scenario 66: Shelf life of a delivered batch is too short
- [ ] Scenario 67: Stock must be moved to a new storage location during a warehouse reorganisation
- [ ] Scenario 68: Stock is found in the warehouse that is not in the system
- [ ] Scenario 69: Material is scrapped after a quality failure
- [ ] Scenario 70: Stock must be transferred between two company codes
- [ ] Reproduce and solve at least three of the ten in the training system

### Expected Result
- All ten scenarios have the six parts
- Three are evidenced in the system

**Evidence:** Written deliverable

**Deliverable:** Scenario pack 07

**Assessment:** Instructor reviews the document for completeness and reasoning.

### Completion criteria
- Every step is done and the expected result is demonstrated
- Evidence is attached to the issue and the deliverable is in your workbook or document set
- Accounting and integration impact are written down where documents were created
- Actual time is logged against the issue
- Instructor Review is Approved and the status is Completed

**Estimated time:** 3 h

**Next task:** ASG-017","Projects","V12 - Advanced Consulting","TOPIC-059","ASG-015","3","Level 3 - Advanced SAP MM","40 Real-World Projects","Projects","Procure to Pay","0","None","L3 - Intermediate","0","0","Scenario-Based","","SAP S/4HANA Training System","S/4HANA (ECC differences noted)","ECC and S/4HANA","Scenario pack 07","Written deliverable","Ten situations a consultant meets in daily work; see the Scenario_Bank wiki page.","","Pending"
"ASG-017","ASG-017","Assignment","Normal","[ASG-017] Scenario pack 08: scenarios 71-80","**Objective:** Scenario pack 08: scenarios 71-80

**Business Scenario:** Ten situations a consultant meets in daily work; see the Scenario_Bank wiki page.

**Prerequisites:** ASG-016

**Concepts:** One hundred business scenarios across master data, sourcing, purchasing, approval, inventory, invoice, valuation, special procurement, integration and support; the full list is on the Scenario_Bank wiki page

**Environment:** SAP S/4HANA Training System

### Steps
- [ ] For each scenario write: business impact, the SAP process and documents involved, what to check, the likely root cause or design decision, the solution in the system, and how to prevent it
- [ ] Scenario 71: Stock in transit is not received at the destination plant
- [ ] Scenario 72: Reservation exists but stock was issued to another department
- [ ] Scenario 73: Cost centre on a goods issue was wrong
- [ ] Scenario 74: Negative stock is requested by the shop floor for timing reasons
- [ ] Scenario 75: Cycle count finds repeated differences on the same material
- [ ] Scenario 76: Annual inventory must run without stopping production
- [ ] Scenario 77: Invoice arrives without a purchase order reference
- [ ] Scenario 78: Invoice quantity is higher than the goods received
- [ ] Scenario 79: Invoice for freight comes from a different supplier than planned
- [ ] Scenario 80: Supplier sends a credit memo for a price correction
- [ ] Reproduce and solve at least three of the ten in the training system

### Expected Result
- All ten scenarios have the six parts
- Three are evidenced in the system

**Evidence:** Written deliverable

**Deliverable:** Scenario pack 08

**Assessment:** Instructor reviews the document for completeness and reasoning.

### Completion criteria
- Every step is done and the expected result is demonstrated
- Evidence is attached to the issue and the deliverable is in your workbook or document set
- Accounting and integration impact are written down where documents were created
- Actual time is logged against the issue
- Instructor Review is Approved and the status is Completed

**Estimated time:** 3 h

**Next task:** ASG-018","Projects","V12 - Advanced Consulting","TOPIC-059","ASG-016","3","Level 3 - Advanced SAP MM","40 Real-World Projects","Projects","Procure to Pay","0","None","L3 - Intermediate","0","0","Scenario-Based","","SAP S/4HANA Training System","S/4HANA (ECC differences noted)","ECC and S/4HANA","Scenario pack 08","Written deliverable","Ten situations a consultant meets in daily work; see the Scenario_Bank wiki page.","","Pending"
"ASG-018","ASG-018","Assignment","Normal","[ASG-018] Scenario pack 09: scenarios 81-90","**Objective:** Scenario pack 09: scenarios 81-90

**Business Scenario:** Ten situations a consultant meets in daily work; see the Scenario_Bank wiki page.

**Prerequisites:** ASG-017

**Concepts:** One hundred business scenarios across master data, sourcing, purchasing, approval, inventory, invoice, valuation, special procurement, integration and support; the full list is on the Scenario_Bank wiki page

**Environment:** SAP S/4HANA Training System

### Steps
- [ ] For each scenario write: business impact, the SAP process and documents involved, what to check, the likely root cause or design decision, the solution in the system, and how to prevent it
- [ ] Scenario 81: Invoice was posted to the wrong supplier
- [ ] Scenario 82: Invoice in foreign currency is paid at a different exchange rate
- [ ] Scenario 83: Invoices are blocked in mass after a tolerance change
- [ ] Scenario 84: Supplier wants self-billing without sending invoices
- [ ] Scenario 85: Small differences on invoices should be accepted automatically
- [ ] Scenario 86: Standard price of a material is clearly out of date
- [ ] Scenario 87: Moving average price is distorted by a wrong goods receipt
- [ ] Scenario 88: Inventory account does not agree with the stock value report
- [ ] Scenario 89: Price difference account shows a large unexplained balance
- [ ] Scenario 90: Same material has different values for imported and local procurement
- [ ] Reproduce and solve at least three of the ten in the training system

### Expected Result
- All ten scenarios have the six parts
- Three are evidenced in the system

**Evidence:** Written deliverable

**Deliverable:** Scenario pack 09

**Assessment:** Instructor reviews the document for completeness and reasoning.

### Completion criteria
- Every step is done and the expected result is demonstrated
- Evidence is attached to the issue and the deliverable is in your workbook or document set
- Accounting and integration impact are written down where documents were created
- Actual time is logged against the issue
- Instructor Review is Approved and the status is Completed

**Estimated time:** 3 h

**Next task:** ASG-019","Projects","V12 - Advanced Consulting","TOPIC-059","ASG-017","3","Level 3 - Advanced SAP MM","40 Real-World Projects","Projects","Procure to Pay","0","None","L3 - Intermediate","0","0","Scenario-Based","","SAP S/4HANA Training System","S/4HANA (ECC differences noted)","ECC and S/4HANA","Scenario pack 09","Written deliverable","Ten situations a consultant meets in daily work; see the Scenario_Bank wiki page.","","Pending"
"ASG-019","ASG-019","Assignment","Normal","[ASG-019] Scenario pack 10: scenarios 91-100","**Objective:** Scenario pack 10: scenarios 91-100

**Business Scenario:** Ten situations a consultant meets in daily work; see the Scenario_Bank wiki page.

**Prerequisites:** ASG-018

**Concepts:** One hundred business scenarios across master data, sourcing, purchasing, approval, inventory, invoice, valuation, special procurement, integration and support; the full list is on the Scenario_Bank wiki page

**Environment:** SAP S/4HANA Training System

### Steps
- [ ] For each scenario write: business impact, the SAP process and documents involved, what to check, the likely root cause or design decision, the solution in the system, and how to prevent it
- [ ] Scenario 91: Period was not closed and postings went to the wrong month
- [ ] Scenario 92: Subcontractor returns more scrap than planned
- [ ] Scenario 93: Subcontractor receives components directly from another supplier
- [ ] Scenario 94: Consignment price changes while stock is on site
- [ ] Scenario 95: Service was performed beyond the ordered scope
- [ ] Scenario 96: Service entry is rejected by the requester
- [ ] Scenario 97: Third-party supplier delivers a different quantity than the customer ordered
- [ ] Scenario 98: Production reports a component shortage although planning showed coverage
- [ ] Scenario 99: Quality keeps stock in inspection longer than the planned lead time
- [ ] Scenario 100: After go-live users report that an old transaction no longer exists
- [ ] Reproduce and solve at least three of the ten in the training system

### Expected Result
- All ten scenarios have the six parts
- Three are evidenced in the system

**Evidence:** Written deliverable

**Deliverable:** Scenario pack 10

**Assessment:** Instructor reviews the document for completeness and reasoning.

### Completion criteria
- Every step is done and the expected result is demonstrated
- Evidence is attached to the issue and the deliverable is in your workbook or document set
- Accounting and integration impact are written down where documents were created
- Actual time is logged against the issue
- Instructor Review is Approved and the status is Completed

**Estimated time:** 3 h

**Next task:** Last task of this topic","Projects","V12 - Advanced Consulting","TOPIC-059","ASG-018","3","Level 3 - Advanced SAP MM","40 Real-World Projects","Projects","Procure to Pay","0","None","L3 - Intermediate","0","0","Scenario-Based","","SAP S/4HANA Training System","S/4HANA (ECC differences noted)","ECC and S/4HANA","Scenario pack 10","Written deliverable","Ten situations a consultant meets in daily work; see the Scenario_Bank wiki page.","","Pending"
"TOPIC-060","TOPIC-060","Topic","Normal","[TOPIC-060] Document Flow Exercises","**Topics:** For every document: what is generated, why, which module owns it, what data changes, what accounting impact occurs, how to troubleshoot it

**Transaction codes:** ME23N; MB03; FB03; MIR4; ME2O; MRKO; VL03N

**Fiori apps:** None listed

**Environment:** SAP S/4HANA Training System

**Tasks:** 3, 7 estimated hours.

- EX-031 Document-flow exercise 2: strategic procurement with contract
- EX-032 Document-flow exercise 3: subcontracting, consignment and stock transport
- ASM-040 Real-world projects assessment","Projects","V12 - Advanced Consulting","MOD-40","","","Level 3 - Advanced SAP MM","40 Real-World Projects","Projects","Procure to Pay","","FI","","","","Scenario-Based","","SAP S/4HANA Training System","S/4HANA (ECC differences noted)","ECC and S/4HANA","","","","ME23N; MB03; FB03; MIR4; ME2O; MRKO; VL03N",""
"EX-031","EX-031","Practical Exercise","Normal","[EX-031] Document-flow exercise 2: strategic procurement with contract","**Objective:** Document-flow exercise 2: strategic procurement with contract

**Prerequisites:** ASG-019

**Concepts:** For every document: what is generated, why, which module owns it, what data changes, what accounting impact occurs, how to troubleshoot it

**Environment:** SAP S/4HANA Training System

### Steps
- [ ] Draw the flow from requisition through request for quotation, quotation, contract, release order, receipt, invoice and payment for Project 2 with document numbers, owner module, data changed, accounting impact and the first check when it breaks

### Expected Result
- Diagram covers every document with all five attributes

**Evidence:** Worked result + screenshots

**Deliverable:** Document-flow diagram 2

**Assessment:** Instructor checks the worked result.

### Completion criteria
- Every step is done and the expected result is demonstrated
- Evidence is attached to the issue and the deliverable is in your workbook or document set
- Accounting and integration impact are written down where documents were created
- Actual time is logged against the issue
- Instructor Review is Approved and the status is Completed

**Estimated time:** 2 h

**Next task:** EX-032","Projects","V12 - Advanced Consulting","TOPIC-060","ASG-019","2","Level 3 - Advanced SAP MM","40 Real-World Projects","Projects","Procure to Pay","0","FI","L3 - Intermediate","0","0","Scenario-Based","","SAP S/4HANA Training System","S/4HANA (ECC differences noted)","ECC and S/4HANA","Document-flow diagram 2","Worked result + screenshots","","","Pending"
"EX-032","EX-032","Practical Exercise","Normal","[EX-032] Document-flow exercise 3: subcontracting, consignment and stock transport","**Objective:** Document-flow exercise 3: subcontracting, consignment and stock transport

**Prerequisites:** EX-031

**Concepts:** For every document: what is generated, why, which module owns it, what data changes, what accounting impact occurs, how to troubleshoot it

**Environment:** SAP S/4HANA Training System

### Steps
- [ ] Draw the three flows for Projects 3, 4 and 5 in the same form

### Expected Result
- Three diagrams cover every document with all five attributes

**Evidence:** Worked result + screenshots

**Deliverable:** Document-flow diagrams 3

**Assessment:** Instructor checks the worked result.

### Completion criteria
- Every step is done and the expected result is demonstrated
- Evidence is attached to the issue and the deliverable is in your workbook or document set
- Accounting and integration impact are written down where documents were created
- Actual time is logged against the issue
- Instructor Review is Approved and the status is Completed

**Estimated time:** 3 h

**Next task:** ASM-040","Projects","V12 - Advanced Consulting","TOPIC-060","EX-031","3","Level 3 - Advanced SAP MM","40 Real-World Projects","Projects","Procure to Pay","0","FI","L3 - Intermediate","0","0","Scenario-Based","","SAP S/4HANA Training System","S/4HANA (ECC differences noted)","ECC and S/4HANA","Document-flow diagrams 3","Worked result + screenshots","","","Pending"
"ASM-040","ASM-040","Assessment","High","[ASM-040] Real-world projects assessment","**Objective:** Real-world projects assessment

**Prerequisites:** EX-032

**Concepts:** For every document: what is generated, why, which module owns it, what data changes, what accounting impact occurs, how to troubleshoot it

**Environment:** SAP S/4HANA Training System

### Steps
- [ ] Defend two projects chosen by the instructor

### Expected Result
- Score of 70 or higher

**Evidence:** Scored result

**Deliverable:** Scored assessment

**Assessment:** Scored 0-100 in the Score field. Pass mark 70.

### Completion criteria
- Every step is done and the expected result is demonstrated
- Evidence is attached to the issue and the deliverable is in your workbook or document set
- Accounting and integration impact are written down where documents were created
- Actual time is logged against the issue
- Instructor Review is Approved and the status is Completed

**Estimated time:** 2 h

**Next task:** Last task of this topic","Projects","V12 - Advanced Consulting","TOPIC-060","EX-032","2","Level 3 - Advanced SAP MM","40 Real-World Projects","Projects","Procure to Pay","0","FI","L3 - Intermediate","0","1","Scenario-Based","","SAP S/4HANA Training System","S/4HANA (ECC differences noted)","ECC and S/4HANA","Scored assessment","Scored result","","","Pending"
"REVIEW-40","REVIEW-40","Review","High","[REVIEW-40] Module 40 gate review","**Objective:** Confirm that module 40 (Real-World Projects) is complete.

### Checklist
- [ ] Every issue of the module is Completed
- [ ] Evidence is attached to every issue
- [ ] Time is logged
- [ ] Assessment score is 70 or higher
- [ ] Configuration workbook, master-data workbook and issue log are up to date

**Assessment:** Instructor confirms the checklist and records the gate decision.

**Estimated time:** 1 h","","V12 - Advanced Consulting","MOD-40","PROJECT-009, MM-LAB-095, ASG-019, ASM-040","1","Level 3 - Advanced SAP MM","40 Real-World Projects","","","0","","","0","1","","","","","","Gate decision","Instructor sign-off","","","Pending"
"MOD-41","MOD-41","Module","Normal","[MOD-41] 41 Expert Consulting","Module 41 of 42. Level 4 - Expert SAP MM Consulting. Version: V12 - Advanced Consulting.

Topics: 6. Estimated hours: 76.

- TOPIC-061 Enterprise Procurement Architecture
- TOPIC-062 Integration Architecture, Cloud and Extensibility
- TOPIC-063 SAP MM and Ariba
- TOPIC-064 SAP MM Transaction Code Curriculum
- TOPIC-065 Interview Preparation
- TOPIC-066 Career Preparation

The module closes with the gate review REVIEW-41.","","V12 - Advanced Consulting","EPIC","","","Level 4 - Expert SAP MM Consulting","41 Expert Consulting","","","","","","","","","","","","","","","","",""
"TOPIC-061","TOPIC-061","Topic","Normal","[TOPIC-061] Enterprise Procurement Architecture","**Topics:** Enterprise procurement architecture; Global procurement; Central procurement; Multi-country procurement; Intercompany procurement; Shared services; Supplier governance; Procurement compliance; Procurement controls; Process optimization; Procurement automation; SAP MM solution architecture; Enterprise transformation

**Transaction codes:** SPRO

**Fiori apps:** None listed

**Environment:** SAP S/4HANA Training System

**Tasks:** 3, 13 estimated hours.

- THY-066 Global, central and multi-country procurement
- THY-067 Governance, compliance, controls and optimization
- ASG-020 Assignment: solution architecture for a client brief","Expert Consulting","V12 - Advanced Consulting","MOD-41","","","Level 4 - Expert SAP MM Consulting","41 Expert Consulting","Expert Consulting","Source to Pay","","None","","","","Consultant-Level","","SAP S/4HANA Training System","S/4HANA (ECC differences noted)","S/4HANA only","","","","SPRO",""
"THY-066","THY-066","Theory","Normal","[THY-066] Global, central and multi-country procurement","**Objective:** Global, central and multi-country procurement

**Prerequisites:** ASM-040

**Concepts:** Enterprise procurement architecture; Global procurement; Central procurement; Multi-country procurement; Intercompany procurement; Shared services; Supplier governance; Procurement compliance; Procurement controls; Process optimization; Procurement automation; SAP MM solution architecture; Enterprise transformation

**Environment:** SAP S/4HANA Training System

### Steps
- [ ] Study organizational designs for global procurement
- [ ] Study central procurement with connected systems, central contracts and central requisitioning
- [ ] Study multi-country differences in tax, currency and legal documents
- [ ] Study intercompany procurement and shared services

### Expected Result
- Proposes an organizational design for a three-country group and justifies it

**Evidence:** Notes

**Deliverable:** Study notes

**Assessment:** Instructor checks the notes and asks short oral questions.

### Completion criteria
- Every step is done and the expected result is demonstrated
- Evidence is attached to the issue and the deliverable is in your workbook or document set
- Accounting and integration impact are written down where documents were created
- Actual time is logged against the issue
- Instructor Review is Approved and the status is Completed

**Estimated time:** 4 h

**Next task:** THY-067","Expert Consulting","V12 - Advanced Consulting","TOPIC-061","ASM-040","4","Level 4 - Expert SAP MM Consulting","41 Expert Consulting","Expert Consulting","Source to Pay","0","None","L5 - Expert","0","0","Consultant-Level","","SAP S/4HANA Training System","S/4HANA (ECC differences noted)","S/4HANA only","Study notes","Notes","","","Pending"
"THY-067","THY-067","Theory","Normal","[THY-067] Governance, compliance, controls and optimization","**Objective:** Governance, compliance, controls and optimization

**Prerequisites:** THY-066

**Concepts:** Enterprise procurement architecture; Global procurement; Central procurement; Multi-country procurement; Intercompany procurement; Shared services; Supplier governance; Procurement compliance; Procurement controls; Process optimization; Procurement automation; SAP MM solution architecture; Enterprise transformation

**Environment:** SAP S/4HANA Training System

### Steps
- [ ] Study supplier governance and risk
- [ ] Study procurement compliance and internal controls: approval, three-way match, segregation of duties, audit trail
- [ ] Study process optimization and automation: automatic orders, evaluated receipt settlement, invoice automation, situation handling

### Expected Result
- Lists ten controls with the risk each covers
- Proposes three automations with prerequisites

**Evidence:** Notes

**Deliverable:** Study notes

**Assessment:** Instructor checks the notes and asks short oral questions.

### Completion criteria
- Every step is done and the expected result is demonstrated
- Evidence is attached to the issue and the deliverable is in your workbook or document set
- Accounting and integration impact are written down where documents were created
- Actual time is logged against the issue
- Instructor Review is Approved and the status is Completed

**Estimated time:** 3 h

**Next task:** ASG-020","Expert Consulting","V12 - Advanced Consulting","TOPIC-061","THY-066","3","Level 4 - Expert SAP MM Consulting","41 Expert Consulting","Expert Consulting","Source to Pay","0","None","L5 - Expert","0","0","Consultant-Level","","SAP S/4HANA Training System","S/4HANA (ECC differences noted)","S/4HANA only","Study notes","Notes","","","Pending"
"ASG-020","ASG-020","Assignment","Normal","[ASG-020] Assignment: solution architecture for a client brief","**Objective:** Assignment: solution architecture for a client brief

**Business Scenario:** A manufacturing group with four plants in two countries moves from a legacy system to S/4HANA.

**Prerequisites:** THY-067

**Concepts:** Enterprise procurement architecture; Global procurement; Central procurement; Multi-country procurement; Intercompany procurement; Shared services; Supplier governance; Procurement compliance; Procurement controls; Process optimization; Procurement automation; SAP MM solution architecture; Enterprise transformation

**Environment:** SAP S/4HANA Training System

### Steps
- [ ] Produce the MM solution architecture: organization, master data governance, processes, approvals, integration, controls, reporting, migration approach, gaps and risks

### Expected Result
- Design answers every requirement of the brief
- Gaps have options and a recommendation

**Evidence:** Written deliverable

**Deliverable:** Solution architecture document

**Assessment:** Instructor reviews the document for completeness and reasoning.

### Completion criteria
- Every step is done and the expected result is demonstrated
- Evidence is attached to the issue and the deliverable is in your workbook or document set
- Accounting and integration impact are written down where documents were created
- Actual time is logged against the issue
- Instructor Review is Approved and the status is Completed

**Estimated time:** 6 h

**Next task:** Last task of this topic","Expert Consulting","V12 - Advanced Consulting","TOPIC-061","THY-067","6","Level 4 - Expert SAP MM Consulting","41 Expert Consulting","Expert Consulting","Source to Pay","0","None","L5 - Expert","0","0","Consultant-Level","","SAP S/4HANA Training System","S/4HANA (ECC differences noted)","S/4HANA only","Solution architecture document","Written deliverable","A manufacturing group with four plants in two countries moves from a legacy system to S/4HANA.","","Pending"
"TOPIC-062","TOPIC-062","Topic","Normal","[TOPIC-062] Integration Architecture, Cloud and Extensibility","**Topics:** Integration architecture; API-based procurement; Fiori architecture concepts; Cloud ERP procurement concepts; SAP S/4HANA Cloud procurement concepts; Extensibility; Clean Core principles; Side-by-side extension concepts

**Transaction codes:** None

**Fiori apps:** None listed

**Environment:** SAP S/4HANA Training System

**Tasks:** 2, 6 estimated hours.

- THY-068 Integration architecture and API-based procurement
- THY-069 Cloud ERP, clean core and extensibility","Expert Consulting","V12 - Advanced Consulting","MOD-41","","","Level 4 - Expert SAP MM Consulting","41 Expert Consulting","Expert Consulting","None","","None","","","","Consultant-Level","","SAP S/4HANA Training System","S/4HANA (ECC differences noted)","S/4HANA only","","","","",""
"THY-068","THY-068","Theory","Normal","[THY-068] Integration architecture and API-based procurement","**Objective:** Integration architecture and API-based procurement

**Prerequisites:** ASG-020

**Concepts:** Integration architecture; API-based procurement; Fiori architecture concepts; Cloud ERP procurement concepts; SAP S/4HANA Cloud procurement concepts; Extensibility; Clean Core principles; Side-by-side extension concepts

**Environment:** SAP S/4HANA Training System

### Steps
- [ ] Study integration styles: file, IDoc, web service, OData API, events
- [ ] Study the released procurement APIs and when each style fits
- [ ] Study Fiori architecture: launchpad, catalogs, roles, front-end and back-end at concept level

### Expected Result
- Chooses an integration style for five interfaces

**Evidence:** Notes

**Deliverable:** Study notes

**Assessment:** Instructor checks the notes and asks short oral questions.

### Completion criteria
- Every step is done and the expected result is demonstrated
- Evidence is attached to the issue and the deliverable is in your workbook or document set
- Accounting and integration impact are written down where documents were created
- Actual time is logged against the issue
- Instructor Review is Approved and the status is Completed

**Estimated time:** 3 h

**Next task:** THY-069","Expert Consulting","V12 - Advanced Consulting","TOPIC-062","ASG-020","3","Level 4 - Expert SAP MM Consulting","41 Expert Consulting","Expert Consulting","None","0","None","L5 - Expert","0","0","Consultant-Level","","SAP S/4HANA Training System","S/4HANA (ECC differences noted)","S/4HANA only","Study notes","Notes","","","Pending"
"THY-069","THY-069","Theory","Normal","[THY-069] Cloud ERP, clean core and extensibility","**Objective:** Cloud ERP, clean core and extensibility

**Prerequisites:** THY-068

**Concepts:** Integration architecture; API-based procurement; Fiori architecture concepts; Cloud ERP procurement concepts; SAP S/4HANA Cloud procurement concepts; Extensibility; Clean Core principles; Side-by-side extension concepts

**Environment:** SAP S/4HANA Training System

### Steps
- [ ] Study public and private cloud editions and what changes for the MM consultant: fit-to-standard, configuration through guided activities, release cycles
- [ ] Study clean core
- [ ] Study in-app and side-by-side extensions on the business technology platform

### Expected Result
- Explains clean core in three sentences
- Classifies five requirements as standard, in-app or side-by-side

**Evidence:** Notes

**Deliverable:** Study notes

**Assessment:** Instructor checks the notes and asks short oral questions.

### Completion criteria
- Every step is done and the expected result is demonstrated
- Evidence is attached to the issue and the deliverable is in your workbook or document set
- Accounting and integration impact are written down where documents were created
- Actual time is logged against the issue
- Instructor Review is Approved and the status is Completed

**Estimated time:** 3 h

**Next task:** Last task of this topic","Expert Consulting","V12 - Advanced Consulting","TOPIC-062","THY-068","3","Level 4 - Expert SAP MM Consulting","41 Expert Consulting","Expert Consulting","None","0","None","L5 - Expert","0","0","Consultant-Level","","SAP S/4HANA Training System","S/4HANA (ECC differences noted)","S/4HANA only","Study notes","Notes","","","Pending"
"TOPIC-063","TOPIC-063","Topic","Normal","[TOPIC-063] SAP MM and Ariba","**Topics:** SAP Ariba overview; Supplier collaboration; Sourcing; Contracts; Buying; Invoicing; SAP S/4HANA integration; Procurement network concepts; SAP Business Network; Supplier lifecycle; Integration architecture

**Transaction codes:** None

**Fiori apps:** None listed

**Environment:** SAP S/4HANA Training System

**Tasks:** 2, 5 estimated hours.

- THY-070 SAP Ariba and SAP Business Network with S/4HANA
- ASG-021 Assignment: Ariba and MM responsibility map","Expert Consulting","V12 - Advanced Consulting","MOD-41","","","Level 4 - Expert SAP MM Consulting","41 Expert Consulting","Expert Consulting","Source to Pay","","Ariba","","","","Consultant-Level","","SAP S/4HANA Training System","S/4HANA (ECC differences noted)","S/4HANA only","","","","",""
"THY-070","THY-070","Theory","Normal","[THY-070] SAP Ariba and SAP Business Network with S/4HANA","**Objective:** SAP Ariba and SAP Business Network with S/4HANA

**Prerequisites:** THY-069

**Concepts:** SAP Ariba overview; Supplier collaboration; Sourcing; Contracts; Buying; Invoicing; SAP S/4HANA integration; Procurement network concepts; SAP Business Network; Supplier lifecycle; Integration architecture

**Environment:** SAP S/4HANA Training System

### Steps
- [ ] Study the Ariba solutions for supplier lifecycle, sourcing, contracts, buying and invoicing
- [ ] Study the business network for order and invoice collaboration
- [ ] Study which documents are exchanged with S/4HANA and where the system of record stays
- [ ] Study that core MM remains the execution layer

### Expected Result
- Draws which document originates where in an integrated landscape

**Evidence:** Notes

**Deliverable:** Study notes

**Assessment:** Instructor checks the notes and asks short oral questions.

### Completion criteria
- Every step is done and the expected result is demonstrated
- Evidence is attached to the issue and the deliverable is in your workbook or document set
- Accounting and integration impact are written down where documents were created
- Actual time is logged against the issue
- Instructor Review is Approved and the status is Completed

**Estimated time:** 3 h

**Next task:** ASG-021","Expert Consulting","V12 - Advanced Consulting","TOPIC-063","THY-069","3","Level 4 - Expert SAP MM Consulting","41 Expert Consulting","Expert Consulting","Source to Pay","0","Ariba","L4 - Advanced","0","0","Consultant-Level","","SAP S/4HANA Training System","S/4HANA (ECC differences noted)","S/4HANA only","Study notes","Notes","","","Pending"
"ASG-021","ASG-021","Assignment","Normal","[ASG-021] Assignment: Ariba and MM responsibility map","**Objective:** Assignment: Ariba and MM responsibility map

**Prerequisites:** THY-070

**Concepts:** SAP Ariba overview; Supplier collaboration; Sourcing; Contracts; Buying; Invoicing; SAP S/4HANA integration; Procurement network concepts; SAP Business Network; Supplier lifecycle; Integration architecture

**Environment:** SAP S/4HANA Training System

### Steps
- [ ] For each Source-to-Pay stage state whether Ariba, the network or MM leads and which document crosses the integration

### Expected Result
- Map covers all thirteen stages

**Evidence:** Written deliverable

**Deliverable:** Responsibility map

**Assessment:** Instructor reviews the document for completeness and reasoning.

### Completion criteria
- Every step is done and the expected result is demonstrated
- Evidence is attached to the issue and the deliverable is in your workbook or document set
- Accounting and integration impact are written down where documents were created
- Actual time is logged against the issue
- Instructor Review is Approved and the status is Completed

**Estimated time:** 2 h

**Next task:** Last task of this topic","Expert Consulting","V12 - Advanced Consulting","TOPIC-063","THY-070","2","Level 4 - Expert SAP MM Consulting","41 Expert Consulting","Expert Consulting","Source to Pay","0","Ariba","L4 - Advanced","0","0","Consultant-Level","","SAP S/4HANA Training System","S/4HANA (ECC differences noted)","S/4HANA only","Responsibility map","Written deliverable","","","Pending"
"TOPIC-064","TOPIC-064","Topic","Normal","[TOPIC-064] SAP MM Transaction Code Curriculum","**Topics:** T-codes by master data, purchasing, inventory, invoice verification, physical inventory, valuation, reporting, configuration and troubleshooting; For each: purpose, business scenario, input, output, related transaction, S/4HANA/Fiori alternative

**Transaction codes:** SPRO; SE16N; SM37; SU53

**Fiori apps:** None listed

**Environment:** SAP S/4HANA Training System

**Tasks:** 3, 10 estimated hours.

- DOC-007 Transaction reference: master data, purchasing and inventory
- DOC-008 Transaction reference: invoice verification, physical inventory and valuation
- DOC-009 Transaction reference: reporting, configuration and troubleshooting","Expert Consulting","V12 - Advanced Consulting","MOD-41","","","Level 4 - Expert SAP MM Consulting","41 Expert Consulting","Expert Consulting","None","","None","","","","Consultant-Level","","SAP S/4HANA Training System","S/4HANA (ECC differences noted)","ECC and S/4HANA","","","","SPRO; SE16N; SM37; SU53",""
"DOC-007","DOC-007","Documentation","Normal","[DOC-007] Transaction reference: master data, purchasing and inventory","**Objective:** Transaction reference: master data, purchasing and inventory

**Prerequisites:** ASG-021

**Concepts:** T-codes by master data, purchasing, inventory, invoice verification, physical inventory, valuation, reporting, configuration and troubleshooting; For each: purpose, business scenario, input, output, related transaction, S/4HANA/Fiori alternative

**Environment:** SAP S/4HANA Training System

### Steps
- [ ] For each code on the Transaction_Code_Index wiki page in these three groups write purpose, business scenario, input, output, related transaction and S/4HANA or Fiori alternative

### Expected Result
- Every listed code has all six entries

**Evidence:** Written deliverable

**Deliverable:** Transaction reference part 1

**Assessment:** Instructor reviews the document as a project lead would.

### Completion criteria
- Every step is done and the expected result is demonstrated
- Evidence is attached to the issue and the deliverable is in your workbook or document set
- Accounting and integration impact are written down where documents were created
- Actual time is logged against the issue
- Instructor Review is Approved and the status is Completed

**Estimated time:** 4 h

**Next task:** DOC-008","Expert Consulting","V12 - Advanced Consulting","TOPIC-064","ASG-021","4","Level 4 - Expert SAP MM Consulting","41 Expert Consulting","Expert Consulting","None","0","None","L3 - Intermediate","0","0","Consultant-Level","","SAP S/4HANA Training System","S/4HANA (ECC differences noted)","ECC and S/4HANA","Transaction reference part 1","Written deliverable","","","Pending"
"DOC-008","DOC-008","Documentation","Normal","[DOC-008] Transaction reference: invoice verification, physical inventory and valuation","**Objective:** Transaction reference: invoice verification, physical inventory and valuation

**Prerequisites:** DOC-007

**Concepts:** T-codes by master data, purchasing, inventory, invoice verification, physical inventory, valuation, reporting, configuration and troubleshooting; For each: purpose, business scenario, input, output, related transaction, S/4HANA/Fiori alternative

**Environment:** SAP S/4HANA Training System

### Steps
- [ ] Do the same for these three groups

### Expected Result
- Every listed code has all six entries

**Evidence:** Written deliverable

**Deliverable:** Transaction reference part 2

**Assessment:** Instructor reviews the document as a project lead would.

### Completion criteria
- Every step is done and the expected result is demonstrated
- Evidence is attached to the issue and the deliverable is in your workbook or document set
- Accounting and integration impact are written down where documents were created
- Actual time is logged against the issue
- Instructor Review is Approved and the status is Completed

**Estimated time:** 3 h

**Next task:** DOC-009","Expert Consulting","V12 - Advanced Consulting","TOPIC-064","DOC-007","3","Level 4 - Expert SAP MM Consulting","41 Expert Consulting","Expert Consulting","None","0","None","L3 - Intermediate","0","0","Consultant-Level","","SAP S/4HANA Training System","S/4HANA (ECC differences noted)","ECC and S/4HANA","Transaction reference part 2","Written deliverable","","","Pending"
"DOC-009","DOC-009","Documentation","Normal","[DOC-009] Transaction reference: reporting, configuration and troubleshooting","**Objective:** Transaction reference: reporting, configuration and troubleshooting

**Prerequisites:** DOC-008

**Concepts:** T-codes by master data, purchasing, inventory, invoice verification, physical inventory, valuation, reporting, configuration and troubleshooting; For each: purpose, business scenario, input, output, related transaction, S/4HANA/Fiori alternative

**Environment:** SAP S/4HANA Training System

### Steps
- [ ] Do the same for these three groups

### Expected Result
- Every listed code has all six entries

**Evidence:** Written deliverable

**Deliverable:** Transaction reference part 3

**Assessment:** Instructor reviews the document as a project lead would.

### Completion criteria
- Every step is done and the expected result is demonstrated
- Evidence is attached to the issue and the deliverable is in your workbook or document set
- Accounting and integration impact are written down where documents were created
- Actual time is logged against the issue
- Instructor Review is Approved and the status is Completed

**Estimated time:** 3 h

**Next task:** Last task of this topic","Expert Consulting","V12 - Advanced Consulting","TOPIC-064","DOC-008","3","Level 4 - Expert SAP MM Consulting","41 Expert Consulting","Expert Consulting","None","0","None","L3 - Intermediate","0","0","Consultant-Level","","SAP S/4HANA Training System","S/4HANA (ECC differences noted)","ECC and S/4HANA","Transaction reference part 3","Written deliverable","","","Pending"
"TOPIC-065","TOPIC-065","Topic","Normal","[TOPIC-065] Interview Preparation","**Topics:** For every question: question, short answer, detailed answer, real-world example, configuration relevance, common mistake

**Transaction codes:** None

**Fiori apps:** None listed

**Environment:** SAP S/4HANA Training System

**Tasks:** 13, 28 estimated hours.

- INT-001 Interview preparation: Basic MM questions
- INT-002 Interview preparation: Procurement questions
- INT-003 Interview preparation: Purchasing configuration questions
- INT-004 Interview preparation: Inventory questions
- INT-005 Interview preparation: Invoice verification questions
- INT-006 Interview preparation: Valuation questions
- INT-007 Interview preparation: Account determination questions
- INT-008 Interview preparation: Integration questions
- INT-009 Interview preparation: S/4HANA questions
- INT-010 Interview preparation: Scenario-based questions
- INT-011 Interview preparation: Production support questions
- INT-012 Interview preparation: Troubleshooting questions
- INT-013 Interview preparation: Consultant-level questions","Career","V12 - Advanced Consulting","MOD-41","","","Level 4 - Expert SAP MM Consulting","41 Expert Consulting","Career","None","","None","","","","Consultant-Level","","SAP S/4HANA Training System","S/4HANA (ECC differences noted)","ECC and S/4HANA","","","","",""
"INT-001","INT-001","Interview Preparation","Normal","[INT-001] Interview preparation: Basic MM questions","**Objective:** Interview preparation: Basic MM questions

**Prerequisites:** DOC-009

**Concepts:** For every question: question, short answer, detailed answer, real-world example, configuration relevance, common mistake

**Environment:** SAP S/4HANA Training System

### Steps
- [ ] For every question below write: question, short answer, detailed answer, real-world example, configuration relevance and common mistake
- [ ] Q1: What is SAP MM and where does it sit in the supply chain?
- [ ] Q2: What are the organizational units of MM and how are they assigned?
- [ ] Q3: What is the difference between master data and configuration?
- [ ] Q4: What is a material type and what does it control?
- [ ] Q5: What are the views of the material master?
- [ ] Q6: What is a purchasing info record?
- [ ] Q7: What is the difference between a plant and a storage location?
- [ ] Q8: What documents does a goods receipt create?
- [ ] Add two more questions of your own with the same six parts
- [ ] Practise answering aloud with another student

### Expected Result
- Every question has all six parts
- Each short answer can be spoken in under one minute

**Evidence:** Written answers

**Deliverable:** Interview answer sheet

**Assessment:** Instructor asks five of the questions orally.

### Completion criteria
- Every step is done and the expected result is demonstrated
- Evidence is attached to the issue and the deliverable is in your workbook or document set
- Accounting and integration impact are written down where documents were created
- Actual time is logged against the issue
- Instructor Review is Approved and the status is Completed

**Estimated time:** 2 h

**Next task:** INT-002","Career","V12 - Advanced Consulting","TOPIC-065","DOC-009","2","Level 4 - Expert SAP MM Consulting","41 Expert Consulting","Career","None","0","None","L3 - Intermediate","0","0","Basic MM","","SAP S/4HANA Training System","S/4HANA (ECC differences noted)","ECC and S/4HANA","Interview answer sheet","Written answers","","","Pending"
"INT-002","INT-002","Interview Preparation","Normal","[INT-002] Interview preparation: Procurement questions","**Objective:** Interview preparation: Procurement questions

**Prerequisites:** INT-001

**Concepts:** For every question: question, short answer, detailed answer, real-world example, configuration relevance, common mistake

**Environment:** SAP S/4HANA Training System

### Steps
- [ ] For every question below write: question, short answer, detailed answer, real-world example, configuration relevance and common mistake
- [ ] Q1: Explain the Procure-to-Pay cycle
- [ ] Q2: What is the difference between a requisition and a purchase order?
- [ ] Q3: What sources of supply exist and in which order are they determined?
- [ ] Q4: Contract versus scheduling agreement?
- [ ] Q5: What is a source list and when is it mandatory?
- [ ] Q6: How does quota arrangement work?
- [ ] Q7: What is the difference between item category and account assignment category?
- [ ] Q8: How do you buy a material without a material master?
- [ ] Add two more questions of your own with the same six parts
- [ ] Practise answering aloud with another student

### Expected Result
- Every question has all six parts
- Each short answer can be spoken in under one minute

**Evidence:** Written answers

**Deliverable:** Interview answer sheet

**Assessment:** Instructor asks five of the questions orally.

### Completion criteria
- Every step is done and the expected result is demonstrated
- Evidence is attached to the issue and the deliverable is in your workbook or document set
- Accounting and integration impact are written down where documents were created
- Actual time is logged against the issue
- Instructor Review is Approved and the status is Completed

**Estimated time:** 2 h

**Next task:** INT-003","Career","V12 - Advanced Consulting","TOPIC-065","INT-001","2","Level 4 - Expert SAP MM Consulting","41 Expert Consulting","Career","None","0","None","L3 - Intermediate","0","0","Procurement","","SAP S/4HANA Training System","S/4HANA (ECC differences noted)","ECC and S/4HANA","Interview answer sheet","Written answers","","","Pending"
"INT-003","INT-003","Interview Preparation","Normal","[INT-003] Interview preparation: Purchasing configuration questions","**Objective:** Interview preparation: Purchasing configuration questions

**Prerequisites:** INT-002

**Concepts:** For every question: question, short answer, detailed answer, real-world example, configuration relevance, common mistake

**Environment:** SAP S/4HANA Training System

### Steps
- [ ] For every question below write: question, short answer, detailed answer, real-world example, configuration relevance and common mistake
- [ ] Q1: How do you create a new purchase order document type?
- [ ] Q2: How does the release strategy with classification work?
- [ ] Q3: What is the difference between release procedure and flexible workflow?
- [ ] Q4: How is the calculation schema determined?
- [ ] Q5: What is an access sequence?
- [ ] Q6: How do you make a field mandatory in the purchase order?
- [ ] Q7: How is output determined for a purchase order?
- [ ] Q8: What are purchasing value keys?
- [ ] Add two more questions of your own with the same six parts
- [ ] Practise answering aloud with another student

### Expected Result
- Every question has all six parts
- Each short answer can be spoken in under one minute

**Evidence:** Written answers

**Deliverable:** Interview answer sheet

**Assessment:** Instructor asks five of the questions orally.

### Completion criteria
- Every step is done and the expected result is demonstrated
- Evidence is attached to the issue and the deliverable is in your workbook or document set
- Accounting and integration impact are written down where documents were created
- Actual time is logged against the issue
- Instructor Review is Approved and the status is Completed

**Estimated time:** 2 h

**Next task:** INT-004","Career","V12 - Advanced Consulting","TOPIC-065","INT-002","2","Level 4 - Expert SAP MM Consulting","41 Expert Consulting","Career","None","0","None","L3 - Intermediate","0","0","Purchasing Configuration","","SAP S/4HANA Training System","S/4HANA (ECC differences noted)","ECC and S/4HANA","Interview answer sheet","Written answers","","","Pending"
"INT-004","INT-004","Interview Preparation","Normal","[INT-004] Interview preparation: Inventory questions","**Objective:** Interview preparation: Inventory questions

**Prerequisites:** INT-003

**Concepts:** For every question: question, short answer, detailed answer, real-world example, configuration relevance, common mistake

**Environment:** SAP S/4HANA Training System

### Steps
- [ ] For every question below write: question, short answer, detailed answer, real-world example, configuration relevance and common mistake
- [ ] Q1: What is a movement type and what does it control?
- [ ] Q2: Difference between transfer posting and stock transfer?
- [ ] Q3: One-step versus two-step transfer?
- [ ] Q4: What stock types exist?
- [ ] Q5: What is goods receipt blocked stock?
- [ ] Q6: How is a material document cancelled?
- [ ] Q7: What is a reservation?
- [ ] Q8: Explain the physical inventory process
- [ ] Add two more questions of your own with the same six parts
- [ ] Practise answering aloud with another student

### Expected Result
- Every question has all six parts
- Each short answer can be spoken in under one minute

**Evidence:** Written answers

**Deliverable:** Interview answer sheet

**Assessment:** Instructor asks five of the questions orally.

### Completion criteria
- Every step is done and the expected result is demonstrated
- Evidence is attached to the issue and the deliverable is in your workbook or document set
- Accounting and integration impact are written down where documents were created
- Actual time is logged against the issue
- Instructor Review is Approved and the status is Completed

**Estimated time:** 2 h

**Next task:** INT-005","Career","V12 - Advanced Consulting","TOPIC-065","INT-003","2","Level 4 - Expert SAP MM Consulting","41 Expert Consulting","Career","None","0","None","L3 - Intermediate","0","0","Inventory","","SAP S/4HANA Training System","S/4HANA (ECC differences noted)","ECC and S/4HANA","Interview answer sheet","Written answers","","","Pending"
"INT-005","INT-005","Interview Preparation","Normal","[INT-005] Interview preparation: Invoice verification questions","**Objective:** Interview preparation: Invoice verification questions

**Prerequisites:** INT-004

**Concepts:** For every question: question, short answer, detailed answer, real-world example, configuration relevance, common mistake

**Environment:** SAP S/4HANA Training System

### Steps
- [ ] For every question below write: question, short answer, detailed answer, real-world example, configuration relevance and common mistake
- [ ] Q1: What is the three-way match?
- [ ] Q2: What is goods-receipt-based invoice verification?
- [ ] Q3: Why is an invoice blocked and how is it released?
- [ ] Q4: Subsequent debit versus credit memo?
- [ ] Q5: Planned versus unplanned delivery costs?
- [ ] Q6: What is the GR/IR clearing account?
- [ ] Q7: What is evaluated receipt settlement?
- [ ] Q8: How is a posted invoice reversed?
- [ ] Add two more questions of your own with the same six parts
- [ ] Practise answering aloud with another student

### Expected Result
- Every question has all six parts
- Each short answer can be spoken in under one minute

**Evidence:** Written answers

**Deliverable:** Interview answer sheet

**Assessment:** Instructor asks five of the questions orally.

### Completion criteria
- Every step is done and the expected result is demonstrated
- Evidence is attached to the issue and the deliverable is in your workbook or document set
- Accounting and integration impact are written down where documents were created
- Actual time is logged against the issue
- Instructor Review is Approved and the status is Completed

**Estimated time:** 2 h

**Next task:** INT-006","Career","V12 - Advanced Consulting","TOPIC-065","INT-004","2","Level 4 - Expert SAP MM Consulting","41 Expert Consulting","Career","None","0","None","L3 - Intermediate","0","0","Invoice Verification","","SAP S/4HANA Training System","S/4HANA (ECC differences noted)","ECC and S/4HANA","Interview answer sheet","Written answers","","","Pending"
"INT-006","INT-006","Interview Preparation","Normal","[INT-006] Interview preparation: Valuation questions","**Objective:** Interview preparation: Valuation questions

**Prerequisites:** INT-005

**Concepts:** For every question: question, short answer, detailed answer, real-world example, configuration relevance, common mistake

**Environment:** SAP S/4HANA Training System

### Steps
- [ ] For every question below write: question, short answer, detailed answer, real-world example, configuration relevance and common mistake
- [ ] Q1: Standard price versus moving average price?
- [ ] Q2: What happens to a price variance at invoice under each price control?
- [ ] Q3: What is split valuation?
- [ ] Q4: What is the valuation area?
- [ ] Q5: How do you change a material price?
- [ ] Q6: Why is the Material Ledger mandatory in S/4HANA?
- [ ] Q7: What is actual costing?
- [ ] Q8: How do you reconcile stock value with the ledger?
- [ ] Add two more questions of your own with the same six parts
- [ ] Practise answering aloud with another student

### Expected Result
- Every question has all six parts
- Each short answer can be spoken in under one minute

**Evidence:** Written answers

**Deliverable:** Interview answer sheet

**Assessment:** Instructor asks five of the questions orally.

### Completion criteria
- Every step is done and the expected result is demonstrated
- Evidence is attached to the issue and the deliverable is in your workbook or document set
- Accounting and integration impact are written down where documents were created
- Actual time is logged against the issue
- Instructor Review is Approved and the status is Completed

**Estimated time:** 2 h

**Next task:** INT-007","Career","V12 - Advanced Consulting","TOPIC-065","INT-005","2","Level 4 - Expert SAP MM Consulting","41 Expert Consulting","Career","None","0","None","L3 - Intermediate","0","0","Valuation","","SAP S/4HANA Training System","S/4HANA (ECC differences noted)","ECC and S/4HANA","Interview answer sheet","Written answers","","","Pending"
"INT-007","INT-007","Interview Preparation","Normal","[INT-007] Interview preparation: Account determination questions","**Objective:** Interview preparation: Account determination questions

**Prerequisites:** INT-006

**Concepts:** For every question: question, short answer, detailed answer, real-world example, configuration relevance, common mistake

**Environment:** SAP S/4HANA Training System

### Steps
- [ ] For every question below write: question, short answer, detailed answer, real-world example, configuration relevance and common mistake
- [ ] Q1: Explain automatic account determination from material to account
- [ ] Q2: What is a valuation class?
- [ ] Q3: What is the account category reference?
- [ ] Q4: What are transaction keys? Name six
- [ ] Q5: What is the valuation grouping code?
- [ ] Q6: What is account grouping and where does it come from?
- [ ] Q7: How do you find the account a movement will post to?
- [ ] Q8: What postings occur at subcontracting goods receipt?
- [ ] Add two more questions of your own with the same six parts
- [ ] Practise answering aloud with another student

### Expected Result
- Every question has all six parts
- Each short answer can be spoken in under one minute

**Evidence:** Written answers

**Deliverable:** Interview answer sheet

**Assessment:** Instructor asks five of the questions orally.

### Completion criteria
- Every step is done and the expected result is demonstrated
- Evidence is attached to the issue and the deliverable is in your workbook or document set
- Accounting and integration impact are written down where documents were created
- Actual time is logged against the issue
- Instructor Review is Approved and the status is Completed

**Estimated time:** 2 h

**Next task:** INT-008","Career","V12 - Advanced Consulting","TOPIC-065","INT-006","2","Level 4 - Expert SAP MM Consulting","41 Expert Consulting","Career","None","0","None","L3 - Intermediate","0","0","Account Determination","","SAP S/4HANA Training System","S/4HANA (ECC differences noted)","ECC and S/4HANA","Interview answer sheet","Written answers","","","Pending"
"INT-008","INT-008","Interview Preparation","Normal","[INT-008] Interview preparation: Integration questions","**Objective:** Interview preparation: Integration questions

**Prerequisites:** INT-007

**Concepts:** For every question: question, short answer, detailed answer, real-world example, configuration relevance, common mistake

**Environment:** SAP S/4HANA Training System

### Steps
- [ ] For every question below write: question, short answer, detailed answer, real-world example, configuration relevance and common mistake
- [ ] Q1: How does MM integrate with FI?
- [ ] Q2: How does MM integrate with CO?
- [ ] Q3: How does MM integrate with SD?
- [ ] Q4: How does MM integrate with PP?
- [ ] Q5: How does MM integrate with QM?
- [ ] Q6: How does MM integrate with warehouse management?
- [ ] Q7: What is a stock transport order with delivery?
- [ ] Q8: What is third-party procurement?
- [ ] Add two more questions of your own with the same six parts
- [ ] Practise answering aloud with another student

### Expected Result
- Every question has all six parts
- Each short answer can be spoken in under one minute

**Evidence:** Written answers

**Deliverable:** Interview answer sheet

**Assessment:** Instructor asks five of the questions orally.

### Completion criteria
- Every step is done and the expected result is demonstrated
- Evidence is attached to the issue and the deliverable is in your workbook or document set
- Accounting and integration impact are written down where documents were created
- Actual time is logged against the issue
- Instructor Review is Approved and the status is Completed

**Estimated time:** 2 h

**Next task:** INT-009","Career","V12 - Advanced Consulting","TOPIC-065","INT-007","2","Level 4 - Expert SAP MM Consulting","41 Expert Consulting","Career","None","0","None","L3 - Intermediate","0","0","Integration","","SAP S/4HANA Training System","S/4HANA (ECC differences noted)","ECC and S/4HANA","Interview answer sheet","Written answers","","","Pending"
"INT-009","INT-009","Interview Preparation","Normal","[INT-009] Interview preparation: S/4HANA questions","**Objective:** Interview preparation: S/4HANA questions

**Prerequisites:** INT-008

**Concepts:** For every question: question, short answer, detailed answer, real-world example, configuration relevance, common mistake

**Environment:** SAP S/4HANA Training System

### Steps
- [ ] For every question below write: question, short answer, detailed answer, real-world example, configuration relevance and common mistake
- [ ] Q1: What changed in MM from ECC to S/4HANA?
- [ ] Q2: What is the business partner and why is it mandatory?
- [ ] Q3: What changed in the inventory data model?
- [ ] Q4: What is flexible workflow?
- [ ] Q5: What changed in output management?
- [ ] Q6: What is MRP Live?
- [ ] Q7: What are lean services?
- [ ] Q8: Name ten procurement Fiori apps and their roles
- [ ] Add two more questions of your own with the same six parts
- [ ] Practise answering aloud with another student

### Expected Result
- Every question has all six parts
- Each short answer can be spoken in under one minute

**Evidence:** Written answers

**Deliverable:** Interview answer sheet

**Assessment:** Instructor asks five of the questions orally.

### Completion criteria
- Every step is done and the expected result is demonstrated
- Evidence is attached to the issue and the deliverable is in your workbook or document set
- Accounting and integration impact are written down where documents were created
- Actual time is logged against the issue
- Instructor Review is Approved and the status is Completed

**Estimated time:** 2 h

**Next task:** INT-010","Career","V12 - Advanced Consulting","TOPIC-065","INT-008","2","Level 4 - Expert SAP MM Consulting","41 Expert Consulting","Career","None","0","None","L3 - Intermediate","0","0","S/4HANA","","SAP S/4HANA Training System","S/4HANA (ECC differences noted)","ECC and S/4HANA","Interview answer sheet","Written answers","","","Pending"
"INT-010","INT-010","Interview Preparation","Normal","[INT-010] Interview preparation: Scenario-based questions","**Objective:** Interview preparation: Scenario-based questions

**Prerequisites:** INT-009

**Concepts:** For every question: question, short answer, detailed answer, real-world example, configuration relevance, common mistake

**Environment:** SAP S/4HANA Training System

### Steps
- [ ] For every question below write: question, short answer, detailed answer, real-world example, configuration relevance and common mistake
- [ ] Q1: A plant needs a new approval level: what do you do?
- [ ] Q2: The client wants one purchasing department for five plants: how do you design it?
- [ ] Q3: Two suppliers share volume 70/30: how?
- [ ] Q4: Stock is physically present but cannot be issued: why?
- [ ] Q5: The client wants freight added to inventory value: how?
- [ ] Q6: Month-end GR/IR balance is high: what do you do?
- [ ] Q7: A supplier keeps stock at the client's site: which process?
- [ ] Q8: The client buys services monthly at varying quantity: which design?
- [ ] Add two more questions of your own with the same six parts
- [ ] Practise answering aloud with another student

### Expected Result
- Every question has all six parts
- Each short answer can be spoken in under one minute

**Evidence:** Written answers

**Deliverable:** Interview answer sheet

**Assessment:** Instructor asks five of the questions orally.

### Completion criteria
- Every step is done and the expected result is demonstrated
- Evidence is attached to the issue and the deliverable is in your workbook or document set
- Accounting and integration impact are written down where documents were created
- Actual time is logged against the issue
- Instructor Review is Approved and the status is Completed

**Estimated time:** 3 h

**Next task:** INT-011","Career","V12 - Advanced Consulting","TOPIC-065","INT-009","3","Level 4 - Expert SAP MM Consulting","41 Expert Consulting","Career","None","0","None","L3 - Intermediate","0","0","Scenario-Based","","SAP S/4HANA Training System","S/4HANA (ECC differences noted)","ECC and S/4HANA","Interview answer sheet","Written answers","","","Pending"
"INT-011","INT-011","Interview Preparation","Normal","[INT-011] Interview preparation: Production support questions","**Objective:** Interview preparation: Production support questions

**Prerequisites:** INT-010

**Concepts:** For every question: question, short answer, detailed answer, real-world example, configuration relevance, common mistake

**Environment:** SAP S/4HANA Training System

### Steps
- [ ] For every question below write: question, short answer, detailed answer, real-world example, configuration relevance and common mistake
- [ ] Q1: How do you prioritise tickets?
- [ ] Q2: Describe a critical incident you solved
- [ ] Q3: What is the difference between incident, problem and change?
- [ ] Q4: How do you move a fix to production?
- [ ] Q5: What do you do when you cannot reproduce an error?
- [ ] Q6: How do you communicate with a business user during an outage?
- [ ] Q7: What is in a root cause analysis?
- [ ] Q8: What are your daily checks?
- [ ] Add two more questions of your own with the same six parts
- [ ] Practise answering aloud with another student

### Expected Result
- Every question has all six parts
- Each short answer can be spoken in under one minute

**Evidence:** Written answers

**Deliverable:** Interview answer sheet

**Assessment:** Instructor asks five of the questions orally.

### Completion criteria
- Every step is done and the expected result is demonstrated
- Evidence is attached to the issue and the deliverable is in your workbook or document set
- Accounting and integration impact are written down where documents were created
- Actual time is logged against the issue
- Instructor Review is Approved and the status is Completed

**Estimated time:** 2 h

**Next task:** INT-012","Career","V12 - Advanced Consulting","TOPIC-065","INT-010","2","Level 4 - Expert SAP MM Consulting","41 Expert Consulting","Career","None","0","None","L3 - Intermediate","0","0","Production Support","","SAP S/4HANA Training System","S/4HANA (ECC differences noted)","ECC and S/4HANA","Interview answer sheet","Written answers","","","Pending"
"INT-012","INT-012","Interview Preparation","Normal","[INT-012] Interview preparation: Troubleshooting questions","**Objective:** Interview preparation: Troubleshooting questions

**Prerequisites:** INT-011

**Concepts:** For every question: question, short answer, detailed answer, real-world example, configuration relevance, common mistake

**Environment:** SAP S/4HANA Training System

### Steps
- [ ] For every question below write: question, short answer, detailed answer, real-world example, configuration relevance and common mistake
- [ ] Q1: Purchase order cannot be created: where do you look?
- [ ] Q2: Goods receipt fails: what are the common causes?
- [ ] Q3: An invoice is blocked: how do you analyse it?
- [ ] Q4: A wrong account was posted: how do you find the cause?
- [ ] Q5: Planning creates no requisition: why?
- [ ] Q6: Release strategy is not triggered: why?
- [ ] Q7: Stock transport order delivery cannot be created: why?
- [ ] Q8: Price in the order is wrong: how do you trace it?
- [ ] Add two more questions of your own with the same six parts
- [ ] Practise answering aloud with another student

### Expected Result
- Every question has all six parts
- Each short answer can be spoken in under one minute

**Evidence:** Written answers

**Deliverable:** Interview answer sheet

**Assessment:** Instructor asks five of the questions orally.

### Completion criteria
- Every step is done and the expected result is demonstrated
- Evidence is attached to the issue and the deliverable is in your workbook or document set
- Accounting and integration impact are written down where documents were created
- Actual time is logged against the issue
- Instructor Review is Approved and the status is Completed

**Estimated time:** 2 h

**Next task:** INT-013","Career","V12 - Advanced Consulting","TOPIC-065","INT-011","2","Level 4 - Expert SAP MM Consulting","41 Expert Consulting","Career","None","0","None","L3 - Intermediate","0","0","Troubleshooting","","SAP S/4HANA Training System","S/4HANA (ECC differences noted)","ECC and S/4HANA","Interview answer sheet","Written answers","","","Pending"
"INT-013","INT-013","Interview Preparation","Normal","[INT-013] Interview preparation: Consultant-level questions","**Objective:** Interview preparation: Consultant-level questions

**Prerequisites:** INT-012

**Concepts:** For every question: question, short answer, detailed answer, real-world example, configuration relevance, common mistake

**Environment:** SAP S/4HANA Training System

### Steps
- [ ] For every question below write: question, short answer, detailed answer, real-world example, configuration relevance and common mistake
- [ ] Q1: How do you run a fit-to-standard workshop?
- [ ] Q2: How do you decide between configuration and development?
- [ ] Q3: How do you design the enterprise structure for a group?
- [ ] Q4: How do you plan MM cutover?
- [ ] Q5: How do you approach data migration of stock?
- [ ] Q6: What are the main controls in Procure-to-Pay?
- [ ] Q7: What is clean core?
- [ ] Q8: How does Ariba fit with MM?
- [ ] Add two more questions of your own with the same six parts
- [ ] Practise answering aloud with another student

### Expected Result
- Every question has all six parts
- Each short answer can be spoken in under one minute

**Evidence:** Written answers

**Deliverable:** Interview answer sheet

**Assessment:** Instructor asks five of the questions orally.

### Completion criteria
- Every step is done and the expected result is demonstrated
- Evidence is attached to the issue and the deliverable is in your workbook or document set
- Accounting and integration impact are written down where documents were created
- Actual time is logged against the issue
- Instructor Review is Approved and the status is Completed

**Estimated time:** 3 h

**Next task:** Last task of this topic","Career","V12 - Advanced Consulting","TOPIC-065","INT-012","3","Level 4 - Expert SAP MM Consulting","41 Expert Consulting","Career","None","0","None","L3 - Intermediate","0","0","Consultant-Level","","SAP S/4HANA Training System","S/4HANA (ECC differences noted)","ECC and S/4HANA","Interview answer sheet","Written answers","","","Pending"
"TOPIC-066","TOPIC-066","Topic","Normal","[TOPIC-066] Career Preparation","**Topics:** Resume; LinkedIn headline, about section, skills and project descriptions; HR, functional, scenario, configuration, S/4HANA and support interview questions; Project explanation: business requirement, my role, configuration, integration, testing, issue, solution, business result

**Transaction codes:** None

**Fiori apps:** None listed

**Environment:** Workbook

**Tasks:** 5, 13 estimated hours.

- DOC-010 SAP MM consultant resume
- DOC-011 LinkedIn profile
- INT-014 Interview preparation: HR questions
- ASG-022 Project explanation practice
- ASM-041 Mock interviews: HR, functional and client simulation","Career","V12 - Advanced Consulting","MOD-41","","","Level 4 - Expert SAP MM Consulting","41 Expert Consulting","Career","None","","None","","","","Consultant-Level","","Workbook","","Not system specific","","","","",""
"DOC-010","DOC-010","Documentation","Normal","[DOC-010] SAP MM consultant resume","**Objective:** SAP MM consultant resume

**Prerequisites:** INT-013

**Concepts:** Resume; LinkedIn headline, about section, skills and project descriptions; HR, functional, scenario, configuration, S/4HANA and support interview questions; Project explanation: business requirement, my role, configuration, integration, testing, issue, solution, business result

**Environment:** Workbook

### Steps
- [ ] Write the resume in the structure: summary, SAP skills by area, projects with role and results, tools, education
- [ ] Back every skill with evidence from this programme

### Expected Result
- Resume is two pages and every skill has evidence

**Evidence:** Written deliverable

**Deliverable:** Resume

**Assessment:** Instructor reviews the document as a project lead would.

### Completion criteria
- Every step is done and the expected result is demonstrated
- Evidence is attached to the issue and the deliverable is in your workbook or document set
- Accounting and integration impact are written down where documents were created
- Actual time is logged against the issue
- Instructor Review is Approved and the status is Completed

**Estimated time:** 3 h

**Next task:** DOC-011","Career","V12 - Advanced Consulting","TOPIC-066","INT-013","3","Level 4 - Expert SAP MM Consulting","41 Expert Consulting","Career","None","0","None","L2 - Basic","0","0","Consultant-Level","","Workbook","","Not system specific","Resume","Written deliverable","","","Pending"
"DOC-011","DOC-011","Documentation","Normal","[DOC-011] LinkedIn profile","**Objective:** LinkedIn profile

**Prerequisites:** DOC-010

**Concepts:** Resume; LinkedIn headline, about section, skills and project descriptions; HR, functional, scenario, configuration, S/4HANA and support interview questions; Project explanation: business requirement, my role, configuration, integration, testing, issue, solution, business result

**Environment:** Workbook

### Steps
- [ ] Write headline, about section, skills list and three project descriptions

### Expected Result
- Profile texts are ready to publish

**Evidence:** Written deliverable

**Deliverable:** LinkedIn profile text

**Assessment:** Instructor reviews the document as a project lead would.

### Completion criteria
- Every step is done and the expected result is demonstrated
- Evidence is attached to the issue and the deliverable is in your workbook or document set
- Accounting and integration impact are written down where documents were created
- Actual time is logged against the issue
- Instructor Review is Approved and the status is Completed

**Estimated time:** 2 h

**Next task:** INT-014","Career","V12 - Advanced Consulting","TOPIC-066","DOC-010","2","Level 4 - Expert SAP MM Consulting","41 Expert Consulting","Career","None","0","None","L2 - Basic","0","0","Consultant-Level","","Workbook","","Not system specific","LinkedIn profile text","Written deliverable","","","Pending"
"INT-014","INT-014","Interview Preparation","Normal","[INT-014] Interview preparation: HR questions","**Objective:** Interview preparation: HR questions

**Prerequisites:** DOC-011

**Concepts:** Resume; LinkedIn headline, about section, skills and project descriptions; HR, functional, scenario, configuration, S/4HANA and support interview questions; Project explanation: business requirement, my role, configuration, integration, testing, issue, solution, business result

**Environment:** Workbook

### Steps
- [ ] For every question below write: question, short answer, detailed answer, real-world example, configuration relevance and common mistake
- [ ] Q1: Tell me about yourself
- [ ] Q2: Why SAP MM?
- [ ] Q3: Describe a conflict with a business user
- [ ] Q4: How do you handle pressure at month end?
- [ ] Q5: What is your biggest mistake in a system and what did you learn?
- [ ] Q6: Why should we hire you?
- [ ] Q7: Where do you see yourself in three years?
- [ ] Q8: What are your salary expectations?
- [ ] Add two more questions of your own with the same six parts
- [ ] Practise answering aloud with another student

### Expected Result
- Every question has all six parts
- Each short answer can be spoken in under one minute

**Evidence:** Written answers

**Deliverable:** Interview answer sheet

**Assessment:** Instructor asks five of the questions orally.

### Completion criteria
- Every step is done and the expected result is demonstrated
- Evidence is attached to the issue and the deliverable is in your workbook or document set
- Accounting and integration impact are written down where documents were created
- Actual time is logged against the issue
- Instructor Review is Approved and the status is Completed

**Estimated time:** 2 h

**Next task:** ASG-022","Career","V12 - Advanced Consulting","TOPIC-066","DOC-011","2","Level 4 - Expert SAP MM Consulting","41 Expert Consulting","Career","None","0","None","L2 - Basic","0","0","HR","","Workbook","","Not system specific","Interview answer sheet","Written answers","","","Pending"
"ASG-022","ASG-022","Assignment","Normal","[ASG-022] Project explanation practice","**Objective:** Project explanation practice

**Prerequisites:** INT-014

**Concepts:** Resume; LinkedIn headline, about section, skills and project descriptions; HR, functional, scenario, configuration, S/4HANA and support interview questions; Project explanation: business requirement, my role, configuration, integration, testing, issue, solution, business result

**Environment:** Workbook

### Steps
- [ ] Prepare a ten-minute explanation of two projects in the order business requirement, my role, configuration, integration, testing, issue, solution, business result
- [ ] Record it and review it with another student

### Expected Result
- Each project is explained in ten minutes in all eight parts

**Evidence:** Written deliverable

**Deliverable:** Project explanation notes

**Assessment:** Instructor reviews the document for completeness and reasoning.

### Completion criteria
- Every step is done and the expected result is demonstrated
- Evidence is attached to the issue and the deliverable is in your workbook or document set
- Accounting and integration impact are written down where documents were created
- Actual time is logged against the issue
- Instructor Review is Approved and the status is Completed

**Estimated time:** 3 h

**Next task:** ASM-041","Career","V12 - Advanced Consulting","TOPIC-066","INT-014","3","Level 4 - Expert SAP MM Consulting","41 Expert Consulting","Career","None","0","None","L2 - Basic","0","0","Consultant-Level","","Workbook","","Not system specific","Project explanation notes","Written deliverable","","","Pending"
"ASM-041","ASM-041","Assessment","High","[ASM-041] Mock interviews: HR, functional and client simulation","**Objective:** Mock interviews: HR, functional and client simulation

**Prerequisites:** ASG-022

**Concepts:** Resume; LinkedIn headline, about section, skills and project descriptions; HR, functional, scenario, configuration, S/4HANA and support interview questions; Project explanation: business requirement, my role, configuration, integration, testing, issue, solution, business result

**Environment:** Workbook

### Steps
- [ ] Sit three interviews with the instructor covering functional, scenario, configuration, S/4HANA and support questions

### Expected Result
- Score of 70 or higher

**Evidence:** Scored result

**Deliverable:** Scored assessment

**Assessment:** Scored 0-100 in the Score field. Pass mark 70.

### Completion criteria
- Every step is done and the expected result is demonstrated
- Evidence is attached to the issue and the deliverable is in your workbook or document set
- Accounting and integration impact are written down where documents were created
- Actual time is logged against the issue
- Instructor Review is Approved and the status is Completed

**Estimated time:** 3 h

**Next task:** Last task of this topic","Career","V12 - Advanced Consulting","TOPIC-066","ASG-022","3","Level 4 - Expert SAP MM Consulting","41 Expert Consulting","Career","None","0","None","L2 - Basic","0","1","Consultant-Level","","Workbook","","Not system specific","Scored assessment","Scored result","","","Pending"
"REVIEW-41","REVIEW-41","Review","High","[REVIEW-41] Module 41 gate review","**Objective:** Confirm that module 41 (Expert Consulting) is complete.

### Checklist
- [ ] Every issue of the module is Completed
- [ ] Evidence is attached to every issue
- [ ] Time is logged
- [ ] Assessment score is 70 or higher
- [ ] Configuration workbook, master-data workbook and issue log are up to date

**Assessment:** Instructor confirms the checklist and records the gate decision.

**Estimated time:** 1 h","","V12 - Advanced Consulting","MOD-41","ASG-020, THY-069, ASG-021, DOC-009, INT-013, ASM-041","1","Level 4 - Expert SAP MM Consulting","41 Expert Consulting","","","0","","","0","1","","","","","","Gate decision","Instructor sign-off","","","Pending"
"MOD-42","MOD-42","Module","Normal","[MOD-42] 42 Final Capstone","Module 42 of 42. Level 4 - Expert SAP MM Consulting. Version: V13 - Capstone.

Topics: 1. Estimated hours: 105.

- TOPIC-067 Capstone: SAP MM Implementation for Global Manufacturing Corporation

The module closes with the gate review REVIEW-42.","","V13 - Capstone","EPIC","","","Level 4 - Expert SAP MM Consulting","42 Final Capstone","","","","","","","","","","","","","","","","",""
"TOPIC-067","TOPIC-067","Topic","Normal","[TOPIC-067] Capstone: SAP MM Implementation for Global Manufacturing Corporation","**Topics:** Business: multiple plants, storage locations and suppliers; raw materials, semi-finished and finished products; domestic and international procurement; subcontracting; consignment; services; stock transfers; MRP-driven procurement. Nine processes and twenty-one deliverables

**Transaction codes:** SPRO; BP; MM01; ME21N; MIGO; MIRO

**Fiori apps:** None listed

**Environment:** SAP S/4HANA Training System

**Tasks:** 17, 104 estimated hours.

- CAP-001 Business requirements and organization structure
- CAP-002 Process design and process flow diagrams
- CAP-003 Master data: materials, suppliers and purchasing data
- CAP-004 Purchasing configuration, pricing and approval workflow
- CAP-005 Inventory, valuation and invoice verification configuration
- CAP-006 Configuration workbook
- CAP-007 Processes 1 and 2: standard P2P and RFQ to supplier selection to PO
- CAP-008 Processes 3 and 4: subcontracting and consignment
- CAP-009 Processes 5 and 6: stock transport order and service procurement
- CAP-010 Processes 7, 8 and 9: MRP procurement, physical inventory and month-end closing
- CAP-011 Test scripts: procurement, inventory and integration
- CAP-012 Functional specifications
- CAP-013 Migration strategy, cutover plan and go-live checklist
- CAP-014 Production support runbook, troubleshooting guide and RCA examples
- CAP-015 Training material and end-user documentation
- CAP-016 Final solution architecture and final project presentation
- ASM-042 Final assessment: solution design","Capstone","V13 - Capstone","MOD-42","","","Level 4 - Expert SAP MM Consulting","42 Final Capstone","Capstone","Procure to Pay","","FI","","","","Consultant-Level","","SAP S/4HANA Training System","S/4HANA (ECC differences noted)","S/4HANA only","","","","SPRO; BP; MM01; ME21N; MIGO; MIRO",""
"CAP-001","CAP-001","Capstone Task","High","[CAP-001] Business requirements and organization structure","**Objective:** Business requirements and organization structure

**Prerequisites:** ASM-041

**Concepts:** Business: multiple plants, storage locations and suppliers; raw materials, semi-finished and finished products; domestic and international procurement; subcontracting; consignment; services; stock transfers; MRP-driven procurement. Nine processes and twenty-one deliverables

**Transaction codes:** SPRO; BP; MM01; ME21N; MIGO; MIRO (SAP GUI; use the Fiori app for the same function where one exists)

**Environment:** SAP S/4HANA Training System

### Steps
- [ ] Write the Business Requirement Document (deliverable 1)
- [ ] Design and configure company, company code, plants, storage locations, purchasing organizations and purchasing groups
- [ ] Write the Organization Structure Document (deliverable 2)

### Expected Result
- Requirements are numbered and testable
- Structure is configured and assigned

**Evidence:** Project documentation

**Deliverable:** Deliverables 1 and 2

**Assessment:** Scored 0-100 against the capstone rubric.

### Completion criteria
- Every step is done and the expected result is demonstrated
- Evidence is attached to the issue and the deliverable is in your workbook or document set
- Accounting and integration impact are written down where documents were created
- Actual time is logged against the issue
- Instructor Review is Approved and the status is Completed

**Estimated time:** 6 h

**Next task:** CAP-002","Capstone","V13 - Capstone","TOPIC-067","ASM-041","6","Level 4 - Expert SAP MM Consulting","42 Final Capstone","Capstone","Procure to Pay","1","FI","L5 - Expert","1","1","Consultant-Level","Capstone - Global Manufacturing Corporation","SAP S/4HANA Training System","S/4HANA (ECC differences noted)","S/4HANA only","Deliverables 1 and 2","Project documentation","","SPRO; BP; MM01; ME21N; MIGO; MIRO","Pending"
"CAP-002","CAP-002","Capstone Task","High","[CAP-002] Process design and process flow diagrams","**Objective:** Process design and process flow diagrams

**Prerequisites:** CAP-001

**Concepts:** Business: multiple plants, storage locations and suppliers; raw materials, semi-finished and finished products; domestic and international procurement; subcontracting; consignment; services; stock transfers; MRP-driven procurement. Nine processes and twenty-one deliverables

**Transaction codes:** SPRO; BP; MM01; ME21N; MIGO; MIRO (SAP GUI; use the Fiori app for the same function where one exists)

**Environment:** SAP S/4HANA Training System

### Steps
- [ ] Design the nine processes and draw the Process Flow Diagrams (deliverable 3) with documents, roles and controls

### Expected Result
- Each process has a flow with documents and controls

**Evidence:** Project documentation

**Deliverable:** Deliverable 3

**Assessment:** Scored 0-100 against the capstone rubric.

### Completion criteria
- Every step is done and the expected result is demonstrated
- Evidence is attached to the issue and the deliverable is in your workbook or document set
- Accounting and integration impact are written down where documents were created
- Actual time is logged against the issue
- Instructor Review is Approved and the status is Completed

**Estimated time:** 5 h

**Next task:** CAP-003","Capstone","V13 - Capstone","TOPIC-067","CAP-001","5","Level 4 - Expert SAP MM Consulting","42 Final Capstone","Capstone","Procure to Pay","1","FI","L5 - Expert","1","1","Consultant-Level","Capstone - Global Manufacturing Corporation","SAP S/4HANA Training System","S/4HANA (ECC differences noted)","S/4HANA only","Deliverable 3","Project documentation","","SPRO; BP; MM01; ME21N; MIGO; MIRO","Pending"
"CAP-003","CAP-003","Capstone Task","High","[CAP-003] Master data: materials, suppliers and purchasing data","**Objective:** Master data: materials, suppliers and purchasing data

**Prerequisites:** CAP-002

**Concepts:** Business: multiple plants, storage locations and suppliers; raw materials, semi-finished and finished products; domestic and international procurement; subcontracting; consignment; services; stock transfers; MRP-driven procurement. Nine processes and twenty-one deliverables

**Transaction codes:** SPRO; BP; MM01; ME21N; MIGO; MIRO (SAP GUI; use the Fiori app for the same function where one exists)

**Environment:** SAP S/4HANA Training System

### Steps
- [ ] Create raw, semi-finished and finished materials and domestic and foreign suppliers
- [ ] Create info records, source lists and quotas
- [ ] Deliver the Master Data Workbook, Supplier Master Data and Material Master Data (deliverables 5, 6 and 7)

### Expected Result
- Master data supports every process
- Workbook matches the system

**Evidence:** Project documentation

**Deliverable:** Deliverables 5, 6 and 7

**Assessment:** Scored 0-100 against the capstone rubric.

### Completion criteria
- Every step is done and the expected result is demonstrated
- Evidence is attached to the issue and the deliverable is in your workbook or document set
- Accounting and integration impact are written down where documents were created
- Actual time is logged against the issue
- Instructor Review is Approved and the status is Completed

**Estimated time:** 8 h

**Next task:** CAP-004","Capstone","V13 - Capstone","TOPIC-067","CAP-002","8","Level 4 - Expert SAP MM Consulting","42 Final Capstone","Capstone","Procure to Pay","1","FI","L5 - Expert","1","1","Consultant-Level","Capstone - Global Manufacturing Corporation","SAP S/4HANA Training System","S/4HANA (ECC differences noted)","S/4HANA only","Deliverables 5, 6 and 7","Project documentation","","SPRO; BP; MM01; ME21N; MIGO; MIRO","Pending"
"CAP-004","CAP-004","Capstone Task","High","[CAP-004] Purchasing configuration, pricing and approval workflow","**Objective:** Purchasing configuration, pricing and approval workflow

**Prerequisites:** CAP-003

**Concepts:** Business: multiple plants, storage locations and suppliers; raw materials, semi-finished and finished products; domestic and international procurement; subcontracting; consignment; services; stock transfers; MRP-driven procurement. Nine processes and twenty-one deliverables

**Transaction codes:** SPRO; BP; MM01; ME21N; MIGO; MIRO (SAP GUI; use the Fiori app for the same function where one exists)

**Environment:** SAP S/4HANA Training System

### Steps
- [ ] Configure document types, account assignment, partner determination, output, tolerances, calculation schema and the approval workflow

### Expected Result
- Orders price and route to approval as designed

**Evidence:** Project documentation

**Deliverable:** Capstone deliverable

**Assessment:** Scored 0-100 against the capstone rubric.

### Completion criteria
- Every step is done and the expected result is demonstrated
- Evidence is attached to the issue and the deliverable is in your workbook or document set
- Accounting and integration impact are written down where documents were created
- Actual time is logged against the issue
- Instructor Review is Approved and the status is Completed

**Estimated time:** 10 h

**Next task:** CAP-005","Capstone","V13 - Capstone","TOPIC-067","CAP-003","10","Level 4 - Expert SAP MM Consulting","42 Final Capstone","Capstone","Procure to Pay","1","FI","L5 - Expert","1","1","Consultant-Level","Capstone - Global Manufacturing Corporation","SAP S/4HANA Training System","S/4HANA (ECC differences noted)","S/4HANA only","Capstone deliverable","Project documentation","","SPRO; BP; MM01; ME21N; MIGO; MIRO","Pending"
"CAP-005","CAP-005","Capstone Task","High","[CAP-005] Inventory, valuation and invoice verification configuration","**Objective:** Inventory, valuation and invoice verification configuration

**Prerequisites:** CAP-004

**Concepts:** Business: multiple plants, storage locations and suppliers; raw materials, semi-finished and finished products; domestic and international procurement; subcontracting; consignment; services; stock transfers; MRP-driven procurement. Nine processes and twenty-one deliverables

**Transaction codes:** SPRO; BP; MM01; ME21N; MIGO; MIRO (SAP GUI; use the Fiori app for the same function where one exists)

**Environment:** SAP S/4HANA Training System

### Steps
- [ ] Configure movement types where needed, physical inventory settings, valuation classes, account determination and invoice tolerances

### Expected Result
- All standard movements and invoices post to the designed accounts

**Evidence:** Project documentation

**Deliverable:** Capstone deliverable

**Assessment:** Scored 0-100 against the capstone rubric.

### Completion criteria
- Every step is done and the expected result is demonstrated
- Evidence is attached to the issue and the deliverable is in your workbook or document set
- Accounting and integration impact are written down where documents were created
- Actual time is logged against the issue
- Instructor Review is Approved and the status is Completed

**Estimated time:** 8 h

**Next task:** CAP-006","Capstone","V13 - Capstone","TOPIC-067","CAP-004","8","Level 4 - Expert SAP MM Consulting","42 Final Capstone","Capstone","Procure to Pay","1","FI","L5 - Expert","1","1","Consultant-Level","Capstone - Global Manufacturing Corporation","SAP S/4HANA Training System","S/4HANA (ECC differences noted)","S/4HANA only","Capstone deliverable","Project documentation","","SPRO; BP; MM01; ME21N; MIGO; MIRO","Pending"
"CAP-006","CAP-006","Capstone Task","High","[CAP-006] Configuration workbook","**Objective:** Configuration workbook

**Prerequisites:** CAP-005

**Concepts:** Business: multiple plants, storage locations and suppliers; raw materials, semi-finished and finished products; domestic and international procurement; subcontracting; consignment; services; stock transfers; MRP-driven procurement. Nine processes and twenty-one deliverables

**Transaction codes:** SPRO; BP; MM01; ME21N; MIGO; MIRO (SAP GUI; use the Fiori app for the same function where one exists)

**Environment:** SAP S/4HANA Training System

### Steps
- [ ] Deliver the Configuration Workbook for all areas (deliverable 4)

### Expected Result
- Every setting has a value, a rationale and a test reference

**Evidence:** Project documentation

**Deliverable:** Deliverable 4

**Assessment:** Scored 0-100 against the capstone rubric.

### Completion criteria
- Every step is done and the expected result is demonstrated
- Evidence is attached to the issue and the deliverable is in your workbook or document set
- Accounting and integration impact are written down where documents were created
- Actual time is logged against the issue
- Instructor Review is Approved and the status is Completed

**Estimated time:** 5 h

**Next task:** CAP-007","Capstone","V13 - Capstone","TOPIC-067","CAP-005","5","Level 4 - Expert SAP MM Consulting","42 Final Capstone","Capstone","Procure to Pay","1","FI","L5 - Expert","1","1","Consultant-Level","Capstone - Global Manufacturing Corporation","SAP S/4HANA Training System","S/4HANA (ECC differences noted)","S/4HANA only","Deliverable 4","Project documentation","","SPRO; BP; MM01; ME21N; MIGO; MIRO","Pending"
"CAP-007","CAP-007","Capstone Task","High","[CAP-007] Processes 1 and 2: standard P2P and RFQ to supplier selection to PO","**Objective:** Processes 1 and 2: standard P2P and RFQ to supplier selection to PO

**Prerequisites:** CAP-006

**Concepts:** Business: multiple plants, storage locations and suppliers; raw materials, semi-finished and finished products; domestic and international procurement; subcontracting; consignment; services; stock transfers; MRP-driven procurement. Nine processes and twenty-one deliverables

**Transaction codes:** SPRO; BP; MM01; ME21N; MIGO; MIRO (SAP GUI; use the Fiori app for the same function where one exists)

**Environment:** SAP S/4HANA Training System

### Steps
- [ ] Execute and evidence both processes for domestic and international suppliers

### Expected Result
- Both complete with document flow, stock and accounting impact

**Evidence:** Project documentation

**Deliverable:** Capstone deliverable

**Assessment:** Scored 0-100 against the capstone rubric.

### Completion criteria
- Every step is done and the expected result is demonstrated
- Evidence is attached to the issue and the deliverable is in your workbook or document set
- Accounting and integration impact are written down where documents were created
- Actual time is logged against the issue
- Instructor Review is Approved and the status is Completed

**Estimated time:** 6 h

**Next task:** CAP-008","Capstone","V13 - Capstone","TOPIC-067","CAP-006","6","Level 4 - Expert SAP MM Consulting","42 Final Capstone","Capstone","Procure to Pay","1","FI","L5 - Expert","1","1","Consultant-Level","Capstone - Global Manufacturing Corporation","SAP S/4HANA Training System","S/4HANA (ECC differences noted)","S/4HANA only","Capstone deliverable","Project documentation","","SPRO; BP; MM01; ME21N; MIGO; MIRO","Pending"
"CAP-008","CAP-008","Capstone Task","High","[CAP-008] Processes 3 and 4: subcontracting and consignment","**Objective:** Processes 3 and 4: subcontracting and consignment

**Prerequisites:** CAP-007

**Concepts:** Business: multiple plants, storage locations and suppliers; raw materials, semi-finished and finished products; domestic and international procurement; subcontracting; consignment; services; stock transfers; MRP-driven procurement. Nine processes and twenty-one deliverables

**Transaction codes:** SPRO; BP; MM01; ME21N; MIGO; MIRO (SAP GUI; use the Fiori app for the same function where one exists)

**Environment:** SAP S/4HANA Training System

### Steps
- [ ] Execute and evidence both processes

### Expected Result
- Component and consignment stocks reconcile
- Postings are explained

**Evidence:** Project documentation

**Deliverable:** Capstone deliverable

**Assessment:** Scored 0-100 against the capstone rubric.

### Completion criteria
- Every step is done and the expected result is demonstrated
- Evidence is attached to the issue and the deliverable is in your workbook or document set
- Accounting and integration impact are written down where documents were created
- Actual time is logged against the issue
- Instructor Review is Approved and the status is Completed

**Estimated time:** 6 h

**Next task:** CAP-009","Capstone","V13 - Capstone","TOPIC-067","CAP-007","6","Level 4 - Expert SAP MM Consulting","42 Final Capstone","Capstone","Procure to Pay","1","FI","L5 - Expert","1","1","Consultant-Level","Capstone - Global Manufacturing Corporation","SAP S/4HANA Training System","S/4HANA (ECC differences noted)","S/4HANA only","Capstone deliverable","Project documentation","","SPRO; BP; MM01; ME21N; MIGO; MIRO","Pending"
"CAP-009","CAP-009","Capstone Task","High","[CAP-009] Processes 5 and 6: stock transport order and service procurement","**Objective:** Processes 5 and 6: stock transport order and service procurement

**Prerequisites:** CAP-008

**Concepts:** Business: multiple plants, storage locations and suppliers; raw materials, semi-finished and finished products; domestic and international procurement; subcontracting; consignment; services; stock transfers; MRP-driven procurement. Nine processes and twenty-one deliverables

**Transaction codes:** SPRO; BP; MM01; ME21N; MIGO; MIRO (SAP GUI; use the Fiori app for the same function where one exists)

**Environment:** SAP S/4HANA Training System

### Steps
- [ ] Execute and evidence both processes

### Expected Result
- Stock in transit is cleared
- Service acceptance equals invoice

**Evidence:** Project documentation

**Deliverable:** Capstone deliverable

**Assessment:** Scored 0-100 against the capstone rubric.

### Completion criteria
- Every step is done and the expected result is demonstrated
- Evidence is attached to the issue and the deliverable is in your workbook or document set
- Accounting and integration impact are written down where documents were created
- Actual time is logged against the issue
- Instructor Review is Approved and the status is Completed

**Estimated time:** 6 h

**Next task:** CAP-010","Capstone","V13 - Capstone","TOPIC-067","CAP-008","6","Level 4 - Expert SAP MM Consulting","42 Final Capstone","Capstone","Procure to Pay","1","FI","L5 - Expert","1","1","Consultant-Level","Capstone - Global Manufacturing Corporation","SAP S/4HANA Training System","S/4HANA (ECC differences noted)","S/4HANA only","Capstone deliverable","Project documentation","","SPRO; BP; MM01; ME21N; MIGO; MIRO","Pending"
"CAP-010","CAP-010","Capstone Task","High","[CAP-010] Processes 7, 8 and 9: MRP procurement, physical inventory and month-end closing","**Objective:** Processes 7, 8 and 9: MRP procurement, physical inventory and month-end closing

**Prerequisites:** CAP-009

**Concepts:** Business: multiple plants, storage locations and suppliers; raw materials, semi-finished and finished products; domestic and international procurement; subcontracting; consignment; services; stock transfers; MRP-driven procurement. Nine processes and twenty-one deliverables

**Transaction codes:** SPRO; BP; MM01; ME21N; MIGO; MIRO (SAP GUI; use the Fiori app for the same function where one exists)

**Environment:** SAP S/4HANA Training System

### Steps
- [ ] Execute and evidence the three processes

### Expected Result
- Proposals are explained
- Count differences are posted
- Closing checklist is complete

**Evidence:** Project documentation

**Deliverable:** Capstone deliverable

**Assessment:** Scored 0-100 against the capstone rubric.

### Completion criteria
- Every step is done and the expected result is demonstrated
- Evidence is attached to the issue and the deliverable is in your workbook or document set
- Accounting and integration impact are written down where documents were created
- Actual time is logged against the issue
- Instructor Review is Approved and the status is Completed

**Estimated time:** 8 h

**Next task:** CAP-011","Capstone","V13 - Capstone","TOPIC-067","CAP-009","8","Level 4 - Expert SAP MM Consulting","42 Final Capstone","Capstone","Procure to Pay","1","FI","L5 - Expert","1","1","Consultant-Level","Capstone - Global Manufacturing Corporation","SAP S/4HANA Training System","S/4HANA (ECC differences noted)","S/4HANA only","Capstone deliverable","Project documentation","","SPRO; BP; MM01; ME21N; MIGO; MIRO","Pending"
"CAP-011","CAP-011","Capstone Task","High","[CAP-011] Test scripts: procurement, inventory and integration","**Objective:** Test scripts: procurement, inventory and integration

**Prerequisites:** CAP-010

**Concepts:** Business: multiple plants, storage locations and suppliers; raw materials, semi-finished and finished products; domestic and international procurement; subcontracting; consignment; services; stock transfers; MRP-driven procurement. Nine processes and twenty-one deliverables

**Transaction codes:** SPRO; BP; MM01; ME21N; MIGO; MIRO (SAP GUI; use the Fiori app for the same function where one exists)

**Environment:** SAP S/4HANA Training System

### Steps
- [ ] Deliver Procurement Test Scripts, Inventory Test Scripts and Integration Test Scripts with evidence (deliverables 8, 9 and 10)

### Expected Result
- Every requirement is covered by a test
- Evidence is complete

**Evidence:** Project documentation

**Deliverable:** Deliverables 8, 9 and 10

**Assessment:** Scored 0-100 against the capstone rubric.

### Completion criteria
- Every step is done and the expected result is demonstrated
- Evidence is attached to the issue and the deliverable is in your workbook or document set
- Accounting and integration impact are written down where documents were created
- Actual time is logged against the issue
- Instructor Review is Approved and the status is Completed

**Estimated time:** 8 h

**Next task:** CAP-012","Capstone","V13 - Capstone","TOPIC-067","CAP-010","8","Level 4 - Expert SAP MM Consulting","42 Final Capstone","Capstone","Procure to Pay","1","FI","L5 - Expert","1","1","Consultant-Level","Capstone - Global Manufacturing Corporation","SAP S/4HANA Training System","S/4HANA (ECC differences noted)","S/4HANA only","Deliverables 8, 9 and 10","Project documentation","","SPRO; BP; MM01; ME21N; MIGO; MIRO","Pending"
"CAP-012","CAP-012","Capstone Task","High","[CAP-012] Functional specifications","**Objective:** Functional specifications

**Prerequisites:** CAP-011

**Concepts:** Business: multiple plants, storage locations and suppliers; raw materials, semi-finished and finished products; domestic and international procurement; subcontracting; consignment; services; stock transfers; MRP-driven procurement. Nine processes and twenty-one deliverables

**Transaction codes:** SPRO; BP; MM01; ME21N; MIGO; MIRO (SAP GUI; use the Fiori app for the same function where one exists)

**Environment:** SAP S/4HANA Training System

### Steps
- [ ] Deliver two Functional Specifications for capstone gaps (deliverable 11)

### Expected Result
- Specifications follow the twelve-section structure

**Evidence:** Project documentation

**Deliverable:** Deliverable 11

**Assessment:** Scored 0-100 against the capstone rubric.

### Completion criteria
- Every step is done and the expected result is demonstrated
- Evidence is attached to the issue and the deliverable is in your workbook or document set
- Accounting and integration impact are written down where documents were created
- Actual time is logged against the issue
- Instructor Review is Approved and the status is Completed

**Estimated time:** 4 h

**Next task:** CAP-013","Capstone","V13 - Capstone","TOPIC-067","CAP-011","4","Level 4 - Expert SAP MM Consulting","42 Final Capstone","Capstone","Procure to Pay","1","FI","L5 - Expert","1","1","Consultant-Level","Capstone - Global Manufacturing Corporation","SAP S/4HANA Training System","S/4HANA (ECC differences noted)","S/4HANA only","Deliverable 11","Project documentation","","SPRO; BP; MM01; ME21N; MIGO; MIRO","Pending"
"CAP-013","CAP-013","Capstone Task","High","[CAP-013] Migration strategy, cutover plan and go-live checklist","**Objective:** Migration strategy, cutover plan and go-live checklist

**Prerequisites:** CAP-012

**Concepts:** Business: multiple plants, storage locations and suppliers; raw materials, semi-finished and finished products; domestic and international procurement; subcontracting; consignment; services; stock transfers; MRP-driven procurement. Nine processes and twenty-one deliverables

**Transaction codes:** SPRO; BP; MM01; ME21N; MIGO; MIRO (SAP GUI; use the Fiori app for the same function where one exists)

**Environment:** SAP S/4HANA Training System

### Steps
- [ ] Deliver the Migration Strategy, Cutover Plan and Go-Live Checklist (deliverables 12, 13 and 14)

### Expected Result
- Each has owners, sequence and verification

**Evidence:** Project documentation

**Deliverable:** Deliverables 12, 13 and 14

**Assessment:** Scored 0-100 against the capstone rubric.

### Completion criteria
- Every step is done and the expected result is demonstrated
- Evidence is attached to the issue and the deliverable is in your workbook or document set
- Accounting and integration impact are written down where documents were created
- Actual time is logged against the issue
- Instructor Review is Approved and the status is Completed

**Estimated time:** 6 h

**Next task:** CAP-014","Capstone","V13 - Capstone","TOPIC-067","CAP-012","6","Level 4 - Expert SAP MM Consulting","42 Final Capstone","Capstone","Procure to Pay","1","FI","L5 - Expert","1","1","Consultant-Level","Capstone - Global Manufacturing Corporation","SAP S/4HANA Training System","S/4HANA (ECC differences noted)","S/4HANA only","Deliverables 12, 13 and 14","Project documentation","","SPRO; BP; MM01; ME21N; MIGO; MIRO","Pending"
"CAP-014","CAP-014","Capstone Task","High","[CAP-014] Production support runbook, troubleshooting guide and RCA examples","**Objective:** Production support runbook, troubleshooting guide and RCA examples

**Prerequisites:** CAP-013

**Concepts:** Business: multiple plants, storage locations and suppliers; raw materials, semi-finished and finished products; domestic and international procurement; subcontracting; consignment; services; stock transfers; MRP-driven procurement. Nine processes and twenty-one deliverables

**Transaction codes:** SPRO; BP; MM01; ME21N; MIGO; MIRO (SAP GUI; use the Fiori app for the same function where one exists)

**Environment:** SAP S/4HANA Training System

### Steps
- [ ] Deliver the Production Support Runbook, a Troubleshooting Guide of at least twenty errors and three RCA Examples (deliverables 15, 16 and 17)

### Expected Result
- Guide entries have symptom, root cause and fix

**Evidence:** Project documentation

**Deliverable:** Deliverables 15, 16 and 17

**Assessment:** Scored 0-100 against the capstone rubric.

### Completion criteria
- Every step is done and the expected result is demonstrated
- Evidence is attached to the issue and the deliverable is in your workbook or document set
- Accounting and integration impact are written down where documents were created
- Actual time is logged against the issue
- Instructor Review is Approved and the status is Completed

**Estimated time:** 5 h

**Next task:** CAP-015","Capstone","V13 - Capstone","TOPIC-067","CAP-013","5","Level 4 - Expert SAP MM Consulting","42 Final Capstone","Capstone","Procure to Pay","1","FI","L5 - Expert","1","1","Consultant-Level","Capstone - Global Manufacturing Corporation","SAP S/4HANA Training System","S/4HANA (ECC differences noted)","S/4HANA only","Deliverables 15, 16 and 17","Project documentation","","SPRO; BP; MM01; ME21N; MIGO; MIRO","Pending"
"CAP-015","CAP-015","Capstone Task","High","[CAP-015] Training material and end-user documentation","**Objective:** Training material and end-user documentation

**Prerequisites:** CAP-014

**Concepts:** Business: multiple plants, storage locations and suppliers; raw materials, semi-finished and finished products; domestic and international procurement; subcontracting; consignment; services; stock transfers; MRP-driven procurement. Nine processes and twenty-one deliverables

**Transaction codes:** SPRO; BP; MM01; ME21N; MIGO; MIRO (SAP GUI; use the Fiori app for the same function where one exists)

**Environment:** SAP S/4HANA Training System

### Steps
- [ ] Deliver Training Material for buyers and storekeepers and End-User Documentation for the nine processes (deliverables 18 and 19)

### Expected Result
- A new user can run a process from the documentation

**Evidence:** Project documentation

**Deliverable:** Deliverables 18 and 19

**Assessment:** Scored 0-100 against the capstone rubric.

### Completion criteria
- Every step is done and the expected result is demonstrated
- Evidence is attached to the issue and the deliverable is in your workbook or document set
- Accounting and integration impact are written down where documents were created
- Actual time is logged against the issue
- Instructor Review is Approved and the status is Completed

**Estimated time:** 5 h

**Next task:** CAP-016","Capstone","V13 - Capstone","TOPIC-067","CAP-014","5","Level 4 - Expert SAP MM Consulting","42 Final Capstone","Capstone","Procure to Pay","1","FI","L5 - Expert","1","1","Consultant-Level","Capstone - Global Manufacturing Corporation","SAP S/4HANA Training System","S/4HANA (ECC differences noted)","S/4HANA only","Deliverables 18 and 19","Project documentation","","SPRO; BP; MM01; ME21N; MIGO; MIRO","Pending"
"CAP-016","CAP-016","Capstone Task","High","[CAP-016] Final solution architecture and final project presentation","**Objective:** Final solution architecture and final project presentation

**Prerequisites:** CAP-015

**Concepts:** Business: multiple plants, storage locations and suppliers; raw materials, semi-finished and finished products; domestic and international procurement; subcontracting; consignment; services; stock transfers; MRP-driven procurement. Nine processes and twenty-one deliverables

**Transaction codes:** SPRO; BP; MM01; ME21N; MIGO; MIRO (SAP GUI; use the Fiori app for the same function where one exists)

**Environment:** SAP S/4HANA Training System

### Steps
- [ ] Deliver the Final Solution Architecture (deliverable 20)
- [ ] Present the project to the instructor as the client's steering committee (deliverable 21)

### Expected Result
- Architecture is consistent with the built system
- Presentation answers management questions

**Evidence:** Project documentation

**Deliverable:** Deliverables 20 and 21

**Assessment:** Scored 0-100 against the capstone rubric.

### Completion criteria
- Every step is done and the expected result is demonstrated
- Evidence is attached to the issue and the deliverable is in your workbook or document set
- Accounting and integration impact are written down where documents were created
- Actual time is logged against the issue
- Instructor Review is Approved and the status is Completed

**Estimated time:** 5 h

**Next task:** ASM-042","Capstone","V13 - Capstone","TOPIC-067","CAP-015","5","Level 4 - Expert SAP MM Consulting","42 Final Capstone","Capstone","Procure to Pay","1","FI","L5 - Expert","1","1","Consultant-Level","Capstone - Global Manufacturing Corporation","SAP S/4HANA Training System","S/4HANA (ECC differences noted)","S/4HANA only","Deliverables 20 and 21","Project documentation","","SPRO; BP; MM01; ME21N; MIGO; MIRO","Pending"
"ASM-042","ASM-042","Assessment","High","[ASM-042] Final assessment: solution design","**Objective:** Final assessment: solution design

**Prerequisites:** CAP-016

**Concepts:** Business: multiple plants, storage locations and suppliers; raw materials, semi-finished and finished products; domestic and international procurement; subcontracting; consignment; services; stock transfers; MRP-driven procurement. Nine processes and twenty-one deliverables

**Environment:** SAP S/4HANA Training System

### Steps
- [ ] Defend the capstone and solve one unseen business scenario from requirement to tested configuration

### Expected Result
- Score of 70 or higher

**Evidence:** Scored result

**Deliverable:** Scored assessment

**Assessment:** Scored 0-100 in the Score field. Pass mark 70.

### Completion criteria
- Every step is done and the expected result is demonstrated
- Evidence is attached to the issue and the deliverable is in your workbook or document set
- Accounting and integration impact are written down where documents were created
- Actual time is logged against the issue
- Instructor Review is Approved and the status is Completed

**Estimated time:** 3 h

**Next task:** Last task of this topic","Capstone","V13 - Capstone","TOPIC-067","CAP-016","3","Level 4 - Expert SAP MM Consulting","42 Final Capstone","Capstone","Procure to Pay","0","FI","L5 - Expert","0","1","Consultant-Level","","SAP S/4HANA Training System","S/4HANA (ECC differences noted)","S/4HANA only","Scored assessment","Scored result","","","Pending"
"REVIEW-42","REVIEW-42","Review","High","[REVIEW-42] Module 42 gate review","**Objective:** Confirm that module 42 (Final Capstone) is complete.

### Checklist
- [ ] Every issue of the module is Completed
- [ ] Evidence is attached to every issue
- [ ] Time is logged
- [ ] Assessment score is 70 or higher
- [ ] Configuration workbook, master-data workbook and issue log are up to date

**Assessment:** Instructor confirms the checklist and records the gate decision.

**Estimated time:** 1 h","","V13 - Capstone","MOD-42","ASM-042","1","Level 4 - Expert SAP MM Consulting","42 Final Capstone","","","0","","","0","1","","","","","","Gate decision","Instructor sign-off","","","Pending"
