"Unique ID","Curriculum ID","Tracker","Priority","Subject","Description","Category","Target version","Parent","Blocked by","Estimated hours","Difficulty","Lab Type","Environment","Evidence Required","Transaction Code","Fiori App","Configuration Area","SAP Version","S/4HANA Relevance","Business Process","Integration Module","Skill Level","Skill Track","Assessment Type","Portfolio Project","Instructor Review"
"EPIC","EPIC","Epic","Normal","[EPIC] SAP SD Complete Training Programme","Top-level issue for the whole programme: 30 phases, 57 modules, 317 tasks, 923 estimated hours.

Progress and time roll up from all phases.","","V30.0 Enterprise Capstone","","","","","","","","","","","","","","","","","","",""
"PHASE-01","PHASE-01","Phase","Normal","[PHASE-01] Sales & Distribution Fundamentals","Phase 01 of 30. Version: V01.0 Sales & Distribution Fundamentals.

Modules: 2. Estimated hours: 19.

- MOD-01 Business Sales Fundamentals
- MOD-02 Order-to-Cash

The phase closes with the gate review REVIEW-01.","","V01.0 Sales & Distribution Fundamentals","EPIC","","","","","","","","","","","","","","","","","",""
"MOD-01","MOD-01","Module","Normal","[MOD-01] Business Sales Fundamentals","**Topics:** What is sales; What is distribution; Customer; Prospect; Lead; Sales quotation; Sales order; Delivery; Shipment; Invoice; Payment; Returns; Credit memo; Debit memo; Discounts; Taxes; Freight; Commission

**Transaction codes:** None

**Fiori apps:** None listed

**Environment:** Workbook

**Tasks:** 3, 8 estimated hours.

- SALES-001 What sales and distribution are
- SALES-002 Read real sales documents
- SALES-003 Prices, discounts, tax and freight calculations","Sales Fundamentals","V01.0 Sales & Distribution Fundamentals","PHASE-01","","","","","Workbook","","","","Sales Fundamentals","","Not system specific","None","None","Level 1 - Sales & SAP Foundation","Business","","",""
"SALES-001","SALES-001","Sales Fundamentals","Normal","[SALES-001] What sales and distribution are","**Objective:** What sales and distribution are

**Prerequisites:** None (entry point)

**Concepts:** What is sales; What is distribution; Customer; Prospect; Lead; Sales quotation; Sales order; Delivery; Shipment; Invoice; Payment; Returns; Credit memo; Debit memo; Discounts; Taxes; Freight; Commission

**Environment:** Workbook

### Steps
- [ ] Study how a company sells: lead, prospect, customer
- [ ] Study quotation, order, delivery, shipment, invoice and payment with a real-world example
- [ ] Study returns, credit memo and debit memo
- [ ] Study discounts, taxes, freight and commission

### Acceptance criteria
- Explains each term with an example from one company
- Orders the documents of a sale correctly

**Evidence required:** Worked solution

**Assessment:** Instructor checks the worked solution against the workbook answer. Type: Sales process questions.

### Completion criteria
- Every step is done and every acceptance criterion is demonstrated
- Required evidence is attached to the issue
- Document flow and the logistics or accounting impact are written down where documents were created
- Actual time is logged against the issue
- Instructor Review is Approved and the status is Completed

**Estimated time:** 3 h

**Next task:** SALES-002","Sales Fundamentals","V01.0 Sales & Distribution Fundamentals","MOD-01","","3","L1 - Beginner","Business Exercise","Workbook","Worked solution","","","Sales Fundamentals","","Not system specific","None","None","Level 1 - Sales & SAP Foundation","Business","Sales process questions","0","Pending"
"SALES-002","SALES-002","Sales Fundamentals","Normal","[SALES-002] Read real sales documents","**Objective:** Read real sales documents

**Prerequisites:** SALES-001

**Concepts:** What is sales; What is distribution; Customer; Prospect; Lead; Sales quotation; Sales order; Delivery; Shipment; Invoice; Payment; Returns; Credit memo; Debit memo; Discounts; Taxes; Freight; Commission

**Environment:** Workbook

### Steps
- [ ] Take the workbook set of a quotation, order confirmation, delivery note and invoice
- [ ] Identify parties, items, quantities, prices, discounts, tax, freight and terms on each
- [ ] Find the references that link them

### Acceptance criteria
- Every field is identified
- Links between the documents are shown

**Evidence required:** Worked solution

**Assessment:** Instructor checks the worked solution against the workbook answer. Type: Sales process questions.

### Completion criteria
- Every step is done and every acceptance criterion is demonstrated
- Required evidence is attached to the issue
- Document flow and the logistics or accounting impact are written down where documents were created
- Actual time is logged against the issue
- Instructor Review is Approved and the status is Completed

**Estimated time:** 2 h

**Next task:** SALES-003","Sales Fundamentals","V01.0 Sales & Distribution Fundamentals","MOD-01","SALES-001","2","L1 - Beginner","Business Exercise","Workbook","Worked solution","","","Sales Fundamentals","","Not system specific","None","None","Level 1 - Sales & SAP Foundation","Business","Sales process questions","0","Pending"
"SALES-003","SALES-003","Sales Fundamentals","Normal","[SALES-003] Prices, discounts, tax and freight calculations","**Objective:** Prices, discounts, tax and freight calculations

**Prerequisites:** SALES-002

**Concepts:** What is sales; What is distribution; Customer; Prospect; Lead; Sales quotation; Sales order; Delivery; Shipment; Invoice; Payment; Returns; Credit memo; Debit memo; Discounts; Taxes; Freight; Commission

**Environment:** Workbook

### Steps
- [ ] Calculate net value from list price, customer discount, quantity discount and freight for ten workbook cases
- [ ] Add tax
- [ ] Calculate a credit memo for a partial return

### Acceptance criteria
- At least nine of ten calculations correct
- Credit memo value is correct

**Evidence required:** Worked solution

**Assessment:** Instructor checks the worked solution against the workbook answer. Type: Sales process questions.

### Completion criteria
- Every step is done and every acceptance criterion is demonstrated
- Required evidence is attached to the issue
- Document flow and the logistics or accounting impact are written down where documents were created
- Actual time is logged against the issue
- Instructor Review is Approved and the status is Completed

**Estimated time:** 3 h

**Next task:** Last task of this module","Sales Fundamentals","V01.0 Sales & Distribution Fundamentals","MOD-01","SALES-002","3","L1 - Beginner","Business Exercise","Workbook","Worked solution","","","Sales Fundamentals","","Not system specific","None","None","Level 1 - Sales & SAP Foundation","Business","Sales process questions","0","Pending"
"MOD-02","MOD-02","Module","Normal","[MOD-02] Order-to-Cash","**Topics:** Customer; Inquiry; Quotation; Sales Order; Availability Check; Delivery; Picking; Packing; Post Goods Issue; Billing; Accounting; Incoming Payment; Business purpose and document flow at every stage; Customer lifecycle

**Transaction codes:** None

**Fiori apps:** None listed

**Environment:** Workbook

**Tasks:** 4, 10 estimated hours.

- SALES-004 The Order-to-Cash cycle and why each step exists
- SALES-005 Order-to-Cash on paper: follow three orders
- SALES-006 Logistics and accounting impact of a sale
- ASM-001 Phase 01 assessment: sales fundamentals","Sales Fundamentals","V01.0 Sales & Distribution Fundamentals","PHASE-01","","","","","Workbook","","","","Sales Fundamentals","","Not system specific","Order to Cash","None","Level 1 - Sales & SAP Foundation","Business","","",""
"SALES-004","SALES-004","Sales Fundamentals","Normal","[SALES-004] The Order-to-Cash cycle and why each step exists","**Objective:** The Order-to-Cash cycle and why each step exists

**Prerequisites:** SALES-003

**Concepts:** Customer; Inquiry; Quotation; Sales Order; Availability Check; Delivery; Picking; Packing; Post Goods Issue; Billing; Accounting; Incoming Payment; Business purpose and document flow at every stage; Customer lifecycle

**Business process:** Order to Cash

**Environment:** Workbook

### Steps
- [ ] Study each stage from inquiry to incoming payment
- [ ] For each stage write the business purpose, who does it and what document results
- [ ] Study the customer lifecycle from prospect to repeat customer

### Acceptance criteria
- Draws the cycle from memory
- States purpose and document for every stage

**Evidence required:** Worked solution

**Assessment:** Instructor checks the worked solution against the workbook answer. Type: Sales process questions.

### Completion criteria
- Every step is done and every acceptance criterion is demonstrated
- Required evidence is attached to the issue
- Document flow and the logistics or accounting impact are written down where documents were created
- Actual time is logged against the issue
- Instructor Review is Approved and the status is Completed

**Estimated time:** 3 h

**Next task:** SALES-005","Sales Fundamentals","V01.0 Sales & Distribution Fundamentals","MOD-02","SALES-003","3","L1 - Beginner","Business Exercise","Workbook","Worked solution","","","Sales Fundamentals","","Not system specific","Order to Cash","None","Level 1 - Sales & SAP Foundation","Business","Sales process questions","0","Pending"
"SALES-005","SALES-005","Sales Fundamentals","Normal","[SALES-005] Order-to-Cash on paper: follow three orders","**Objective:** Order-to-Cash on paper: follow three orders

**Prerequisites:** SALES-004

**Concepts:** Customer; Inquiry; Quotation; Sales Order; Availability Check; Delivery; Picking; Packing; Post Goods Issue; Billing; Accounting; Incoming Payment; Business purpose and document flow at every stage; Customer lifecycle

**Business process:** Order to Cash

**Environment:** Workbook

### Steps
- [ ] Take three workbook orders: standard, partial delivery, return
- [ ] Write the documents, stock change and accounting effect at each stage

### Acceptance criteria
- Stock and accounting effect are correct at every stage for all three

**Evidence required:** Worked solution

**Assessment:** Instructor checks the worked solution against the workbook answer. Type: Sales process questions.

### Completion criteria
- Every step is done and every acceptance criterion is demonstrated
- Required evidence is attached to the issue
- Document flow and the logistics or accounting impact are written down where documents were created
- Actual time is logged against the issue
- Instructor Review is Approved and the status is Completed

**Estimated time:** 3 h

**Next task:** SALES-006","Sales Fundamentals","V01.0 Sales & Distribution Fundamentals","MOD-02","SALES-004","3","L1 - Beginner","Business Exercise","Workbook","Worked solution","","","Sales Fundamentals","","Not system specific","Order to Cash","None","Level 1 - Sales & SAP Foundation","Business","Sales process questions","0","Pending"
"SALES-006","SALES-006","Sales Fundamentals","Normal","[SALES-006] Logistics and accounting impact of a sale","**Objective:** Logistics and accounting impact of a sale

**Prerequisites:** SALES-005

**Concepts:** Customer; Inquiry; Quotation; Sales Order; Availability Check; Delivery; Picking; Packing; Post Goods Issue; Billing; Accounting; Incoming Payment; Business purpose and document flow at every stage; Customer lifecycle

**Business process:** Order to Cash

**Environment:** Workbook

### Steps
- [ ] Study what goods issue does to stock and cost of goods sold
- [ ] Study what the invoice does to receivables, revenue and tax
- [ ] Study what payment does

### Acceptance criteria
- Writes the accounting entries for goods issue, invoice and payment

**Evidence required:** Worked solution

**Assessment:** Instructor checks the worked solution against the workbook answer. Type: Sales process questions.

### Completion criteria
- Every step is done and every acceptance criterion is demonstrated
- Required evidence is attached to the issue
- Document flow and the logistics or accounting impact are written down where documents were created
- Actual time is logged against the issue
- Instructor Review is Approved and the status is Completed

**Estimated time:** 2 h

**Next task:** ASM-001","Sales Fundamentals","V01.0 Sales & Distribution Fundamentals","MOD-02","SALES-005","2","L1 - Beginner","Business Exercise","Workbook","Worked solution","","","Sales Fundamentals","","Not system specific","Order to Cash","None","Level 1 - Sales & SAP Foundation","Business","Sales process questions","0","Pending"
"ASM-001","ASM-001","Assessment","High","[ASM-001] Phase 01 assessment: sales fundamentals","**Objective:** Phase 01 assessment: sales fundamentals

**Prerequisites:** SALES-006

**Concepts:** Customer; Inquiry; Quotation; Sales Order; Availability Check; Delivery; Picking; Packing; Post Goods Issue; Billing; Accounting; Incoming Payment; Business purpose and document flow at every stage; Customer lifecycle

**Business process:** Order to Cash

**Environment:** Workbook

### Steps
- [ ] Answer the question set and solve two Order-to-Cash scenarios on paper

### Acceptance criteria
- Score of 70 or higher

**Evidence required:** Scored result

**Troubleshooting:** Read the full message with its number. Record each error and its cause in the issue notes. If stuck for more than 30 minutes, set the status to Blocked and describe the blocker.

**Assessment:** Scored 0-100. Pass mark 70. Type: Sales process questions.

### Completion criteria
- Every step is done and every acceptance criterion is demonstrated
- Required evidence is attached to the issue
- Document flow and the logistics or accounting impact are written down where documents were created
- Actual time is logged against the issue
- Instructor Review is Approved and the status is Completed

**Estimated time:** 2 h

**Next task:** Last task of this module","Sales Fundamentals","V01.0 Sales & Distribution Fundamentals","MOD-02","SALES-006","2","L1 - Beginner","Assessment","Workbook","Scored result","","","Sales Fundamentals","","Not system specific","Order to Cash","None","Level 1 - Sales & SAP Foundation","Business","Sales process questions","0","Pending"
"REVIEW-01","REVIEW-01","Review","High","[REVIEW-01] Phase 01 gate review","**Objective:** Confirm that phase 01 (Sales & Distribution Fundamentals) is complete.

### Checklist
- [ ] Every issue of the phase is Completed
- [ ] Evidence is attached to every issue
- [ ] Time is logged
- [ ] Assessment score is 70 or higher
- [ ] Configuration document is up to date

**Assessment:** Instructor confirms the checklist and records the gate decision.

**Estimated time:** 1 h","","V01.0 Sales & Distribution Fundamentals","PHASE-01","SALES-003, ASM-001","1","","Review","","Instructor sign-off","","","","","","","","","","Review","0","Pending"
"PHASE-02","PHASE-02","Phase","Normal","[PHASE-02] SAP Fundamentals","Phase 02 of 30. Version: V02.0 SAP Fundamentals.

Modules: 1. Estimated hours: 12.

- MOD-03 SAP Fundamentals

The phase closes with the gate review REVIEW-02.","","V02.0 SAP Fundamentals","EPIC","","","","","","","","","","","","","","","","","",""
"MOD-03","MOD-03","Module","Normal","[MOD-03] SAP Fundamentals","**Topics:** SAP ERP; SAP ECC; SAP S/4HANA; SAP GUI; SAP Fiori; SAP system; Client; User; Roles; Authorizations; Transport Management System; IMG; SPRO

**Transaction codes:** SU01; PFCG; STMS; SPRO

**Fiori apps:** None listed

**Environment:** SAP S/4HANA Training System

**Tasks:** 5, 11 estimated hours.

- THY-001 ERP, SAP ECC and SAP S/4HANA
- THY-002 Systems, clients, transports and the IMG
- THY-003 Users, roles and authorizations
- LAB-031 Access the training system
- ASM-002 Phase 02 assessment: SAP fundamentals","SAP Basics","V02.0 SAP Fundamentals","PHASE-02","","","","","SAP S/4HANA Training System","","SU01; PFCG; STMS; SPRO","","SAP Basics","S/4HANA (ECC differences noted)","Not version specific","None","None","Level 1 - Sales & SAP Foundation","Consultant","","",""
"THY-001","THY-001","Theory","Normal","[THY-001] ERP, SAP ECC and SAP S/4HANA","**Objective:** ERP, SAP ECC and SAP S/4HANA

**Prerequisites:** ASM-001

**Concepts:** SAP ERP; SAP ECC; SAP S/4HANA; SAP GUI; SAP Fiori; SAP system; Client; User; Roles; Authorizations; Transport Management System; IMG; SPRO

**Environment:** SAP S/4HANA Training System

### Steps
- [ ] Study what an ERP integrates and where sales sits among finance, materials and production
- [ ] Compare ECC and S/4HANA at a high level
- [ ] Study deployment options

### Acceptance criteria
- Explains why a goods issue creates an accounting document
- Lists five ECC versus S/4HANA differences

**Evidence required:** Notes

**Document flow and impact:** Record the document flow, and for every delivery, goods issue and invoice write the stock change and the debit and credit lines.

**Assessment:** Instructor checks the notes and asks short oral questions. Type: Short answer.

### Completion criteria
- Every step is done and every acceptance criterion is demonstrated
- Required evidence is attached to the issue
- Document flow and the logistics or accounting impact are written down where documents were created
- Actual time is logged against the issue
- Instructor Review is Approved and the status is Completed

**Estimated time:** 3 h

**Next task:** THY-002","SAP Basics","V02.0 SAP Fundamentals","MOD-03","ASM-001","3","L1 - Beginner","Theory","SAP S/4HANA Training System","Notes","","","SAP Basics","S/4HANA (ECC differences noted)","Not version specific","None","None","Level 1 - Sales & SAP Foundation","Consultant","Short answer","0","Pending"
"THY-002","THY-002","Theory","Normal","[THY-002] Systems, clients, transports and the IMG","**Objective:** Systems, clients, transports and the IMG

**Prerequisites:** THY-001

**Concepts:** SAP ERP; SAP ECC; SAP S/4HANA; SAP GUI; SAP Fiori; SAP system; Client; User; Roles; Authorizations; Transport Management System; IMG; SPRO

**Environment:** SAP S/4HANA Training System

### Steps
- [ ] Study development, quality and production systems and clients
- [ ] Study customizing requests and how transports move
- [ ] Study the implementation guide as the place of configuration

### Acceptance criteria
- Draws a three-system landscape
- Explains what a customizing request holds

**Evidence required:** Notes

**Document flow and impact:** Record the document flow, and for every delivery, goods issue and invoice write the stock change and the debit and credit lines.

**Assessment:** Instructor checks the notes and asks short oral questions. Type: Short answer.

### Completion criteria
- Every step is done and every acceptance criterion is demonstrated
- Required evidence is attached to the issue
- Document flow and the logistics or accounting impact are written down where documents were created
- Actual time is logged against the issue
- Instructor Review is Approved and the status is Completed

**Estimated time:** 3 h

**Next task:** THY-003","SAP Basics","V02.0 SAP Fundamentals","MOD-03","THY-001","3","L1 - Beginner","Theory","SAP S/4HANA Training System","Notes","","","SAP Basics","S/4HANA (ECC differences noted)","Not version specific","None","None","Level 1 - Sales & SAP Foundation","Consultant","Short answer","0","Pending"
"THY-003","THY-003","Theory","Normal","[THY-003] Users, roles and authorizations","**Objective:** Users, roles and authorizations

**Prerequisites:** THY-002

**Concepts:** SAP ERP; SAP ECC; SAP S/4HANA; SAP GUI; SAP Fiori; SAP system; Client; User; Roles; Authorizations; Transport Management System; IMG; SPRO

**Environment:** SAP S/4HANA Training System

### Steps
- [ ] Study user master, roles and authorization objects
- [ ] Study how a missing authorization is analysed and reported

### Acceptance criteria
- Explains role versus authorization object

**Evidence required:** Notes

**Document flow and impact:** Record the document flow, and for every delivery, goods issue and invoice write the stock change and the debit and credit lines.

**Assessment:** Instructor checks the notes and asks short oral questions. Type: Short answer.

### Completion criteria
- Every step is done and every acceptance criterion is demonstrated
- Required evidence is attached to the issue
- Document flow and the logistics or accounting impact are written down where documents were created
- Actual time is logged against the issue
- Instructor Review is Approved and the status is Completed

**Estimated time:** 2 h

**Next task:** LAB-031","SAP Basics","V02.0 SAP Fundamentals","MOD-03","THY-002","2","L1 - Beginner","Theory","SAP S/4HANA Training System","Notes","","","SAP Basics","S/4HANA (ECC differences noted)","Not version specific","None","None","Level 1 - Sales & SAP Foundation","Consultant","Short answer","0","Pending"
"LAB-031","LAB-031","Lab","Normal","[LAB-031] Access the training system","**Objective:** Access the training system

**Prerequisites:** THY-003

**Concepts:** SAP ERP; SAP ECC; SAP S/4HANA; SAP GUI; SAP Fiori; SAP system; Client; User; Roles; Authorizations; Transport Management System; IMG; SPRO

**Transaction codes:** SU01; PFCG; STMS; SPRO (SAP GUI; use the Fiori app for the same function where one exists)

**Environment:** SAP S/4HANA Training System

### Steps
- [ ] Obtain access to an S/4HANA training or practice system
- [ ] Log on with SAP GUI and the Fiori launchpad
- [ ] Record system, client, release and user
- [ ] Change the initial password

### Acceptance criteria
- Logon works by both interfaces
- System details are recorded

**Evidence required:** Document numbers + screenshots

**Document flow and impact:** Record the document flow, and for every delivery, goods issue and invoice write the stock change and the debit and credit lines.

**Troubleshooting:** Read the full message with its number. Record each error and its cause in the issue notes. If stuck for more than 30 minutes, set the status to Blocked and describe the blocker.

**Assessment:** Instructor verifies the acceptance criteria from the evidence and may ask for a live demonstration. Type: Transactions.

### Completion criteria
- Every step is done and every acceptance criterion is demonstrated
- Required evidence is attached to the issue
- Document flow and the logistics or accounting impact are written down where documents were created
- Actual time is logged against the issue
- Instructor Review is Approved and the status is Completed

**Estimated time:** 2 h

**Next task:** ASM-002","SAP Basics","V02.0 SAP Fundamentals","MOD-03","THY-003","2","L1 - Beginner","Guided Lab","SAP S/4HANA Training System","Document numbers + screenshots","SU01; PFCG; STMS; SPRO","","SAP Basics","S/4HANA (ECC differences noted)","Not version specific","None","None","Level 1 - Sales & SAP Foundation","Consultant","Transactions","0","Pending"
"ASM-002","ASM-002","Assessment","High","[ASM-002] Phase 02 assessment: SAP fundamentals","**Objective:** Phase 02 assessment: SAP fundamentals

**Prerequisites:** LAB-031

**Concepts:** SAP ERP; SAP ECC; SAP S/4HANA; SAP GUI; SAP Fiori; SAP system; Client; User; Roles; Authorizations; Transport Management System; IMG; SPRO

**Environment:** SAP S/4HANA Training System

### Steps
- [ ] Complete the question set

### Acceptance criteria
- Score of 70 or higher

**Evidence required:** Scored result

**Document flow and impact:** Record the document flow, and for every delivery, goods issue and invoice write the stock change and the debit and credit lines.

**Troubleshooting:** Read the full message with its number. Record each error and its cause in the issue notes. If stuck for more than 30 minutes, set the status to Blocked and describe the blocker.

**Assessment:** Scored 0-100. Pass mark 70. Type: MCQ.

### Completion criteria
- Every step is done and every acceptance criterion is demonstrated
- Required evidence is attached to the issue
- Document flow and the logistics or accounting impact are written down where documents were created
- Actual time is logged against the issue
- Instructor Review is Approved and the status is Completed

**Estimated time:** 1 h

**Next task:** Last task of this module","SAP Basics","V02.0 SAP Fundamentals","MOD-03","LAB-031","1","L1 - Beginner","Assessment","SAP S/4HANA Training System","Scored result","","","SAP Basics","S/4HANA (ECC differences noted)","Not version specific","None","None","Level 1 - Sales & SAP Foundation","Consultant","MCQ","0","Pending"
"REVIEW-02","REVIEW-02","Review","High","[REVIEW-02] Phase 02 gate review","**Objective:** Confirm that phase 02 (SAP Fundamentals) is complete.

### Checklist
- [ ] Every issue of the phase is Completed
- [ ] Evidence is attached to every issue
- [ ] Time is logged
- [ ] Assessment score is 70 or higher
- [ ] Configuration document is up to date

**Assessment:** Instructor confirms the checklist and records the gate decision.

**Estimated time:** 1 h","","V02.0 SAP Fundamentals","PHASE-02","ASM-002","1","","Review","","Instructor sign-off","","","","","","","","","","Review","0","Pending"
"PHASE-03","PHASE-03","Phase","Normal","[PHASE-03] SAP SD Navigation","Phase 03 of 30. Version: V03.0 SAP SD Navigation.

Modules: 1. Estimated hours: 12.

- MOD-04 SAP SD Navigation

The phase closes with the gate review REVIEW-03.","","V03.0 SAP SD Navigation","EPIC","","","","","","","","","","","","","","","","","",""
"MOD-04","MOD-04","Module","Normal","[MOD-04] SAP SD Navigation","**Topics:** SAP GUI; Easy Access menu; Transaction codes; Fiori Launchpad; Favorites; Sessions; Search; Help; SD menu structure; Working without memorizing transaction codes

**Transaction codes:** VA03; VL03N; VF03; SE16N; SU3

**Fiori apps:** My Sales Overview; Manage Sales Orders

**Environment:** SAP S/4HANA Training System

**Tasks:** 5, 11 estimated hours.

- LAB-032 SAP GUI: menu, command field, sessions and favourites
- LAB-033 Display an existing order, delivery and invoice and their document flow
- LAB-034 Fiori launchpad for sales
- THY-004 The pattern of SD transaction codes
- ASM-003 Phase 03 assessment: navigation practical","SAP Basics","V03.0 SAP SD Navigation","PHASE-03","","","","","SAP S/4HANA Training System","","VA03; VL03N; VF03; SE16N; SU3","My Sales Overview; Manage Sales Orders","SAP Basics","S/4HANA (ECC differences noted)","Not version specific","None","None","Level 1 - Sales & SAP Foundation","Consultant","","",""
"LAB-032","LAB-032","Lab","Normal","[LAB-032] SAP GUI: menu, command field, sessions and favourites","**Objective:** SAP GUI: menu, command field, sessions and favourites

**Prerequisites:** ASM-002

**Concepts:** SAP GUI; Easy Access menu; Transaction codes; Fiori Launchpad; Favorites; Sessions; Search; Help; SD menu structure; Working without memorizing transaction codes

**Transaction codes:** VA03; VL03N; VF03; SE16N; SU3 (SAP GUI; use the Fiori app for the same function where one exists)

**Fiori apps:** My Sales Overview; Manage Sales Orders

**Environment:** SAP S/4HANA Training System

### Steps
- [ ] Navigate the Logistics > Sales and Distribution menu
- [ ] Use the command field with /n and /o
- [ ] Work in several sessions
- [ ] Build favourites for sales, shipping and billing
- [ ] Display technical names

### Acceptance criteria
- Opens a transaction by menu, code and favourite
- Works in two sessions

**Evidence required:** Document numbers + screenshots

**Document flow and impact:** Record the document flow, and for every delivery, goods issue and invoice write the stock change and the debit and credit lines.

**Troubleshooting:** Read the full message with its number. Record each error and its cause in the issue notes. If stuck for more than 30 minutes, set the status to Blocked and describe the blocker.

**Assessment:** Instructor verifies the acceptance criteria from the evidence and may ask for a live demonstration. Type: Transactions.

### Completion criteria
- Every step is done and every acceptance criterion is demonstrated
- Required evidence is attached to the issue
- Document flow and the logistics or accounting impact are written down where documents were created
- Actual time is logged against the issue
- Instructor Review is Approved and the status is Completed

**Estimated time:** 3 h

**Next task:** LAB-033","SAP Basics","V03.0 SAP SD Navigation","MOD-04","ASM-002","3","L1 - Beginner","Guided Lab","SAP S/4HANA Training System","Document numbers + screenshots","VA03; VL03N; VF03; SE16N; SU3","My Sales Overview; Manage Sales Orders","SAP Basics","S/4HANA (ECC differences noted)","Not version specific","None","None","Level 1 - Sales & SAP Foundation","Consultant","Transactions","0","Pending"
"LAB-033","LAB-033","Lab","Normal","[LAB-033] Display an existing order, delivery and invoice and their document flow","**Objective:** Display an existing order, delivery and invoice and their document flow

**Prerequisites:** LAB-032

**Concepts:** SAP GUI; Easy Access menu; Transaction codes; Fiori Launchpad; Favorites; Sessions; Search; Help; SD menu structure; Working without memorizing transaction codes

**Transaction codes:** VA03; VL03N; VF03 (SAP GUI; use the Fiori app for the same function where one exists)

**Fiori apps:** My Sales Overview; Manage Sales Orders

**Environment:** SAP S/4HANA Training System

### Steps
- [ ] Display a sales order: header, item and schedule line
- [ ] Display its delivery and billing document
- [ ] Open the document flow and status overview
- [ ] Use F1 and F4 help on fields

### Acceptance criteria
- Document flow is read end to end
- Header, item and schedule line data are located

**Evidence required:** Document numbers + screenshots

**Document flow and impact:** Record the document flow, and for every delivery, goods issue and invoice write the stock change and the debit and credit lines.

**Troubleshooting:** Read the full message with its number. Record each error and its cause in the issue notes. If stuck for more than 30 minutes, set the status to Blocked and describe the blocker.

**Assessment:** Instructor verifies the acceptance criteria from the evidence and may ask for a live demonstration. Type: Transactions.

### Completion criteria
- Every step is done and every acceptance criterion is demonstrated
- Required evidence is attached to the issue
- Document flow and the logistics or accounting impact are written down where documents were created
- Actual time is logged against the issue
- Instructor Review is Approved and the status is Completed

**Estimated time:** 3 h

**Next task:** LAB-034","SAP Basics","V03.0 SAP SD Navigation","MOD-04","LAB-032","3","L1 - Beginner","Guided Lab","SAP S/4HANA Training System","Document numbers + screenshots","VA03; VL03N; VF03","My Sales Overview; Manage Sales Orders","SAP Basics","S/4HANA (ECC differences noted)","Not version specific","None","None","Level 1 - Sales & SAP Foundation","Consultant","Transactions","0","Pending"
"LAB-034","LAB-034","Lab","Normal","[LAB-034] Fiori launchpad for sales","**Objective:** Fiori launchpad for sales

**Prerequisites:** LAB-033

**Concepts:** SAP GUI; Easy Access menu; Transaction codes; Fiori Launchpad; Favorites; Sessions; Search; Help; SD menu structure; Working without memorizing transaction codes

**Transaction codes:** VA03; VL03N; VF03; SE16N; SU3 (SAP GUI; use the Fiori app for the same function where one exists)

**Fiori apps:** My Sales Overview; Manage Sales Orders

**Environment:** SAP S/4HANA Training System

### Steps
- [ ] Find sales apps with the app finder
- [ ] Personalize the home page
- [ ] Open the same order in the Fiori app and in GUI
- [ ] Use enterprise search for a customer and a document

### Acceptance criteria
- Home page holds the sales apps needed
- One order is shown in both interfaces

**Evidence required:** Document numbers + screenshots

**Document flow and impact:** Record the document flow, and for every delivery, goods issue and invoice write the stock change and the debit and credit lines.

**Troubleshooting:** Read the full message with its number. Record each error and its cause in the issue notes. If stuck for more than 30 minutes, set the status to Blocked and describe the blocker.

**Assessment:** Instructor verifies the acceptance criteria from the evidence and may ask for a live demonstration. Type: Transactions.

### Completion criteria
- Every step is done and every acceptance criterion is demonstrated
- Required evidence is attached to the issue
- Document flow and the logistics or accounting impact are written down where documents were created
- Actual time is logged against the issue
- Instructor Review is Approved and the status is Completed

**Estimated time:** 3 h

**Next task:** THY-004","SAP Basics","V03.0 SAP SD Navigation","MOD-04","LAB-033","3","L1 - Beginner","Guided Lab","SAP S/4HANA Training System","Document numbers + screenshots","VA03; VL03N; VF03; SE16N; SU3","My Sales Overview; Manage Sales Orders","SAP Basics","S/4HANA (ECC differences noted)","Not version specific","None","None","Level 1 - Sales & SAP Foundation","Consultant","Transactions","0","Pending"
"THY-004","THY-004","Theory","Normal","[THY-004] The pattern of SD transaction codes","**Objective:** The pattern of SD transaction codes

**Prerequisites:** LAB-034

**Concepts:** SAP GUI; Easy Access menu; Transaction codes; Fiori Launchpad; Favorites; Sessions; Search; Help; SD menu structure; Working without memorizing transaction codes

**Fiori apps:** My Sales Overview; Manage Sales Orders

**Environment:** SAP S/4HANA Training System

### Steps
- [ ] Study the naming pattern: VA sales, VL delivery, VF billing, VK conditions, VD customer, with 01 create, 02 change, 03 display
- [ ] Build a personal reference by function

### Acceptance criteria
- Predicts ten codes from the pattern

**Evidence required:** Notes

**Document flow and impact:** Record the document flow, and for every delivery, goods issue and invoice write the stock change and the debit and credit lines.

**Assessment:** Instructor checks the notes and asks short oral questions. Type: Short answer.

### Completion criteria
- Every step is done and every acceptance criterion is demonstrated
- Required evidence is attached to the issue
- Document flow and the logistics or accounting impact are written down where documents were created
- Actual time is logged against the issue
- Instructor Review is Approved and the status is Completed

**Estimated time:** 1 h

**Next task:** ASM-003","SAP Basics","V03.0 SAP SD Navigation","MOD-04","LAB-034","1","L1 - Beginner","Theory","SAP S/4HANA Training System","Notes","","My Sales Overview; Manage Sales Orders","SAP Basics","S/4HANA (ECC differences noted)","Not version specific","None","None","Level 1 - Sales & SAP Foundation","Consultant","Short answer","0","Pending"
"ASM-003","ASM-003","Assessment","High","[ASM-003] Phase 03 assessment: navigation practical","**Objective:** Phase 03 assessment: navigation practical

**Prerequisites:** THY-004

**Concepts:** SAP GUI; Easy Access menu; Transaction codes; Fiori Launchpad; Favorites; Sessions; Search; Help; SD menu structure; Working without memorizing transaction codes

**Fiori apps:** My Sales Overview; Manage Sales Orders

**Environment:** SAP S/4HANA Training System

### Steps
- [ ] Complete the timed navigation tasks

### Acceptance criteria
- Score of 70 or higher

**Evidence required:** Scored result

**Document flow and impact:** Record the document flow, and for every delivery, goods issue and invoice write the stock change and the debit and credit lines.

**Troubleshooting:** Read the full message with its number. Record each error and its cause in the issue notes. If stuck for more than 30 minutes, set the status to Blocked and describe the blocker.

**Assessment:** Scored 0-100. Pass mark 70. Type: Transactions.

### Completion criteria
- Every step is done and every acceptance criterion is demonstrated
- Required evidence is attached to the issue
- Document flow and the logistics or accounting impact are written down where documents were created
- Actual time is logged against the issue
- Instructor Review is Approved and the status is Completed

**Estimated time:** 1 h

**Next task:** Last task of this module","SAP Basics","V03.0 SAP SD Navigation","MOD-04","THY-004","1","L1 - Beginner","Assessment","SAP S/4HANA Training System","Scored result","","My Sales Overview; Manage Sales Orders","SAP Basics","S/4HANA (ECC differences noted)","Not version specific","None","None","Level 1 - Sales & SAP Foundation","Consultant","Transactions","0","Pending"
"REVIEW-03","REVIEW-03","Review","High","[REVIEW-03] Phase 03 gate review","**Objective:** Confirm that phase 03 (SAP SD Navigation) is complete.

### Checklist
- [ ] Every issue of the phase is Completed
- [ ] Evidence is attached to every issue
- [ ] Time is logged
- [ ] Assessment score is 70 or higher
- [ ] Configuration document is up to date

**Assessment:** Instructor confirms the checklist and records the gate decision.

**Estimated time:** 1 h","","V03.0 SAP SD Navigation","PHASE-03","ASM-003","1","","Review","","Instructor sign-off","","","","","","","","","","Review","0","Pending"
"PHASE-04","PHASE-04","Phase","Normal","[PHASE-04] Enterprise Structure","Phase 04 of 30. Version: V04.0 Enterprise Structure.

Modules: 1. Estimated hours: 24.

- MOD-05 SD Organizational Structure

The phase closes with the gate review REVIEW-04.","","V04.0 Enterprise Structure","EPIC","","","","","","","","","","","","","","","","","",""
"MOD-05","MOD-05","Module","Normal","[MOD-05] SD Organizational Structure","**Topics:** Client; Company; Company Code; Sales Organization; Distribution Channel; Division; Sales Area; Plant; Storage Location; Shipping Point; Loading Point; Sales Office; Sales Group; Sales Organization + Distribution Channel + Division = Sales Area

**Transaction codes:** OX15; OX02; OVX5; OVXI; OVXB; OVXG; OX10; OVXD; OVXC; OVX6; OVX3; OVXK; OVXA; OVX1; OVX4; EC01

**Fiori apps:** None listed

**Environment:** SAP S/4HANA Training System

**Tasks:** 13, 23 estimated hours.

- THY-005 Organizational units in sales and how they relate
- THY-006 The course company: Global Manufacturing Corporation
- CFG-001 Define company and company code
- LAB-001 Create Sales Organization
- LAB-002 Configure Distribution Channel
- LAB-003 Configure Division
- LAB-004 Create Sales Area
- LAB-005 Configure Plant
- LAB-006 Configure Shipping Point
- CFG-002 Sales offices and sales groups
- TSH-001 Scenario 01: sales area is not defined for the customer or document
- TSH-002 Scenario 02: plant not assigned to the sales organization and channel
- ASM-004 Phase 04 assessment: enterprise structure","Enterprise Structure","V04.0 Enterprise Structure","PHASE-04","","","","","SAP S/4HANA Training System","","OX15; OX02; OVX5; OVXI; OVXB; OVXG; OX10; OVXD; OVXC; OVX6; OVX3; OVXK; OVXA; OVX1; OVX4; EC01","","Enterprise Structure","S/4HANA (ECC differences noted)","Same concept as ECC","None","None","Level 2 - SAP SD Core","SD","","",""
"THY-005","THY-005","Theory","Normal","[THY-005] Organizational units in sales and how they relate","**Objective:** Organizational units in sales and how they relate

**Prerequisites:** ASM-003

**Concepts:** Client; Company; Company Code; Sales Organization; Distribution Channel; Division; Sales Area; Plant; Storage Location; Shipping Point; Loading Point; Sales Office; Sales Group; Sales Organization + Distribution Channel + Division = Sales Area

**Environment:** SAP S/4HANA Training System

### Steps
- [ ] Study client, company and company code
- [ ] Study sales organization, distribution channel and division and that together they form a sales area
- [ ] Study plant, storage location, shipping point and loading point
- [ ] Study sales office and sales group
- [ ] Draw the assignments

### Acceptance criteria
- Draws the full structure from memory
- Explains what a sales area controls
- Explains which unit is legally responsible for a sale

**Evidence required:** Notes

**Document flow and impact:** Record the document flow, and for every delivery, goods issue and invoice write the stock change and the debit and credit lines.

**Assessment:** Instructor checks the notes and asks short oral questions. Type: Short answer.

### Completion criteria
- Every step is done and every acceptance criterion is demonstrated
- Required evidence is attached to the issue
- Document flow and the logistics or accounting impact are written down where documents were created
- Actual time is logged against the issue
- Instructor Review is Approved and the status is Completed

**Estimated time:** 4 h

**Next task:** THY-006","Enterprise Structure","V04.0 Enterprise Structure","MOD-05","ASM-003","4","L2 - Basic","Theory","SAP S/4HANA Training System","Notes","","","Enterprise Structure","S/4HANA (ECC differences noted)","Same concept as ECC","None","None","Level 2 - SAP SD Core","SD","Short answer","0","Pending"
"THY-006","THY-006","Theory","Normal","[THY-006] The course company: Global Manufacturing Corporation","**Objective:** The course company: Global Manufacturing Corporation

**Prerequisites:** THY-005

**Concepts:** Client; Company; Company Code; Sales Organization; Distribution Channel; Division; Sales Area; Plant; Storage Location; Shipping Point; Loading Point; Sales Office; Sales Group; Sales Organization + Distribution Channel + Division = Sales Area

**Environment:** SAP S/4HANA Training System

### Steps
- [ ] Read the wiki page Course_Company
- [ ] Map its legal entity, sales channels, product lines, plants and warehouses to SAP units

### Acceptance criteria
- Mapping table from business structure to SAP units is delivered

**Evidence required:** Notes

**Document flow and impact:** Record the document flow, and for every delivery, goods issue and invoice write the stock change and the debit and credit lines.

**Assessment:** Instructor checks the notes and asks short oral questions. Type: Short answer.

### Completion criteria
- Every step is done and every acceptance criterion is demonstrated
- Required evidence is attached to the issue
- Document flow and the logistics or accounting impact are written down where documents were created
- Actual time is logged against the issue
- Instructor Review is Approved and the status is Completed

**Estimated time:** 2 h

**Next task:** CFG-001","Enterprise Structure","V04.0 Enterprise Structure","MOD-05","THY-005","2","L2 - Basic","Theory","SAP S/4HANA Training System","Notes","","","Enterprise Structure","S/4HANA (ECC differences noted)","Same concept as ECC","None","None","Level 2 - SAP SD Core","SD","Short answer","0","Pending"
"CFG-001","CFG-001","Configuration","Normal","[CFG-001] Define company and company code","**Objective:** Define company and company code

**Prerequisites:** THY-006

**Concepts:** Client; Company; Company Code; Sales Organization; Distribution Channel; Division; Sales Area; Plant; Storage Location; Shipping Point; Loading Point; Sales Office; Sales Group; Sales Organization + Distribution Channel + Division = Sales Area

**Transaction codes:** OX15; OX02 (SAP GUI; use the Fiori app for the same function where one exists)

**Environment:** SAP S/4HANA Training System

### Steps
- [ ] Define the company
- [ ] Create the company code by copying a template as the instructor directs
- [ ] Check country, currency and address
- [ ] Record every entry in the configuration document

### Acceptance criteria
- Company code exists with correct country and currency

**Evidence required:** Configuration document entry

**Document flow and impact:** Record the document flow, and for every delivery, goods issue and invoice write the stock change and the debit and credit lines.

**Troubleshooting:** Read the full message with its number. Record each error and its cause in the issue notes. If stuck for more than 30 minutes, set the status to Blocked and describe the blocker.

**Documentation:** Add the setting, its values and the business reason to your configuration document.

**Assessment:** Instructor checks the setting, its test document and the documented business reason. Type: Configuration.

### Completion criteria
- Every step is done and every acceptance criterion is demonstrated
- Required evidence is attached to the issue
- Document flow and the logistics or accounting impact are written down where documents were created
- Actual time is logged against the issue
- Instructor Review is Approved and the status is Completed

**Estimated time:** 2 h

**Next task:** LAB-001","Enterprise Structure","V04.0 Enterprise Structure","MOD-05","THY-006","2","L2 - Basic","Configuration","SAP S/4HANA Training System","Configuration document entry","OX15; OX02","","Enterprise Structure","S/4HANA (ECC differences noted)","Same concept as ECC","None","None","Level 2 - SAP SD Core","SD","Configuration","0","Pending"
"LAB-001","LAB-001","Lab","Normal","[LAB-001] Create Sales Organization","**Objective:** Create Sales Organization

**Prerequisites:** CFG-001

**Concepts:** Client; Company; Company Code; Sales Organization; Distribution Channel; Division; Sales Area; Plant; Storage Location; Shipping Point; Loading Point; Sales Office; Sales Group; Sales Organization + Distribution Channel + Division = Sales Area

**Transaction codes:** OVX5 (SAP GUI; use the Fiori app for the same function where one exists)

**Environment:** SAP S/4HANA Training System

### Steps
- [ ] Define the sales organization with currency and address
- [ ] Explain the statistics currency and reference fields
- [ ] Document the business reason

### Acceptance criteria
- Sales organization exists and is documented

**Evidence required:** Document numbers + screenshots

**Document flow and impact:** Record the document flow, and for every delivery, goods issue and invoice write the stock change and the debit and credit lines.

**Troubleshooting:** Read the full message with its number. Record each error and its cause in the issue notes. If stuck for more than 30 minutes, set the status to Blocked and describe the blocker.

**Assessment:** Instructor verifies the acceptance criteria from the evidence and may ask for a live demonstration. Type: Transactions.

### Completion criteria
- Every step is done and every acceptance criterion is demonstrated
- Required evidence is attached to the issue
- Document flow and the logistics or accounting impact are written down where documents were created
- Actual time is logged against the issue
- Instructor Review is Approved and the status is Completed

**Estimated time:** 2 h

**Next task:** LAB-002","Enterprise Structure","V04.0 Enterprise Structure","MOD-05","CFG-001","2","L2 - Basic","Guided Lab","SAP S/4HANA Training System","Document numbers + screenshots","OVX5","","Enterprise Structure","S/4HANA (ECC differences noted)","Same concept as ECC","None","None","Level 2 - SAP SD Core","SD","Transactions","0","Pending"
"LAB-002","LAB-002","Lab","Normal","[LAB-002] Configure Distribution Channel","**Objective:** Configure Distribution Channel

**Prerequisites:** LAB-001

**Concepts:** Client; Company; Company Code; Sales Organization; Distribution Channel; Division; Sales Area; Plant; Storage Location; Shipping Point; Loading Point; Sales Office; Sales Group; Sales Organization + Distribution Channel + Division = Sales Area

**Transaction codes:** OVXI (SAP GUI; use the Fiori app for the same function where one exists)

**Environment:** SAP S/4HANA Training System

### Steps
- [ ] Define distribution channels for direct sales and distributors
- [ ] Explain how a channel separates master data and pricing

### Acceptance criteria
- Channels exist

**Evidence required:** Document numbers + screenshots

**Document flow and impact:** Record the document flow, and for every delivery, goods issue and invoice write the stock change and the debit and credit lines.

**Troubleshooting:** Read the full message with its number. Record each error and its cause in the issue notes. If stuck for more than 30 minutes, set the status to Blocked and describe the blocker.

**Assessment:** Instructor verifies the acceptance criteria from the evidence and may ask for a live demonstration. Type: Transactions.

### Completion criteria
- Every step is done and every acceptance criterion is demonstrated
- Required evidence is attached to the issue
- Document flow and the logistics or accounting impact are written down where documents were created
- Actual time is logged against the issue
- Instructor Review is Approved and the status is Completed

**Estimated time:** 1 h

**Next task:** LAB-003","Enterprise Structure","V04.0 Enterprise Structure","MOD-05","LAB-001","1","L2 - Basic","Guided Lab","SAP S/4HANA Training System","Document numbers + screenshots","OVXI","","Enterprise Structure","S/4HANA (ECC differences noted)","Same concept as ECC","None","None","Level 2 - SAP SD Core","SD","Transactions","0","Pending"
"LAB-003","LAB-003","Lab","Normal","[LAB-003] Configure Division","**Objective:** Configure Division

**Prerequisites:** LAB-002

**Concepts:** Client; Company; Company Code; Sales Organization; Distribution Channel; Division; Sales Area; Plant; Storage Location; Shipping Point; Loading Point; Sales Office; Sales Group; Sales Organization + Distribution Channel + Division = Sales Area

**Transaction codes:** OVXB (SAP GUI; use the Fiori app for the same function where one exists)

**Environment:** SAP S/4HANA Training System

### Steps
- [ ] Define divisions for the product lines
- [ ] Explain cross-division sales

### Acceptance criteria
- Divisions exist

**Evidence required:** Document numbers + screenshots

**Document flow and impact:** Record the document flow, and for every delivery, goods issue and invoice write the stock change and the debit and credit lines.

**Troubleshooting:** Read the full message with its number. Record each error and its cause in the issue notes. If stuck for more than 30 minutes, set the status to Blocked and describe the blocker.

**Assessment:** Instructor verifies the acceptance criteria from the evidence and may ask for a live demonstration. Type: Transactions.

### Completion criteria
- Every step is done and every acceptance criterion is demonstrated
- Required evidence is attached to the issue
- Document flow and the logistics or accounting impact are written down where documents were created
- Actual time is logged against the issue
- Instructor Review is Approved and the status is Completed

**Estimated time:** 1 h

**Next task:** LAB-004","Enterprise Structure","V04.0 Enterprise Structure","MOD-05","LAB-002","1","L2 - Basic","Guided Lab","SAP S/4HANA Training System","Document numbers + screenshots","OVXB","","Enterprise Structure","S/4HANA (ECC differences noted)","Same concept as ECC","None","None","Level 2 - SAP SD Core","SD","Transactions","0","Pending"
"LAB-004","LAB-004","Lab","Normal","[LAB-004] Create Sales Area","**Objective:** Create Sales Area

**Prerequisites:** LAB-003

**Concepts:** Client; Company; Company Code; Sales Organization; Distribution Channel; Division; Sales Area; Plant; Storage Location; Shipping Point; Loading Point; Sales Office; Sales Group; Sales Organization + Distribution Channel + Division = Sales Area

**Transaction codes:** OVX3; OVXK; OVXA; OVXG (SAP GUI; use the Fiori app for the same function where one exists)

**Environment:** SAP S/4HANA Training System

### Steps
- [ ] Assign the sales organization to the company code
- [ ] Assign distribution channels and divisions to the sales organization
- [ ] Set up the sales areas
- [ ] Set common distribution channels and divisions where useful

### Acceptance criteria
- Sales areas are valid for document entry

**Evidence required:** Document numbers + screenshots

**Document flow and impact:** Record the document flow, and for every delivery, goods issue and invoice write the stock change and the debit and credit lines.

**Troubleshooting:** Read the full message with its number. Record each error and its cause in the issue notes. If stuck for more than 30 minutes, set the status to Blocked and describe the blocker.

**Assessment:** Instructor verifies the acceptance criteria from the evidence and may ask for a live demonstration. Type: Transactions.

### Completion criteria
- Every step is done and every acceptance criterion is demonstrated
- Required evidence is attached to the issue
- Document flow and the logistics or accounting impact are written down where documents were created
- Actual time is logged against the issue
- Instructor Review is Approved and the status is Completed

**Estimated time:** 2 h

**Next task:** LAB-005","Enterprise Structure","V04.0 Enterprise Structure","MOD-05","LAB-003","2","L2 - Basic","Guided Lab","SAP S/4HANA Training System","Document numbers + screenshots","OVX3; OVXK; OVXA; OVXG","","Enterprise Structure","S/4HANA (ECC differences noted)","Same concept as ECC","None","None","Level 2 - SAP SD Core","SD","Transactions","0","Pending"
"LAB-005","LAB-005","Lab","Normal","[LAB-005] Configure Plant","**Objective:** Configure Plant

**Prerequisites:** LAB-004

**Concepts:** Client; Company; Company Code; Sales Organization; Distribution Channel; Division; Sales Area; Plant; Storage Location; Shipping Point; Loading Point; Sales Office; Sales Group; Sales Organization + Distribution Channel + Division = Sales Area

**Transaction codes:** OX10; OX09; OVX6 (SAP GUI; use the Fiori app for the same function where one exists)

**Environment:** SAP S/4HANA Training System

### Steps
- [ ] Define the plant by copying
- [ ] Define storage locations
- [ ] Assign the plant to the company code
- [ ] Assign the plant to sales organization and distribution channel

### Acceptance criteria
- Plant can deliver for the sales area

**Evidence required:** Document numbers + screenshots

**Document flow and impact:** Record the document flow, and for every delivery, goods issue and invoice write the stock change and the debit and credit lines.

**Troubleshooting:** Read the full message with its number. Record each error and its cause in the issue notes. If stuck for more than 30 minutes, set the status to Blocked and describe the blocker.

**Assessment:** Instructor verifies the acceptance criteria from the evidence and may ask for a live demonstration. Type: Transactions.

### Completion criteria
- Every step is done and every acceptance criterion is demonstrated
- Required evidence is attached to the issue
- Document flow and the logistics or accounting impact are written down where documents were created
- Actual time is logged against the issue
- Instructor Review is Approved and the status is Completed

**Estimated time:** 2 h

**Next task:** LAB-006","Enterprise Structure","V04.0 Enterprise Structure","MOD-05","LAB-004","2","L2 - Basic","Guided Lab","SAP S/4HANA Training System","Document numbers + screenshots","OX10; OX09; OVX6","","Enterprise Structure","S/4HANA (ECC differences noted)","Same concept as ECC","None","None","Level 2 - SAP SD Core","SD","Transactions","0","Pending"
"LAB-006","LAB-006","Lab","Normal","[LAB-006] Configure Shipping Point","**Objective:** Configure Shipping Point

**Prerequisites:** LAB-005

**Concepts:** Client; Company; Company Code; Sales Organization; Distribution Channel; Division; Sales Area; Plant; Storage Location; Shipping Point; Loading Point; Sales Office; Sales Group; Sales Organization + Distribution Channel + Division = Sales Area

**Transaction codes:** OVXD; OVXC (SAP GUI; use the Fiori app for the same function where one exists)

**Environment:** SAP S/4HANA Training System

### Steps
- [ ] Define shipping points with loading and pick-pack times
- [ ] Define loading points
- [ ] Assign shipping points to the plant

### Acceptance criteria
- Shipping points are assigned

**Evidence required:** Document numbers + screenshots

**Document flow and impact:** Record the document flow, and for every delivery, goods issue and invoice write the stock change and the debit and credit lines.

**Troubleshooting:** Read the full message with its number. Record each error and its cause in the issue notes. If stuck for more than 30 minutes, set the status to Blocked and describe the blocker.

**Assessment:** Instructor verifies the acceptance criteria from the evidence and may ask for a live demonstration. Type: Transactions.

### Completion criteria
- Every step is done and every acceptance criterion is demonstrated
- Required evidence is attached to the issue
- Document flow and the logistics or accounting impact are written down where documents were created
- Actual time is logged against the issue
- Instructor Review is Approved and the status is Completed

**Estimated time:** 2 h

**Next task:** CFG-002","Enterprise Structure","V04.0 Enterprise Structure","MOD-05","LAB-005","2","L2 - Basic","Guided Lab","SAP S/4HANA Training System","Document numbers + screenshots","OVXD; OVXC","","Enterprise Structure","S/4HANA (ECC differences noted)","Same concept as ECC","None","None","Level 2 - SAP SD Core","SD","Transactions","0","Pending"
"CFG-002","CFG-002","Configuration","Normal","[CFG-002] Sales offices and sales groups","**Objective:** Sales offices and sales groups

**Prerequisites:** LAB-006

**Concepts:** Client; Company; Company Code; Sales Organization; Distribution Channel; Division; Sales Area; Plant; Storage Location; Shipping Point; Loading Point; Sales Office; Sales Group; Sales Organization + Distribution Channel + Division = Sales Area

**Transaction codes:** OVX1; OVX4; OVXM; OVXJ (SAP GUI; use the Fiori app for the same function where one exists)

**Environment:** SAP S/4HANA Training System

### Steps
- [ ] Define a sales office and sales groups
- [ ] Assign office to sales area and groups to office

### Acceptance criteria
- Office and groups are available in a sales order

**Evidence required:** Configuration document entry

**Document flow and impact:** Record the document flow, and for every delivery, goods issue and invoice write the stock change and the debit and credit lines.

**Troubleshooting:** Read the full message with its number. Record each error and its cause in the issue notes. If stuck for more than 30 minutes, set the status to Blocked and describe the blocker.

**Documentation:** Add the setting, its values and the business reason to your configuration document.

**Assessment:** Instructor checks the setting, its test document and the documented business reason. Type: Configuration.

### Completion criteria
- Every step is done and every acceptance criterion is demonstrated
- Required evidence is attached to the issue
- Document flow and the logistics or accounting impact are written down where documents were created
- Actual time is logged against the issue
- Instructor Review is Approved and the status is Completed

**Estimated time:** 1 h

**Next task:** TSH-001","Enterprise Structure","V04.0 Enterprise Structure","MOD-05","LAB-006","1","L2 - Basic","Configuration","SAP S/4HANA Training System","Configuration document entry","OVX1; OVX4; OVXM; OVXJ","","Enterprise Structure","S/4HANA (ECC differences noted)","Same concept as ECC","None","None","Level 2 - SAP SD Core","SD","Configuration","0","Pending"
"TSH-001","TSH-001","Troubleshooting","Normal","[TSH-001] Scenario 01: sales area is not defined for the customer or document","**Objective:** Scenario 01: sales area is not defined for the customer or document

**Prerequisites:** CFG-002

**Concepts:** Client; Company; Company Code; Sales Organization; Distribution Channel; Division; Sales Area; Plant; Storage Location; Shipping Point; Loading Point; Sales Office; Sales Group; Sales Organization + Distribution Channel + Division = Sales Area

**Transaction codes:** OX15; OX02; OVX5; OVXI; OVXB; OVXG; OX10; OVXD; OVXC; OVX6; OVX3; OVXK; OVXA; OVX1; OVX4; EC01 (SAP GUI; use the Fiori app for the same function where one exists)

**Environment:** SAP S/4HANA Training System

### Steps
- [ ] Reproduce the error in the training client (instructor-prepared)
- [ ] Record the exact message number and text, and the business impact
- [ ] Read the message
- [ ] Check sales area setup and assignments
- [ ] Check the customer sales area data
- [ ] Apply the fix
- [ ] Re-run the original transaction to validate
- [ ] Write the eight-section report: problem, business impact, evidence, root cause, configuration, fix, validation, prevention

### Acceptance criteria
- The original transaction now works
- Root cause is shown in configuration or master data
- Report has all eight sections

**Evidence required:** Root cause report

**Document flow and impact:** Record the document flow, and for every delivery, goods issue and invoice write the stock change and the debit and credit lines.

**Assessment:** Instructor grades the eight-section report. Type: Configuration decisions.

### Completion criteria
- Every step is done and every acceptance criterion is demonstrated
- Required evidence is attached to the issue
- Document flow and the logistics or accounting impact are written down where documents were created
- Actual time is logged against the issue
- Instructor Review is Approved and the status is Completed

**Estimated time:** 1 h

**Next task:** TSH-002","Enterprise Structure","V04.0 Enterprise Structure","MOD-05","CFG-002","1","L2 - Basic","Troubleshooting","SAP S/4HANA Training System","Root cause report","OX15; OX02; OVX5; OVXI; OVXB; OVXG; OX10; OVXD; OVXC; OVX6; OVX3; OVXK; OVXA; OVX1; OVX4; EC01","","Enterprise Structure","S/4HANA (ECC differences noted)","Same concept as ECC","None","None","Level 2 - SAP SD Core","SD","Configuration decisions","0","Pending"
"TSH-002","TSH-002","Troubleshooting","Normal","[TSH-002] Scenario 02: plant not assigned to the sales organization and channel","**Objective:** Scenario 02: plant not assigned to the sales organization and channel

**Prerequisites:** TSH-001

**Concepts:** Client; Company; Company Code; Sales Organization; Distribution Channel; Division; Sales Area; Plant; Storage Location; Shipping Point; Loading Point; Sales Office; Sales Group; Sales Organization + Distribution Channel + Division = Sales Area

**Transaction codes:** OX15; OX02; OVX5; OVXI; OVXB; OVXG; OX10; OVXD; OVXC; OVX6; OVX3; OVXK; OVXA; OVX1; OVX4; EC01 (SAP GUI; use the Fiori app for the same function where one exists)

**Environment:** SAP S/4HANA Training System

### Steps
- [ ] Reproduce the error in the training client (instructor-prepared)
- [ ] Record the exact message number and text, and the business impact
- [ ] Read the message
- [ ] Check the plant assignment
- [ ] Correct it
- [ ] Apply the fix
- [ ] Re-run the original transaction to validate
- [ ] Write the eight-section report: problem, business impact, evidence, root cause, configuration, fix, validation, prevention

### Acceptance criteria
- The original transaction now works
- Root cause is shown in configuration or master data
- Report has all eight sections

**Evidence required:** Root cause report

**Document flow and impact:** Record the document flow, and for every delivery, goods issue and invoice write the stock change and the debit and credit lines.

**Assessment:** Instructor grades the eight-section report. Type: Configuration decisions.

### Completion criteria
- Every step is done and every acceptance criterion is demonstrated
- Required evidence is attached to the issue
- Document flow and the logistics or accounting impact are written down where documents were created
- Actual time is logged against the issue
- Instructor Review is Approved and the status is Completed

**Estimated time:** 1 h

**Next task:** ASM-004","Enterprise Structure","V04.0 Enterprise Structure","MOD-05","TSH-001","1","L2 - Basic","Troubleshooting","SAP S/4HANA Training System","Root cause report","OX15; OX02; OVX5; OVXI; OVXB; OVXG; OX10; OVXD; OVXC; OVX6; OVX3; OVXK; OVXA; OVX1; OVX4; EC01","","Enterprise Structure","S/4HANA (ECC differences noted)","Same concept as ECC","None","None","Level 2 - SAP SD Core","SD","Configuration decisions","0","Pending"
"ASM-004","ASM-004","Assessment","High","[ASM-004] Phase 04 assessment: enterprise structure","**Objective:** Phase 04 assessment: enterprise structure

**Prerequisites:** TSH-002

**Concepts:** Client; Company; Company Code; Sales Organization; Distribution Channel; Division; Sales Area; Plant; Storage Location; Shipping Point; Loading Point; Sales Office; Sales Group; Sales Organization + Distribution Channel + Division = Sales Area

**Environment:** SAP S/4HANA Training System

### Steps
- [ ] Configure the structure for a second sales organization from a written requirement

### Acceptance criteria
- Score of 70 or higher

**Evidence required:** Scored result

**Document flow and impact:** Record the document flow, and for every delivery, goods issue and invoice write the stock change and the debit and credit lines.

**Troubleshooting:** Read the full message with its number. Record each error and its cause in the issue notes. If stuck for more than 30 minutes, set the status to Blocked and describe the blocker.

**Assessment:** Scored 0-100. Pass mark 70. Type: Configuration.

### Completion criteria
- Every step is done and every acceptance criterion is demonstrated
- Required evidence is attached to the issue
- Document flow and the logistics or accounting impact are written down where documents were created
- Actual time is logged against the issue
- Instructor Review is Approved and the status is Completed

**Estimated time:** 2 h

**Next task:** Last task of this module","Enterprise Structure","V04.0 Enterprise Structure","MOD-05","TSH-002","2","L2 - Basic","Assessment","SAP S/4HANA Training System","Scored result","","","Enterprise Structure","S/4HANA (ECC differences noted)","Same concept as ECC","None","None","Level 2 - SAP SD Core","SD","Configuration","0","Pending"
"REVIEW-04","REVIEW-04","Review","High","[REVIEW-04] Phase 04 gate review","**Objective:** Confirm that phase 04 (Enterprise Structure) is complete.

### Checklist
- [ ] Every issue of the phase is Completed
- [ ] Evidence is attached to every issue
- [ ] Time is logged
- [ ] Assessment score is 70 or higher
- [ ] Configuration document is up to date

**Assessment:** Instructor confirms the checklist and records the gate decision.

**Estimated time:** 1 h","","V04.0 Enterprise Structure","PHASE-04","ASM-004","1","","Review","","Instructor sign-off","","","","","","","","","","Review","0","Pending"
"PHASE-05","PHASE-05","Phase","Normal","[PHASE-05] SD Master Data","Phase 05 of 30. Version: V05.0 SD Master Data.

Modules: 3. Estimated hours: 38.

- MOD-06 Business Partner and Customer Master
- MOD-07 Material Master for SD
- MOD-08 Customer-Material Info and Partner Determination

The phase closes with the gate review REVIEW-05.","","V05.0 SD Master Data","EPIC","","","","","","","","","","","","","","","","","",""
"MOD-06","MOD-06","Module","Normal","[MOD-06] Business Partner and Customer Master","**Topics:** Business Partner; BP roles; Customer role; General data; Company-code data; Sales-area data; Partner functions; Number ranges; Groupings; BP integration; Name; Address; Communication; Tax information; Reconciliation account; Payment terms; Dunning; Sales, shipping and billing data

**Transaction codes:** BP; BUCF; BUC2; VD03; XD03

**Fiori apps:** Manage Business Partner Master Data; Customer - 360 View

**Environment:** SAP S/4HANA Training System

**Tasks:** 5, 13 estimated hours.

- THY-007 The business partner model and customer data levels
- CFG-003 Business partner groupings and number ranges
- LAB-007 Create Business Partner
- LAB-008 Create Customer Master
- MD-001 Ship-to, bill-to and payer as separate partners","Master Data","V05.0 SD Master Data","PHASE-05","","","","","SAP S/4HANA Training System","","BP; BUCF; BUC2; VD03; XD03","Manage Business Partner Master Data; Customer - 360 View","Master Data","S/4HANA (ECC differences noted)","Changed in S/4HANA","Order to Cash","FI","Level 2 - SAP SD Core","SD","","",""
"THY-007","THY-007","Theory","Normal","[THY-007] The business partner model and customer data levels","**Objective:** The business partner model and customer data levels

**Prerequisites:** ASM-004

**Concepts:** Business Partner; BP roles; Customer role; General data; Company-code data; Sales-area data; Partner functions; Number ranges; Groupings; BP integration; Name; Address; Communication; Tax information; Reconciliation account; Payment terms; Dunning; Sales, shipping and billing data

**Fiori apps:** Manage Business Partner Master Data; Customer - 360 View

**Business process:** Order to Cash

**Environment:** SAP S/4HANA Training System

### Steps
- [ ] Study business partner categories, groupings and roles
- [ ] Study general, company code and sales area data and which fields sit where
- [ ] Study customer-vendor integration and why customer transactions were replaced in S/4HANA

### Acceptance criteria
- Places twenty fields at the right level
- Names the roles a customer needs

**Evidence required:** Notes

**Document flow and impact:** Record the document flow, and for every delivery, goods issue and invoice write the stock change and the debit and credit lines.

**Assessment:** Instructor checks the notes and asks short oral questions. Type: Short answer.

### Completion criteria
- Every step is done and every acceptance criterion is demonstrated
- Required evidence is attached to the issue
- Document flow and the logistics or accounting impact are written down where documents were created
- Actual time is logged against the issue
- Instructor Review is Approved and the status is Completed

**Estimated time:** 3 h

**Next task:** CFG-003","Master Data","V05.0 SD Master Data","MOD-06","ASM-004","3","L2 - Basic","Theory","SAP S/4HANA Training System","Notes","","Manage Business Partner Master Data; Customer - 360 View","Master Data","S/4HANA (ECC differences noted)","Changed in S/4HANA","Order to Cash","FI","Level 2 - SAP SD Core","SD","Short answer","0","Pending"
"CFG-003","CFG-003","Configuration","Normal","[CFG-003] Business partner groupings and number ranges","**Objective:** Business partner groupings and number ranges

**Prerequisites:** THY-007

**Concepts:** Business Partner; BP roles; Customer role; General data; Company-code data; Sales-area data; Partner functions; Number ranges; Groupings; BP integration; Name; Address; Communication; Tax information; Reconciliation account; Payment terms; Dunning; Sales, shipping and billing data

**Transaction codes:** BUCF; BUC2 (SAP GUI; use the Fiori app for the same function where one exists)

**Fiori apps:** Manage Business Partner Master Data; Customer - 360 View

**Business process:** Order to Cash

**Environment:** SAP S/4HANA Training System

### Steps
- [ ] Define number ranges and groupings
- [ ] Align partner and customer numbers
- [ ] Review account groups behind the groupings

### Acceptance criteria
- A partner created in the grouping receives aligned numbers

**Evidence required:** Configuration document entry

**Document flow and impact:** Record the document flow, and for every delivery, goods issue and invoice write the stock change and the debit and credit lines.

**Troubleshooting:** Read the full message with its number. Record each error and its cause in the issue notes. If stuck for more than 30 minutes, set the status to Blocked and describe the blocker.

**Documentation:** Add the setting, its values and the business reason to your configuration document.

**Assessment:** Instructor checks the setting, its test document and the documented business reason. Type: Configuration.

### Completion criteria
- Every step is done and every acceptance criterion is demonstrated
- Required evidence is attached to the issue
- Document flow and the logistics or accounting impact are written down where documents were created
- Actual time is logged against the issue
- Instructor Review is Approved and the status is Completed

**Estimated time:** 2 h

**Next task:** LAB-007","Master Data","V05.0 SD Master Data","MOD-06","THY-007","2","L2 - Basic","Configuration","SAP S/4HANA Training System","Configuration document entry","BUCF; BUC2","Manage Business Partner Master Data; Customer - 360 View","Master Data","S/4HANA (ECC differences noted)","Changed in S/4HANA","Order to Cash","FI","Level 2 - SAP SD Core","SD","Configuration","0","Pending"
"LAB-007","LAB-007","Lab","Normal","[LAB-007] Create Business Partner","**Objective:** Create Business Partner

**Prerequisites:** CFG-003

**Concepts:** Business Partner; BP roles; Customer role; General data; Company-code data; Sales-area data; Partner functions; Number ranges; Groupings; BP integration; Name; Address; Communication; Tax information; Reconciliation account; Payment terms; Dunning; Sales, shipping and billing data

**Transaction codes:** BP (SAP GUI; use the Fiori app for the same function where one exists)

**Fiori apps:** Manage Business Partner Master Data; Customer - 360 View

**Business process:** Order to Cash

**Environment:** SAP S/4HANA Training System

### Steps
- [ ] Create an organization with the general role
- [ ] Maintain address, communication and tax numbers
- [ ] Add the FI customer role with reconciliation account, payment terms and dunning

### Acceptance criteria
- Partner exists with general and company code data

**Evidence required:** Document numbers + screenshots

**Document flow and impact:** Record the document flow, and for every delivery, goods issue and invoice write the stock change and the debit and credit lines.

**Troubleshooting:** Read the full message with its number. Record each error and its cause in the issue notes. If stuck for more than 30 minutes, set the status to Blocked and describe the blocker.

**Assessment:** Instructor verifies the acceptance criteria from the evidence and may ask for a live demonstration. Type: Transactions.

### Completion criteria
- Every step is done and every acceptance criterion is demonstrated
- Required evidence is attached to the issue
- Document flow and the logistics or accounting impact are written down where documents were created
- Actual time is logged against the issue
- Instructor Review is Approved and the status is Completed

**Estimated time:** 3 h

**Next task:** LAB-008","Master Data","V05.0 SD Master Data","MOD-06","CFG-003","3","L2 - Basic","Guided Lab","SAP S/4HANA Training System","Document numbers + screenshots","BP","Manage Business Partner Master Data; Customer - 360 View","Master Data","S/4HANA (ECC differences noted)","Changed in S/4HANA","Order to Cash","FI","Level 2 - SAP SD Core","SD","Transactions","0","Pending"
"LAB-008","LAB-008","Lab","Normal","[LAB-008] Create Customer Master","**Objective:** Create Customer Master

**Prerequisites:** LAB-007

**Concepts:** Business Partner; BP roles; Customer role; General data; Company-code data; Sales-area data; Partner functions; Number ranges; Groupings; BP integration; Name; Address; Communication; Tax information; Reconciliation account; Payment terms; Dunning; Sales, shipping and billing data

**Transaction codes:** BP (SAP GUI; use the Fiori app for the same function where one exists)

**Fiori apps:** Manage Business Partner Master Data; Customer - 360 View

**Business process:** Order to Cash

**Environment:** SAP S/4HANA Training System

### Steps
- [ ] Add the customer sales role for the sales area
- [ ] Maintain sales data: price group, customer pricing procedure, currency
- [ ] Maintain shipping data: delivering plant, shipping condition, delivery priority
- [ ] Maintain billing data: incoterms, payment terms, account assignment group, tax classification
- [ ] Maintain partner functions

### Acceptance criteria
- Customer can be used in a sales order without missing data

**Evidence required:** Document numbers + screenshots

**Document flow and impact:** Record the document flow, and for every delivery, goods issue and invoice write the stock change and the debit and credit lines.

**Troubleshooting:** Read the full message with its number. Record each error and its cause in the issue notes. If stuck for more than 30 minutes, set the status to Blocked and describe the blocker.

**Assessment:** Instructor verifies the acceptance criteria from the evidence and may ask for a live demonstration. Type: Transactions.

### Completion criteria
- Every step is done and every acceptance criterion is demonstrated
- Required evidence is attached to the issue
- Document flow and the logistics or accounting impact are written down where documents were created
- Actual time is logged against the issue
- Instructor Review is Approved and the status is Completed

**Estimated time:** 3 h

**Next task:** MD-001","Master Data","V05.0 SD Master Data","MOD-06","LAB-007","3","L2 - Basic","Guided Lab","SAP S/4HANA Training System","Document numbers + screenshots","BP","Manage Business Partner Master Data; Customer - 360 View","Master Data","S/4HANA (ECC differences noted)","Changed in S/4HANA","Order to Cash","FI","Level 2 - SAP SD Core","SD","Transactions","0","Pending"
"MD-001","MD-001","Master Data","Normal","[MD-001] Ship-to, bill-to and payer as separate partners","**Objective:** Ship-to, bill-to and payer as separate partners

**Prerequisites:** LAB-008

**Concepts:** Business Partner; BP roles; Customer role; General data; Company-code data; Sales-area data; Partner functions; Number ranges; Groupings; BP integration; Name; Address; Communication; Tax information; Reconciliation account; Payment terms; Dunning; Sales, shipping and billing data

**Transaction codes:** BP (SAP GUI; use the Fiori app for the same function where one exists)

**Fiori apps:** Manage Business Partner Master Data; Customer - 360 View

**Business process:** Order to Cash

**Environment:** SAP S/4HANA Training System

### Steps
- [ ] Create separate ship-to, bill-to and payer partners
- [ ] Assign them as partner functions of the sold-to
- [ ] Explain which data each one contributes to a document

### Acceptance criteria
- An order proposes the assigned partners

**Evidence required:** Document numbers + screenshots

**Document flow and impact:** Record the document flow, and for every delivery, goods issue and invoice write the stock change and the debit and credit lines.

**Troubleshooting:** Read the full message with its number. Record each error and its cause in the issue notes. If stuck for more than 30 minutes, set the status to Blocked and describe the blocker.

**Assessment:** Instructor checks the records and that they work in a sales document. Type: Master data.

### Completion criteria
- Every step is done and every acceptance criterion is demonstrated
- Required evidence is attached to the issue
- Document flow and the logistics or accounting impact are written down where documents were created
- Actual time is logged against the issue
- Instructor Review is Approved and the status is Completed

**Estimated time:** 2 h

**Next task:** Last task of this module","Master Data","V05.0 SD Master Data","MOD-06","LAB-008","2","L2 - Basic","Master Data","SAP S/4HANA Training System","Document numbers + screenshots","BP","Manage Business Partner Master Data; Customer - 360 View","Master Data","S/4HANA (ECC differences noted)","Changed in S/4HANA","Order to Cash","FI","Level 2 - SAP SD Core","SD","Master data","0","Pending"
"MOD-07","MOD-07","Module","Normal","[MOD-07] Material Master for SD","**Topics:** Basic data; Sales organization data; Sales data; Plant data; Accounting concepts; Loading group; Transportation group; Item category relevance; How material master affects sales and delivery

**Transaction codes:** MM01; MM02; MM03; MMBE; MIGO

**Fiori apps:** Manage Product Master Data

**Environment:** SAP S/4HANA Training System

**Tasks:** 2, 6 estimated hours.

- THY-008 Material views that drive sales and delivery
- LAB-009 Create Material Master","Master Data","V05.0 SD Master Data","PHASE-05","","","","","SAP S/4HANA Training System","","MM01; MM02; MM03; MMBE; MIGO","Manage Product Master Data","Master Data","S/4HANA (ECC differences noted)","Same concept as ECC","Order to Cash","MM","Level 2 - SAP SD Core","SD","","",""
"THY-008","THY-008","Theory","Normal","[THY-008] Material views that drive sales and delivery","**Objective:** Material views that drive sales and delivery

**Prerequisites:** MD-001

**Concepts:** Basic data; Sales organization data; Sales data; Plant data; Accounting concepts; Loading group; Transportation group; Item category relevance; How material master affects sales and delivery

**Fiori apps:** Manage Product Master Data

**Business process:** Order to Cash

**Environment:** SAP S/4HANA Training System

### Steps
- [ ] Study basic data, sales org 1 and 2, sales general or plant, and accounting views
- [ ] Study item category group, delivering plant, tax classification, account assignment group
- [ ] Study availability check, loading group and transportation group
- [ ] Study how each field affects the order, delivery or invoice

### Acceptance criteria
- Explains the effect of ten sales-relevant fields

**Evidence required:** Notes

**Document flow and impact:** Record the document flow, and for every delivery, goods issue and invoice write the stock change and the debit and credit lines.

**Assessment:** Instructor checks the notes and asks short oral questions. Type: Short answer.

### Completion criteria
- Every step is done and every acceptance criterion is demonstrated
- Required evidence is attached to the issue
- Document flow and the logistics or accounting impact are written down where documents were created
- Actual time is logged against the issue
- Instructor Review is Approved and the status is Completed

**Estimated time:** 3 h

**Next task:** LAB-009","Master Data","V05.0 SD Master Data","MOD-07","MD-001","3","L2 - Basic","Theory","SAP S/4HANA Training System","Notes","","Manage Product Master Data","Master Data","S/4HANA (ECC differences noted)","Same concept as ECC","Order to Cash","MM","Level 2 - SAP SD Core","SD","Short answer","0","Pending"
"LAB-009","LAB-009","Lab","Normal","[LAB-009] Create Material Master","**Objective:** Create Material Master

**Prerequisites:** THY-008

**Concepts:** Basic data; Sales organization data; Sales data; Plant data; Accounting concepts; Loading group; Transportation group; Item category relevance; How material master affects sales and delivery

**Transaction codes:** MM01; MMBE; MIGO (SAP GUI; use the Fiori app for the same function where one exists)

**Fiori apps:** Manage Product Master Data

**Business process:** Order to Cash

**Environment:** SAP S/4HANA Training System

### Steps
- [ ] Create a finished product with basic, sales, plant and accounting views for the plant and sales area
- [ ] Create a second material for a different division
- [ ] Post initial stock with the instructor movement
- [ ] Check stock

### Acceptance criteria
- Materials can be entered in an order and have stock

**Evidence required:** Document numbers + screenshots

**Document flow and impact:** Record the document flow, and for every delivery, goods issue and invoice write the stock change and the debit and credit lines.

**Troubleshooting:** Read the full message with its number. Record each error and its cause in the issue notes. If stuck for more than 30 minutes, set the status to Blocked and describe the blocker.

**Assessment:** Instructor verifies the acceptance criteria from the evidence and may ask for a live demonstration. Type: Transactions.

### Completion criteria
- Every step is done and every acceptance criterion is demonstrated
- Required evidence is attached to the issue
- Document flow and the logistics or accounting impact are written down where documents were created
- Actual time is logged against the issue
- Instructor Review is Approved and the status is Completed

**Estimated time:** 3 h

**Next task:** Last task of this module","Master Data","V05.0 SD Master Data","MOD-07","THY-008","3","L2 - Basic","Guided Lab","SAP S/4HANA Training System","Document numbers + screenshots","MM01; MMBE; MIGO","Manage Product Master Data","Master Data","S/4HANA (ECC differences noted)","Same concept as ECC","Order to Cash","MM","Level 2 - SAP SD Core","SD","Transactions","0","Pending"
"MOD-08","MOD-08","Module","Normal","[MOD-08] Customer-Material Info and Partner Determination","**Topics:** Customer-material info; Sold-to party; Ship-to party; Bill-to party; Payer; Partner functions; Partner procedures; Partner determination; Master data relationships

**Transaction codes:** VD51; VD52; VOPAN

**Fiori apps:** None listed

**Environment:** SAP S/4HANA Training System

**Tasks:** 8, 18 estimated hours.

- MD-002 Customer-material info record
- THY-009 Partner functions and partner determination procedures
- CFG-004 Configure partner determination
- TSH-003 Scenario 03: customer master missing for the sales area
- TSH-004 Scenario 04: partner missing or not determined in the order
- TSH-005 Scenario 05: material not defined for sales organization or plant
- PROJECT-001 SD master data project
- ASM-005 Phase 05 assessment: master data","Master Data","V05.0 SD Master Data","PHASE-05","","","","","SAP S/4HANA Training System","","VD51; VD52; VOPAN","","Master Data","S/4HANA (ECC differences noted)","Same concept as ECC","Order to Cash","None","Level 2 - SAP SD Core","SD","","",""
"MD-002","MD-002","Master Data","Normal","[MD-002] Customer-material info record","**Objective:** Customer-material info record

**Prerequisites:** LAB-009

**Concepts:** Customer-material info; Sold-to party; Ship-to party; Bill-to party; Payer; Partner functions; Partner procedures; Partner determination; Master data relationships

**Transaction codes:** VD51 (SAP GUI; use the Fiori app for the same function where one exists)

**Business process:** Order to Cash

**Environment:** SAP S/4HANA Training System

### Steps
- [ ] Create an info record with the customer's material number, delivering plant and delivery tolerances
- [ ] Enter an order by customer material number

### Acceptance criteria
- Order finds the material from the customer's number

**Evidence required:** Document numbers + screenshots

**Document flow and impact:** Record the document flow, and for every delivery, goods issue and invoice write the stock change and the debit and credit lines.

**Troubleshooting:** Read the full message with its number. Record each error and its cause in the issue notes. If stuck for more than 30 minutes, set the status to Blocked and describe the blocker.

**Assessment:** Instructor checks the records and that they work in a sales document. Type: Master data.

### Completion criteria
- Every step is done and every acceptance criterion is demonstrated
- Required evidence is attached to the issue
- Document flow and the logistics or accounting impact are written down where documents were created
- Actual time is logged against the issue
- Instructor Review is Approved and the status is Completed

**Estimated time:** 2 h

**Next task:** THY-009","Master Data","V05.0 SD Master Data","MOD-08","LAB-009","2","L3 - Intermediate","Master Data","SAP S/4HANA Training System","Document numbers + screenshots","VD51","","Master Data","S/4HANA (ECC differences noted)","Same concept as ECC","Order to Cash","None","Level 2 - SAP SD Core","SD","Master data","0","Pending"
"THY-009","THY-009","Theory","Normal","[THY-009] Partner functions and partner determination procedures","**Objective:** Partner functions and partner determination procedures

**Prerequisites:** MD-002

**Concepts:** Customer-material info; Sold-to party; Ship-to party; Bill-to party; Payer; Partner functions; Partner procedures; Partner determination; Master data relationships

**Business process:** Order to Cash

**Environment:** SAP S/4HANA Training System

### Steps
- [ ] Study partner functions and types
- [ ] Study procedures for customer, sales document header and item, delivery and billing
- [ ] Study mandatory and unique partners and the source of determination

### Acceptance criteria
- Explains where the forwarding agent in a delivery comes from

**Evidence required:** Notes

**Document flow and impact:** Record the document flow, and for every delivery, goods issue and invoice write the stock change and the debit and credit lines.

**Assessment:** Instructor checks the notes and asks short oral questions. Type: Short answer.

### Completion criteria
- Every step is done and every acceptance criterion is demonstrated
- Required evidence is attached to the issue
- Document flow and the logistics or accounting impact are written down where documents were created
- Actual time is logged against the issue
- Instructor Review is Approved and the status is Completed

**Estimated time:** 2 h

**Next task:** CFG-004","Master Data","V05.0 SD Master Data","MOD-08","MD-002","2","L3 - Intermediate","Theory","SAP S/4HANA Training System","Notes","","","Master Data","S/4HANA (ECC differences noted)","Same concept as ECC","Order to Cash","None","Level 2 - SAP SD Core","SD","Short answer","0","Pending"
"CFG-004","CFG-004","Configuration","Normal","[CFG-004] Configure partner determination","**Objective:** Configure partner determination

**Prerequisites:** THY-009

**Concepts:** Customer-material info; Sold-to party; Ship-to party; Bill-to party; Payer; Partner functions; Partner procedures; Partner determination; Master data relationships

**Transaction codes:** VOPAN (SAP GUI; use the Fiori app for the same function where one exists)

**Business process:** Order to Cash

**Environment:** SAP S/4HANA Training System

### Steps
- [ ] Create a partner function for a sales representative
- [ ] Add it to the customer master and order header procedures
- [ ] Assign procedures to the account group and order type
- [ ] Make it mandatory and test

### Acceptance criteria
- Order without the new partner is incomplete
- Partner copies from the customer when maintained

**Evidence required:** Configuration document entry

**Document flow and impact:** Record the document flow, and for every delivery, goods issue and invoice write the stock change and the debit and credit lines.

**Troubleshooting:** Read the full message with its number. Record each error and its cause in the issue notes. If stuck for more than 30 minutes, set the status to Blocked and describe the blocker.

**Documentation:** Add the setting, its values and the business reason to your configuration document.

**Assessment:** Instructor checks the setting, its test document and the documented business reason. Type: Configuration.

### Completion criteria
- Every step is done and every acceptance criterion is demonstrated
- Required evidence is attached to the issue
- Document flow and the logistics or accounting impact are written down where documents were created
- Actual time is logged against the issue
- Instructor Review is Approved and the status is Completed

**Estimated time:** 3 h

**Next task:** TSH-003","Master Data","V05.0 SD Master Data","MOD-08","THY-009","3","L3 - Intermediate","Configuration","SAP S/4HANA Training System","Configuration document entry","VOPAN","","Master Data","S/4HANA (ECC differences noted)","Same concept as ECC","Order to Cash","None","Level 2 - SAP SD Core","SD","Configuration","0","Pending"
"TSH-003","TSH-003","Troubleshooting","Normal","[TSH-003] Scenario 03: customer master missing for the sales area","**Objective:** Scenario 03: customer master missing for the sales area

**Prerequisites:** CFG-004

**Concepts:** Customer-material info; Sold-to party; Ship-to party; Bill-to party; Payer; Partner functions; Partner procedures; Partner determination; Master data relationships

**Transaction codes:** VD51; VD52; VOPAN (SAP GUI; use the Fiori app for the same function where one exists)

**Business process:** Order to Cash

**Environment:** SAP S/4HANA Training System

### Steps
- [ ] Reproduce the error in the training client (instructor-prepared)
- [ ] Record the exact message number and text, and the business impact
- [ ] Read the message
- [ ] Check the partner roles and sales area data
- [ ] Extend the customer
- [ ] Apply the fix
- [ ] Re-run the original transaction to validate
- [ ] Write the eight-section report: problem, business impact, evidence, root cause, configuration, fix, validation, prevention

### Acceptance criteria
- The original transaction now works
- Root cause is shown in configuration or master data
- Report has all eight sections

**Evidence required:** Root cause report

**Document flow and impact:** Record the document flow, and for every delivery, goods issue and invoice write the stock change and the debit and credit lines.

**Assessment:** Instructor grades the eight-section report. Type: Configuration decisions.

### Completion criteria
- Every step is done and every acceptance criterion is demonstrated
- Required evidence is attached to the issue
- Document flow and the logistics or accounting impact are written down where documents were created
- Actual time is logged against the issue
- Instructor Review is Approved and the status is Completed

**Estimated time:** 1 h

**Next task:** TSH-004","Master Data","V05.0 SD Master Data","MOD-08","CFG-004","1","L3 - Intermediate","Troubleshooting","SAP S/4HANA Training System","Root cause report","VD51; VD52; VOPAN","","Master Data","S/4HANA (ECC differences noted)","Same concept as ECC","Order to Cash","None","Level 2 - SAP SD Core","SD","Configuration decisions","0","Pending"
"TSH-004","TSH-004","Troubleshooting","Normal","[TSH-004] Scenario 04: partner missing or not determined in the order","**Objective:** Scenario 04: partner missing or not determined in the order

**Prerequisites:** TSH-003

**Concepts:** Customer-material info; Sold-to party; Ship-to party; Bill-to party; Payer; Partner functions; Partner procedures; Partner determination; Master data relationships

**Transaction codes:** VD51; VD52; VOPAN (SAP GUI; use the Fiori app for the same function where one exists)

**Business process:** Order to Cash

**Environment:** SAP S/4HANA Training System

### Steps
- [ ] Reproduce the error in the training client (instructor-prepared)
- [ ] Record the exact message number and text, and the business impact
- [ ] Check the partner procedure, mandatory flag and the customer master partners
- [ ] Apply the fix
- [ ] Re-run the original transaction to validate
- [ ] Write the eight-section report: problem, business impact, evidence, root cause, configuration, fix, validation, prevention

### Acceptance criteria
- The original transaction now works
- Root cause is shown in configuration or master data
- Report has all eight sections

**Evidence required:** Root cause report

**Document flow and impact:** Record the document flow, and for every delivery, goods issue and invoice write the stock change and the debit and credit lines.

**Assessment:** Instructor grades the eight-section report. Type: Configuration decisions.

### Completion criteria
- Every step is done and every acceptance criterion is demonstrated
- Required evidence is attached to the issue
- Document flow and the logistics or accounting impact are written down where documents were created
- Actual time is logged against the issue
- Instructor Review is Approved and the status is Completed

**Estimated time:** 1 h

**Next task:** TSH-005","Master Data","V05.0 SD Master Data","MOD-08","TSH-003","1","L3 - Intermediate","Troubleshooting","SAP S/4HANA Training System","Root cause report","VD51; VD52; VOPAN","","Master Data","S/4HANA (ECC differences noted)","Same concept as ECC","Order to Cash","None","Level 2 - SAP SD Core","SD","Configuration decisions","0","Pending"
"TSH-005","TSH-005","Troubleshooting","Normal","[TSH-005] Scenario 05: material not defined for sales organization or plant","**Objective:** Scenario 05: material not defined for sales organization or plant

**Prerequisites:** TSH-004

**Concepts:** Customer-material info; Sold-to party; Ship-to party; Bill-to party; Payer; Partner functions; Partner procedures; Partner determination; Master data relationships

**Transaction codes:** VD51; VD52; VOPAN (SAP GUI; use the Fiori app for the same function where one exists)

**Business process:** Order to Cash

**Environment:** SAP S/4HANA Training System

### Steps
- [ ] Reproduce the error in the training client (instructor-prepared)
- [ ] Record the exact message number and text, and the business impact
- [ ] Read the message
- [ ] Check the sales and plant views
- [ ] Extend the material
- [ ] Apply the fix
- [ ] Re-run the original transaction to validate
- [ ] Write the eight-section report: problem, business impact, evidence, root cause, configuration, fix, validation, prevention

### Acceptance criteria
- The original transaction now works
- Root cause is shown in configuration or master data
- Report has all eight sections

**Evidence required:** Root cause report

**Document flow and impact:** Record the document flow, and for every delivery, goods issue and invoice write the stock change and the debit and credit lines.

**Assessment:** Instructor grades the eight-section report. Type: Configuration decisions.

### Completion criteria
- Every step is done and every acceptance criterion is demonstrated
- Required evidence is attached to the issue
- Document flow and the logistics or accounting impact are written down where documents were created
- Actual time is logged against the issue
- Instructor Review is Approved and the status is Completed

**Estimated time:** 1 h

**Next task:** PROJECT-001","Master Data","V05.0 SD Master Data","MOD-08","TSH-004","1","L3 - Intermediate","Troubleshooting","SAP S/4HANA Training System","Root cause report","VD51; VD52; VOPAN","","Master Data","S/4HANA (ECC differences noted)","Same concept as ECC","Order to Cash","None","Level 2 - SAP SD Core","SD","Configuration decisions","0","Pending"
"PROJECT-001","PROJECT-001","Project","Normal","[PROJECT-001] SD master data project","**Objective:** SD master data project

**Prerequisites:** TSH-005

**Concepts:** Customer-material info; Sold-to party; Ship-to party; Bill-to party; Payer; Partner functions; Partner procedures; Partner determination; Master data relationships

**Business process:** Order to Cash

**Environment:** SAP S/4HANA Training System

### Steps
- [ ] Create for the course company: ten business partners with customer roles across two channels, ship-to and payer partners, twelve materials in two divisions, customer-material info records, condition records for prices, partner functions and output records
- [ ] Document the master data design

### Acceptance criteria
- All objects exist and work together in a test order
- Design document is delivered

**Evidence required:** Project documentation

**Document flow and impact:** Record the document flow, and for every delivery, goods issue and invoice write the stock change and the debit and credit lines.

**Troubleshooting:** Read the full message with its number. Record each error and its cause in the issue notes. If stuck for more than 30 minutes, set the status to Blocked and describe the blocker.

**Assessment:** Scored 0-100 on working result, tests and documentation. Type: Solution design.

### Completion criteria
- Every step is done and every acceptance criterion is demonstrated
- Required evidence is attached to the issue
- Document flow and the logistics or accounting impact are written down where documents were created
- Actual time is logged against the issue
- Instructor Review is Approved and the status is Completed

**Estimated time:** 6 h

**Next task:** ASM-005","Master Data","V05.0 SD Master Data","MOD-08","TSH-005","6","L3 - Intermediate","Project","SAP S/4HANA Training System","Project documentation","","","Master Data","S/4HANA (ECC differences noted)","Same concept as ECC","Order to Cash","None","Level 2 - SAP SD Core","SD","Solution design","1","Pending"
"ASM-005","ASM-005","Assessment","High","[ASM-005] Phase 05 assessment: master data","**Objective:** Phase 05 assessment: master data

**Prerequisites:** PROJECT-001

**Concepts:** Customer-material info; Sold-to party; Ship-to party; Bill-to party; Payer; Partner functions; Partner procedures; Partner determination; Master data relationships

**Business process:** Order to Cash

**Environment:** SAP S/4HANA Training System

### Steps
- [ ] Create and correct master data from a requirement sheet

### Acceptance criteria
- Score of 70 or higher

**Evidence required:** Scored result

**Document flow and impact:** Record the document flow, and for every delivery, goods issue and invoice write the stock change and the debit and credit lines.

**Troubleshooting:** Read the full message with its number. Record each error and its cause in the issue notes. If stuck for more than 30 minutes, set the status to Blocked and describe the blocker.

**Assessment:** Scored 0-100. Pass mark 70. Type: Master data.

### Completion criteria
- Every step is done and every acceptance criterion is demonstrated
- Required evidence is attached to the issue
- Document flow and the logistics or accounting impact are written down where documents were created
- Actual time is logged against the issue
- Instructor Review is Approved and the status is Completed

**Estimated time:** 2 h

**Next task:** Last task of this module","Master Data","V05.0 SD Master Data","MOD-08","PROJECT-001","2","L3 - Intermediate","Assessment","SAP S/4HANA Training System","Scored result","","","Master Data","S/4HANA (ECC differences noted)","Same concept as ECC","Order to Cash","None","Level 2 - SAP SD Core","SD","Master data","0","Pending"
"REVIEW-05","REVIEW-05","Review","High","[REVIEW-05] Phase 05 gate review","**Objective:** Confirm that phase 05 (SD Master Data) is complete.

### Checklist
- [ ] Every issue of the phase is Completed
- [ ] Evidence is attached to every issue
- [ ] Time is logged
- [ ] Assessment score is 70 or higher
- [ ] Configuration document is up to date

**Assessment:** Instructor confirms the checklist and records the gate decision.

**Estimated time:** 1 h","","V05.0 SD Master Data","PHASE-05","MD-001, LAB-009, ASM-005","1","","Review","","Instructor sign-off","","","","","","","","","","Review","0","Pending"
"PHASE-06","PHASE-06","Phase","Normal","[PHASE-06] Sales Documents","Phase 06 of 30. Version: V06.0 Sales Documents.

Modules: 2. Estimated hours: 25.

- MOD-09 Sales Document Types, Structure and Flow
- MOD-10 Contracts and Scheduling Agreements

The phase closes with the gate review REVIEW-06.","","V06.0 Sales Documents","EPIC","","","","","","","","","","","","","","","","","",""
"MOD-09","MOD-09","Module","Normal","[MOD-09] Sales Document Types, Structure and Flow","**Topics:** Inquiry; Quotation; Sales order; Contracts; Scheduling agreements; Returns; Credit memo request; Debit memo request; Free-of-charge delivery; Cash sales; Rush orders; Header; Item; Schedule line; Document flow; Status management

**Transaction codes:** VA11; VA21; VA01; VA02; VA03; VA05

**Fiori apps:** Manage Sales Inquiries; Manage Sales Quotations; Manage Sales Orders; Track Sales Orders

**Environment:** SAP S/4HANA Training System

**Tasks:** 6, 14 estimated hours.

- THY-010 Sales document types and what each is for
- THY-011 Header, item and schedule line
- LAB-010 Create Inquiry
- LAB-011 Create Quotation
- LAB-012 Create Sales Order
- PROC-001 Document flow and status management","Sales","V06.0 Sales Documents","PHASE-06","","","","","SAP S/4HANA Training System","","VA11; VA21; VA01; VA02; VA03; VA05","Manage Sales Inquiries; Manage Sales Quotations; Manage Sales Orders; Track Sales Orders","Sales","S/4HANA (ECC differences noted)","Same concept as ECC","Order to Cash","None","Level 2 - SAP SD Core","SD","","",""
"THY-010","THY-010","Theory","Normal","[THY-010] Sales document types and what each is for","**Objective:** Sales document types and what each is for

**Prerequisites:** ASM-005

**Concepts:** Inquiry; Quotation; Sales order; Contracts; Scheduling agreements; Returns; Credit memo request; Debit memo request; Free-of-charge delivery; Cash sales; Rush orders; Header; Item; Schedule line; Document flow; Status management

**Fiori apps:** Manage Sales Inquiries; Manage Sales Quotations; Manage Sales Orders; Track Sales Orders

**Business process:** Order to Cash

**Environment:** SAP S/4HANA Training System

### Steps
- [ ] Study inquiry, quotation, standard order, contracts, scheduling agreement, returns, credit and debit memo request, free-of-charge delivery, cash sale and rush order
- [ ] Note the standard type key of each

### Acceptance criteria
- Chooses the document type for twelve business situations

**Evidence required:** Notes

**Document flow and impact:** Record the document flow, and for every delivery, goods issue and invoice write the stock change and the debit and credit lines.

**Assessment:** Instructor checks the notes and asks short oral questions. Type: Short answer.

### Completion criteria
- Every step is done and every acceptance criterion is demonstrated
- Required evidence is attached to the issue
- Document flow and the logistics or accounting impact are written down where documents were created
- Actual time is logged against the issue
- Instructor Review is Approved and the status is Completed

**Estimated time:** 2 h

**Next task:** THY-011","Sales","V06.0 Sales Documents","MOD-09","ASM-005","2","L2 - Basic","Theory","SAP S/4HANA Training System","Notes","","Manage Sales Inquiries; Manage Sales Quotations; Manage Sales Orders; Track Sales Orders","Sales","S/4HANA (ECC differences noted)","Same concept as ECC","Order to Cash","None","Level 2 - SAP SD Core","SD","Short answer","0","Pending"
"THY-011","THY-011","Theory","Normal","[THY-011] Header, item and schedule line","**Objective:** Header, item and schedule line

**Prerequisites:** THY-010

**Concepts:** Inquiry; Quotation; Sales order; Contracts; Scheduling agreements; Returns; Credit memo request; Debit memo request; Free-of-charge delivery; Cash sales; Rush orders; Header; Item; Schedule line; Document flow; Status management

**Fiori apps:** Manage Sales Inquiries; Manage Sales Quotations; Manage Sales Orders; Track Sales Orders

**Business process:** Order to Cash

**Environment:** SAP S/4HANA Training System

### Steps
- [ ] Study what is stored at header, item and schedule line
- [ ] Study how data is proposed from customer, material and conditions
- [ ] Study how controls are determined: document type, item category, schedule line category

### Acceptance criteria
- Places fifteen fields at the right level
- Explains the origin of five proposed values

**Evidence required:** Notes

**Document flow and impact:** Record the document flow, and for every delivery, goods issue and invoice write the stock change and the debit and credit lines.

**Assessment:** Instructor checks the notes and asks short oral questions. Type: Short answer.

### Completion criteria
- Every step is done and every acceptance criterion is demonstrated
- Required evidence is attached to the issue
- Document flow and the logistics or accounting impact are written down where documents were created
- Actual time is logged against the issue
- Instructor Review is Approved and the status is Completed

**Estimated time:** 3 h

**Next task:** LAB-010","Sales","V06.0 Sales Documents","MOD-09","THY-010","3","L2 - Basic","Theory","SAP S/4HANA Training System","Notes","","Manage Sales Inquiries; Manage Sales Quotations; Manage Sales Orders; Track Sales Orders","Sales","S/4HANA (ECC differences noted)","Same concept as ECC","Order to Cash","None","Level 2 - SAP SD Core","SD","Short answer","0","Pending"
"LAB-010","LAB-010","Lab","Normal","[LAB-010] Create Inquiry","**Objective:** Create Inquiry

**Prerequisites:** THY-011

**Concepts:** Inquiry; Quotation; Sales order; Contracts; Scheduling agreements; Returns; Credit memo request; Debit memo request; Free-of-charge delivery; Cash sales; Rush orders; Header; Item; Schedule line; Document flow; Status management

**Transaction codes:** VA11 (SAP GUI; use the Fiori app for the same function where one exists)

**Fiori apps:** Manage Sales Inquiries; Manage Sales Quotations; Manage Sales Orders; Track Sales Orders

**Business process:** Order to Cash

**Environment:** SAP S/4HANA Training System

### Steps
- [ ] Create an inquiry for a customer with two items and a validity period
- [ ] Review header, item and schedule line data

### Acceptance criteria
- Inquiry is saved and complete

**Evidence required:** Document numbers + screenshots

**Document flow and impact:** Record the document flow, and for every delivery, goods issue and invoice write the stock change and the debit and credit lines.

**Troubleshooting:** Read the full message with its number. Record each error and its cause in the issue notes. If stuck for more than 30 minutes, set the status to Blocked and describe the blocker.

**Assessment:** Instructor verifies the acceptance criteria from the evidence and may ask for a live demonstration. Type: Transactions.

### Completion criteria
- Every step is done and every acceptance criterion is demonstrated
- Required evidence is attached to the issue
- Document flow and the logistics or accounting impact are written down where documents were created
- Actual time is logged against the issue
- Instructor Review is Approved and the status is Completed

**Estimated time:** 2 h

**Next task:** LAB-011","Sales","V06.0 Sales Documents","MOD-09","THY-011","2","L2 - Basic","Guided Lab","SAP S/4HANA Training System","Document numbers + screenshots","VA11","Manage Sales Inquiries; Manage Sales Quotations; Manage Sales Orders; Track Sales Orders","Sales","S/4HANA (ECC differences noted)","Same concept as ECC","Order to Cash","None","Level 2 - SAP SD Core","SD","Transactions","0","Pending"
"LAB-011","LAB-011","Lab","Normal","[LAB-011] Create Quotation","**Objective:** Create Quotation

**Prerequisites:** LAB-010

**Concepts:** Inquiry; Quotation; Sales order; Contracts; Scheduling agreements; Returns; Credit memo request; Debit memo request; Free-of-charge delivery; Cash sales; Rush orders; Header; Item; Schedule line; Document flow; Status management

**Transaction codes:** VA21 (SAP GUI; use the Fiori app for the same function where one exists)

**Fiori apps:** Manage Sales Inquiries; Manage Sales Quotations; Manage Sales Orders; Track Sales Orders

**Business process:** Order to Cash

**Environment:** SAP S/4HANA Training System

### Steps
- [ ] Create a quotation with reference to the inquiry
- [ ] Change quantity and validity
- [ ] Check pricing
- [ ] Review the document flow

### Acceptance criteria
- Quotation references the inquiry
- Flow shows both

**Evidence required:** Document numbers + screenshots

**Document flow and impact:** Record the document flow, and for every delivery, goods issue and invoice write the stock change and the debit and credit lines.

**Troubleshooting:** Read the full message with its number. Record each error and its cause in the issue notes. If stuck for more than 30 minutes, set the status to Blocked and describe the blocker.

**Assessment:** Instructor verifies the acceptance criteria from the evidence and may ask for a live demonstration. Type: Transactions.

### Completion criteria
- Every step is done and every acceptance criterion is demonstrated
- Required evidence is attached to the issue
- Document flow and the logistics or accounting impact are written down where documents were created
- Actual time is logged against the issue
- Instructor Review is Approved and the status is Completed

**Estimated time:** 2 h

**Next task:** LAB-012","Sales","V06.0 Sales Documents","MOD-09","LAB-010","2","L2 - Basic","Guided Lab","SAP S/4HANA Training System","Document numbers + screenshots","VA21","Manage Sales Inquiries; Manage Sales Quotations; Manage Sales Orders; Track Sales Orders","Sales","S/4HANA (ECC differences noted)","Same concept as ECC","Order to Cash","None","Level 2 - SAP SD Core","SD","Transactions","0","Pending"
"LAB-012","LAB-012","Lab","Normal","[LAB-012] Create Sales Order","**Objective:** Create Sales Order

**Prerequisites:** LAB-011

**Concepts:** Inquiry; Quotation; Sales order; Contracts; Scheduling agreements; Returns; Credit memo request; Debit memo request; Free-of-charge delivery; Cash sales; Rush orders; Header; Item; Schedule line; Document flow; Status management

**Transaction codes:** VA01; VA02; VA03 (SAP GUI; use the Fiori app for the same function where one exists)

**Fiori apps:** Manage Sales Inquiries; Manage Sales Quotations; Manage Sales Orders; Track Sales Orders

**Business process:** Order to Cash

**Environment:** SAP S/4HANA Training System

### Steps
- [ ] Create an order with reference to the quotation
- [ ] Create one without reference
- [ ] Review partners, pricing, schedule lines and incompletion log
- [ ] Change and display
- [ ] Use the Fiori app for the same task

### Acceptance criteria
- Orders are complete and confirmed
- Reference status of the quotation is updated

**Evidence required:** Document numbers + screenshots

**Document flow and impact:** Record the document flow, and for every delivery, goods issue and invoice write the stock change and the debit and credit lines.

**Troubleshooting:** Read the full message with its number. Record each error and its cause in the issue notes. If stuck for more than 30 minutes, set the status to Blocked and describe the blocker.

**Assessment:** Instructor verifies the acceptance criteria from the evidence and may ask for a live demonstration. Type: Transactions.

### Completion criteria
- Every step is done and every acceptance criterion is demonstrated
- Required evidence is attached to the issue
- Document flow and the logistics or accounting impact are written down where documents were created
- Actual time is logged against the issue
- Instructor Review is Approved and the status is Completed

**Estimated time:** 3 h

**Next task:** PROC-001","Sales","V06.0 Sales Documents","MOD-09","LAB-011","3","L2 - Basic","Guided Lab","SAP S/4HANA Training System","Document numbers + screenshots","VA01; VA02; VA03","Manage Sales Inquiries; Manage Sales Quotations; Manage Sales Orders; Track Sales Orders","Sales","S/4HANA (ECC differences noted)","Same concept as ECC","Order to Cash","None","Level 2 - SAP SD Core","SD","Transactions","0","Pending"
"PROC-001","PROC-001","Sales Process","Normal","[PROC-001] Document flow and status management","**Objective:** Document flow and status management

**Prerequisites:** LAB-012

**Concepts:** Inquiry; Quotation; Sales order; Contracts; Scheduling agreements; Returns; Credit memo request; Debit memo request; Free-of-charge delivery; Cash sales; Rush orders; Header; Item; Schedule line; Document flow; Status management

**Transaction codes:** VA03; VA05 (SAP GUI; use the Fiori app for the same function where one exists)

**Fiori apps:** Manage Sales Inquiries; Manage Sales Quotations; Manage Sales Orders; Track Sales Orders

**Business process:** Order to Cash

**Environment:** SAP S/4HANA Training System

### Steps
- [ ] Read overall, delivery, billing and rejection status at header and item
- [ ] Reject an item with a reason
- [ ] List orders by customer and by material
- [ ] Find open quotations

### Acceptance criteria
- Status of each document is explained
- Lists are produced

**Evidence required:** Process document + document numbers

**Document flow and impact:** Record the document flow, and for every delivery, goods issue and invoice write the stock change and the debit and credit lines.

**Troubleshooting:** Read the full message with its number. Record each error and its cause in the issue notes. If stuck for more than 30 minutes, set the status to Blocked and describe the blocker.

**Assessment:** Instructor checks the process end to end from the document flow. Type: Transactions.

### Completion criteria
- Every step is done and every acceptance criterion is demonstrated
- Required evidence is attached to the issue
- Document flow and the logistics or accounting impact are written down where documents were created
- Actual time is logged against the issue
- Instructor Review is Approved and the status is Completed

**Estimated time:** 2 h

**Next task:** Last task of this module","Sales","V06.0 Sales Documents","MOD-09","LAB-012","2","L2 - Basic","Business Process","SAP S/4HANA Training System","Process document + document numbers","VA03; VA05","Manage Sales Inquiries; Manage Sales Quotations; Manage Sales Orders; Track Sales Orders","Sales","S/4HANA (ECC differences noted)","Same concept as ECC","Order to Cash","None","Level 2 - SAP SD Core","SD","Transactions","0","Pending"
"MOD-10","MOD-10","Module","Normal","[MOD-10] Contracts and Scheduling Agreements","**Topics:** Quantity contracts; Value contracts; Scheduling agreements; Contract release orders; Validity; Target values; Target quantities

**Transaction codes:** VA41; VA42; VA43; VA31; VA32; VA45

**Fiori apps:** Manage Sales Contracts; Manage Sales Scheduling Agreements

**Environment:** SAP S/4HANA Training System

**Tasks:** 4, 10 estimated hours.

- THY-012 Outline agreements
- PROC-002 Quantity contract and release orders
- PROC-003 Value contract and scheduling agreement
- ASM-006 Phase 06 assessment: sales documents","Sales","V06.0 Sales Documents","PHASE-06","","","","","SAP S/4HANA Training System","","VA41; VA42; VA43; VA31; VA32; VA45","Manage Sales Contracts; Manage Sales Scheduling Agreements","Sales","S/4HANA (ECC differences noted)","Same concept as ECC","Contracts","None","Level 2 - SAP SD Core","SD","","",""
"THY-012","THY-012","Theory","Normal","[THY-012] Outline agreements","**Objective:** Outline agreements

**Prerequisites:** PROC-001

**Concepts:** Quantity contracts; Value contracts; Scheduling agreements; Contract release orders; Validity; Target values; Target quantities

**Fiori apps:** Manage Sales Contracts; Manage Sales Scheduling Agreements

**Business process:** Contracts

**Environment:** SAP S/4HANA Training System

### Steps
- [ ] Study quantity and value contracts, validity, target quantity and value
- [ ] Study release orders
- [ ] Study scheduling agreements with delivery schedules

### Acceptance criteria
- Chooses contract or scheduling agreement for four cases

**Evidence required:** Notes

**Document flow and impact:** Record the document flow, and for every delivery, goods issue and invoice write the stock change and the debit and credit lines.

**Assessment:** Instructor checks the notes and asks short oral questions. Type: Short answer.

### Completion criteria
- Every step is done and every acceptance criterion is demonstrated
- Required evidence is attached to the issue
- Document flow and the logistics or accounting impact are written down where documents were created
- Actual time is logged against the issue
- Instructor Review is Approved and the status is Completed

**Estimated time:** 2 h

**Next task:** PROC-002","Sales","V06.0 Sales Documents","MOD-10","PROC-001","2","L3 - Intermediate","Theory","SAP S/4HANA Training System","Notes","","Manage Sales Contracts; Manage Sales Scheduling Agreements","Sales","S/4HANA (ECC differences noted)","Same concept as ECC","Contracts","None","Level 2 - SAP SD Core","SD","Short answer","0","Pending"
"PROC-002","PROC-002","Sales Process","Normal","[PROC-002] Quantity contract and release orders","**Objective:** Quantity contract and release orders

**Prerequisites:** THY-012

**Concepts:** Quantity contracts; Value contracts; Scheduling agreements; Contract release orders; Validity; Target values; Target quantities

**Transaction codes:** VA41; VA01; VA43 (SAP GUI; use the Fiori app for the same function where one exists)

**Fiori apps:** Manage Sales Contracts; Manage Sales Scheduling Agreements

**Business process:** Contracts

**Environment:** SAP S/4HANA Training System

### Steps
- [ ] Create a quantity contract with validity and target quantity
- [ ] Create release orders against it
- [ ] Check released and open quantity
- [ ] Try to exceed the target and observe the control

### Acceptance criteria
- Release orders reduce the open quantity
- Over-release behaves as configured

**Evidence required:** Process document + document numbers

**Document flow and impact:** Record the document flow, and for every delivery, goods issue and invoice write the stock change and the debit and credit lines.

**Troubleshooting:** Read the full message with its number. Record each error and its cause in the issue notes. If stuck for more than 30 minutes, set the status to Blocked and describe the blocker.

**Assessment:** Instructor checks the process end to end from the document flow. Type: Transactions.

### Completion criteria
- Every step is done and every acceptance criterion is demonstrated
- Required evidence is attached to the issue
- Document flow and the logistics or accounting impact are written down where documents were created
- Actual time is logged against the issue
- Instructor Review is Approved and the status is Completed

**Estimated time:** 3 h

**Next task:** PROC-003","Sales","V06.0 Sales Documents","MOD-10","THY-012","3","L3 - Intermediate","Business Process","SAP S/4HANA Training System","Process document + document numbers","VA41; VA01; VA43","Manage Sales Contracts; Manage Sales Scheduling Agreements","Sales","S/4HANA (ECC differences noted)","Same concept as ECC","Contracts","None","Level 2 - SAP SD Core","SD","Transactions","0","Pending"
"PROC-003","PROC-003","Sales Process","Normal","[PROC-003] Value contract and scheduling agreement","**Objective:** Value contract and scheduling agreement

**Prerequisites:** PROC-002

**Concepts:** Quantity contracts; Value contracts; Scheduling agreements; Contract release orders; Validity; Target values; Target quantities

**Transaction codes:** VA41; VA31; VL10A (SAP GUI; use the Fiori app for the same function where one exists)

**Fiori apps:** Manage Sales Contracts; Manage Sales Scheduling Agreements

**Business process:** Contracts

**Environment:** SAP S/4HANA Training System

### Steps
- [ ] Create a value contract and release against it
- [ ] Create a scheduling agreement with schedule lines
- [ ] Deliver one schedule line

### Acceptance criteria
- Released value is tracked
- Schedule line is delivered

**Evidence required:** Process document + document numbers

**Document flow and impact:** Record the document flow, and for every delivery, goods issue and invoice write the stock change and the debit and credit lines.

**Troubleshooting:** Read the full message with its number. Record each error and its cause in the issue notes. If stuck for more than 30 minutes, set the status to Blocked and describe the blocker.

**Assessment:** Instructor checks the process end to end from the document flow. Type: Transactions.

### Completion criteria
- Every step is done and every acceptance criterion is demonstrated
- Required evidence is attached to the issue
- Document flow and the logistics or accounting impact are written down where documents were created
- Actual time is logged against the issue
- Instructor Review is Approved and the status is Completed

**Estimated time:** 3 h

**Next task:** ASM-006","Sales","V06.0 Sales Documents","MOD-10","PROC-002","3","L3 - Intermediate","Business Process","SAP S/4HANA Training System","Process document + document numbers","VA41; VA31; VL10A","Manage Sales Contracts; Manage Sales Scheduling Agreements","Sales","S/4HANA (ECC differences noted)","Same concept as ECC","Contracts","None","Level 2 - SAP SD Core","SD","Transactions","0","Pending"
"ASM-006","ASM-006","Assessment","High","[ASM-006] Phase 06 assessment: sales documents","**Objective:** Phase 06 assessment: sales documents

**Prerequisites:** PROC-003

**Concepts:** Quantity contracts; Value contracts; Scheduling agreements; Contract release orders; Validity; Target values; Target quantities

**Fiori apps:** Manage Sales Contracts; Manage Sales Scheduling Agreements

**Business process:** Contracts

**Environment:** SAP S/4HANA Training System

### Steps
- [ ] Execute a sales document task sheet with references and status questions

### Acceptance criteria
- Score of 70 or higher

**Evidence required:** Scored result

**Document flow and impact:** Record the document flow, and for every delivery, goods issue and invoice write the stock change and the debit and credit lines.

**Troubleshooting:** Read the full message with its number. Record each error and its cause in the issue notes. If stuck for more than 30 minutes, set the status to Blocked and describe the blocker.

**Assessment:** Scored 0-100. Pass mark 70. Type: Transactions.

### Completion criteria
- Every step is done and every acceptance criterion is demonstrated
- Required evidence is attached to the issue
- Document flow and the logistics or accounting impact are written down where documents were created
- Actual time is logged against the issue
- Instructor Review is Approved and the status is Completed

**Estimated time:** 2 h

**Next task:** Last task of this module","Sales","V06.0 Sales Documents","MOD-10","PROC-003","2","L3 - Intermediate","Assessment","SAP S/4HANA Training System","Scored result","","Manage Sales Contracts; Manage Sales Scheduling Agreements","Sales","S/4HANA (ECC differences noted)","Same concept as ECC","Contracts","None","Level 2 - SAP SD Core","SD","Transactions","0","Pending"
"REVIEW-06","REVIEW-06","Review","High","[REVIEW-06] Phase 06 gate review","**Objective:** Confirm that phase 06 (Sales Documents) is complete.

### Checklist
- [ ] Every issue of the phase is Completed
- [ ] Evidence is attached to every issue
- [ ] Time is logged
- [ ] Assessment score is 70 or higher
- [ ] Configuration document is up to date

**Assessment:** Instructor confirms the checklist and records the gate decision.

**Estimated time:** 1 h","","V06.0 Sales Documents","PHASE-06","PROC-001, ASM-006","1","","Review","","Instructor sign-off","","","","","","","","","","Review","0","Pending"
"PHASE-07","PHASE-07","Phase","Normal","[PHASE-07] Sales Order Processing","Phase 07 of 30. Version: V07.0 Sales Order Processing.

Modules: 4. Estimated hours: 48.

- MOD-11 Sales Order Configuration
- MOD-12 Item Categories and Schedule Line Categories
- MOD-13 Copy Control
- MOD-14 Text, Material Determination and Listing/Exclusion

The phase closes with the gate review REVIEW-07.","","V07.0 Sales Order Processing","EPIC","","","","","","","","","","","","","","","","","",""
"MOD-11","MOD-11","Module","Normal","[MOD-11] Sales Order Configuration","**Topics:** Sales document type; Number ranges; Item categories; Schedule line categories; Copy control; Partner determination; Pricing; Availability check; Delivery relevance; Billing relevance; Incompletion

**Transaction codes:** VOV8; VN01; OVAZ; OVA2; VUA2; V.02

**Fiori apps:** None listed

**Environment:** SAP S/4HANA Training System

**Tasks:** 2, 6 estimated hours.

- CFG-005 Sales document type controls
- CFG-006 Incompletion procedures","Sales","V07.0 Sales Order Processing","PHASE-07","","","","","SAP S/4HANA Training System","","VOV8; VN01; OVAZ; OVA2; VUA2; V.02","","Sales","S/4HANA (ECC differences noted)","Same concept as ECC","Order to Cash","None","Level 2 - SAP SD Core","SD","","",""
"CFG-005","CFG-005","Configuration","Normal","[CFG-005] Sales document type controls","**Objective:** Sales document type controls

**Prerequisites:** PROC-001

**Concepts:** Sales document type; Number ranges; Item categories; Schedule line categories; Copy control; Partner determination; Pricing; Availability check; Delivery relevance; Billing relevance; Incompletion

**Transaction codes:** VOV8; VN01; OVAZ (SAP GUI; use the Fiori app for the same function where one exists)

**Business process:** Order to Cash

**Environment:** SAP S/4HANA Training System

### Steps
- [ ] Read every control of the standard order type and state its effect
- [ ] Copy it to a custom type for the course company
- [ ] Assign a number range
- [ ] Set default delivery type, billing type, blocks and date proposals
- [ ] Assign the type to the sales areas

### Acceptance criteria
- Custom order type creates an order with its own number range and defaults

**Evidence required:** Configuration document entry

**Document flow and impact:** Record the document flow, and for every delivery, goods issue and invoice write the stock change and the debit and credit lines.

**Troubleshooting:** Read the full message with its number. Record each error and its cause in the issue notes. If stuck for more than 30 minutes, set the status to Blocked and describe the blocker.

**Documentation:** Add the setting, its values and the business reason to your configuration document.

**Assessment:** Instructor checks the setting, its test document and the documented business reason. Type: Configuration.

### Completion criteria
- Every step is done and every acceptance criterion is demonstrated
- Required evidence is attached to the issue
- Document flow and the logistics or accounting impact are written down where documents were created
- Actual time is logged against the issue
- Instructor Review is Approved and the status is Completed

**Estimated time:** 4 h

**Next task:** CFG-006","Sales","V07.0 Sales Order Processing","MOD-11","PROC-001","4","L3 - Intermediate","Configuration","SAP S/4HANA Training System","Configuration document entry","VOV8; VN01; OVAZ","","Sales","S/4HANA (ECC differences noted)","Same concept as ECC","Order to Cash","None","Level 2 - SAP SD Core","SD","Configuration","0","Pending"
"CFG-006","CFG-006","Configuration","Normal","[CFG-006] Incompletion procedures","**Objective:** Incompletion procedures

**Prerequisites:** CFG-005

**Concepts:** Sales document type; Number ranges; Item categories; Schedule line categories; Copy control; Partner determination; Pricing; Availability check; Delivery relevance; Billing relevance; Incompletion

**Transaction codes:** OVA2; VUA2; V.02 (SAP GUI; use the Fiori app for the same function where one exists)

**Business process:** Order to Cash

**Environment:** SAP S/4HANA Training System

### Steps
- [ ] Review incompletion procedures for header, item and schedule line
- [ ] Add purchase order number as required with a status that blocks delivery
- [ ] Assign the procedure
- [ ] List incomplete documents

### Acceptance criteria
- Order without the field is incomplete and cannot be delivered

**Evidence required:** Configuration document entry

**Document flow and impact:** Record the document flow, and for every delivery, goods issue and invoice write the stock change and the debit and credit lines.

**Troubleshooting:** Read the full message with its number. Record each error and its cause in the issue notes. If stuck for more than 30 minutes, set the status to Blocked and describe the blocker.

**Documentation:** Add the setting, its values and the business reason to your configuration document.

**Assessment:** Instructor checks the setting, its test document and the documented business reason. Type: Configuration.

### Completion criteria
- Every step is done and every acceptance criterion is demonstrated
- Required evidence is attached to the issue
- Document flow and the logistics or accounting impact are written down where documents were created
- Actual time is logged against the issue
- Instructor Review is Approved and the status is Completed

**Estimated time:** 2 h

**Next task:** Last task of this module","Sales","V07.0 Sales Order Processing","MOD-11","CFG-005","2","L3 - Intermediate","Configuration","SAP S/4HANA Training System","Configuration document entry","OVA2; VUA2; V.02","","Sales","S/4HANA (ECC differences noted)","Same concept as ECC","Order to Cash","None","Level 2 - SAP SD Core","SD","Configuration","0","Pending"
"MOD-12","MOD-12","Module","Normal","[MOD-12] Item Categories and Schedule Line Categories","**Topics:** Item category determination; Item category controls; Billing relevance; Delivery relevance; Pricing; Schedule line; Availability; Text; Incompletion; Schedule line determination; Transfer of requirements; Movement type

**Transaction codes:** VOV7; VOV4; VOV6; VOV5

**Fiori apps:** None listed

**Environment:** SAP S/4HANA Training System

**Tasks:** 6, 14 estimated hours.

- THY-013 Item category: controls and determination
- LAB-013 Configure Item Category
- THY-014 Schedule line category: controls and determination
- LAB-014 Configure Schedule Line
- TSH-006 Scenario 06: item category error, no item category available
- TSH-007 Scenario 07: schedule line error, no schedule line or not delivery relevant","Sales","V07.0 Sales Order Processing","PHASE-07","","","","","SAP S/4HANA Training System","","VOV7; VOV4; VOV6; VOV5","","Sales","S/4HANA (ECC differences noted)","Same concept as ECC","Order to Cash","MM","Level 2 - SAP SD Core","SD","","",""
"THY-013","THY-013","Theory","Normal","[THY-013] Item category: controls and determination","**Objective:** Item category: controls and determination

**Prerequisites:** CFG-006

**Concepts:** Item category determination; Item category controls; Billing relevance; Delivery relevance; Pricing; Schedule line; Availability; Text; Incompletion; Schedule line determination; Transfer of requirements; Movement type

**Business process:** Order to Cash

**Environment:** SAP S/4HANA Training System

### Steps
- [ ] Study the item category controls: billing relevance, pricing, schedule lines allowed, business item, completion rule, special stock
- [ ] Study determination by document type, item category group, usage and higher-level item

### Acceptance criteria
- Predicts the item category for eight combinations
- Explains the effect of billing relevance values

**Evidence required:** Notes

**Document flow and impact:** Record the document flow, and for every delivery, goods issue and invoice write the stock change and the debit and credit lines.

**Assessment:** Instructor checks the notes and asks short oral questions. Type: Short answer.

### Completion criteria
- Every step is done and every acceptance criterion is demonstrated
- Required evidence is attached to the issue
- Document flow and the logistics or accounting impact are written down where documents were created
- Actual time is logged against the issue
- Instructor Review is Approved and the status is Completed

**Estimated time:** 3 h

**Next task:** LAB-013","Sales","V07.0 Sales Order Processing","MOD-12","CFG-006","3","L4 - Advanced","Theory","SAP S/4HANA Training System","Notes","","","Sales","S/4HANA (ECC differences noted)","Same concept as ECC","Order to Cash","MM","Level 2 - SAP SD Core","SD","Short answer","0","Pending"
"LAB-013","LAB-013","Lab","Normal","[LAB-013] Configure Item Category","**Objective:** Configure Item Category

**Prerequisites:** THY-013

**Concepts:** Item category determination; Item category controls; Billing relevance; Delivery relevance; Pricing; Schedule line; Availability; Text; Incompletion; Schedule line determination; Transfer of requirements; Movement type

**Transaction codes:** VOV7; VOV4 (SAP GUI; use the Fiori app for the same function where one exists)

**Business process:** Order to Cash

**Environment:** SAP S/4HANA Training System

### Steps
- [ ] Copy a standard item category to a custom one for a free sample that is delivered but not billed or priced
- [ ] Set its controls
- [ ] Maintain determination for the custom order type
- [ ] Test in an order

### Acceptance criteria
- Custom item is determined, delivers and is not billed

**Evidence required:** Document numbers + screenshots

**Document flow and impact:** Record the document flow, and for every delivery, goods issue and invoice write the stock change and the debit and credit lines.

**Troubleshooting:** Read the full message with its number. Record each error and its cause in the issue notes. If stuck for more than 30 minutes, set the status to Blocked and describe the blocker.

**Assessment:** Instructor verifies the acceptance criteria from the evidence and may ask for a live demonstration. Type: Transactions.

### Completion criteria
- Every step is done and every acceptance criterion is demonstrated
- Required evidence is attached to the issue
- Document flow and the logistics or accounting impact are written down where documents were created
- Actual time is logged against the issue
- Instructor Review is Approved and the status is Completed

**Estimated time:** 4 h

**Next task:** THY-014","Sales","V07.0 Sales Order Processing","MOD-12","THY-013","4","L4 - Advanced","Guided Lab","SAP S/4HANA Training System","Document numbers + screenshots","VOV7; VOV4","","Sales","S/4HANA (ECC differences noted)","Same concept as ECC","Order to Cash","MM","Level 2 - SAP SD Core","SD","Transactions","0","Pending"
"THY-014","THY-014","Theory","Normal","[THY-014] Schedule line category: controls and determination","**Objective:** Schedule line category: controls and determination

**Prerequisites:** LAB-013

**Concepts:** Item category determination; Item category controls; Billing relevance; Delivery relevance; Pricing; Schedule line; Availability; Text; Incompletion; Schedule line determination; Transfer of requirements; Movement type

**Business process:** Order to Cash

**Environment:** SAP S/4HANA Training System

### Steps
- [ ] Study movement type, availability check, transfer of requirements, delivery relevance, purchase requisition settings
- [ ] Study determination by item category and MRP type

### Acceptance criteria
- Predicts the schedule line category for six combinations

**Evidence required:** Notes

**Document flow and impact:** Record the document flow, and for every delivery, goods issue and invoice write the stock change and the debit and credit lines.

**Assessment:** Instructor checks the notes and asks short oral questions. Type: Short answer.

### Completion criteria
- Every step is done and every acceptance criterion is demonstrated
- Required evidence is attached to the issue
- Document flow and the logistics or accounting impact are written down where documents were created
- Actual time is logged against the issue
- Instructor Review is Approved and the status is Completed

**Estimated time:** 2 h

**Next task:** LAB-014","Sales","V07.0 Sales Order Processing","MOD-12","LAB-013","2","L4 - Advanced","Theory","SAP S/4HANA Training System","Notes","","","Sales","S/4HANA (ECC differences noted)","Same concept as ECC","Order to Cash","MM","Level 2 - SAP SD Core","SD","Short answer","0","Pending"
"LAB-014","LAB-014","Lab","Normal","[LAB-014] Configure Schedule Line","**Objective:** Configure Schedule Line

**Prerequisites:** THY-014

**Concepts:** Item category determination; Item category controls; Billing relevance; Delivery relevance; Pricing; Schedule line; Availability; Text; Incompletion; Schedule line determination; Transfer of requirements; Movement type

**Transaction codes:** VOV6; VOV5 (SAP GUI; use the Fiori app for the same function where one exists)

**Business process:** Order to Cash

**Environment:** SAP S/4HANA Training System

### Steps
- [ ] Copy a schedule line category
- [ ] Set movement type and requirement and availability flags
- [ ] Maintain determination
- [ ] Test an order and read the schedule line

### Acceptance criteria
- Schedule line category is determined and controls delivery and goods movement as set

**Evidence required:** Document numbers + screenshots

**Document flow and impact:** Record the document flow, and for every delivery, goods issue and invoice write the stock change and the debit and credit lines.

**Troubleshooting:** Read the full message with its number. Record each error and its cause in the issue notes. If stuck for more than 30 minutes, set the status to Blocked and describe the blocker.

**Assessment:** Instructor verifies the acceptance criteria from the evidence and may ask for a live demonstration. Type: Transactions.

### Completion criteria
- Every step is done and every acceptance criterion is demonstrated
- Required evidence is attached to the issue
- Document flow and the logistics or accounting impact are written down where documents were created
- Actual time is logged against the issue
- Instructor Review is Approved and the status is Completed

**Estimated time:** 3 h

**Next task:** TSH-006","Sales","V07.0 Sales Order Processing","MOD-12","THY-014","3","L4 - Advanced","Guided Lab","SAP S/4HANA Training System","Document numbers + screenshots","VOV6; VOV5","","Sales","S/4HANA (ECC differences noted)","Same concept as ECC","Order to Cash","MM","Level 2 - SAP SD Core","SD","Transactions","0","Pending"
"TSH-006","TSH-006","Troubleshooting","Normal","[TSH-006] Scenario 06: item category error, no item category available","**Objective:** Scenario 06: item category error, no item category available

**Prerequisites:** LAB-014

**Concepts:** Item category determination; Item category controls; Billing relevance; Delivery relevance; Pricing; Schedule line; Availability; Text; Incompletion; Schedule line determination; Transfer of requirements; Movement type

**Transaction codes:** VOV7; VOV4; VOV6; VOV5 (SAP GUI; use the Fiori app for the same function where one exists)

**Business process:** Order to Cash

**Environment:** SAP S/4HANA Training System

### Steps
- [ ] Reproduce the error in the training client (instructor-prepared)
- [ ] Record the exact message number and text, and the business impact
- [ ] Read the message with the determination keys
- [ ] Maintain the determination entry
- [ ] Apply the fix
- [ ] Re-run the original transaction to validate
- [ ] Write the eight-section report: problem, business impact, evidence, root cause, configuration, fix, validation, prevention

### Acceptance criteria
- The original transaction now works
- Root cause is shown in configuration or master data
- Report has all eight sections

**Evidence required:** Root cause report

**Document flow and impact:** Record the document flow, and for every delivery, goods issue and invoice write the stock change and the debit and credit lines.

**Assessment:** Instructor grades the eight-section report. Type: Configuration decisions.

### Completion criteria
- Every step is done and every acceptance criterion is demonstrated
- Required evidence is attached to the issue
- Document flow and the logistics or accounting impact are written down where documents were created
- Actual time is logged against the issue
- Instructor Review is Approved and the status is Completed

**Estimated time:** 1 h

**Next task:** TSH-007","Sales","V07.0 Sales Order Processing","MOD-12","LAB-014","1","L4 - Advanced","Troubleshooting","SAP S/4HANA Training System","Root cause report","VOV7; VOV4; VOV6; VOV5","","Sales","S/4HANA (ECC differences noted)","Same concept as ECC","Order to Cash","MM","Level 2 - SAP SD Core","SD","Configuration decisions","0","Pending"
"TSH-007","TSH-007","Troubleshooting","Normal","[TSH-007] Scenario 07: schedule line error, no schedule line or not delivery relevant","**Objective:** Scenario 07: schedule line error, no schedule line or not delivery relevant

**Prerequisites:** TSH-006

**Concepts:** Item category determination; Item category controls; Billing relevance; Delivery relevance; Pricing; Schedule line; Availability; Text; Incompletion; Schedule line determination; Transfer of requirements; Movement type

**Transaction codes:** VOV7; VOV4; VOV6; VOV5 (SAP GUI; use the Fiori app for the same function where one exists)

**Business process:** Order to Cash

**Environment:** SAP S/4HANA Training System

### Steps
- [ ] Reproduce the error in the training client (instructor-prepared)
- [ ] Record the exact message number and text, and the business impact
- [ ] Check schedule line category determination and its delivery relevance
- [ ] Apply the fix
- [ ] Re-run the original transaction to validate
- [ ] Write the eight-section report: problem, business impact, evidence, root cause, configuration, fix, validation, prevention

### Acceptance criteria
- The original transaction now works
- Root cause is shown in configuration or master data
- Report has all eight sections

**Evidence required:** Root cause report

**Document flow and impact:** Record the document flow, and for every delivery, goods issue and invoice write the stock change and the debit and credit lines.

**Assessment:** Instructor grades the eight-section report. Type: Configuration decisions.

### Completion criteria
- Every step is done and every acceptance criterion is demonstrated
- Required evidence is attached to the issue
- Document flow and the logistics or accounting impact are written down where documents were created
- Actual time is logged against the issue
- Instructor Review is Approved and the status is Completed

**Estimated time:** 1 h

**Next task:** Last task of this module","Sales","V07.0 Sales Order Processing","MOD-12","TSH-006","1","L4 - Advanced","Troubleshooting","SAP S/4HANA Training System","Root cause report","VOV7; VOV4; VOV6; VOV5","","Sales","S/4HANA (ECC differences noted)","Same concept as ECC","Order to Cash","MM","Level 2 - SAP SD Core","SD","Configuration decisions","0","Pending"
"MOD-13","MOD-13","Module","Normal","[MOD-13] Copy Control","**Topics:** Inquiry to quotation; Quotation to order; Order to delivery; Delivery to billing; Order to billing; Header copying; Item copying; Data transfer; Pricing transfer; Requirements; Routines concepts

**Transaction codes:** VTAA; VTLA; VTFL; VTFA; VTAF

**Fiori apps:** None listed

**Environment:** SAP S/4HANA Training System

**Tasks:** 5, 12 estimated hours.

- THY-015 Copy control: what it governs
- CFG-007 Copy control between sales documents
- CFG-008 Copy control order to delivery and delivery or order to billing
- TSH-008 Scenario 08: copy control error, reference not possible between document types
- TSH-009 Scenario 09: prices change unexpectedly in the invoice","Sales","V07.0 Sales Order Processing","PHASE-07","","","","","SAP S/4HANA Training System","","VTAA; VTLA; VTFL; VTFA; VTAF","","Sales","S/4HANA (ECC differences noted)","Same concept as ECC","Order to Cash","None","Level 2 - SAP SD Core","SD","","",""
"THY-015","THY-015","Theory","Normal","[THY-015] Copy control: what it governs","**Objective:** Copy control: what it governs

**Prerequisites:** TSH-007

**Concepts:** Inquiry to quotation; Quotation to order; Order to delivery; Delivery to billing; Order to billing; Header copying; Item copying; Data transfer; Pricing transfer; Requirements; Routines concepts

**Business process:** Order to Cash

**Environment:** SAP S/4HANA Training System

### Steps
- [ ] Study copy control at header, item and schedule line level
- [ ] Study data transfer routines and copying requirements at concept level
- [ ] Study pricing type on copy, update of document flow and quantity copy rules

### Acceptance criteria
- Explains what happens to prices under three pricing types

**Evidence required:** Notes

**Document flow and impact:** Record the document flow, and for every delivery, goods issue and invoice write the stock change and the debit and credit lines.

**Assessment:** Instructor checks the notes and asks short oral questions. Type: Short answer.

### Completion criteria
- Every step is done and every acceptance criterion is demonstrated
- Required evidence is attached to the issue
- Document flow and the logistics or accounting impact are written down where documents were created
- Actual time is logged against the issue
- Instructor Review is Approved and the status is Completed

**Estimated time:** 3 h

**Next task:** CFG-007","Sales","V07.0 Sales Order Processing","MOD-13","TSH-007","3","L4 - Advanced","Theory","SAP S/4HANA Training System","Notes","","","Sales","S/4HANA (ECC differences noted)","Same concept as ECC","Order to Cash","None","Level 2 - SAP SD Core","SD","Short answer","0","Pending"
"CFG-007","CFG-007","Configuration","Normal","[CFG-007] Copy control between sales documents","**Objective:** Copy control between sales documents

**Prerequisites:** THY-015

**Concepts:** Inquiry to quotation; Quotation to order; Order to delivery; Delivery to billing; Order to billing; Header copying; Item copying; Data transfer; Pricing transfer; Requirements; Routines concepts

**Transaction codes:** VTAA (SAP GUI; use the Fiori app for the same function where one exists)

**Business process:** Order to Cash

**Environment:** SAP S/4HANA Training System

### Steps
- [ ] Maintain copy control from quotation to the custom order type at header and item level
- [ ] Set copy requirements and full reference
- [ ] Test with and without the entry

### Acceptance criteria
- Reference works only after the entry exists

**Evidence required:** Configuration document entry

**Document flow and impact:** Record the document flow, and for every delivery, goods issue and invoice write the stock change and the debit and credit lines.

**Troubleshooting:** Read the full message with its number. Record each error and its cause in the issue notes. If stuck for more than 30 minutes, set the status to Blocked and describe the blocker.

**Documentation:** Add the setting, its values and the business reason to your configuration document.

**Assessment:** Instructor checks the setting, its test document and the documented business reason. Type: Configuration.

### Completion criteria
- Every step is done and every acceptance criterion is demonstrated
- Required evidence is attached to the issue
- Document flow and the logistics or accounting impact are written down where documents were created
- Actual time is logged against the issue
- Instructor Review is Approved and the status is Completed

**Estimated time:** 3 h

**Next task:** CFG-008","Sales","V07.0 Sales Order Processing","MOD-13","THY-015","3","L4 - Advanced","Configuration","SAP S/4HANA Training System","Configuration document entry","VTAA","","Sales","S/4HANA (ECC differences noted)","Same concept as ECC","Order to Cash","None","Level 2 - SAP SD Core","SD","Configuration","0","Pending"
"CFG-008","CFG-008","Configuration","Normal","[CFG-008] Copy control order to delivery and delivery or order to billing","**Objective:** Copy control order to delivery and delivery or order to billing

**Prerequisites:** CFG-007

**Concepts:** Inquiry to quotation; Quotation to order; Order to delivery; Delivery to billing; Order to billing; Header copying; Item copying; Data transfer; Pricing transfer; Requirements; Routines concepts

**Transaction codes:** VTLA; VTFL; VTFA (SAP GUI; use the Fiori app for the same function where one exists)

**Business process:** Order to Cash

**Environment:** SAP S/4HANA Training System

### Steps
- [ ] Maintain order to delivery for the custom type and item category
- [ ] Maintain delivery to billing with pricing type and invoice split data
- [ ] Maintain order to billing for a service item
- [ ] Test each

### Acceptance criteria
- Delivery and invoices are created from the custom documents

**Evidence required:** Configuration document entry

**Document flow and impact:** Record the document flow, and for every delivery, goods issue and invoice write the stock change and the debit and credit lines.

**Troubleshooting:** Read the full message with its number. Record each error and its cause in the issue notes. If stuck for more than 30 minutes, set the status to Blocked and describe the blocker.

**Documentation:** Add the setting, its values and the business reason to your configuration document.

**Assessment:** Instructor checks the setting, its test document and the documented business reason. Type: Configuration.

### Completion criteria
- Every step is done and every acceptance criterion is demonstrated
- Required evidence is attached to the issue
- Document flow and the logistics or accounting impact are written down where documents were created
- Actual time is logged against the issue
- Instructor Review is Approved and the status is Completed

**Estimated time:** 4 h

**Next task:** TSH-008","Sales","V07.0 Sales Order Processing","MOD-13","CFG-007","4","L4 - Advanced","Configuration","SAP S/4HANA Training System","Configuration document entry","VTLA; VTFL; VTFA","","Sales","S/4HANA (ECC differences noted)","Same concept as ECC","Order to Cash","None","Level 2 - SAP SD Core","SD","Configuration","0","Pending"
"TSH-008","TSH-008","Troubleshooting","Normal","[TSH-008] Scenario 08: copy control error, reference not possible between document types","**Objective:** Scenario 08: copy control error, reference not possible between document types

**Prerequisites:** CFG-008

**Concepts:** Inquiry to quotation; Quotation to order; Order to delivery; Delivery to billing; Order to billing; Header copying; Item copying; Data transfer; Pricing transfer; Requirements; Routines concepts

**Transaction codes:** VTAA; VTLA; VTFL; VTFA; VTAF (SAP GUI; use the Fiori app for the same function where one exists)

**Business process:** Order to Cash

**Environment:** SAP S/4HANA Training System

### Steps
- [ ] Reproduce the error in the training client (instructor-prepared)
- [ ] Record the exact message number and text, and the business impact
- [ ] Read the message
- [ ] Check the header and item copy control entry and its requirement
- [ ] Apply the fix
- [ ] Re-run the original transaction to validate
- [ ] Write the eight-section report: problem, business impact, evidence, root cause, configuration, fix, validation, prevention

### Acceptance criteria
- The original transaction now works
- Root cause is shown in configuration or master data
- Report has all eight sections

**Evidence required:** Root cause report

**Document flow and impact:** Record the document flow, and for every delivery, goods issue and invoice write the stock change and the debit and credit lines.

**Assessment:** Instructor grades the eight-section report. Type: Configuration decisions.

### Completion criteria
- Every step is done and every acceptance criterion is demonstrated
- Required evidence is attached to the issue
- Document flow and the logistics or accounting impact are written down where documents were created
- Actual time is logged against the issue
- Instructor Review is Approved and the status is Completed

**Estimated time:** 1 h

**Next task:** TSH-009","Sales","V07.0 Sales Order Processing","MOD-13","CFG-008","1","L4 - Advanced","Troubleshooting","SAP S/4HANA Training System","Root cause report","VTAA; VTLA; VTFL; VTFA; VTAF","","Sales","S/4HANA (ECC differences noted)","Same concept as ECC","Order to Cash","None","Level 2 - SAP SD Core","SD","Configuration decisions","0","Pending"
"TSH-009","TSH-009","Troubleshooting","Normal","[TSH-009] Scenario 09: prices change unexpectedly in the invoice","**Objective:** Scenario 09: prices change unexpectedly in the invoice

**Prerequisites:** TSH-008

**Concepts:** Inquiry to quotation; Quotation to order; Order to delivery; Delivery to billing; Order to billing; Header copying; Item copying; Data transfer; Pricing transfer; Requirements; Routines concepts

**Transaction codes:** VTAA; VTLA; VTFL; VTFA; VTAF (SAP GUI; use the Fiori app for the same function where one exists)

**Business process:** Order to Cash

**Environment:** SAP S/4HANA Training System

### Steps
- [ ] Reproduce the error in the training client (instructor-prepared)
- [ ] Record the exact message number and text, and the business impact
- [ ] Check the pricing type in delivery to billing copy control and the pricing date
- [ ] Apply the fix
- [ ] Re-run the original transaction to validate
- [ ] Write the eight-section report: problem, business impact, evidence, root cause, configuration, fix, validation, prevention

### Acceptance criteria
- The original transaction now works
- Root cause is shown in configuration or master data
- Report has all eight sections

**Evidence required:** Root cause report

**Document flow and impact:** Record the document flow, and for every delivery, goods issue and invoice write the stock change and the debit and credit lines.

**Assessment:** Instructor grades the eight-section report. Type: Configuration decisions.

### Completion criteria
- Every step is done and every acceptance criterion is demonstrated
- Required evidence is attached to the issue
- Document flow and the logistics or accounting impact are written down where documents were created
- Actual time is logged against the issue
- Instructor Review is Approved and the status is Completed

**Estimated time:** 1 h

**Next task:** Last task of this module","Sales","V07.0 Sales Order Processing","MOD-13","TSH-008","1","L4 - Advanced","Troubleshooting","SAP S/4HANA Training System","Root cause report","VTAA; VTLA; VTFL; VTFA; VTAF","","Sales","S/4HANA (ECC differences noted)","Same concept as ECC","Order to Cash","None","Level 2 - SAP SD Core","SD","Configuration decisions","0","Pending"
"MOD-14","MOD-14","Module","Normal","[MOD-14] Text, Material Determination and Listing/Exclusion","**Topics:** Header texts; Item texts; Customer texts; Material texts; Text determination; Copying text; Material substitution; Product selection; Customer-specific material; Reason for substitution; Customer/material listing; Exclusion; Condition technique

**Transaction codes:** VOTXN; VB11; OV12; VB01; OV02

**Fiori apps:** None listed

**Environment:** SAP S/4HANA Training System

**Tasks:** 6, 15 estimated hours.

- THY-016 Text determination
- CFG-009 Configure text determination
- CFG-010 Material determination
- CFG-011 Listing and exclusion
- TSH-010 Scenario 10: sales order cannot be created for a customer and material
- ASM-007 Phase 07 assessment: sales order configuration","Sales","V07.0 Sales Order Processing","PHASE-07","","","","","SAP S/4HANA Training System","","VOTXN; VB11; OV12; VB01; OV02","","Sales","S/4HANA (ECC differences noted)","Same concept as ECC","Order to Cash","None","Level 3 - Advanced SD & Integration","SD","","",""
"THY-016","THY-016","Theory","Normal","[THY-016] Text determination","**Objective:** Text determination

**Prerequisites:** TSH-009

**Concepts:** Header texts; Item texts; Customer texts; Material texts; Text determination; Copying text; Material substitution; Product selection; Customer-specific material; Reason for substitution; Customer/material listing; Exclusion; Condition technique

**Business process:** Order to Cash

**Environment:** SAP S/4HANA Training System

### Steps
- [ ] Study text objects, text types, procedures and access sequences
- [ ] Study copying text from customer and material master and between documents

### Acceptance criteria
- Explains how a customer note reaches the delivery note

**Evidence required:** Notes

**Document flow and impact:** Record the document flow, and for every delivery, goods issue and invoice write the stock change and the debit and credit lines.

**Assessment:** Instructor checks the notes and asks short oral questions. Type: Short answer.

### Completion criteria
- Every step is done and every acceptance criterion is demonstrated
- Required evidence is attached to the issue
- Document flow and the logistics or accounting impact are written down where documents were created
- Actual time is logged against the issue
- Instructor Review is Approved and the status is Completed

**Estimated time:** 2 h

**Next task:** CFG-009","Sales","V07.0 Sales Order Processing","MOD-14","TSH-009","2","L4 - Advanced","Theory","SAP S/4HANA Training System","Notes","","","Sales","S/4HANA (ECC differences noted)","Same concept as ECC","Order to Cash","None","Level 3 - Advanced SD & Integration","SD","Short answer","0","Pending"
"CFG-009","CFG-009","Configuration","Normal","[CFG-009] Configure text determination","**Objective:** Configure text determination

**Prerequisites:** THY-016

**Concepts:** Header texts; Item texts; Customer texts; Material texts; Text determination; Copying text; Material substitution; Product selection; Customer-specific material; Reason for substitution; Customer/material listing; Exclusion; Condition technique

**Transaction codes:** VOTXN (SAP GUI; use the Fiori app for the same function where one exists)

**Business process:** Order to Cash

**Environment:** SAP S/4HANA Training System

### Steps
- [ ] Add a header text type to the order procedure with an access sequence reading the customer text
- [ ] Make it copy to the delivery
- [ ] Test

### Acceptance criteria
- Customer text appears in order and delivery

**Evidence required:** Configuration document entry

**Document flow and impact:** Record the document flow, and for every delivery, goods issue and invoice write the stock change and the debit and credit lines.

**Troubleshooting:** Read the full message with its number. Record each error and its cause in the issue notes. If stuck for more than 30 minutes, set the status to Blocked and describe the blocker.

**Documentation:** Add the setting, its values and the business reason to your configuration document.

**Assessment:** Instructor checks the setting, its test document and the documented business reason. Type: Configuration.

### Completion criteria
- Every step is done and every acceptance criterion is demonstrated
- Required evidence is attached to the issue
- Document flow and the logistics or accounting impact are written down where documents were created
- Actual time is logged against the issue
- Instructor Review is Approved and the status is Completed

**Estimated time:** 3 h

**Next task:** CFG-010","Sales","V07.0 Sales Order Processing","MOD-14","THY-016","3","L4 - Advanced","Configuration","SAP S/4HANA Training System","Configuration document entry","VOTXN","","Sales","S/4HANA (ECC differences noted)","Same concept as ECC","Order to Cash","None","Level 3 - Advanced SD & Integration","SD","Configuration","0","Pending"
"CFG-010","CFG-010","Configuration","Normal","[CFG-010] Material determination","**Objective:** Material determination

**Prerequisites:** CFG-009

**Concepts:** Header texts; Item texts; Customer texts; Material texts; Text determination; Copying text; Material substitution; Product selection; Customer-specific material; Reason for substitution; Customer/material listing; Exclusion; Condition technique

**Transaction codes:** OV12; VB11 (SAP GUI; use the Fiori app for the same function where one exists)

**Business process:** Order to Cash

**Environment:** SAP S/4HANA Training System

### Steps
- [ ] Review the procedure and assign it to the order type
- [ ] Create a record that substitutes an old material with a new one with a reason
- [ ] Create a product selection record
- [ ] Test

### Acceptance criteria
- Order substitutes the material and shows the reason

**Evidence required:** Configuration document entry

**Document flow and impact:** Record the document flow, and for every delivery, goods issue and invoice write the stock change and the debit and credit lines.

**Troubleshooting:** Read the full message with its number. Record each error and its cause in the issue notes. If stuck for more than 30 minutes, set the status to Blocked and describe the blocker.

**Documentation:** Add the setting, its values and the business reason to your configuration document.

**Assessment:** Instructor checks the setting, its test document and the documented business reason. Type: Configuration.

### Completion criteria
- Every step is done and every acceptance criterion is demonstrated
- Required evidence is attached to the issue
- Document flow and the logistics or accounting impact are written down where documents were created
- Actual time is logged against the issue
- Instructor Review is Approved and the status is Completed

**Estimated time:** 3 h

**Next task:** CFG-011","Sales","V07.0 Sales Order Processing","MOD-14","CFG-009","3","L4 - Advanced","Configuration","SAP S/4HANA Training System","Configuration document entry","OV12; VB11","","Sales","S/4HANA (ECC differences noted)","Same concept as ECC","Order to Cash","None","Level 3 - Advanced SD & Integration","SD","Configuration","0","Pending"
"CFG-011","CFG-011","Configuration","Normal","[CFG-011] Listing and exclusion","**Objective:** Listing and exclusion

**Prerequisites:** CFG-010

**Concepts:** Header texts; Item texts; Customer texts; Material texts; Text determination; Copying text; Material substitution; Product selection; Customer-specific material; Reason for substitution; Customer/material listing; Exclusion; Condition technique

**Transaction codes:** OV02; VB01 (SAP GUI; use the Fiori app for the same function where one exists)

**Business process:** Order to Cash

**Environment:** SAP S/4HANA Training System

### Steps
- [ ] Activate listing and exclusion for the order type
- [ ] Create a listing for one customer and an exclusion for another
- [ ] Test allowed and refused materials

### Acceptance criteria
- Listed customer can order only listed materials
- Excluded material is refused

**Evidence required:** Configuration document entry

**Document flow and impact:** Record the document flow, and for every delivery, goods issue and invoice write the stock change and the debit and credit lines.

**Troubleshooting:** Read the full message with its number. Record each error and its cause in the issue notes. If stuck for more than 30 minutes, set the status to Blocked and describe the blocker.

**Documentation:** Add the setting, its values and the business reason to your configuration document.

**Assessment:** Instructor checks the setting, its test document and the documented business reason. Type: Configuration.

### Completion criteria
- Every step is done and every acceptance criterion is demonstrated
- Required evidence is attached to the issue
- Document flow and the logistics or accounting impact are written down where documents were created
- Actual time is logged against the issue
- Instructor Review is Approved and the status is Completed

**Estimated time:** 3 h

**Next task:** TSH-010","Sales","V07.0 Sales Order Processing","MOD-14","CFG-010","3","L4 - Advanced","Configuration","SAP S/4HANA Training System","Configuration document entry","OV02; VB01","","Sales","S/4HANA (ECC differences noted)","Same concept as ECC","Order to Cash","None","Level 3 - Advanced SD & Integration","SD","Configuration","0","Pending"
"TSH-010","TSH-010","Troubleshooting","Normal","[TSH-010] Scenario 10: sales order cannot be created for a customer and material","**Objective:** Scenario 10: sales order cannot be created for a customer and material

**Prerequisites:** CFG-011

**Concepts:** Header texts; Item texts; Customer texts; Material texts; Text determination; Copying text; Material substitution; Product selection; Customer-specific material; Reason for substitution; Customer/material listing; Exclusion; Condition technique

**Transaction codes:** VOTXN; VB11; OV12; VB01; OV02 (SAP GUI; use the Fiori app for the same function where one exists)

**Business process:** Order to Cash

**Environment:** SAP S/4HANA Training System

### Steps
- [ ] Reproduce the error in the training client (instructor-prepared)
- [ ] Record the exact message number and text, and the business impact
- [ ] Check listing and exclusion, material status and sales area validity
- [ ] Apply the fix
- [ ] Re-run the original transaction to validate
- [ ] Write the eight-section report: problem, business impact, evidence, root cause, configuration, fix, validation, prevention

### Acceptance criteria
- The original transaction now works
- Root cause is shown in configuration or master data
- Report has all eight sections

**Evidence required:** Root cause report

**Document flow and impact:** Record the document flow, and for every delivery, goods issue and invoice write the stock change and the debit and credit lines.

**Assessment:** Instructor grades the eight-section report. Type: Configuration decisions.

### Completion criteria
- Every step is done and every acceptance criterion is demonstrated
- Required evidence is attached to the issue
- Document flow and the logistics or accounting impact are written down where documents were created
- Actual time is logged against the issue
- Instructor Review is Approved and the status is Completed

**Estimated time:** 1 h

**Next task:** ASM-007","Sales","V07.0 Sales Order Processing","MOD-14","CFG-011","1","L4 - Advanced","Troubleshooting","SAP S/4HANA Training System","Root cause report","VOTXN; VB11; OV12; VB01; OV02","","Sales","S/4HANA (ECC differences noted)","Same concept as ECC","Order to Cash","None","Level 3 - Advanced SD & Integration","SD","Configuration decisions","0","Pending"
"ASM-007","ASM-007","Assessment","High","[ASM-007] Phase 07 assessment: sales order configuration","**Objective:** Phase 07 assessment: sales order configuration

**Prerequisites:** TSH-010

**Concepts:** Header texts; Item texts; Customer texts; Material texts; Text determination; Copying text; Material substitution; Product selection; Customer-specific material; Reason for substitution; Customer/material listing; Exclusion; Condition technique

**Business process:** Order to Cash

**Environment:** SAP S/4HANA Training System

### Steps
- [ ] Configure a new order type with item category, schedule line and copy control from a requirement and prove it

### Acceptance criteria
- Score of 70 or higher

**Evidence required:** Scored result

**Document flow and impact:** Record the document flow, and for every delivery, goods issue and invoice write the stock change and the debit and credit lines.

**Troubleshooting:** Read the full message with its number. Record each error and its cause in the issue notes. If stuck for more than 30 minutes, set the status to Blocked and describe the blocker.

**Assessment:** Scored 0-100. Pass mark 70. Type: Configuration.

### Completion criteria
- Every step is done and every acceptance criterion is demonstrated
- Required evidence is attached to the issue
- Document flow and the logistics or accounting impact are written down where documents were created
- Actual time is logged against the issue
- Instructor Review is Approved and the status is Completed

**Estimated time:** 3 h

**Next task:** Last task of this module","Sales","V07.0 Sales Order Processing","MOD-14","TSH-010","3","L4 - Advanced","Assessment","SAP S/4HANA Training System","Scored result","","","Sales","S/4HANA (ECC differences noted)","Same concept as ECC","Order to Cash","None","Level 3 - Advanced SD & Integration","SD","Configuration","0","Pending"
"REVIEW-07","REVIEW-07","Review","High","[REVIEW-07] Phase 07 gate review","**Objective:** Confirm that phase 07 (Sales Order Processing) is complete.

### Checklist
- [ ] Every issue of the phase is Completed
- [ ] Evidence is attached to every issue
- [ ] Time is logged
- [ ] Assessment score is 70 or higher
- [ ] Configuration document is up to date

**Assessment:** Instructor confirms the checklist and records the gate decision.

**Estimated time:** 1 h","","V07.0 Sales Order Processing","PHASE-07","CFG-006, TSH-007, TSH-009, ASM-007","1","","Review","","Instructor sign-off","","","","","","","","","","Review","0","Pending"
"PHASE-08","PHASE-08","Phase","Normal","[PHASE-08] Pricing","Phase 08 of 30. Version: V08.0 Pricing.

Modules: 1. Estimated hours: 38.

- MOD-15 Pricing: the Condition Technique

The phase closes with the gate review REVIEW-08.","","V08.0 Pricing","EPIC","","","","","","","","","","","","","","","","","",""
"MOD-15","MOD-15","Module","Normal","[MOD-15] Pricing: the Condition Technique","**Topics:** Condition technique; Condition tables; Access sequences; Condition types; Pricing procedures; Condition records; Pricing determination; Manual conditions; Discounts; Surcharges; Freight; Taxes; Rebates/settlement concepts

**Transaction codes:** V/03; V/07; V/06; V/08; OVKK; VK11; VK12; VK13; OVKP; OVKI

**Fiori apps:** Manage Prices - Sales; Set Material Prices - Sales

**Environment:** SAP S/4HANA Training System

**Tasks:** 14, 37 estimated hours.

- THY-017 Pricing as a business concept
- THY-018 The condition technique
- THY-019 Pricing procedure columns
- CFG-012 Pricing procedure determination
- LAB-015 Configure Pricing
- LAB-017 Material Pricing
- LAB-016 Customer Pricing
- PRICE-001 Manual conditions, header conditions and limits
- PRICE-002 Freight and surcharges
- THY-020 Rebates in ECC and settlement management concepts in S/4HANA
- TSH-011 Scenario 11: pricing not determined, mandatory condition missing
- TSH-012 Scenario 12: wrong pricing, an unexpected record is found
- TSH-013 Scenario 13: pricing procedure not determined
- ASM-008 Phase 08 assessment: pricing","Pricing","V08.0 Pricing","PHASE-08","","","","","SAP S/4HANA Training System","","V/03; V/07; V/06; V/08; OVKK; VK11; VK12; VK13; OVKP; OVKI","Manage Prices - Sales; Set Material Prices - Sales","Pricing","S/4HANA (ECC differences noted)","Same concept as ECC","Order to Cash","FI","Level 2 - SAP SD Core","SD","","",""
"THY-017","THY-017","Theory","Normal","[THY-017] Pricing as a business concept","**Objective:** Pricing as a business concept

**Prerequisites:** TSH-009

**Concepts:** Condition technique; Condition tables; Access sequences; Condition types; Pricing procedures; Condition records; Pricing determination; Manual conditions; Discounts; Surcharges; Freight; Taxes; Rebates/settlement concepts

**Fiori apps:** Manage Prices - Sales; Set Material Prices - Sales

**Business process:** Order to Cash

**Environment:** SAP S/4HANA Training System

### Steps
- [ ] Study list price, customer price, discounts, surcharges, freight and tax
- [ ] Study gross, net and tax amounts and cost and margin
- [ ] Study who owns prices in a company

### Acceptance criteria
- Calculates a net value by hand for three cases

**Evidence required:** Notes

**Document flow and impact:** Record the document flow, and for every delivery, goods issue and invoice write the stock change and the debit and credit lines.

**Assessment:** Instructor checks the notes and asks short oral questions. Type: Short answer.

### Completion criteria
- Every step is done and every acceptance criterion is demonstrated
- Required evidence is attached to the issue
- Document flow and the logistics or accounting impact are written down where documents were created
- Actual time is logged against the issue
- Instructor Review is Approved and the status is Completed

**Estimated time:** 2 h

**Next task:** THY-018","Pricing","V08.0 Pricing","MOD-15","TSH-009","2","L4 - Advanced","Theory","SAP S/4HANA Training System","Notes","","Manage Prices - Sales; Set Material Prices - Sales","Pricing","S/4HANA (ECC differences noted)","Same concept as ECC","Order to Cash","FI","Level 2 - SAP SD Core","SD","Short answer","0","Pending"
"THY-018","THY-018","Theory","Normal","[THY-018] The condition technique","**Objective:** The condition technique

**Prerequisites:** THY-017

**Concepts:** Condition technique; Condition tables; Access sequences; Condition types; Pricing procedures; Condition records; Pricing determination; Manual conditions; Discounts; Surcharges; Freight; Taxes; Rebates/settlement concepts

**Fiori apps:** Manage Prices - Sales; Set Material Prices - Sales

**Business process:** Order to Cash

**Environment:** SAP S/4HANA Training System

### Steps
- [ ] Study the chain: condition table, access sequence, condition type, pricing procedure, condition record
- [ ] Study how the system searches from specific to general
- [ ] Study exclusive access and requirements

### Acceptance criteria
- Draws the chain and explains a search with three accesses

**Evidence required:** Notes

**Document flow and impact:** Record the document flow, and for every delivery, goods issue and invoice write the stock change and the debit and credit lines.

**Assessment:** Instructor checks the notes and asks short oral questions. Type: Short answer.

### Completion criteria
- Every step is done and every acceptance criterion is demonstrated
- Required evidence is attached to the issue
- Document flow and the logistics or accounting impact are written down where documents were created
- Actual time is logged against the issue
- Instructor Review is Approved and the status is Completed

**Estimated time:** 4 h

**Next task:** THY-019","Pricing","V08.0 Pricing","MOD-15","THY-017","4","L4 - Advanced","Theory","SAP S/4HANA Training System","Notes","","Manage Prices - Sales; Set Material Prices - Sales","Pricing","S/4HANA (ECC differences noted)","Same concept as ECC","Order to Cash","FI","Level 2 - SAP SD Core","SD","Short answer","0","Pending"
"THY-019","THY-019","Theory","Normal","[THY-019] Pricing procedure columns","**Objective:** Pricing procedure columns

**Prerequisites:** THY-018

**Concepts:** Condition technique; Condition tables; Access sequences; Condition types; Pricing procedures; Condition records; Pricing determination; Manual conditions; Discounts; Surcharges; Freight; Taxes; Rebates/settlement concepts

**Fiori apps:** Manage Prices - Sales; Set Material Prices - Sales

**Business process:** Order to Cash

**Environment:** SAP S/4HANA Training System

### Steps
- [ ] Study each column: step, counter, condition type, from and to, manual, required, statistical, print, subtotal, requirement, calculation type formula, base type formula, account key and accruals

### Acceptance criteria
- Explains the effect of each column with an example

**Evidence required:** Notes

**Document flow and impact:** Record the document flow, and for every delivery, goods issue and invoice write the stock change and the debit and credit lines.

**Assessment:** Instructor checks the notes and asks short oral questions. Type: Short answer.

### Completion criteria
- Every step is done and every acceptance criterion is demonstrated
- Required evidence is attached to the issue
- Document flow and the logistics or accounting impact are written down where documents were created
- Actual time is logged against the issue
- Instructor Review is Approved and the status is Completed

**Estimated time:** 4 h

**Next task:** CFG-012","Pricing","V08.0 Pricing","MOD-15","THY-018","4","L4 - Advanced","Theory","SAP S/4HANA Training System","Notes","","Manage Prices - Sales; Set Material Prices - Sales","Pricing","S/4HANA (ECC differences noted)","Same concept as ECC","Order to Cash","FI","Level 2 - SAP SD Core","SD","Short answer","0","Pending"
"CFG-012","CFG-012","Configuration","Normal","[CFG-012] Pricing procedure determination","**Objective:** Pricing procedure determination

**Prerequisites:** THY-019

**Concepts:** Condition technique; Condition tables; Access sequences; Condition types; Pricing procedures; Condition records; Pricing determination; Manual conditions; Discounts; Surcharges; Freight; Taxes; Rebates/settlement concepts

**Transaction codes:** OVKK; OVKP; OVKI (SAP GUI; use the Fiori app for the same function where one exists)

**Fiori apps:** Manage Prices - Sales; Set Material Prices - Sales

**Business process:** Order to Cash

**Environment:** SAP S/4HANA Training System

### Steps
- [ ] Define customer and document pricing procedures
- [ ] Maintain the determination for the sales area
- [ ] Explain each key

### Acceptance criteria
- Order of the custom type uses the intended procedure

**Evidence required:** Configuration document entry

**Document flow and impact:** Record the document flow, and for every delivery, goods issue and invoice write the stock change and the debit and credit lines.

**Troubleshooting:** Read the full message with its number. Record each error and its cause in the issue notes. If stuck for more than 30 minutes, set the status to Blocked and describe the blocker.

**Documentation:** Add the setting, its values and the business reason to your configuration document.

**Assessment:** Instructor checks the setting, its test document and the documented business reason. Type: Configuration.

### Completion criteria
- Every step is done and every acceptance criterion is demonstrated
- Required evidence is attached to the issue
- Document flow and the logistics or accounting impact are written down where documents were created
- Actual time is logged against the issue
- Instructor Review is Approved and the status is Completed

**Estimated time:** 2 h

**Next task:** LAB-015","Pricing","V08.0 Pricing","MOD-15","THY-019","2","L4 - Advanced","Configuration","SAP S/4HANA Training System","Configuration document entry","OVKK; OVKP; OVKI","Manage Prices - Sales; Set Material Prices - Sales","Pricing","S/4HANA (ECC differences noted)","Same concept as ECC","Order to Cash","FI","Level 2 - SAP SD Core","SD","Configuration","0","Pending"
"LAB-015","LAB-015","Lab","Normal","[LAB-015] Configure Pricing","**Objective:** Configure Pricing

**Prerequisites:** CFG-012

**Concepts:** Condition technique; Condition tables; Access sequences; Condition types; Pricing procedures; Condition records; Pricing determination; Manual conditions; Discounts; Surcharges; Freight; Taxes; Rebates/settlement concepts

**Transaction codes:** V/03; V/07; V/06; V/08 (SAP GUI; use the Fiori app for the same function where one exists)

**Fiori apps:** Manage Prices - Sales; Set Material Prices - Sales

**Business process:** Order to Cash

**Environment:** SAP S/4HANA Training System

### Steps
- [ ] Create a condition table for customer group and material
- [ ] Create an access sequence with three accesses from specific to general
- [ ] Create a price condition type and a discount type with calculation types and scales
- [ ] Build a pricing procedure with price, discounts, freight, net value, tax and cost
- [ ] Assign account keys

### Acceptance criteria
- Procedure is complete and determined
- Each condition has a documented purpose

**Evidence required:** Document numbers + screenshots

**Document flow and impact:** Record the document flow, and for every delivery, goods issue and invoice write the stock change and the debit and credit lines.

**Troubleshooting:** Read the full message with its number. Record each error and its cause in the issue notes. If stuck for more than 30 minutes, set the status to Blocked and describe the blocker.

**Assessment:** Instructor verifies the acceptance criteria from the evidence and may ask for a live demonstration. Type: Transactions.

### Completion criteria
- Every step is done and every acceptance criterion is demonstrated
- Required evidence is attached to the issue
- Document flow and the logistics or accounting impact are written down where documents were created
- Actual time is logged against the issue
- Instructor Review is Approved and the status is Completed

**Estimated time:** 6 h

**Next task:** LAB-017","Pricing","V08.0 Pricing","MOD-15","CFG-012","6","L4 - Advanced","Guided Lab","SAP S/4HANA Training System","Document numbers + screenshots","V/03; V/07; V/06; V/08","Manage Prices - Sales; Set Material Prices - Sales","Pricing","S/4HANA (ECC differences noted)","Same concept as ECC","Order to Cash","FI","Level 2 - SAP SD Core","SD","Transactions","0","Pending"
"LAB-017","LAB-017","Lab","Normal","[LAB-017] Material Pricing","**Objective:** Material Pricing

**Prerequisites:** LAB-015

**Concepts:** Condition technique; Condition tables; Access sequences; Condition types; Pricing procedures; Condition records; Pricing determination; Manual conditions; Discounts; Surcharges; Freight; Taxes; Rebates/settlement concepts

**Transaction codes:** VK11; VK13 (SAP GUI; use the Fiori app for the same function where one exists)

**Fiori apps:** Manage Prices - Sales; Set Material Prices - Sales

**Business process:** Order to Cash

**Environment:** SAP S/4HANA Training System

### Steps
- [ ] Create material price records with validity and scales
- [ ] Create a price list record
- [ ] Create an order and read the pricing analysis

### Acceptance criteria
- Prices are found from the records
- Analysis shows which access was used

**Evidence required:** Document numbers + screenshots

**Document flow and impact:** Record the document flow, and for every delivery, goods issue and invoice write the stock change and the debit and credit lines.

**Troubleshooting:** Read the full message with its number. Record each error and its cause in the issue notes. If stuck for more than 30 minutes, set the status to Blocked and describe the blocker.

**Assessment:** Instructor verifies the acceptance criteria from the evidence and may ask for a live demonstration. Type: Transactions.

### Completion criteria
- Every step is done and every acceptance criterion is demonstrated
- Required evidence is attached to the issue
- Document flow and the logistics or accounting impact are written down where documents were created
- Actual time is logged against the issue
- Instructor Review is Approved and the status is Completed

**Estimated time:** 3 h

**Next task:** LAB-016","Pricing","V08.0 Pricing","MOD-15","LAB-015","3","L4 - Advanced","Guided Lab","SAP S/4HANA Training System","Document numbers + screenshots","VK11; VK13","Manage Prices - Sales; Set Material Prices - Sales","Pricing","S/4HANA (ECC differences noted)","Same concept as ECC","Order to Cash","FI","Level 2 - SAP SD Core","SD","Transactions","0","Pending"
"LAB-016","LAB-016","Lab","Normal","[LAB-016] Customer Pricing","**Objective:** Customer Pricing

**Prerequisites:** LAB-017

**Concepts:** Condition technique; Condition tables; Access sequences; Condition types; Pricing procedures; Condition records; Pricing determination; Manual conditions; Discounts; Surcharges; Freight; Taxes; Rebates/settlement concepts

**Transaction codes:** VK11; VK12 (SAP GUI; use the Fiori app for the same function where one exists)

**Fiori apps:** Manage Prices - Sales; Set Material Prices - Sales

**Business process:** Order to Cash

**Environment:** SAP S/4HANA Training System

### Steps
- [ ] Create customer-specific prices and customer discounts
- [ ] Add a quantity scale discount
- [ ] Change a record with a new validity
- [ ] Test in orders for different customers

### Acceptance criteria
- Each customer gets the intended price
- Scale applies by quantity

**Evidence required:** Document numbers + screenshots

**Document flow and impact:** Record the document flow, and for every delivery, goods issue and invoice write the stock change and the debit and credit lines.

**Troubleshooting:** Read the full message with its number. Record each error and its cause in the issue notes. If stuck for more than 30 minutes, set the status to Blocked and describe the blocker.

**Assessment:** Instructor verifies the acceptance criteria from the evidence and may ask for a live demonstration. Type: Transactions.

### Completion criteria
- Every step is done and every acceptance criterion is demonstrated
- Required evidence is attached to the issue
- Document flow and the logistics or accounting impact are written down where documents were created
- Actual time is logged against the issue
- Instructor Review is Approved and the status is Completed

**Estimated time:** 3 h

**Next task:** PRICE-001","Pricing","V08.0 Pricing","MOD-15","LAB-017","3","L4 - Advanced","Guided Lab","SAP S/4HANA Training System","Document numbers + screenshots","VK11; VK12","Manage Prices - Sales; Set Material Prices - Sales","Pricing","S/4HANA (ECC differences noted)","Same concept as ECC","Order to Cash","FI","Level 2 - SAP SD Core","SD","Transactions","0","Pending"
"PRICE-001","PRICE-001","Pricing","Normal","[PRICE-001] Manual conditions, header conditions and limits","**Objective:** Manual conditions, header conditions and limits

**Prerequisites:** LAB-016

**Concepts:** Condition technique; Condition tables; Access sequences; Condition types; Pricing procedures; Condition records; Pricing determination; Manual conditions; Discounts; Surcharges; Freight; Taxes; Rebates/settlement concepts

**Transaction codes:** VA01; V/06 (SAP GUI; use the Fiori app for the same function where one exists)

**Fiori apps:** Manage Prices - Sales; Set Material Prices - Sales

**Business process:** Order to Cash

**Environment:** SAP S/4HANA Training System

### Steps
- [ ] Enter a manual discount at item and header level
- [ ] Set upper and lower limits for a manual condition
- [ ] Study group conditions and header distribution
- [ ] Re-run pricing with different pricing types

### Acceptance criteria
- Limits are enforced
- Header condition distributes as expected

**Evidence required:** Document numbers + screenshots

**Document flow and impact:** Record the document flow, and for every delivery, goods issue and invoice write the stock change and the debit and credit lines.

**Troubleshooting:** Read the full message with its number. Record each error and its cause in the issue notes. If stuck for more than 30 minutes, set the status to Blocked and describe the blocker.

**Assessment:** Instructor checks the condition values against a hand calculation and the pricing analysis. Type: Configuration.

### Completion criteria
- Every step is done and every acceptance criterion is demonstrated
- Required evidence is attached to the issue
- Document flow and the logistics or accounting impact are written down where documents were created
- Actual time is logged against the issue
- Instructor Review is Approved and the status is Completed

**Estimated time:** 3 h

**Next task:** PRICE-002","Pricing","V08.0 Pricing","MOD-15","LAB-016","3","L4 - Advanced","Business Process","SAP S/4HANA Training System","Document numbers + screenshots","VA01; V/06","Manage Prices - Sales; Set Material Prices - Sales","Pricing","S/4HANA (ECC differences noted)","Same concept as ECC","Order to Cash","FI","Level 2 - SAP SD Core","SD","Configuration","0","Pending"
"PRICE-002","PRICE-002","Pricing","Normal","[PRICE-002] Freight and surcharges","**Objective:** Freight and surcharges

**Prerequisites:** PRICE-001

**Concepts:** Condition technique; Condition tables; Access sequences; Condition types; Pricing procedures; Condition records; Pricing determination; Manual conditions; Discounts; Surcharges; Freight; Taxes; Rebates/settlement concepts

**Transaction codes:** VK11; V/06 (SAP GUI; use the Fiori app for the same function where one exists)

**Fiori apps:** Manage Prices - Sales; Set Material Prices - Sales

**Business process:** Order to Cash

**Environment:** SAP S/4HANA Training System

### Steps
- [ ] Create freight conditions by incoterm and by weight
- [ ] Add a minimum order surcharge
- [ ] Test

### Acceptance criteria
- Freight and surcharge calculate as designed

**Evidence required:** Document numbers + screenshots

**Document flow and impact:** Record the document flow, and for every delivery, goods issue and invoice write the stock change and the debit and credit lines.

**Troubleshooting:** Read the full message with its number. Record each error and its cause in the issue notes. If stuck for more than 30 minutes, set the status to Blocked and describe the blocker.

**Assessment:** Instructor checks the condition values against a hand calculation and the pricing analysis. Type: Configuration.

### Completion criteria
- Every step is done and every acceptance criterion is demonstrated
- Required evidence is attached to the issue
- Document flow and the logistics or accounting impact are written down where documents were created
- Actual time is logged against the issue
- Instructor Review is Approved and the status is Completed

**Estimated time:** 2 h

**Next task:** THY-020","Pricing","V08.0 Pricing","MOD-15","PRICE-001","2","L4 - Advanced","Business Process","SAP S/4HANA Training System","Document numbers + screenshots","VK11; V/06","Manage Prices - Sales; Set Material Prices - Sales","Pricing","S/4HANA (ECC differences noted)","Same concept as ECC","Order to Cash","FI","Level 2 - SAP SD Core","SD","Configuration","0","Pending"
"THY-020","THY-020","Theory","Normal","[THY-020] Rebates in ECC and settlement management concepts in S/4HANA","**Objective:** Rebates in ECC and settlement management concepts in S/4HANA

**Prerequisites:** PRICE-002

**Concepts:** Condition technique; Condition tables; Access sequences; Condition types; Pricing procedures; Condition records; Pricing determination; Manual conditions; Discounts; Surcharges; Freight; Taxes; Rebates/settlement concepts

**Fiori apps:** Manage Prices - Sales; Set Material Prices - Sales

**Business process:** Order to Cash

**Environment:** SAP S/4HANA Training System

### Steps
- [ ] Study classic rebate agreements
- [ ] Study condition contracts and settlement at concept level

### Acceptance criteria
- Explains what replaced rebate agreements and why

**Evidence required:** Notes

**Document flow and impact:** Record the document flow, and for every delivery, goods issue and invoice write the stock change and the debit and credit lines.

**Assessment:** Instructor checks the notes and asks short oral questions. Type: Short answer.

### Completion criteria
- Every step is done and every acceptance criterion is demonstrated
- Required evidence is attached to the issue
- Document flow and the logistics or accounting impact are written down where documents were created
- Actual time is logged against the issue
- Instructor Review is Approved and the status is Completed

**Estimated time:** 2 h

**Next task:** TSH-011","Pricing","V08.0 Pricing","MOD-15","PRICE-002","2","L4 - Advanced","Theory","SAP S/4HANA Training System","Notes","","Manage Prices - Sales; Set Material Prices - Sales","Pricing","S/4HANA (ECC differences noted)","Same concept as ECC","Order to Cash","FI","Level 2 - SAP SD Core","SD","Short answer","0","Pending"
"TSH-011","TSH-011","Troubleshooting","Normal","[TSH-011] Scenario 11: pricing not determined, mandatory condition missing","**Objective:** Scenario 11: pricing not determined, mandatory condition missing

**Prerequisites:** THY-020

**Concepts:** Condition technique; Condition tables; Access sequences; Condition types; Pricing procedures; Condition records; Pricing determination; Manual conditions; Discounts; Surcharges; Freight; Taxes; Rebates/settlement concepts

**Transaction codes:** V/03; V/07; V/06; V/08; OVKK; VK11; VK12; VK13; OVKP; OVKI (SAP GUI; use the Fiori app for the same function where one exists)

**Fiori apps:** Manage Prices - Sales; Set Material Prices - Sales

**Business process:** Order to Cash

**Environment:** SAP S/4HANA Training System

### Steps
- [ ] Reproduce the error in the training client (instructor-prepared)
- [ ] Record the exact message number and text, and the business impact
- [ ] Read the pricing analysis
- [ ] Check the condition record keys and validity
- [ ] Create or correct the record
- [ ] Apply the fix
- [ ] Re-run the original transaction to validate
- [ ] Write the eight-section report: problem, business impact, evidence, root cause, configuration, fix, validation, prevention

### Acceptance criteria
- The original transaction now works
- Root cause is shown in configuration or master data
- Report has all eight sections

**Evidence required:** Root cause report

**Document flow and impact:** Record the document flow, and for every delivery, goods issue and invoice write the stock change and the debit and credit lines.

**Assessment:** Instructor grades the eight-section report. Type: Configuration decisions.

### Completion criteria
- Every step is done and every acceptance criterion is demonstrated
- Required evidence is attached to the issue
- Document flow and the logistics or accounting impact are written down where documents were created
- Actual time is logged against the issue
- Instructor Review is Approved and the status is Completed

**Estimated time:** 1 h

**Next task:** TSH-012","Pricing","V08.0 Pricing","MOD-15","THY-020","1","L4 - Advanced","Troubleshooting","SAP S/4HANA Training System","Root cause report","V/03; V/07; V/06; V/08; OVKK; VK11; VK12; VK13; OVKP; OVKI","Manage Prices - Sales; Set Material Prices - Sales","Pricing","S/4HANA (ECC differences noted)","Same concept as ECC","Order to Cash","FI","Level 2 - SAP SD Core","SD","Configuration decisions","0","Pending"
"TSH-012","TSH-012","Troubleshooting","Normal","[TSH-012] Scenario 12: wrong pricing, an unexpected record is found","**Objective:** Scenario 12: wrong pricing, an unexpected record is found

**Prerequisites:** TSH-011

**Concepts:** Condition technique; Condition tables; Access sequences; Condition types; Pricing procedures; Condition records; Pricing determination; Manual conditions; Discounts; Surcharges; Freight; Taxes; Rebates/settlement concepts

**Transaction codes:** V/03; V/07; V/06; V/08; OVKK; VK11; VK12; VK13; OVKP; OVKI (SAP GUI; use the Fiori app for the same function where one exists)

**Fiori apps:** Manage Prices - Sales; Set Material Prices - Sales

**Business process:** Order to Cash

**Environment:** SAP S/4HANA Training System

### Steps
- [ ] Reproduce the error in the training client (instructor-prepared)
- [ ] Record the exact message number and text, and the business impact
- [ ] Read the analysis access by access
- [ ] Check exclusive flags and access order
- [ ] Apply the fix
- [ ] Re-run the original transaction to validate
- [ ] Write the eight-section report: problem, business impact, evidence, root cause, configuration, fix, validation, prevention

### Acceptance criteria
- The original transaction now works
- Root cause is shown in configuration or master data
- Report has all eight sections

**Evidence required:** Root cause report

**Document flow and impact:** Record the document flow, and for every delivery, goods issue and invoice write the stock change and the debit and credit lines.

**Assessment:** Instructor grades the eight-section report. Type: Configuration decisions.

### Completion criteria
- Every step is done and every acceptance criterion is demonstrated
- Required evidence is attached to the issue
- Document flow and the logistics or accounting impact are written down where documents were created
- Actual time is logged against the issue
- Instructor Review is Approved and the status is Completed

**Estimated time:** 1 h

**Next task:** TSH-013","Pricing","V08.0 Pricing","MOD-15","TSH-011","1","L4 - Advanced","Troubleshooting","SAP S/4HANA Training System","Root cause report","V/03; V/07; V/06; V/08; OVKK; VK11; VK12; VK13; OVKP; OVKI","Manage Prices - Sales; Set Material Prices - Sales","Pricing","S/4HANA (ECC differences noted)","Same concept as ECC","Order to Cash","FI","Level 2 - SAP SD Core","SD","Configuration decisions","0","Pending"
"TSH-013","TSH-013","Troubleshooting","Normal","[TSH-013] Scenario 13: pricing procedure not determined","**Objective:** Scenario 13: pricing procedure not determined

**Prerequisites:** TSH-012

**Concepts:** Condition technique; Condition tables; Access sequences; Condition types; Pricing procedures; Condition records; Pricing determination; Manual conditions; Discounts; Surcharges; Freight; Taxes; Rebates/settlement concepts

**Transaction codes:** V/03; V/07; V/06; V/08; OVKK; VK11; VK12; VK13; OVKP; OVKI (SAP GUI; use the Fiori app for the same function where one exists)

**Fiori apps:** Manage Prices - Sales; Set Material Prices - Sales

**Business process:** Order to Cash

**Environment:** SAP S/4HANA Training System

### Steps
- [ ] Reproduce the error in the training client (instructor-prepared)
- [ ] Record the exact message number and text, and the business impact
- [ ] Check the determination keys: sales area, document and customer pricing procedure
- [ ] Apply the fix
- [ ] Re-run the original transaction to validate
- [ ] Write the eight-section report: problem, business impact, evidence, root cause, configuration, fix, validation, prevention

### Acceptance criteria
- The original transaction now works
- Root cause is shown in configuration or master data
- Report has all eight sections

**Evidence required:** Root cause report

**Document flow and impact:** Record the document flow, and for every delivery, goods issue and invoice write the stock change and the debit and credit lines.

**Assessment:** Instructor grades the eight-section report. Type: Configuration decisions.

### Completion criteria
- Every step is done and every acceptance criterion is demonstrated
- Required evidence is attached to the issue
- Document flow and the logistics or accounting impact are written down where documents were created
- Actual time is logged against the issue
- Instructor Review is Approved and the status is Completed

**Estimated time:** 1 h

**Next task:** ASM-008","Pricing","V08.0 Pricing","MOD-15","TSH-012","1","L4 - Advanced","Troubleshooting","SAP S/4HANA Training System","Root cause report","V/03; V/07; V/06; V/08; OVKK; VK11; VK12; VK13; OVKP; OVKI","Manage Prices - Sales; Set Material Prices - Sales","Pricing","S/4HANA (ECC differences noted)","Same concept as ECC","Order to Cash","FI","Level 2 - SAP SD Core","SD","Configuration decisions","0","Pending"
"ASM-008","ASM-008","Assessment","High","[ASM-008] Phase 08 assessment: pricing","**Objective:** Phase 08 assessment: pricing

**Prerequisites:** TSH-013

**Concepts:** Condition technique; Condition tables; Access sequences; Condition types; Pricing procedures; Condition records; Pricing determination; Manual conditions; Discounts; Surcharges; Freight; Taxes; Rebates/settlement concepts

**Fiori apps:** Manage Prices - Sales; Set Material Prices - Sales

**Business process:** Order to Cash

**Environment:** SAP S/4HANA Training System

### Steps
- [ ] Configure a small pricing procedure from a requirement and explain every line

### Acceptance criteria
- Score of 70 or higher

**Evidence required:** Scored result

**Document flow and impact:** Record the document flow, and for every delivery, goods issue and invoice write the stock change and the debit and credit lines.

**Troubleshooting:** Read the full message with its number. Record each error and its cause in the issue notes. If stuck for more than 30 minutes, set the status to Blocked and describe the blocker.

**Assessment:** Scored 0-100. Pass mark 70. Type: Configuration.

### Completion criteria
- Every step is done and every acceptance criterion is demonstrated
- Required evidence is attached to the issue
- Document flow and the logistics or accounting impact are written down where documents were created
- Actual time is logged against the issue
- Instructor Review is Approved and the status is Completed

**Estimated time:** 3 h

**Next task:** Last task of this module","Pricing","V08.0 Pricing","MOD-15","TSH-013","3","L4 - Advanced","Assessment","SAP S/4HANA Training System","Scored result","","Manage Prices - Sales; Set Material Prices - Sales","Pricing","S/4HANA (ECC differences noted)","Same concept as ECC","Order to Cash","FI","Level 2 - SAP SD Core","SD","Configuration","0","Pending"
"REVIEW-08","REVIEW-08","Review","High","[REVIEW-08] Phase 08 gate review","**Objective:** Confirm that phase 08 (Pricing) is complete.

### Checklist
- [ ] Every issue of the phase is Completed
- [ ] Evidence is attached to every issue
- [ ] Time is logged
- [ ] Assessment score is 70 or higher
- [ ] Configuration document is up to date

**Assessment:** Instructor confirms the checklist and records the gate decision.

**Estimated time:** 1 h","","V08.0 Pricing","PHASE-08","ASM-008","1","","Review","","Instructor sign-off","","","","","","","","","","Review","0","Pending"
"PHASE-09","PHASE-09","Phase","Normal","[PHASE-09] Availability & ATP","Phase 09 of 30. Version: V09.0 Availability & ATP.

Modules: 1. Estimated hours: 17.

- MOD-16 Availability Check

The phase closes with the gate review REVIEW-09.","","V09.0 Availability & ATP","EPIC","","","","","","","","","","","","","","","","","",""
"MOD-16","MOD-16","Module","Normal","[MOD-16] Availability Check","**Topics:** ATP; Availability check; Checking group; Checking rule; Scope of check; Confirmations; Requirements; Backorder concepts

**Transaction codes:** OVZ2; OVZ9; OVZG; OVZH; OVZI; CO09; MD04; V_V2; V.15

**Fiori apps:** None listed

**Environment:** SAP S/4HANA Training System

**Tasks:** 7, 16 estimated hours.

- THY-021 Available-to-promise and transfer of requirements
- CFG-013 Configure the availability check
- LAB-018 Availability Check
- PROC-004 Backorders and rescheduling
- TSH-014 Scenario 14: ATP issue, order not confirmed although stock exists
- TSH-015 Scenario 15: material unavailable, no schedule line date
- ASM-009 Phase 09 assessment: availability","Availability","V09.0 Availability & ATP","PHASE-09","","","","","SAP S/4HANA Training System","","OVZ2; OVZ9; OVZG; OVZH; OVZI; CO09; MD04; V_V2; V.15","","Availability","S/4HANA (ECC differences noted)","Same concept as ECC","Order to Cash","MM","Level 2 - SAP SD Core","SD","","",""
"THY-021","THY-021","Theory","Normal","[THY-021] Available-to-promise and transfer of requirements","**Objective:** Available-to-promise and transfer of requirements

**Prerequisites:** TSH-007

**Concepts:** ATP; Availability check; Checking group; Checking rule; Scope of check; Confirmations; Requirements; Backorder concepts

**Business process:** Order to Cash

**Environment:** SAP S/4HANA Training System

### Steps
- [ ] Study what ATP quantity is: stock plus planned receipts minus planned issues
- [ ] Study checking group, checking rule and scope of check
- [ ] Study replenishment lead time
- [ ] Study requirement types and classes and how requirements reach planning

### Acceptance criteria
- Calculates ATP for a small time series
- Explains scope of check elements

**Evidence required:** Notes

**Document flow and impact:** Record the document flow, and for every delivery, goods issue and invoice write the stock change and the debit and credit lines.

**Assessment:** Instructor checks the notes and asks short oral questions. Type: Short answer.

### Completion criteria
- Every step is done and every acceptance criterion is demonstrated
- Required evidence is attached to the issue
- Document flow and the logistics or accounting impact are written down where documents were created
- Actual time is logged against the issue
- Instructor Review is Approved and the status is Completed

**Estimated time:** 3 h

**Next task:** CFG-013","Availability","V09.0 Availability & ATP","MOD-16","TSH-007","3","L4 - Advanced","Theory","SAP S/4HANA Training System","Notes","","","Availability","S/4HANA (ECC differences noted)","Same concept as ECC","Order to Cash","MM","Level 2 - SAP SD Core","SD","Short answer","0","Pending"
"CFG-013","CFG-013","Configuration","Normal","[CFG-013] Configure the availability check","**Objective:** Configure the availability check

**Prerequisites:** THY-021

**Concepts:** ATP; Availability check; Checking group; Checking rule; Scope of check; Confirmations; Requirements; Backorder concepts

**Transaction codes:** OVZ2; OVZ9; OVZG; OVZH; OVZI (SAP GUI; use the Fiori app for the same function where one exists)

**Business process:** Order to Cash

**Environment:** SAP S/4HANA Training System

### Steps
- [ ] Review checking groups and defaults
- [ ] Maintain the scope of check for the sales checking rule
- [ ] Review requirements class and type determination
- [ ] Explain each setting

### Acceptance criteria
- Scope of check is documented with reasons

**Evidence required:** Configuration document entry

**Document flow and impact:** Record the document flow, and for every delivery, goods issue and invoice write the stock change and the debit and credit lines.

**Troubleshooting:** Read the full message with its number. Record each error and its cause in the issue notes. If stuck for more than 30 minutes, set the status to Blocked and describe the blocker.

**Documentation:** Add the setting, its values and the business reason to your configuration document.

**Assessment:** Instructor checks the setting, its test document and the documented business reason. Type: Configuration.

### Completion criteria
- Every step is done and every acceptance criterion is demonstrated
- Required evidence is attached to the issue
- Document flow and the logistics or accounting impact are written down where documents were created
- Actual time is logged against the issue
- Instructor Review is Approved and the status is Completed

**Estimated time:** 3 h

**Next task:** LAB-018","Availability","V09.0 Availability & ATP","MOD-16","THY-021","3","L4 - Advanced","Configuration","SAP S/4HANA Training System","Configuration document entry","OVZ2; OVZ9; OVZG; OVZH; OVZI","","Availability","S/4HANA (ECC differences noted)","Same concept as ECC","Order to Cash","MM","Level 2 - SAP SD Core","SD","Configuration","0","Pending"
"LAB-018","LAB-018","Lab","Normal","[LAB-018] Availability Check","**Objective:** Availability Check

**Prerequisites:** CFG-013

**Concepts:** ATP; Availability check; Checking group; Checking rule; Scope of check; Confirmations; Requirements; Backorder concepts

**Transaction codes:** VA01; CO09; MD04 (SAP GUI; use the Fiori app for the same function where one exists)

**Business process:** Order to Cash

**Environment:** SAP S/4HANA Training System

### Steps
- [ ] Create orders with sufficient stock, partial stock and no stock
- [ ] Read the availability control screen: one-time delivery, complete delivery, delivery proposal
- [ ] Check the availability overview and the stock requirements list
- [ ] See the effect of a planned receipt

### Acceptance criteria
- Each case confirms as predicted
- Requirement appears in planning

**Evidence required:** Document numbers + screenshots

**Document flow and impact:** Record the document flow, and for every delivery, goods issue and invoice write the stock change and the debit and credit lines.

**Troubleshooting:** Read the full message with its number. Record each error and its cause in the issue notes. If stuck for more than 30 minutes, set the status to Blocked and describe the blocker.

**Assessment:** Instructor verifies the acceptance criteria from the evidence and may ask for a live demonstration. Type: Transactions.

### Completion criteria
- Every step is done and every acceptance criterion is demonstrated
- Required evidence is attached to the issue
- Document flow and the logistics or accounting impact are written down where documents were created
- Actual time is logged against the issue
- Instructor Review is Approved and the status is Completed

**Estimated time:** 4 h

**Next task:** PROC-004","Availability","V09.0 Availability & ATP","MOD-16","CFG-013","4","L4 - Advanced","Guided Lab","SAP S/4HANA Training System","Document numbers + screenshots","VA01; CO09; MD04","","Availability","S/4HANA (ECC differences noted)","Same concept as ECC","Order to Cash","MM","Level 2 - SAP SD Core","SD","Transactions","0","Pending"
"PROC-004","PROC-004","Sales Process","Normal","[PROC-004] Backorders and rescheduling","**Objective:** Backorders and rescheduling

**Prerequisites:** LAB-018

**Concepts:** ATP; Availability check; Checking group; Checking rule; Scope of check; Confirmations; Requirements; Backorder concepts

**Transaction codes:** V.15; V_V2; CO06 (SAP GUI; use the Fiori app for the same function where one exists)

**Business process:** Order to Cash

**Environment:** SAP S/4HANA Training System

### Steps
- [ ] List backorders
- [ ] Run rescheduling in simulation
- [ ] Reassign confirmed quantity between orders manually

### Acceptance criteria
- Backorder list is explained
- Reassignment changes confirmations

**Evidence required:** Process document + document numbers

**Document flow and impact:** Record the document flow, and for every delivery, goods issue and invoice write the stock change and the debit and credit lines.

**Troubleshooting:** Read the full message with its number. Record each error and its cause in the issue notes. If stuck for more than 30 minutes, set the status to Blocked and describe the blocker.

**Assessment:** Instructor checks the process end to end from the document flow. Type: Transactions.

### Completion criteria
- Every step is done and every acceptance criterion is demonstrated
- Required evidence is attached to the issue
- Document flow and the logistics or accounting impact are written down where documents were created
- Actual time is logged against the issue
- Instructor Review is Approved and the status is Completed

**Estimated time:** 2 h

**Next task:** TSH-014","Availability","V09.0 Availability & ATP","MOD-16","LAB-018","2","L4 - Advanced","Business Process","SAP S/4HANA Training System","Process document + document numbers","V.15; V_V2; CO06","","Availability","S/4HANA (ECC differences noted)","Same concept as ECC","Order to Cash","MM","Level 2 - SAP SD Core","SD","Transactions","0","Pending"
"TSH-014","TSH-014","Troubleshooting","Normal","[TSH-014] Scenario 14: ATP issue, order not confirmed although stock exists","**Objective:** Scenario 14: ATP issue, order not confirmed although stock exists

**Prerequisites:** PROC-004

**Concepts:** ATP; Availability check; Checking group; Checking rule; Scope of check; Confirmations; Requirements; Backorder concepts

**Transaction codes:** OVZ2; OVZ9; OVZG; OVZH; OVZI; CO09; MD04; V_V2; V.15 (SAP GUI; use the Fiori app for the same function where one exists)

**Business process:** Order to Cash

**Environment:** SAP S/4HANA Training System

### Steps
- [ ] Reproduce the error in the training client (instructor-prepared)
- [ ] Record the exact message number and text, and the business impact
- [ ] Check scope of check, other requirements and stock type
- [ ] Check checking group in the material
- [ ] Apply the fix
- [ ] Re-run the original transaction to validate
- [ ] Write the eight-section report: problem, business impact, evidence, root cause, configuration, fix, validation, prevention

### Acceptance criteria
- The original transaction now works
- Root cause is shown in configuration or master data
- Report has all eight sections

**Evidence required:** Root cause report

**Document flow and impact:** Record the document flow, and for every delivery, goods issue and invoice write the stock change and the debit and credit lines.

**Assessment:** Instructor grades the eight-section report. Type: Configuration decisions.

### Completion criteria
- Every step is done and every acceptance criterion is demonstrated
- Required evidence is attached to the issue
- Document flow and the logistics or accounting impact are written down where documents were created
- Actual time is logged against the issue
- Instructor Review is Approved and the status is Completed

**Estimated time:** 1 h

**Next task:** TSH-015","Availability","V09.0 Availability & ATP","MOD-16","PROC-004","1","L4 - Advanced","Troubleshooting","SAP S/4HANA Training System","Root cause report","OVZ2; OVZ9; OVZG; OVZH; OVZI; CO09; MD04; V_V2; V.15","","Availability","S/4HANA (ECC differences noted)","Same concept as ECC","Order to Cash","MM","Level 2 - SAP SD Core","SD","Configuration decisions","0","Pending"
"TSH-015","TSH-015","Troubleshooting","Normal","[TSH-015] Scenario 15: material unavailable, no schedule line date","**Objective:** Scenario 15: material unavailable, no schedule line date

**Prerequisites:** TSH-014

**Concepts:** ATP; Availability check; Checking group; Checking rule; Scope of check; Confirmations; Requirements; Backorder concepts

**Transaction codes:** OVZ2; OVZ9; OVZG; OVZH; OVZI; CO09; MD04; V_V2; V.15 (SAP GUI; use the Fiori app for the same function where one exists)

**Business process:** Order to Cash

**Environment:** SAP S/4HANA Training System

### Steps
- [ ] Reproduce the error in the training client (instructor-prepared)
- [ ] Record the exact message number and text, and the business impact
- [ ] Check replenishment lead time, planned receipts and delivery scheduling
- [ ] Apply the fix
- [ ] Re-run the original transaction to validate
- [ ] Write the eight-section report: problem, business impact, evidence, root cause, configuration, fix, validation, prevention

### Acceptance criteria
- The original transaction now works
- Root cause is shown in configuration or master data
- Report has all eight sections

**Evidence required:** Root cause report

**Document flow and impact:** Record the document flow, and for every delivery, goods issue and invoice write the stock change and the debit and credit lines.

**Assessment:** Instructor grades the eight-section report. Type: Configuration decisions.

### Completion criteria
- Every step is done and every acceptance criterion is demonstrated
- Required evidence is attached to the issue
- Document flow and the logistics or accounting impact are written down where documents were created
- Actual time is logged against the issue
- Instructor Review is Approved and the status is Completed

**Estimated time:** 1 h

**Next task:** ASM-009","Availability","V09.0 Availability & ATP","MOD-16","TSH-014","1","L4 - Advanced","Troubleshooting","SAP S/4HANA Training System","Root cause report","OVZ2; OVZ9; OVZG; OVZH; OVZI; CO09; MD04; V_V2; V.15","","Availability","S/4HANA (ECC differences noted)","Same concept as ECC","Order to Cash","MM","Level 2 - SAP SD Core","SD","Configuration decisions","0","Pending"
"ASM-009","ASM-009","Assessment","High","[ASM-009] Phase 09 assessment: availability","**Objective:** Phase 09 assessment: availability

**Prerequisites:** TSH-015

**Concepts:** ATP; Availability check; Checking group; Checking rule; Scope of check; Confirmations; Requirements; Backorder concepts

**Business process:** Order to Cash

**Environment:** SAP S/4HANA Training System

### Steps
- [ ] Predict and prove confirmations for a set of stock situations

### Acceptance criteria
- Score of 70 or higher

**Evidence required:** Scored result

**Document flow and impact:** Record the document flow, and for every delivery, goods issue and invoice write the stock change and the debit and credit lines.

**Troubleshooting:** Read the full message with its number. Record each error and its cause in the issue notes. If stuck for more than 30 minutes, set the status to Blocked and describe the blocker.

**Assessment:** Scored 0-100. Pass mark 70. Type: Logistics scenarios.

### Completion criteria
- Every step is done and every acceptance criterion is demonstrated
- Required evidence is attached to the issue
- Document flow and the logistics or accounting impact are written down where documents were created
- Actual time is logged against the issue
- Instructor Review is Approved and the status is Completed

**Estimated time:** 2 h

**Next task:** Last task of this module","Availability","V09.0 Availability & ATP","MOD-16","TSH-015","2","L4 - Advanced","Assessment","SAP S/4HANA Training System","Scored result","","","Availability","S/4HANA (ECC differences noted)","Same concept as ECC","Order to Cash","MM","Level 2 - SAP SD Core","SD","Logistics scenarios","0","Pending"
"REVIEW-09","REVIEW-09","Review","High","[REVIEW-09] Phase 09 gate review","**Objective:** Confirm that phase 09 (Availability & ATP) is complete.

### Checklist
- [ ] Every issue of the phase is Completed
- [ ] Evidence is attached to every issue
- [ ] Time is logged
- [ ] Assessment score is 70 or higher
- [ ] Configuration document is up to date

**Assessment:** Instructor confirms the checklist and records the gate decision.

**Estimated time:** 1 h","","V09.0 Availability & ATP","PHASE-09","ASM-009","1","","Review","","Instructor sign-off","","","","","","","","","","Review","0","Pending"
"PHASE-10","PHASE-10","Phase","Normal","[PHASE-10] Shipping","Phase 10 of 30. Version: V10.0 Shipping.

Modules: 1. Estimated hours: 20.

- MOD-17 Shipping and Route Determination

The phase closes with the gate review REVIEW-10.","","V10.0 Shipping","EPIC","","","","","","","","","","","","","","","","","",""
"MOD-17","MOD-17","Module","Normal","[MOD-17] Shipping and Route Determination","**Topics:** Shipping point; Shipping conditions; Loading group; Route; Transportation; Delivery scheduling; Transportation group; Departure zone; Destination zone; Transit time; Loading time; Transportation scheduling

**Transaction codes:** OVL2; OVLG; OVL3; 0VTC; OVLN; OVLZ; OVSZ

**Fiori apps:** None listed

**Environment:** SAP S/4HANA Training System

**Tasks:** 9, 19 estimated hours.

- THY-022 Shipping point determination
- CFG-014 Shipping point determination
- THY-023 Route determination
- CFG-015 Route determination
- THY-024 Delivery and transportation scheduling
- CFG-016 Delivery scheduling settings
- TSH-016 Scenario 16: shipping point missing in the order item
- TSH-017 Scenario 17: route not determined
- ASM-010 Phase 10 assessment: shipping","Shipping","V10.0 Shipping","PHASE-10","","","","","SAP S/4HANA Training System","","OVL2; OVLG; OVL3; 0VTC; OVLN; OVLZ; OVSZ","","Shipping","S/4HANA (ECC differences noted)","Same concept as ECC","Order to Cash","Logistics","Level 2 - SAP SD Core","SD","","",""
"THY-022","THY-022","Theory","Normal","[THY-022] Shipping point determination","**Objective:** Shipping point determination

**Prerequisites:** ASM-009

**Concepts:** Shipping point; Shipping conditions; Loading group; Route; Transportation; Delivery scheduling; Transportation group; Departure zone; Destination zone; Transit time; Loading time; Transportation scheduling

**Business process:** Order to Cash

**Environment:** SAP S/4HANA Training System

### Steps
- [ ] Study the key: shipping condition, loading group, plant
- [ ] Study where each value comes from
- [ ] Study proposed and allowed shipping points

### Acceptance criteria
- Predicts the shipping point for six combinations

**Evidence required:** Notes

**Document flow and impact:** Record the document flow, and for every delivery, goods issue and invoice write the stock change and the debit and credit lines.

**Assessment:** Instructor checks the notes and asks short oral questions. Type: Short answer.

### Completion criteria
- Every step is done and every acceptance criterion is demonstrated
- Required evidence is attached to the issue
- Document flow and the logistics or accounting impact are written down where documents were created
- Actual time is logged against the issue
- Instructor Review is Approved and the status is Completed

**Estimated time:** 2 h

**Next task:** CFG-014","Shipping","V10.0 Shipping","MOD-17","ASM-009","2","L4 - Advanced","Theory","SAP S/4HANA Training System","Notes","","","Shipping","S/4HANA (ECC differences noted)","Same concept as ECC","Order to Cash","Logistics","Level 2 - SAP SD Core","SD","Short answer","0","Pending"
"CFG-014","CFG-014","Configuration","Normal","[CFG-014] Shipping point determination","**Objective:** Shipping point determination

**Prerequisites:** THY-022

**Concepts:** Shipping point; Shipping conditions; Loading group; Route; Transportation; Delivery scheduling; Transportation group; Departure zone; Destination zone; Transit time; Loading time; Transportation scheduling

**Transaction codes:** OVL2 (SAP GUI; use the Fiori app for the same function where one exists)

**Business process:** Order to Cash

**Environment:** SAP S/4HANA Training System

### Steps
- [ ] Define shipping conditions and loading groups as needed
- [ ] Maintain shipping point determination for the course plant
- [ ] Test in an order

### Acceptance criteria
- Order item proposes the intended shipping point

**Evidence required:** Configuration document entry

**Document flow and impact:** Record the document flow, and for every delivery, goods issue and invoice write the stock change and the debit and credit lines.

**Troubleshooting:** Read the full message with its number. Record each error and its cause in the issue notes. If stuck for more than 30 minutes, set the status to Blocked and describe the blocker.

**Documentation:** Add the setting, its values and the business reason to your configuration document.

**Assessment:** Instructor checks the setting, its test document and the documented business reason. Type: Configuration.

### Completion criteria
- Every step is done and every acceptance criterion is demonstrated
- Required evidence is attached to the issue
- Document flow and the logistics or accounting impact are written down where documents were created
- Actual time is logged against the issue
- Instructor Review is Approved and the status is Completed

**Estimated time:** 2 h

**Next task:** THY-023","Shipping","V10.0 Shipping","MOD-17","THY-022","2","L4 - Advanced","Configuration","SAP S/4HANA Training System","Configuration document entry","OVL2","","Shipping","S/4HANA (ECC differences noted)","Same concept as ECC","Order to Cash","Logistics","Level 2 - SAP SD Core","SD","Configuration","0","Pending"
"THY-023","THY-023","Theory","Normal","[THY-023] Route determination","**Objective:** Route determination

**Prerequisites:** CFG-014

**Concepts:** Shipping point; Shipping conditions; Loading group; Route; Transportation; Delivery scheduling; Transportation group; Departure zone; Destination zone; Transit time; Loading time; Transportation scheduling

**Business process:** Order to Cash

**Environment:** SAP S/4HANA Training System

### Steps
- [ ] Study the key: departure zone of the shipping point, shipping condition, transportation group, destination zone of the ship-to, and weight group in the delivery
- [ ] Study routes, stages and transit time

### Acceptance criteria
- Predicts the route for four combinations

**Evidence required:** Notes

**Document flow and impact:** Record the document flow, and for every delivery, goods issue and invoice write the stock change and the debit and credit lines.

**Assessment:** Instructor checks the notes and asks short oral questions. Type: Short answer.

### Completion criteria
- Every step is done and every acceptance criterion is demonstrated
- Required evidence is attached to the issue
- Document flow and the logistics or accounting impact are written down where documents were created
- Actual time is logged against the issue
- Instructor Review is Approved and the status is Completed

**Estimated time:** 2 h

**Next task:** CFG-015","Shipping","V10.0 Shipping","MOD-17","CFG-014","2","L4 - Advanced","Theory","SAP S/4HANA Training System","Notes","","","Shipping","S/4HANA (ECC differences noted)","Same concept as ECC","Order to Cash","Logistics","Level 2 - SAP SD Core","SD","Short answer","0","Pending"
"CFG-015","CFG-015","Configuration","Normal","[CFG-015] Route determination","**Objective:** Route determination

**Prerequisites:** THY-023

**Concepts:** Shipping point; Shipping conditions; Loading group; Route; Transportation; Delivery scheduling; Transportation group; Departure zone; Destination zone; Transit time; Loading time; Transportation scheduling

**Transaction codes:** 0VTC; OVSZ (SAP GUI; use the Fiori app for the same function where one exists)

**Business process:** Order to Cash

**Environment:** SAP S/4HANA Training System

### Steps
- [ ] Define transportation zones and assign them to shipping point and customers
- [ ] Define routes with transit duration
- [ ] Maintain route determination
- [ ] Test in order and delivery

### Acceptance criteria
- Order item shows the intended route

**Evidence required:** Configuration document entry

**Document flow and impact:** Record the document flow, and for every delivery, goods issue and invoice write the stock change and the debit and credit lines.

**Troubleshooting:** Read the full message with its number. Record each error and its cause in the issue notes. If stuck for more than 30 minutes, set the status to Blocked and describe the blocker.

**Documentation:** Add the setting, its values and the business reason to your configuration document.

**Assessment:** Instructor checks the setting, its test document and the documented business reason. Type: Configuration.

### Completion criteria
- Every step is done and every acceptance criterion is demonstrated
- Required evidence is attached to the issue
- Document flow and the logistics or accounting impact are written down where documents were created
- Actual time is logged against the issue
- Instructor Review is Approved and the status is Completed

**Estimated time:** 4 h

**Next task:** THY-024","Shipping","V10.0 Shipping","MOD-17","THY-023","4","L4 - Advanced","Configuration","SAP S/4HANA Training System","Configuration document entry","0VTC; OVSZ","","Shipping","S/4HANA (ECC differences noted)","Same concept as ECC","Order to Cash","Logistics","Level 2 - SAP SD Core","SD","Configuration","0","Pending"
"THY-024","THY-024","Theory","Normal","[THY-024] Delivery and transportation scheduling","**Objective:** Delivery and transportation scheduling

**Prerequisites:** CFG-015

**Concepts:** Shipping point; Shipping conditions; Loading group; Route; Transportation; Delivery scheduling; Transportation group; Departure zone; Destination zone; Transit time; Loading time; Transportation scheduling

**Business process:** Order to Cash

**Environment:** SAP S/4HANA Training System

### Steps
- [ ] Study backward scheduling from requested delivery date: transit, loading, pick-pack and transportation lead times
- [ ] Study forward scheduling when the date cannot be met
- [ ] Study the dates on the schedule line

### Acceptance criteria
- Calculates material availability, loading, goods issue and delivery dates by hand

**Evidence required:** Notes

**Document flow and impact:** Record the document flow, and for every delivery, goods issue and invoice write the stock change and the debit and credit lines.

**Assessment:** Instructor checks the notes and asks short oral questions. Type: Short answer.

### Completion criteria
- Every step is done and every acceptance criterion is demonstrated
- Required evidence is attached to the issue
- Document flow and the logistics or accounting impact are written down where documents were created
- Actual time is logged against the issue
- Instructor Review is Approved and the status is Completed

**Estimated time:** 3 h

**Next task:** CFG-016","Shipping","V10.0 Shipping","MOD-17","CFG-015","3","L4 - Advanced","Theory","SAP S/4HANA Training System","Notes","","","Shipping","S/4HANA (ECC differences noted)","Same concept as ECC","Order to Cash","Logistics","Level 2 - SAP SD Core","SD","Short answer","0","Pending"
"CFG-016","CFG-016","Configuration","Normal","[CFG-016] Delivery scheduling settings","**Objective:** Delivery scheduling settings

**Prerequisites:** THY-024

**Concepts:** Shipping point; Shipping conditions; Loading group; Route; Transportation; Delivery scheduling; Transportation group; Departure zone; Destination zone; Transit time; Loading time; Transportation scheduling

**Transaction codes:** OVLZ; OVLN (SAP GUI; use the Fiori app for the same function where one exists)

**Business process:** Order to Cash

**Environment:** SAP S/4HANA Training System

### Steps
- [ ] Activate delivery and transportation scheduling for the order type
- [ ] Maintain pick-pack and loading time on the shipping point
- [ ] Compare the schedule line dates with the manual calculation

### Acceptance criteria
- System dates match the calculation

**Evidence required:** Configuration document entry

**Document flow and impact:** Record the document flow, and for every delivery, goods issue and invoice write the stock change and the debit and credit lines.

**Troubleshooting:** Read the full message with its number. Record each error and its cause in the issue notes. If stuck for more than 30 minutes, set the status to Blocked and describe the blocker.

**Documentation:** Add the setting, its values and the business reason to your configuration document.

**Assessment:** Instructor checks the setting, its test document and the documented business reason. Type: Configuration.

### Completion criteria
- Every step is done and every acceptance criterion is demonstrated
- Required evidence is attached to the issue
- Document flow and the logistics or accounting impact are written down where documents were created
- Actual time is logged against the issue
- Instructor Review is Approved and the status is Completed

**Estimated time:** 2 h

**Next task:** TSH-016","Shipping","V10.0 Shipping","MOD-17","THY-024","2","L4 - Advanced","Configuration","SAP S/4HANA Training System","Configuration document entry","OVLZ; OVLN","","Shipping","S/4HANA (ECC differences noted)","Same concept as ECC","Order to Cash","Logistics","Level 2 - SAP SD Core","SD","Configuration","0","Pending"
"TSH-016","TSH-016","Troubleshooting","Normal","[TSH-016] Scenario 16: shipping point missing in the order item","**Objective:** Scenario 16: shipping point missing in the order item

**Prerequisites:** CFG-016

**Concepts:** Shipping point; Shipping conditions; Loading group; Route; Transportation; Delivery scheduling; Transportation group; Departure zone; Destination zone; Transit time; Loading time; Transportation scheduling

**Transaction codes:** OVL2; OVLG; OVL3; 0VTC; OVLN; OVLZ; OVSZ (SAP GUI; use the Fiori app for the same function where one exists)

**Business process:** Order to Cash

**Environment:** SAP S/4HANA Training System

### Steps
- [ ] Reproduce the error in the training client (instructor-prepared)
- [ ] Record the exact message number and text, and the business impact
- [ ] Check shipping condition, loading group and plant and the determination entry
- [ ] Apply the fix
- [ ] Re-run the original transaction to validate
- [ ] Write the eight-section report: problem, business impact, evidence, root cause, configuration, fix, validation, prevention

### Acceptance criteria
- The original transaction now works
- Root cause is shown in configuration or master data
- Report has all eight sections

**Evidence required:** Root cause report

**Document flow and impact:** Record the document flow, and for every delivery, goods issue and invoice write the stock change and the debit and credit lines.

**Assessment:** Instructor grades the eight-section report. Type: Configuration decisions.

### Completion criteria
- Every step is done and every acceptance criterion is demonstrated
- Required evidence is attached to the issue
- Document flow and the logistics or accounting impact are written down where documents were created
- Actual time is logged against the issue
- Instructor Review is Approved and the status is Completed

**Estimated time:** 1 h

**Next task:** TSH-017","Shipping","V10.0 Shipping","MOD-17","CFG-016","1","L4 - Advanced","Troubleshooting","SAP S/4HANA Training System","Root cause report","OVL2; OVLG; OVL3; 0VTC; OVLN; OVLZ; OVSZ","","Shipping","S/4HANA (ECC differences noted)","Same concept as ECC","Order to Cash","Logistics","Level 2 - SAP SD Core","SD","Configuration decisions","0","Pending"
"TSH-017","TSH-017","Troubleshooting","Normal","[TSH-017] Scenario 17: route not determined","**Objective:** Scenario 17: route not determined

**Prerequisites:** TSH-016

**Concepts:** Shipping point; Shipping conditions; Loading group; Route; Transportation; Delivery scheduling; Transportation group; Departure zone; Destination zone; Transit time; Loading time; Transportation scheduling

**Transaction codes:** OVL2; OVLG; OVL3; 0VTC; OVLN; OVLZ; OVSZ (SAP GUI; use the Fiori app for the same function where one exists)

**Business process:** Order to Cash

**Environment:** SAP S/4HANA Training System

### Steps
- [ ] Reproduce the error in the training client (instructor-prepared)
- [ ] Record the exact message number and text, and the business impact
- [ ] Check zones on shipping point and ship-to, transportation group and the determination entry
- [ ] Apply the fix
- [ ] Re-run the original transaction to validate
- [ ] Write the eight-section report: problem, business impact, evidence, root cause, configuration, fix, validation, prevention

### Acceptance criteria
- The original transaction now works
- Root cause is shown in configuration or master data
- Report has all eight sections

**Evidence required:** Root cause report

**Document flow and impact:** Record the document flow, and for every delivery, goods issue and invoice write the stock change and the debit and credit lines.

**Assessment:** Instructor grades the eight-section report. Type: Configuration decisions.

### Completion criteria
- Every step is done and every acceptance criterion is demonstrated
- Required evidence is attached to the issue
- Document flow and the logistics or accounting impact are written down where documents were created
- Actual time is logged against the issue
- Instructor Review is Approved and the status is Completed

**Estimated time:** 1 h

**Next task:** ASM-010","Shipping","V10.0 Shipping","MOD-17","TSH-016","1","L4 - Advanced","Troubleshooting","SAP S/4HANA Training System","Root cause report","OVL2; OVLG; OVL3; 0VTC; OVLN; OVLZ; OVSZ","","Shipping","S/4HANA (ECC differences noted)","Same concept as ECC","Order to Cash","Logistics","Level 2 - SAP SD Core","SD","Configuration decisions","0","Pending"
"ASM-010","ASM-010","Assessment","High","[ASM-010] Phase 10 assessment: shipping","**Objective:** Phase 10 assessment: shipping

**Prerequisites:** TSH-017

**Concepts:** Shipping point; Shipping conditions; Loading group; Route; Transportation; Delivery scheduling; Transportation group; Departure zone; Destination zone; Transit time; Loading time; Transportation scheduling

**Business process:** Order to Cash

**Environment:** SAP S/4HANA Training System

### Steps
- [ ] Configure shipping point and route determination for a new plant and prove it

### Acceptance criteria
- Score of 70 or higher

**Evidence required:** Scored result

**Document flow and impact:** Record the document flow, and for every delivery, goods issue and invoice write the stock change and the debit and credit lines.

**Troubleshooting:** Read the full message with its number. Record each error and its cause in the issue notes. If stuck for more than 30 minutes, set the status to Blocked and describe the blocker.

**Assessment:** Scored 0-100. Pass mark 70. Type: Configuration.

### Completion criteria
- Every step is done and every acceptance criterion is demonstrated
- Required evidence is attached to the issue
- Document flow and the logistics or accounting impact are written down where documents were created
- Actual time is logged against the issue
- Instructor Review is Approved and the status is Completed

**Estimated time:** 2 h

**Next task:** Last task of this module","Shipping","V10.0 Shipping","MOD-17","TSH-017","2","L4 - Advanced","Assessment","SAP S/4HANA Training System","Scored result","","","Shipping","S/4HANA (ECC differences noted)","Same concept as ECC","Order to Cash","Logistics","Level 2 - SAP SD Core","SD","Configuration","0","Pending"
"REVIEW-10","REVIEW-10","Review","High","[REVIEW-10] Phase 10 gate review","**Objective:** Confirm that phase 10 (Shipping) is complete.

### Checklist
- [ ] Every issue of the phase is Completed
- [ ] Evidence is attached to every issue
- [ ] Time is logged
- [ ] Assessment score is 70 or higher
- [ ] Configuration document is up to date

**Assessment:** Instructor confirms the checklist and records the gate decision.

**Estimated time:** 1 h","","V10.0 Shipping","PHASE-10","ASM-010","1","","Review","","Instructor sign-off","","","","","","","","","","Review","0","Pending"
"PHASE-11","PHASE-11","Phase","Normal","[PHASE-11] Delivery","Phase 11 of 30. Version: V11.0 Delivery.

Modules: 2. Estimated hours: 22.

- MOD-18 Outbound Delivery
- MOD-19 Batch Determination and Serial Numbers

The phase closes with the gate review REVIEW-11.","","V11.0 Delivery","EPIC","","","","","","","","","","","","","","","","","",""
"MOD-18","MOD-18","Module","Normal","[MOD-18] Outbound Delivery","**Topics:** Outbound delivery; Delivery creation; Delivery types; Item categories; Picking; Packing; Batch; Serial number concepts; Post Goods Issue

**Transaction codes:** VL01N; VL02N; VL03N; VL10A; VL06O; 0VLK; 0VLP; 0184; VCH1

**Fiori apps:** Create Outbound Deliveries; Manage Outbound Deliveries

**Environment:** SAP S/4HANA Training System

**Tasks:** 4, 10 estimated hours.

- THY-025 The outbound delivery document
- CFG-017 Delivery types and delivery item categories
- LAB-019 Create Delivery
- SHIP-001 Delivery monitor and delivery changes","Delivery","V11.0 Delivery","PHASE-11","","","","","SAP S/4HANA Training System","","VL01N; VL02N; VL03N; VL10A; VL06O; 0VLK; 0VLP; 0184; VCH1","Create Outbound Deliveries; Manage Outbound Deliveries","Delivery","S/4HANA (ECC differences noted)","Same concept as ECC","Order to Cash","Logistics","Level 2 - SAP SD Core","SD","","",""
"THY-025","THY-025","Theory","Normal","[THY-025] The outbound delivery document","**Objective:** The outbound delivery document

**Prerequisites:** ASM-010

**Concepts:** Outbound delivery; Delivery creation; Delivery types; Item categories; Picking; Packing; Batch; Serial number concepts; Post Goods Issue

**Fiori apps:** Create Outbound Deliveries; Manage Outbound Deliveries

**Business process:** Order to Cash

**Environment:** SAP S/4HANA Training System

### Steps
- [ ] Study delivery header and item
- [ ] Study delivery types and delivery item categories and their determination
- [ ] Study what is copied from the order and what is determined new
- [ ] Study delivery split criteria

### Acceptance criteria
- Explains why two order items may land in two deliveries

**Evidence required:** Notes

**Document flow and impact:** Record the document flow, and for every delivery, goods issue and invoice write the stock change and the debit and credit lines.

**Assessment:** Instructor checks the notes and asks short oral questions. Type: Short answer.

### Completion criteria
- Every step is done and every acceptance criterion is demonstrated
- Required evidence is attached to the issue
- Document flow and the logistics or accounting impact are written down where documents were created
- Actual time is logged against the issue
- Instructor Review is Approved and the status is Completed

**Estimated time:** 2 h

**Next task:** CFG-017","Delivery","V11.0 Delivery","MOD-18","ASM-010","2","L3 - Intermediate","Theory","SAP S/4HANA Training System","Notes","","Create Outbound Deliveries; Manage Outbound Deliveries","Delivery","S/4HANA (ECC differences noted)","Same concept as ECC","Order to Cash","Logistics","Level 2 - SAP SD Core","SD","Short answer","0","Pending"
"CFG-017","CFG-017","Configuration","Normal","[CFG-017] Delivery types and delivery item categories","**Objective:** Delivery types and delivery item categories

**Prerequisites:** THY-025

**Concepts:** Outbound delivery; Delivery creation; Delivery types; Item categories; Picking; Packing; Batch; Serial number concepts; Post Goods Issue

**Transaction codes:** 0VLK; 0VLP; 0184 (SAP GUI; use the Fiori app for the same function where one exists)

**Fiori apps:** Create Outbound Deliveries; Manage Outbound Deliveries

**Business process:** Order to Cash

**Environment:** SAP S/4HANA Training System

### Steps
- [ ] Review the standard delivery type and its controls
- [ ] Review delivery item category controls: picking relevance, storage location required, check minimum quantity, availability check
- [ ] Maintain determination for the custom item category

### Acceptance criteria
- Custom item is deliverable with the intended controls

**Evidence required:** Configuration document entry

**Document flow and impact:** Record the document flow, and for every delivery, goods issue and invoice write the stock change and the debit and credit lines.

**Troubleshooting:** Read the full message with its number. Record each error and its cause in the issue notes. If stuck for more than 30 minutes, set the status to Blocked and describe the blocker.

**Documentation:** Add the setting, its values and the business reason to your configuration document.

**Assessment:** Instructor checks the setting, its test document and the documented business reason. Type: Configuration.

### Completion criteria
- Every step is done and every acceptance criterion is demonstrated
- Required evidence is attached to the issue
- Document flow and the logistics or accounting impact are written down where documents were created
- Actual time is logged against the issue
- Instructor Review is Approved and the status is Completed

**Estimated time:** 3 h

**Next task:** LAB-019","Delivery","V11.0 Delivery","MOD-18","THY-025","3","L3 - Intermediate","Configuration","SAP S/4HANA Training System","Configuration document entry","0VLK; 0VLP; 0184","Create Outbound Deliveries; Manage Outbound Deliveries","Delivery","S/4HANA (ECC differences noted)","Same concept as ECC","Order to Cash","Logistics","Level 2 - SAP SD Core","SD","Configuration","0","Pending"
"LAB-019","LAB-019","Lab","Normal","[LAB-019] Create Delivery","**Objective:** Create Delivery

**Prerequisites:** CFG-017

**Concepts:** Outbound delivery; Delivery creation; Delivery types; Item categories; Picking; Packing; Batch; Serial number concepts; Post Goods Issue

**Transaction codes:** VL01N; VL10A; VL03N (SAP GUI; use the Fiori app for the same function where one exists)

**Fiori apps:** Create Outbound Deliveries; Manage Outbound Deliveries

**Business process:** Order to Cash

**Environment:** SAP S/4HANA Training System

### Steps
- [ ] Create a delivery for one order
- [ ] Create deliveries collectively from the delivery due list
- [ ] Create a partial delivery
- [ ] Review the delivery document and the updated order status

### Acceptance criteria
- Deliveries exist
- Order shows delivery status per item

**Evidence required:** Document numbers + screenshots

**Document flow and impact:** Record the document flow, and for every delivery, goods issue and invoice write the stock change and the debit and credit lines.

**Troubleshooting:** Read the full message with its number. Record each error and its cause in the issue notes. If stuck for more than 30 minutes, set the status to Blocked and describe the blocker.

**Assessment:** Instructor verifies the acceptance criteria from the evidence and may ask for a live demonstration. Type: Transactions.

### Completion criteria
- Every step is done and every acceptance criterion is demonstrated
- Required evidence is attached to the issue
- Document flow and the logistics or accounting impact are written down where documents were created
- Actual time is logged against the issue
- Instructor Review is Approved and the status is Completed

**Estimated time:** 3 h

**Next task:** SHIP-001","Delivery","V11.0 Delivery","MOD-18","CFG-017","3","L3 - Intermediate","Guided Lab","SAP S/4HANA Training System","Document numbers + screenshots","VL01N; VL10A; VL03N","Create Outbound Deliveries; Manage Outbound Deliveries","Delivery","S/4HANA (ECC differences noted)","Same concept as ECC","Order to Cash","Logistics","Level 2 - SAP SD Core","SD","Transactions","0","Pending"
"SHIP-001","SHIP-001","Shipping","Normal","[SHIP-001] Delivery monitor and delivery changes","**Objective:** Delivery monitor and delivery changes

**Prerequisites:** LAB-019

**Concepts:** Outbound delivery; Delivery creation; Delivery types; Item categories; Picking; Packing; Batch; Serial number concepts; Post Goods Issue

**Transaction codes:** VL06O; VL02N (SAP GUI; use the Fiori app for the same function where one exists)

**Fiori apps:** Create Outbound Deliveries; Manage Outbound Deliveries

**Business process:** Order to Cash

**Environment:** SAP S/4HANA Training System

### Steps
- [ ] List deliveries due for picking and for goods issue
- [ ] Change quantities and dates
- [ ] Delete a delivery and check the order status

### Acceptance criteria
- Lists are produced
- Status returns after deletion

**Evidence required:** Process document + document numbers

**Document flow and impact:** Record the document flow, and for every delivery, goods issue and invoice write the stock change and the debit and credit lines.

**Troubleshooting:** Read the full message with its number. Record each error and its cause in the issue notes. If stuck for more than 30 minutes, set the status to Blocked and describe the blocker.

**Assessment:** Instructor checks the delivery documents, their status and the stock effect. Type: Logistics scenarios.

### Completion criteria
- Every step is done and every acceptance criterion is demonstrated
- Required evidence is attached to the issue
- Document flow and the logistics or accounting impact are written down where documents were created
- Actual time is logged against the issue
- Instructor Review is Approved and the status is Completed

**Estimated time:** 2 h

**Next task:** Last task of this module","Delivery","V11.0 Delivery","MOD-18","LAB-019","2","L3 - Intermediate","Business Process","SAP S/4HANA Training System","Process document + document numbers","VL06O; VL02N","Create Outbound Deliveries; Manage Outbound Deliveries","Delivery","S/4HANA (ECC differences noted)","Same concept as ECC","Order to Cash","Logistics","Level 2 - SAP SD Core","SD","Logistics scenarios","0","Pending"
"MOD-19","MOD-19","Module","Normal","[MOD-19] Batch Determination and Serial Numbers","**Topics:** Batch management; Batch search; Batch characteristics; Search strategy; Condition technique; Batch determination during sales/delivery; Serial number concepts

**Transaction codes:** VCH1; MSC1N; V/C7; V/C8; IQ03

**Fiori apps:** None listed

**Environment:** SAP S/4HANA Training System

**Tasks:** 6, 11 estimated hours.

- THY-026 Batch management and batch determination
- CFG-018 Batch search strategy for deliveries
- THY-027 Serial number profiles
- TSH-018 Scenario 18: delivery cannot be created
- TSH-019 Scenario 19: delivery created for less than the order quantity
- ASM-011 Phase 11 assessment: delivery","Delivery","V11.0 Delivery","PHASE-11","","","","","SAP S/4HANA Training System","","VCH1; MSC1N; V/C7; V/C8; IQ03","","Delivery","S/4HANA (ECC differences noted)","Same concept as ECC","Order to Cash","MM","Level 3 - Advanced SD & Integration","SD","","",""
"THY-026","THY-026","Theory","Normal","[THY-026] Batch management and batch determination","**Objective:** Batch management and batch determination

**Prerequisites:** SHIP-001

**Concepts:** Batch management; Batch search; Batch characteristics; Search strategy; Condition technique; Batch determination during sales/delivery; Serial number concepts

**Business process:** Order to Cash

**Environment:** SAP S/4HANA Training System

### Steps
- [ ] Study batches, classification and characteristics such as expiry date
- [ ] Study the search strategy with the condition technique
- [ ] Study where determination runs: order or delivery

### Acceptance criteria
- Explains how first-expiry-first-out is achieved

**Evidence required:** Notes

**Document flow and impact:** Record the document flow, and for every delivery, goods issue and invoice write the stock change and the debit and credit lines.

**Assessment:** Instructor checks the notes and asks short oral questions. Type: Short answer.

### Completion criteria
- Every step is done and every acceptance criterion is demonstrated
- Required evidence is attached to the issue
- Document flow and the logistics or accounting impact are written down where documents were created
- Actual time is logged against the issue
- Instructor Review is Approved and the status is Completed

**Estimated time:** 2 h

**Next task:** CFG-018","Delivery","V11.0 Delivery","MOD-19","SHIP-001","2","L4 - Advanced","Theory","SAP S/4HANA Training System","Notes","","","Delivery","S/4HANA (ECC differences noted)","Same concept as ECC","Order to Cash","MM","Level 3 - Advanced SD & Integration","SD","Short answer","0","Pending"
"CFG-018","CFG-018","Configuration","Normal","[CFG-018] Batch search strategy for deliveries","**Objective:** Batch search strategy for deliveries

**Prerequisites:** THY-026

**Concepts:** Batch management; Batch search; Batch characteristics; Search strategy; Condition technique; Batch determination during sales/delivery; Serial number concepts

**Transaction codes:** V/C7; V/C8; VCH1 (SAP GUI; use the Fiori app for the same function where one exists)

**Business process:** Order to Cash

**Environment:** SAP S/4HANA Training System

### Steps
- [ ] Review strategy types, access sequence and search procedure
- [ ] Assign the procedure to the delivery
- [ ] Create a strategy record with a selection class and sort rule by expiry
- [ ] Test in a delivery for a batch-managed material

### Acceptance criteria
- Delivery proposes batches in the intended order

**Evidence required:** Configuration document entry

**Document flow and impact:** Record the document flow, and for every delivery, goods issue and invoice write the stock change and the debit and credit lines.

**Troubleshooting:** Read the full message with its number. Record each error and its cause in the issue notes. If stuck for more than 30 minutes, set the status to Blocked and describe the blocker.

**Documentation:** Add the setting, its values and the business reason to your configuration document.

**Assessment:** Instructor checks the setting, its test document and the documented business reason. Type: Configuration.

### Completion criteria
- Every step is done and every acceptance criterion is demonstrated
- Required evidence is attached to the issue
- Document flow and the logistics or accounting impact are written down where documents were created
- Actual time is logged against the issue
- Instructor Review is Approved and the status is Completed

**Estimated time:** 4 h

**Next task:** THY-027","Delivery","V11.0 Delivery","MOD-19","THY-026","4","L4 - Advanced","Configuration","SAP S/4HANA Training System","Configuration document entry","V/C7; V/C8; VCH1","","Delivery","S/4HANA (ECC differences noted)","Same concept as ECC","Order to Cash","MM","Level 3 - Advanced SD & Integration","SD","Configuration","0","Pending"
"THY-027","THY-027","Theory","Normal","[THY-027] Serial number profiles","**Objective:** Serial number profiles

**Prerequisites:** CFG-018

**Concepts:** Batch management; Batch search; Batch characteristics; Search strategy; Condition technique; Batch determination during sales/delivery; Serial number concepts

**Business process:** Order to Cash

**Environment:** SAP S/4HANA Training System

### Steps
- [ ] Study serial number profiles and where serial numbers are required
- [ ] Display a serialized delivery item

### Acceptance criteria
- Explains when serial numbers are assigned

**Evidence required:** Notes

**Document flow and impact:** Record the document flow, and for every delivery, goods issue and invoice write the stock change and the debit and credit lines.

**Assessment:** Instructor checks the notes and asks short oral questions. Type: Short answer.

### Completion criteria
- Every step is done and every acceptance criterion is demonstrated
- Required evidence is attached to the issue
- Document flow and the logistics or accounting impact are written down where documents were created
- Actual time is logged against the issue
- Instructor Review is Approved and the status is Completed

**Estimated time:** 1 h

**Next task:** TSH-018","Delivery","V11.0 Delivery","MOD-19","CFG-018","1","L4 - Advanced","Theory","SAP S/4HANA Training System","Notes","","","Delivery","S/4HANA (ECC differences noted)","Same concept as ECC","Order to Cash","MM","Level 3 - Advanced SD & Integration","SD","Short answer","0","Pending"
"TSH-018","TSH-018","Troubleshooting","Normal","[TSH-018] Scenario 18: delivery cannot be created","**Objective:** Scenario 18: delivery cannot be created

**Prerequisites:** THY-027

**Concepts:** Batch management; Batch search; Batch characteristics; Search strategy; Condition technique; Batch determination during sales/delivery; Serial number concepts

**Transaction codes:** VCH1; MSC1N; V/C7; V/C8; IQ03 (SAP GUI; use the Fiori app for the same function where one exists)

**Business process:** Order to Cash

**Environment:** SAP S/4HANA Training System

### Steps
- [ ] Reproduce the error in the training client (instructor-prepared)
- [ ] Record the exact message number and text, and the business impact
- [ ] Read the delivery log
- [ ] Check delivery block, incompletion, schedule line confirmation and credit status
- [ ] Apply the fix
- [ ] Re-run the original transaction to validate
- [ ] Write the eight-section report: problem, business impact, evidence, root cause, configuration, fix, validation, prevention

### Acceptance criteria
- The original transaction now works
- Root cause is shown in configuration or master data
- Report has all eight sections

**Evidence required:** Root cause report

**Document flow and impact:** Record the document flow, and for every delivery, goods issue and invoice write the stock change and the debit and credit lines.

**Assessment:** Instructor grades the eight-section report. Type: Configuration decisions.

### Completion criteria
- Every step is done and every acceptance criterion is demonstrated
- Required evidence is attached to the issue
- Document flow and the logistics or accounting impact are written down where documents were created
- Actual time is logged against the issue
- Instructor Review is Approved and the status is Completed

**Estimated time:** 1 h

**Next task:** TSH-019","Delivery","V11.0 Delivery","MOD-19","THY-027","1","L4 - Advanced","Troubleshooting","SAP S/4HANA Training System","Root cause report","VCH1; MSC1N; V/C7; V/C8; IQ03","","Delivery","S/4HANA (ECC differences noted)","Same concept as ECC","Order to Cash","MM","Level 3 - Advanced SD & Integration","SD","Configuration decisions","0","Pending"
"TSH-019","TSH-019","Troubleshooting","Normal","[TSH-019] Scenario 19: delivery created for less than the order quantity","**Objective:** Scenario 19: delivery created for less than the order quantity

**Prerequisites:** TSH-018

**Concepts:** Batch management; Batch search; Batch characteristics; Search strategy; Condition technique; Batch determination during sales/delivery; Serial number concepts

**Transaction codes:** VCH1; MSC1N; V/C7; V/C8; IQ03 (SAP GUI; use the Fiori app for the same function where one exists)

**Business process:** Order to Cash

**Environment:** SAP S/4HANA Training System

### Steps
- [ ] Reproduce the error in the training client (instructor-prepared)
- [ ] Record the exact message number and text, and the business impact
- [ ] Check confirmed quantity, partial delivery agreement and stock
- [ ] Apply the fix
- [ ] Re-run the original transaction to validate
- [ ] Write the eight-section report: problem, business impact, evidence, root cause, configuration, fix, validation, prevention

### Acceptance criteria
- The original transaction now works
- Root cause is shown in configuration or master data
- Report has all eight sections

**Evidence required:** Root cause report

**Document flow and impact:** Record the document flow, and for every delivery, goods issue and invoice write the stock change and the debit and credit lines.

**Assessment:** Instructor grades the eight-section report. Type: Configuration decisions.

### Completion criteria
- Every step is done and every acceptance criterion is demonstrated
- Required evidence is attached to the issue
- Document flow and the logistics or accounting impact are written down where documents were created
- Actual time is logged against the issue
- Instructor Review is Approved and the status is Completed

**Estimated time:** 1 h

**Next task:** ASM-011","Delivery","V11.0 Delivery","MOD-19","TSH-018","1","L4 - Advanced","Troubleshooting","SAP S/4HANA Training System","Root cause report","VCH1; MSC1N; V/C7; V/C8; IQ03","","Delivery","S/4HANA (ECC differences noted)","Same concept as ECC","Order to Cash","MM","Level 3 - Advanced SD & Integration","SD","Configuration decisions","0","Pending"
"ASM-011","ASM-011","Assessment","High","[ASM-011] Phase 11 assessment: delivery","**Objective:** Phase 11 assessment: delivery

**Prerequisites:** TSH-019

**Concepts:** Batch management; Batch search; Batch characteristics; Search strategy; Condition technique; Batch determination during sales/delivery; Serial number concepts

**Business process:** Order to Cash

**Environment:** SAP S/4HANA Training System

### Steps
- [ ] Create and manage deliveries for a set of orders and explain each status

### Acceptance criteria
- Score of 70 or higher

**Evidence required:** Scored result

**Document flow and impact:** Record the document flow, and for every delivery, goods issue and invoice write the stock change and the debit and credit lines.

**Troubleshooting:** Read the full message with its number. Record each error and its cause in the issue notes. If stuck for more than 30 minutes, set the status to Blocked and describe the blocker.

**Assessment:** Scored 0-100. Pass mark 70. Type: Transactions.

### Completion criteria
- Every step is done and every acceptance criterion is demonstrated
- Required evidence is attached to the issue
- Document flow and the logistics or accounting impact are written down where documents were created
- Actual time is logged against the issue
- Instructor Review is Approved and the status is Completed

**Estimated time:** 2 h

**Next task:** Last task of this module","Delivery","V11.0 Delivery","MOD-19","TSH-019","2","L4 - Advanced","Assessment","SAP S/4HANA Training System","Scored result","","","Delivery","S/4HANA (ECC differences noted)","Same concept as ECC","Order to Cash","MM","Level 3 - Advanced SD & Integration","SD","Transactions","0","Pending"
"REVIEW-11","REVIEW-11","Review","High","[REVIEW-11] Phase 11 gate review","**Objective:** Confirm that phase 11 (Delivery) is complete.

### Checklist
- [ ] Every issue of the phase is Completed
- [ ] Evidence is attached to every issue
- [ ] Time is logged
- [ ] Assessment score is 70 or higher
- [ ] Configuration document is up to date

**Assessment:** Instructor confirms the checklist and records the gate decision.

**Estimated time:** 1 h","","V11.0 Delivery","PHASE-11","SHIP-001, ASM-011","1","","Review","","Instructor sign-off","","","","","","","","","","Review","0","Pending"
"PHASE-12","PHASE-12","Phase","Normal","[PHASE-12] Picking & Packing","Phase 12 of 30. Version: V12.0 Picking & Packing.

Modules: 2. Estimated hours: 16.

- MOD-20 Picking
- MOD-21 Packing

The phase closes with the gate review REVIEW-12.","","V12.0 Picking & Packing","EPIC","","","","","","","","","","","","","","","","","",""
"MOD-20","MOD-20","Module","Normal","[MOD-20] Picking","**Topics:** Picking process; Picking relevance; Picking locations; Warehouse integration concepts; Manual picking; Automated picking concepts

**Transaction codes:** VL02N; VL06P; OVL3; LT03

**Fiori apps:** None listed

**Environment:** SAP S/4HANA Training System

**Tasks:** 3, 6 estimated hours.

- THY-028 Picking and warehouse integration concepts
- CFG-019 Picking location determination
- LAB-020 Picking","Delivery","V12.0 Picking & Packing","PHASE-12","","","","","SAP S/4HANA Training System","","VL02N; VL06P; OVL3; LT03","","Delivery","S/4HANA (ECC differences noted)","Same concept as ECC","Order to Cash","Logistics","Level 2 - SAP SD Core","SD","","",""
"THY-028","THY-028","Theory","Normal","[THY-028] Picking and warehouse integration concepts","**Objective:** Picking and warehouse integration concepts

**Prerequisites:** SHIP-001

**Concepts:** Picking process; Picking relevance; Picking locations; Warehouse integration concepts; Manual picking; Automated picking concepts

**Business process:** Order to Cash

**Environment:** SAP S/4HANA Training System

### Steps
- [ ] Study picking relevance and picking status
- [ ] Study picking location determination by rule
- [ ] Study warehouse management and extended warehouse management integration at concept level
- [ ] Study automatic confirmation

### Acceptance criteria
- Explains picking with and without a warehouse system

**Evidence required:** Notes

**Document flow and impact:** Record the document flow, and for every delivery, goods issue and invoice write the stock change and the debit and credit lines.

**Assessment:** Instructor checks the notes and asks short oral questions. Type: Short answer.

### Completion criteria
- Every step is done and every acceptance criterion is demonstrated
- Required evidence is attached to the issue
- Document flow and the logistics or accounting impact are written down where documents were created
- Actual time is logged against the issue
- Instructor Review is Approved and the status is Completed

**Estimated time:** 2 h

**Next task:** CFG-019","Delivery","V12.0 Picking & Packing","MOD-20","SHIP-001","2","L3 - Intermediate","Theory","SAP S/4HANA Training System","Notes","","","Delivery","S/4HANA (ECC differences noted)","Same concept as ECC","Order to Cash","Logistics","Level 2 - SAP SD Core","SD","Short answer","0","Pending"
"CFG-019","CFG-019","Configuration","Normal","[CFG-019] Picking location determination","**Objective:** Picking location determination

**Prerequisites:** THY-028

**Concepts:** Picking process; Picking relevance; Picking locations; Warehouse integration concepts; Manual picking; Automated picking concepts

**Transaction codes:** OVL3 (SAP GUI; use the Fiori app for the same function where one exists)

**Business process:** Order to Cash

**Environment:** SAP S/4HANA Training System

### Steps
- [ ] Review determination rules
- [ ] Maintain storage location by shipping point, plant and storage condition
- [ ] Test in a delivery

### Acceptance criteria
- Delivery item proposes the storage location

**Evidence required:** Configuration document entry

**Document flow and impact:** Record the document flow, and for every delivery, goods issue and invoice write the stock change and the debit and credit lines.

**Troubleshooting:** Read the full message with its number. Record each error and its cause in the issue notes. If stuck for more than 30 minutes, set the status to Blocked and describe the blocker.

**Documentation:** Add the setting, its values and the business reason to your configuration document.

**Assessment:** Instructor checks the setting, its test document and the documented business reason. Type: Configuration.

### Completion criteria
- Every step is done and every acceptance criterion is demonstrated
- Required evidence is attached to the issue
- Document flow and the logistics or accounting impact are written down where documents were created
- Actual time is logged against the issue
- Instructor Review is Approved and the status is Completed

**Estimated time:** 2 h

**Next task:** LAB-020","Delivery","V12.0 Picking & Packing","MOD-20","THY-028","2","L3 - Intermediate","Configuration","SAP S/4HANA Training System","Configuration document entry","OVL3","","Delivery","S/4HANA (ECC differences noted)","Same concept as ECC","Order to Cash","Logistics","Level 2 - SAP SD Core","SD","Configuration","0","Pending"
"LAB-020","LAB-020","Lab","Normal","[LAB-020] Picking","**Objective:** Picking

**Prerequisites:** CFG-019

**Concepts:** Picking process; Picking relevance; Picking locations; Warehouse integration concepts; Manual picking; Automated picking concepts

**Transaction codes:** VL02N; VL06P (SAP GUI; use the Fiori app for the same function where one exists)

**Business process:** Order to Cash

**Environment:** SAP S/4HANA Training System

### Steps
- [ ] Enter pick quantities manually in the delivery
- [ ] Use the picking worklist for several deliveries
- [ ] Check picking status
- [ ] Pick less than the delivery quantity and handle the difference

### Acceptance criteria
- Picking status is complete
- Short pick is resolved by quantity change or split

**Evidence required:** Document numbers + screenshots

**Document flow and impact:** Record the document flow, and for every delivery, goods issue and invoice write the stock change and the debit and credit lines.

**Troubleshooting:** Read the full message with its number. Record each error and its cause in the issue notes. If stuck for more than 30 minutes, set the status to Blocked and describe the blocker.

**Assessment:** Instructor verifies the acceptance criteria from the evidence and may ask for a live demonstration. Type: Transactions.

### Completion criteria
- Every step is done and every acceptance criterion is demonstrated
- Required evidence is attached to the issue
- Document flow and the logistics or accounting impact are written down where documents were created
- Actual time is logged against the issue
- Instructor Review is Approved and the status is Completed

**Estimated time:** 2 h

**Next task:** Last task of this module","Delivery","V12.0 Picking & Packing","MOD-20","CFG-019","2","L3 - Intermediate","Guided Lab","SAP S/4HANA Training System","Document numbers + screenshots","VL02N; VL06P","","Delivery","S/4HANA (ECC differences noted)","Same concept as ECC","Order to Cash","Logistics","Level 2 - SAP SD Core","SD","Transactions","0","Pending"
"MOD-21","MOD-21","Module","Normal","[MOD-21] Packing","**Topics:** Packaging; Handling units; Packing materials; Packing instructions; Delivery packing

**Transaction codes:** VL02N; VHAR; VHZU; POP1; HU03

**Fiori apps:** None listed

**Environment:** SAP S/4HANA Training System

**Tasks:** 6, 9 estimated hours.

- THY-029 Packing and handling units
- CFG-020 Packaging material types and allowed packaging
- LAB-021 Packing
- TSH-020 Scenario 20: picking issue, storage location missing or picking incomplete
- TSH-021 Scenario 21: packing not allowed for the packaging material
- ASM-012 Phase 12 assessment: picking and packing","Delivery","V12.0 Picking & Packing","PHASE-12","","","","","SAP S/4HANA Training System","","VL02N; VHAR; VHZU; POP1; HU03","","Delivery","S/4HANA (ECC differences noted)","Same concept as ECC","Order to Cash","Logistics","Level 2 - SAP SD Core","SD","","",""
"THY-029","THY-029","Theory","Normal","[THY-029] Packing and handling units","**Objective:** Packing and handling units

**Prerequisites:** LAB-020

**Concepts:** Packaging; Handling units; Packing materials; Packing instructions; Delivery packing

**Business process:** Order to Cash

**Environment:** SAP S/4HANA Training System

### Steps
- [ ] Study packaging materials, material groups for packaging and allowed packaging
- [ ] Study handling units and nesting
- [ ] Study packing instructions and packing status

### Acceptance criteria
- Explains which packaging material is allowed for a product

**Evidence required:** Notes

**Document flow and impact:** Record the document flow, and for every delivery, goods issue and invoice write the stock change and the debit and credit lines.

**Assessment:** Instructor checks the notes and asks short oral questions. Type: Short answer.

### Completion criteria
- Every step is done and every acceptance criterion is demonstrated
- Required evidence is attached to the issue
- Document flow and the logistics or accounting impact are written down where documents were created
- Actual time is logged against the issue
- Instructor Review is Approved and the status is Completed

**Estimated time:** 2 h

**Next task:** CFG-020","Delivery","V12.0 Picking & Packing","MOD-21","LAB-020","2","L3 - Intermediate","Theory","SAP S/4HANA Training System","Notes","","","Delivery","S/4HANA (ECC differences noted)","Same concept as ECC","Order to Cash","Logistics","Level 2 - SAP SD Core","SD","Short answer","0","Pending"
"CFG-020","CFG-020","Configuration","Normal","[CFG-020] Packaging material types and allowed packaging","**Objective:** Packaging material types and allowed packaging

**Prerequisites:** THY-029

**Concepts:** Packaging; Handling units; Packing materials; Packing instructions; Delivery packing

**Transaction codes:** VHAR; VHZU (SAP GUI; use the Fiori app for the same function where one exists)

**Business process:** Order to Cash

**Environment:** SAP S/4HANA Training System

### Steps
- [ ] Review packaging material types
- [ ] Assign allowed packaging material groups
- [ ] Create a packaging material

### Acceptance criteria
- Packaging material can be used for the course product

**Evidence required:** Configuration document entry

**Document flow and impact:** Record the document flow, and for every delivery, goods issue and invoice write the stock change and the debit and credit lines.

**Troubleshooting:** Read the full message with its number. Record each error and its cause in the issue notes. If stuck for more than 30 minutes, set the status to Blocked and describe the blocker.

**Documentation:** Add the setting, its values and the business reason to your configuration document.

**Assessment:** Instructor checks the setting, its test document and the documented business reason. Type: Configuration.

### Completion criteria
- Every step is done and every acceptance criterion is demonstrated
- Required evidence is attached to the issue
- Document flow and the logistics or accounting impact are written down where documents were created
- Actual time is logged against the issue
- Instructor Review is Approved and the status is Completed

**Estimated time:** 2 h

**Next task:** LAB-021","Delivery","V12.0 Picking & Packing","MOD-21","THY-029","2","L3 - Intermediate","Configuration","SAP S/4HANA Training System","Configuration document entry","VHAR; VHZU","","Delivery","S/4HANA (ECC differences noted)","Same concept as ECC","Order to Cash","Logistics","Level 2 - SAP SD Core","SD","Configuration","0","Pending"
"LAB-021","LAB-021","Lab","Normal","[LAB-021] Packing","**Objective:** Packing

**Prerequisites:** CFG-020

**Concepts:** Packaging; Handling units; Packing materials; Packing instructions; Delivery packing

**Transaction codes:** VL02N; HU03 (SAP GUI; use the Fiori app for the same function where one exists)

**Business process:** Order to Cash

**Environment:** SAP S/4HANA Training System

### Steps
- [ ] Pack delivery items into cartons
- [ ] Pack cartons onto a pallet
- [ ] Display the handling units
- [ ] Unpack and repack

### Acceptance criteria
- Delivery is fully packed with nested handling units

**Evidence required:** Document numbers + screenshots

**Document flow and impact:** Record the document flow, and for every delivery, goods issue and invoice write the stock change and the debit and credit lines.

**Troubleshooting:** Read the full message with its number. Record each error and its cause in the issue notes. If stuck for more than 30 minutes, set the status to Blocked and describe the blocker.

**Assessment:** Instructor verifies the acceptance criteria from the evidence and may ask for a live demonstration. Type: Transactions.

### Completion criteria
- Every step is done and every acceptance criterion is demonstrated
- Required evidence is attached to the issue
- Document flow and the logistics or accounting impact are written down where documents were created
- Actual time is logged against the issue
- Instructor Review is Approved and the status is Completed

**Estimated time:** 2 h

**Next task:** TSH-020","Delivery","V12.0 Picking & Packing","MOD-21","CFG-020","2","L3 - Intermediate","Guided Lab","SAP S/4HANA Training System","Document numbers + screenshots","VL02N; HU03","","Delivery","S/4HANA (ECC differences noted)","Same concept as ECC","Order to Cash","Logistics","Level 2 - SAP SD Core","SD","Transactions","0","Pending"
"TSH-020","TSH-020","Troubleshooting","Normal","[TSH-020] Scenario 20: picking issue, storage location missing or picking incomplete","**Objective:** Scenario 20: picking issue, storage location missing or picking incomplete

**Prerequisites:** LAB-021

**Concepts:** Packaging; Handling units; Packing materials; Packing instructions; Delivery packing

**Transaction codes:** VL02N; VHAR; VHZU; POP1; HU03 (SAP GUI; use the Fiori app for the same function where one exists)

**Business process:** Order to Cash

**Environment:** SAP S/4HANA Training System

### Steps
- [ ] Reproduce the error in the training client (instructor-prepared)
- [ ] Record the exact message number and text, and the business impact
- [ ] Check picking location determination and stock in the storage location
- [ ] Apply the fix
- [ ] Re-run the original transaction to validate
- [ ] Write the eight-section report: problem, business impact, evidence, root cause, configuration, fix, validation, prevention

### Acceptance criteria
- The original transaction now works
- Root cause is shown in configuration or master data
- Report has all eight sections

**Evidence required:** Root cause report

**Document flow and impact:** Record the document flow, and for every delivery, goods issue and invoice write the stock change and the debit and credit lines.

**Assessment:** Instructor grades the eight-section report. Type: Configuration decisions.

### Completion criteria
- Every step is done and every acceptance criterion is demonstrated
- Required evidence is attached to the issue
- Document flow and the logistics or accounting impact are written down where documents were created
- Actual time is logged against the issue
- Instructor Review is Approved and the status is Completed

**Estimated time:** 1 h

**Next task:** TSH-021","Delivery","V12.0 Picking & Packing","MOD-21","LAB-021","1","L3 - Intermediate","Troubleshooting","SAP S/4HANA Training System","Root cause report","VL02N; VHAR; VHZU; POP1; HU03","","Delivery","S/4HANA (ECC differences noted)","Same concept as ECC","Order to Cash","Logistics","Level 2 - SAP SD Core","SD","Configuration decisions","0","Pending"
"TSH-021","TSH-021","Troubleshooting","Normal","[TSH-021] Scenario 21: packing not allowed for the packaging material","**Objective:** Scenario 21: packing not allowed for the packaging material

**Prerequisites:** TSH-020

**Concepts:** Packaging; Handling units; Packing materials; Packing instructions; Delivery packing

**Transaction codes:** VL02N; VHAR; VHZU; POP1; HU03 (SAP GUI; use the Fiori app for the same function where one exists)

**Business process:** Order to Cash

**Environment:** SAP S/4HANA Training System

### Steps
- [ ] Reproduce the error in the training client (instructor-prepared)
- [ ] Record the exact message number and text, and the business impact
- [ ] Check material group for packaging and allowed assignment
- [ ] Apply the fix
- [ ] Re-run the original transaction to validate
- [ ] Write the eight-section report: problem, business impact, evidence, root cause, configuration, fix, validation, prevention

### Acceptance criteria
- The original transaction now works
- Root cause is shown in configuration or master data
- Report has all eight sections

**Evidence required:** Root cause report

**Document flow and impact:** Record the document flow, and for every delivery, goods issue and invoice write the stock change and the debit and credit lines.

**Assessment:** Instructor grades the eight-section report. Type: Configuration decisions.

### Completion criteria
- Every step is done and every acceptance criterion is demonstrated
- Required evidence is attached to the issue
- Document flow and the logistics or accounting impact are written down where documents were created
- Actual time is logged against the issue
- Instructor Review is Approved and the status is Completed

**Estimated time:** 1 h

**Next task:** ASM-012","Delivery","V12.0 Picking & Packing","MOD-21","TSH-020","1","L3 - Intermediate","Troubleshooting","SAP S/4HANA Training System","Root cause report","VL02N; VHAR; VHZU; POP1; HU03","","Delivery","S/4HANA (ECC differences noted)","Same concept as ECC","Order to Cash","Logistics","Level 2 - SAP SD Core","SD","Configuration decisions","0","Pending"
"ASM-012","ASM-012","Assessment","High","[ASM-012] Phase 12 assessment: picking and packing","**Objective:** Phase 12 assessment: picking and packing

**Prerequisites:** TSH-021

**Concepts:** Packaging; Handling units; Packing materials; Packing instructions; Delivery packing

**Business process:** Order to Cash

**Environment:** SAP S/4HANA Training System

### Steps
- [ ] Pick and pack two deliveries including a short pick

### Acceptance criteria
- Score of 70 or higher

**Evidence required:** Scored result

**Document flow and impact:** Record the document flow, and for every delivery, goods issue and invoice write the stock change and the debit and credit lines.

**Troubleshooting:** Read the full message with its number. Record each error and its cause in the issue notes. If stuck for more than 30 minutes, set the status to Blocked and describe the blocker.

**Assessment:** Scored 0-100. Pass mark 70. Type: Transactions.

### Completion criteria
- Every step is done and every acceptance criterion is demonstrated
- Required evidence is attached to the issue
- Document flow and the logistics or accounting impact are written down where documents were created
- Actual time is logged against the issue
- Instructor Review is Approved and the status is Completed

**Estimated time:** 1 h

**Next task:** Last task of this module","Delivery","V12.0 Picking & Packing","MOD-21","TSH-021","1","L3 - Intermediate","Assessment","SAP S/4HANA Training System","Scored result","","","Delivery","S/4HANA (ECC differences noted)","Same concept as ECC","Order to Cash","Logistics","Level 2 - SAP SD Core","SD","Transactions","0","Pending"
"REVIEW-12","REVIEW-12","Review","High","[REVIEW-12] Phase 12 gate review","**Objective:** Confirm that phase 12 (Picking & Packing) is complete.

### Checklist
- [ ] Every issue of the phase is Completed
- [ ] Evidence is attached to every issue
- [ ] Time is logged
- [ ] Assessment score is 70 or higher
- [ ] Configuration document is up to date

**Assessment:** Instructor confirms the checklist and records the gate decision.

**Estimated time:** 1 h","","V12.0 Picking & Packing","PHASE-12","LAB-020, ASM-012","1","","Review","","Instructor sign-off","","","","","","","","","","Review","0","Pending"
"PHASE-13","PHASE-13","Phase","Normal","[PHASE-13] PGI","Phase 13 of 30. Version: V13.0 PGI.

Modules: 1. Estimated hours: 14.

- MOD-22 Post Goods Issue

The phase closes with the gate review REVIEW-13.","","V13.0 PGI","EPIC","","","","","","","","","","","","","","","","","",""
"MOD-22","MOD-22","Module","Normal","[MOD-22] Post Goods Issue","**Topics:** Stock reduction; Material document; Accounting document; COGS; Inventory valuation; Delivery status

**Transaction codes:** VL02N; VL06G; VL09; MB03; MMBE; FB03

**Fiori apps:** None listed

**Environment:** SAP S/4HANA Training System

**Tasks:** 7, 13 estimated hours.

- THY-030 What goods issue does
- LAB-022 Post Goods Issue
- SHIP-002 Reverse goods issue
- TSH-022 Scenario 22: PGI failure, deficit of stock
- TSH-023 Scenario 23: PGI failure, posting period or account determination
- TSH-024 Scenario 24: goods issue posted but no accounting document
- ASM-013 Phase 13 assessment: goods issue","Delivery","V13.0 PGI","PHASE-13","","","","","SAP S/4HANA Training System","","VL02N; VL06G; VL09; MB03; MMBE; FB03","","Delivery","S/4HANA (ECC differences noted)","Same concept as ECC","Order to Cash","MM","Level 2 - SAP SD Core","SD","","",""
"THY-030","THY-030","Theory","Normal","[THY-030] What goods issue does","**Objective:** What goods issue does

**Prerequisites:** ASM-012

**Concepts:** Stock reduction; Material document; Accounting document; COGS; Inventory valuation; Delivery status

**Business process:** Order to Cash

**Environment:** SAP S/4HANA Training System

### Steps
- [ ] Study stock reduction and the material document
- [ ] Study the accounting document: cost of goods sold against inventory at the valuation price
- [ ] Study requirement reduction, status update and billing due list entry

### Acceptance criteria
- Writes the accounting entry and lists five effects of goods issue

**Evidence required:** Notes

**Document flow and impact:** Record the document flow, and for every delivery, goods issue and invoice write the stock change and the debit and credit lines.

**Assessment:** Instructor checks the notes and asks short oral questions. Type: Short answer.

### Completion criteria
- Every step is done and every acceptance criterion is demonstrated
- Required evidence is attached to the issue
- Document flow and the logistics or accounting impact are written down where documents were created
- Actual time is logged against the issue
- Instructor Review is Approved and the status is Completed

**Estimated time:** 3 h

**Next task:** LAB-022","Delivery","V13.0 PGI","MOD-22","ASM-012","3","L3 - Intermediate","Theory","SAP S/4HANA Training System","Notes","","","Delivery","S/4HANA (ECC differences noted)","Same concept as ECC","Order to Cash","MM","Level 2 - SAP SD Core","SD","Short answer","0","Pending"
"LAB-022","LAB-022","Lab","Normal","[LAB-022] Post Goods Issue","**Objective:** Post Goods Issue

**Prerequisites:** THY-030

**Concepts:** Stock reduction; Material document; Accounting document; COGS; Inventory valuation; Delivery status

**Transaction codes:** VL02N; VL06G; MMBE; FB03 (SAP GUI; use the Fiori app for the same function where one exists)

**Business process:** Order to Cash

**Environment:** SAP S/4HANA Training System

### Steps
- [ ] Post goods issue for one delivery and collectively for several
- [ ] Display the material document and the accounting document
- [ ] Check stock before and after
- [ ] Check order, delivery and billing due status

### Acceptance criteria
- Stock, documents and statuses are all shown with evidence

**Evidence required:** Document numbers + screenshots

**Document flow and impact:** Record the document flow, and for every delivery, goods issue and invoice write the stock change and the debit and credit lines.

**Troubleshooting:** Read the full message with its number. Record each error and its cause in the issue notes. If stuck for more than 30 minutes, set the status to Blocked and describe the blocker.

**Assessment:** Instructor verifies the acceptance criteria from the evidence and may ask for a live demonstration. Type: Transactions.

### Completion criteria
- Every step is done and every acceptance criterion is demonstrated
- Required evidence is attached to the issue
- Document flow and the logistics or accounting impact are written down where documents were created
- Actual time is logged against the issue
- Instructor Review is Approved and the status is Completed

**Estimated time:** 3 h

**Next task:** SHIP-002","Delivery","V13.0 PGI","MOD-22","THY-030","3","L3 - Intermediate","Guided Lab","SAP S/4HANA Training System","Document numbers + screenshots","VL02N; VL06G; MMBE; FB03","","Delivery","S/4HANA (ECC differences noted)","Same concept as ECC","Order to Cash","MM","Level 2 - SAP SD Core","SD","Transactions","0","Pending"
"SHIP-002","SHIP-002","Shipping","Normal","[SHIP-002] Reverse goods issue","**Objective:** Reverse goods issue

**Prerequisites:** LAB-022

**Concepts:** Stock reduction; Material document; Accounting document; COGS; Inventory valuation; Delivery status

**Transaction codes:** VL09 (SAP GUI; use the Fiori app for the same function where one exists)

**Business process:** Order to Cash

**Environment:** SAP S/4HANA Training System

### Steps
- [ ] Cancel a goods issue
- [ ] Check the reversal documents and statuses
- [ ] Explain when reversal is not possible

### Acceptance criteria
- Stock and status return to the state before goods issue

**Evidence required:** Process document + document numbers

**Document flow and impact:** Record the document flow, and for every delivery, goods issue and invoice write the stock change and the debit and credit lines.

**Troubleshooting:** Read the full message with its number. Record each error and its cause in the issue notes. If stuck for more than 30 minutes, set the status to Blocked and describe the blocker.

**Assessment:** Instructor checks the delivery documents, their status and the stock effect. Type: Logistics scenarios.

### Completion criteria
- Every step is done and every acceptance criterion is demonstrated
- Required evidence is attached to the issue
- Document flow and the logistics or accounting impact are written down where documents were created
- Actual time is logged against the issue
- Instructor Review is Approved and the status is Completed

**Estimated time:** 2 h

**Next task:** TSH-022","Delivery","V13.0 PGI","MOD-22","LAB-022","2","L3 - Intermediate","Business Process","SAP S/4HANA Training System","Process document + document numbers","VL09","","Delivery","S/4HANA (ECC differences noted)","Same concept as ECC","Order to Cash","MM","Level 2 - SAP SD Core","SD","Logistics scenarios","0","Pending"
"TSH-022","TSH-022","Troubleshooting","Normal","[TSH-022] Scenario 22: PGI failure, deficit of stock","**Objective:** Scenario 22: PGI failure, deficit of stock

**Prerequisites:** SHIP-002

**Concepts:** Stock reduction; Material document; Accounting document; COGS; Inventory valuation; Delivery status

**Transaction codes:** VL02N; VL06G; VL09; MB03; MMBE; FB03 (SAP GUI; use the Fiori app for the same function where one exists)

**Business process:** Order to Cash

**Environment:** SAP S/4HANA Training System

### Steps
- [ ] Reproduce the error in the training client (instructor-prepared)
- [ ] Record the exact message number and text, and the business impact
- [ ] Read the message
- [ ] Check stock by storage location and batch against the picked data
- [ ] Apply the fix
- [ ] Re-run the original transaction to validate
- [ ] Write the eight-section report: problem, business impact, evidence, root cause, configuration, fix, validation, prevention

### Acceptance criteria
- The original transaction now works
- Root cause is shown in configuration or master data
- Report has all eight sections

**Evidence required:** Root cause report

**Document flow and impact:** Record the document flow, and for every delivery, goods issue and invoice write the stock change and the debit and credit lines.

**Assessment:** Instructor grades the eight-section report. Type: Configuration decisions.

### Completion criteria
- Every step is done and every acceptance criterion is demonstrated
- Required evidence is attached to the issue
- Document flow and the logistics or accounting impact are written down where documents were created
- Actual time is logged against the issue
- Instructor Review is Approved and the status is Completed

**Estimated time:** 1 h

**Next task:** TSH-023","Delivery","V13.0 PGI","MOD-22","SHIP-002","1","L3 - Intermediate","Troubleshooting","SAP S/4HANA Training System","Root cause report","VL02N; VL06G; VL09; MB03; MMBE; FB03","","Delivery","S/4HANA (ECC differences noted)","Same concept as ECC","Order to Cash","MM","Level 2 - SAP SD Core","SD","Configuration decisions","0","Pending"
"TSH-023","TSH-023","Troubleshooting","Normal","[TSH-023] Scenario 23: PGI failure, posting period or account determination","**Objective:** Scenario 23: PGI failure, posting period or account determination

**Prerequisites:** TSH-022

**Concepts:** Stock reduction; Material document; Accounting document; COGS; Inventory valuation; Delivery status

**Transaction codes:** VL02N; VL06G; VL09; MB03; MMBE; FB03 (SAP GUI; use the Fiori app for the same function where one exists)

**Business process:** Order to Cash

**Environment:** SAP S/4HANA Training System

### Steps
- [ ] Reproduce the error in the training client (instructor-prepared)
- [ ] Record the exact message number and text, and the business impact
- [ ] Read the message
- [ ] Check the materials period, the finance period and the automatic account assignment for goods issue
- [ ] Apply the fix
- [ ] Re-run the original transaction to validate
- [ ] Write the eight-section report: problem, business impact, evidence, root cause, configuration, fix, validation, prevention

### Acceptance criteria
- The original transaction now works
- Root cause is shown in configuration or master data
- Report has all eight sections

**Evidence required:** Root cause report

**Document flow and impact:** Record the document flow, and for every delivery, goods issue and invoice write the stock change and the debit and credit lines.

**Assessment:** Instructor grades the eight-section report. Type: Configuration decisions.

### Completion criteria
- Every step is done and every acceptance criterion is demonstrated
- Required evidence is attached to the issue
- Document flow and the logistics or accounting impact are written down where documents were created
- Actual time is logged against the issue
- Instructor Review is Approved and the status is Completed

**Estimated time:** 2 h

**Next task:** TSH-024","Delivery","V13.0 PGI","MOD-22","TSH-022","2","L3 - Intermediate","Troubleshooting","SAP S/4HANA Training System","Root cause report","VL02N; VL06G; VL09; MB03; MMBE; FB03","","Delivery","S/4HANA (ECC differences noted)","Same concept as ECC","Order to Cash","MM","Level 2 - SAP SD Core","SD","Configuration decisions","0","Pending"
"TSH-024","TSH-024","Troubleshooting","Normal","[TSH-024] Scenario 24: goods issue posted but no accounting document","**Objective:** Scenario 24: goods issue posted but no accounting document

**Prerequisites:** TSH-023

**Concepts:** Stock reduction; Material document; Accounting document; COGS; Inventory valuation; Delivery status

**Transaction codes:** VL02N; VL06G; VL09; MB03; MMBE; FB03 (SAP GUI; use the Fiori app for the same function where one exists)

**Business process:** Order to Cash

**Environment:** SAP S/4HANA Training System

### Steps
- [ ] Reproduce the error in the training client (instructor-prepared)
- [ ] Record the exact message number and text, and the business impact
- [ ] Check valuation of the material type and plant
- [ ] Check the item category and movement
- [ ] Apply the fix
- [ ] Re-run the original transaction to validate
- [ ] Write the eight-section report: problem, business impact, evidence, root cause, configuration, fix, validation, prevention

### Acceptance criteria
- The original transaction now works
- Root cause is shown in configuration or master data
- Report has all eight sections

**Evidence required:** Root cause report

**Document flow and impact:** Record the document flow, and for every delivery, goods issue and invoice write the stock change and the debit and credit lines.

**Assessment:** Instructor grades the eight-section report. Type: Configuration decisions.

### Completion criteria
- Every step is done and every acceptance criterion is demonstrated
- Required evidence is attached to the issue
- Document flow and the logistics or accounting impact are written down where documents were created
- Actual time is logged against the issue
- Instructor Review is Approved and the status is Completed

**Estimated time:** 1 h

**Next task:** ASM-013","Delivery","V13.0 PGI","MOD-22","TSH-023","1","L3 - Intermediate","Troubleshooting","SAP S/4HANA Training System","Root cause report","VL02N; VL06G; VL09; MB03; MMBE; FB03","","Delivery","S/4HANA (ECC differences noted)","Same concept as ECC","Order to Cash","MM","Level 2 - SAP SD Core","SD","Configuration decisions","0","Pending"
"ASM-013","ASM-013","Assessment","High","[ASM-013] Phase 13 assessment: goods issue","**Objective:** Phase 13 assessment: goods issue

**Prerequisites:** TSH-024

**Concepts:** Stock reduction; Material document; Accounting document; COGS; Inventory valuation; Delivery status

**Business process:** Order to Cash

**Environment:** SAP S/4HANA Training System

### Steps
- [ ] Post and reverse goods issue and explain every effect

### Acceptance criteria
- Score of 70 or higher

**Evidence required:** Scored result

**Document flow and impact:** Record the document flow, and for every delivery, goods issue and invoice write the stock change and the debit and credit lines.

**Troubleshooting:** Read the full message with its number. Record each error and its cause in the issue notes. If stuck for more than 30 minutes, set the status to Blocked and describe the blocker.

**Assessment:** Scored 0-100. Pass mark 70. Type: Logistics scenarios.

### Completion criteria
- Every step is done and every acceptance criterion is demonstrated
- Required evidence is attached to the issue
- Document flow and the logistics or accounting impact are written down where documents were created
- Actual time is logged against the issue
- Instructor Review is Approved and the status is Completed

**Estimated time:** 1 h

**Next task:** Last task of this module","Delivery","V13.0 PGI","MOD-22","TSH-024","1","L3 - Intermediate","Assessment","SAP S/4HANA Training System","Scored result","","","Delivery","S/4HANA (ECC differences noted)","Same concept as ECC","Order to Cash","MM","Level 2 - SAP SD Core","SD","Logistics scenarios","0","Pending"
"REVIEW-13","REVIEW-13","Review","High","[REVIEW-13] Phase 13 gate review","**Objective:** Confirm that phase 13 (PGI) is complete.

### Checklist
- [ ] Every issue of the phase is Completed
- [ ] Evidence is attached to every issue
- [ ] Time is logged
- [ ] Assessment score is 70 or higher
- [ ] Configuration document is up to date

**Assessment:** Instructor confirms the checklist and records the gate decision.

**Estimated time:** 1 h","","V13.0 PGI","PHASE-13","ASM-013","1","","Review","","Instructor sign-off","","","","","","","","","","Review","0","Pending"
"PHASE-14","PHASE-14","Phase","Normal","[PHASE-14] Billing","Phase 14 of 30. Version: V14.0 Billing.

Modules: 2. Estimated hours: 28.

- MOD-23 Billing Process
- MOD-24 Billing Configuration

The phase closes with the gate review REVIEW-14.","","V14.0 Billing","EPIC","","","","","","","","","","","","","","","","","",""
"MOD-23","MOD-23","Module","Normal","[MOD-23] Billing Process","**Topics:** Invoice; Credit memo; Debit memo; Cancellation; Pro forma invoice; Billing types; Billing due list; Billing split; Billing block

**Transaction codes:** VF01; VF02; VF03; VF04; VF11; VF05; VFX3; V.23

**Fiori apps:** Create Billing Documents; Manage Billing Documents

**Environment:** SAP S/4HANA Training System

**Tasks:** 5, 13 estimated hours.

- THY-031 Billing documents and their types
- LAB-023 Create Billing
- BILL-001 Billing split, combination and billing blocks
- BILL-002 Cancellation and pro forma invoice
- LAB-024 Credit Memo","Billing","V14.0 Billing","PHASE-14","","","","","SAP S/4HANA Training System","","VF01; VF02; VF03; VF04; VF11; VF05; VFX3; V.23","Create Billing Documents; Manage Billing Documents","Billing","S/4HANA (ECC differences noted)","Same concept as ECC","Order to Cash","FI","Level 2 - SAP SD Core","SD","","",""
"THY-031","THY-031","Theory","Normal","[THY-031] Billing documents and their types","**Objective:** Billing documents and their types

**Prerequisites:** ASM-013

**Concepts:** Invoice; Credit memo; Debit memo; Cancellation; Pro forma invoice; Billing types; Billing due list; Billing split; Billing block

**Fiori apps:** Create Billing Documents; Manage Billing Documents

**Business process:** Order to Cash

**Environment:** SAP S/4HANA Training System

### Steps
- [ ] Study invoice, pro forma, credit memo, debit memo and cancellation
- [ ] Study delivery-related and order-related billing
- [ ] Study what billing transfers to accounting

### Acceptance criteria
- Chooses the billing type for eight situations

**Evidence required:** Notes

**Document flow and impact:** Record the document flow, and for every delivery, goods issue and invoice write the stock change and the debit and credit lines.

**Assessment:** Instructor checks the notes and asks short oral questions. Type: Short answer.

### Completion criteria
- Every step is done and every acceptance criterion is demonstrated
- Required evidence is attached to the issue
- Document flow and the logistics or accounting impact are written down where documents were created
- Actual time is logged against the issue
- Instructor Review is Approved and the status is Completed

**Estimated time:** 2 h

**Next task:** LAB-023","Billing","V14.0 Billing","MOD-23","ASM-013","2","L3 - Intermediate","Theory","SAP S/4HANA Training System","Notes","","Create Billing Documents; Manage Billing Documents","Billing","S/4HANA (ECC differences noted)","Same concept as ECC","Order to Cash","FI","Level 2 - SAP SD Core","SD","Short answer","0","Pending"
"LAB-023","LAB-023","Lab","Normal","[LAB-023] Create Billing","**Objective:** Create Billing

**Prerequisites:** THY-031

**Concepts:** Invoice; Credit memo; Debit memo; Cancellation; Pro forma invoice; Billing types; Billing due list; Billing split; Billing block

**Transaction codes:** VF01; VF03; VF04 (SAP GUI; use the Fiori app for the same function where one exists)

**Fiori apps:** Create Billing Documents; Manage Billing Documents

**Business process:** Order to Cash

**Environment:** SAP S/4HANA Training System

### Steps
- [ ] Create an invoice for a delivery
- [ ] Process the billing due list for several
- [ ] Display the invoice, its conditions and the accounting document
- [ ] Check the updated document flow

### Acceptance criteria
- Invoices post to accounting
- Flow is complete

**Evidence required:** Document numbers + screenshots

**Document flow and impact:** Record the document flow, and for every delivery, goods issue and invoice write the stock change and the debit and credit lines.

**Troubleshooting:** Read the full message with its number. Record each error and its cause in the issue notes. If stuck for more than 30 minutes, set the status to Blocked and describe the blocker.

**Assessment:** Instructor verifies the acceptance criteria from the evidence and may ask for a live demonstration. Type: Transactions.

### Completion criteria
- Every step is done and every acceptance criterion is demonstrated
- Required evidence is attached to the issue
- Document flow and the logistics or accounting impact are written down where documents were created
- Actual time is logged against the issue
- Instructor Review is Approved and the status is Completed

**Estimated time:** 3 h

**Next task:** BILL-001","Billing","V14.0 Billing","MOD-23","THY-031","3","L3 - Intermediate","Guided Lab","SAP S/4HANA Training System","Document numbers + screenshots","VF01; VF03; VF04","Create Billing Documents; Manage Billing Documents","Billing","S/4HANA (ECC differences noted)","Same concept as ECC","Order to Cash","FI","Level 2 - SAP SD Core","SD","Transactions","0","Pending"
"BILL-001","BILL-001","Billing","Normal","[BILL-001] Billing split, combination and billing blocks","**Objective:** Billing split, combination and billing blocks

**Prerequisites:** LAB-023

**Concepts:** Invoice; Credit memo; Debit memo; Cancellation; Pro forma invoice; Billing types; Billing due list; Billing split; Billing block

**Transaction codes:** VF01; V.23; VA02 (SAP GUI; use the Fiori app for the same function where one exists)

**Fiori apps:** Create Billing Documents; Manage Billing Documents

**Business process:** Order to Cash

**Environment:** SAP S/4HANA Training System

### Steps
- [ ] Bill two deliveries into one invoice
- [ ] Cause a split and read the split analysis
- [ ] Set and release a billing block
- [ ] List documents blocked for billing

### Acceptance criteria
- Combination and split are both demonstrated and explained

**Evidence required:** Process document + document numbers

**Document flow and impact:** Record the document flow, and for every delivery, goods issue and invoice write the stock change and the debit and credit lines.

**Troubleshooting:** Read the full message with its number. Record each error and its cause in the issue notes. If stuck for more than 30 minutes, set the status to Blocked and describe the blocker.

**Assessment:** Instructor checks the billing documents and the accounting documents they created. Type: Transactions.

### Completion criteria
- Every step is done and every acceptance criterion is demonstrated
- Required evidence is attached to the issue
- Document flow and the logistics or accounting impact are written down where documents were created
- Actual time is logged against the issue
- Instructor Review is Approved and the status is Completed

**Estimated time:** 3 h

**Next task:** BILL-002","Billing","V14.0 Billing","MOD-23","LAB-023","3","L3 - Intermediate","Business Process","SAP S/4HANA Training System","Process document + document numbers","VF01; V.23; VA02","Create Billing Documents; Manage Billing Documents","Billing","S/4HANA (ECC differences noted)","Same concept as ECC","Order to Cash","FI","Level 2 - SAP SD Core","SD","Transactions","0","Pending"
"BILL-002","BILL-002","Billing","Normal","[BILL-002] Cancellation and pro forma invoice","**Objective:** Cancellation and pro forma invoice

**Prerequisites:** BILL-001

**Concepts:** Invoice; Credit memo; Debit memo; Cancellation; Pro forma invoice; Billing types; Billing due list; Billing split; Billing block

**Transaction codes:** VF11; VF01 (SAP GUI; use the Fiori app for the same function where one exists)

**Fiori apps:** Create Billing Documents; Manage Billing Documents

**Business process:** Order to Cash

**Environment:** SAP S/4HANA Training System

### Steps
- [ ] Cancel an invoice and check the accounting reversal
- [ ] Create a pro forma invoice for order and for delivery

### Acceptance criteria
- Cancellation reverses accounting
- Pro forma creates no accounting document

**Evidence required:** Process document + document numbers

**Document flow and impact:** Record the document flow, and for every delivery, goods issue and invoice write the stock change and the debit and credit lines.

**Troubleshooting:** Read the full message with its number. Record each error and its cause in the issue notes. If stuck for more than 30 minutes, set the status to Blocked and describe the blocker.

**Assessment:** Instructor checks the billing documents and the accounting documents they created. Type: Transactions.

### Completion criteria
- Every step is done and every acceptance criterion is demonstrated
- Required evidence is attached to the issue
- Document flow and the logistics or accounting impact are written down where documents were created
- Actual time is logged against the issue
- Instructor Review is Approved and the status is Completed

**Estimated time:** 2 h

**Next task:** LAB-024","Billing","V14.0 Billing","MOD-23","BILL-001","2","L3 - Intermediate","Business Process","SAP S/4HANA Training System","Process document + document numbers","VF11; VF01","Create Billing Documents; Manage Billing Documents","Billing","S/4HANA (ECC differences noted)","Same concept as ECC","Order to Cash","FI","Level 2 - SAP SD Core","SD","Transactions","0","Pending"
"LAB-024","LAB-024","Lab","Normal","[LAB-024] Credit Memo","**Objective:** Credit Memo

**Prerequisites:** BILL-002

**Concepts:** Invoice; Credit memo; Debit memo; Cancellation; Pro forma invoice; Billing types; Billing due list; Billing split; Billing block

**Transaction codes:** VA01; VF01 (SAP GUI; use the Fiori app for the same function where one exists)

**Fiori apps:** Create Billing Documents; Manage Billing Documents

**Business process:** Order to Cash

**Environment:** SAP S/4HANA Training System

### Steps
- [ ] Create a credit memo request with reference to an invoice
- [ ] Release the billing block
- [ ] Create the credit memo
- [ ] Do the same for a debit memo
- [ ] Check accounting

### Acceptance criteria
- Credit and debit memos post correctly with reference

**Evidence required:** Document numbers + screenshots

**Document flow and impact:** Record the document flow, and for every delivery, goods issue and invoice write the stock change and the debit and credit lines.

**Troubleshooting:** Read the full message with its number. Record each error and its cause in the issue notes. If stuck for more than 30 minutes, set the status to Blocked and describe the blocker.

**Assessment:** Instructor verifies the acceptance criteria from the evidence and may ask for a live demonstration. Type: Transactions.

### Completion criteria
- Every step is done and every acceptance criterion is demonstrated
- Required evidence is attached to the issue
- Document flow and the logistics or accounting impact are written down where documents were created
- Actual time is logged against the issue
- Instructor Review is Approved and the status is Completed

**Estimated time:** 3 h

**Next task:** Last task of this module","Billing","V14.0 Billing","MOD-23","BILL-002","3","L3 - Intermediate","Guided Lab","SAP S/4HANA Training System","Document numbers + screenshots","VA01; VF01","Create Billing Documents; Manage Billing Documents","Billing","S/4HANA (ECC differences noted)","Same concept as ECC","Order to Cash","FI","Level 2 - SAP SD Core","SD","Transactions","0","Pending"
"MOD-24","MOD-24","Module","Normal","[MOD-24] Billing Configuration","**Topics:** Billing types; Number ranges; Copy control; Account determination; Pricing; Tax; Output; Cancellation

**Transaction codes:** VOFA; VN01; VTFL; VTFA; VKOA; OVK5; OVK6

**Fiori apps:** None listed

**Environment:** SAP S/4HANA Training System

**Tasks:** 7, 14 estimated hours.

- CFG-021 Billing types and number ranges
- CFG-022 Revenue account determination
- TSH-025 Scenario 25: billing block on the order or delivery
- TSH-026 Scenario 26: billing split not wanted
- TSH-027 Scenario 27: account determination error, invoice not released to accounting
- TSH-028 Scenario 28: invoice cannot be created, delivery not yet relevant
- ASM-014 Phase 14 assessment: billing","Billing","V14.0 Billing","PHASE-14","","","","","SAP S/4HANA Training System","","VOFA; VN01; VTFL; VTFA; VKOA; OVK5; OVK6","","Billing","S/4HANA (ECC differences noted)","Same concept as ECC","Order to Cash","FI","Level 2 - SAP SD Core","SD","","",""
"CFG-021","CFG-021","Configuration","Normal","[CFG-021] Billing types and number ranges","**Objective:** Billing types and number ranges

**Prerequisites:** LAB-024

**Concepts:** Billing types; Number ranges; Copy control; Account determination; Pricing; Tax; Output; Cancellation

**Transaction codes:** VOFA; VN01 (SAP GUI; use the Fiori app for the same function where one exists)

**Business process:** Order to Cash

**Environment:** SAP S/4HANA Training System

### Steps
- [ ] Read the controls of the standard invoice type: posting block, cancellation type, account determination procedure, output
- [ ] Copy to a custom type with its own number range
- [ ] Assign as default in the order type

### Acceptance criteria
- Custom billing type is proposed and posts

**Evidence required:** Configuration document entry

**Document flow and impact:** Record the document flow, and for every delivery, goods issue and invoice write the stock change and the debit and credit lines.

**Troubleshooting:** Read the full message with its number. Record each error and its cause in the issue notes. If stuck for more than 30 minutes, set the status to Blocked and describe the blocker.

**Documentation:** Add the setting, its values and the business reason to your configuration document.

**Assessment:** Instructor checks the setting, its test document and the documented business reason. Type: Configuration.

### Completion criteria
- Every step is done and every acceptance criterion is demonstrated
- Required evidence is attached to the issue
- Document flow and the logistics or accounting impact are written down where documents were created
- Actual time is logged against the issue
- Instructor Review is Approved and the status is Completed

**Estimated time:** 3 h

**Next task:** CFG-022","Billing","V14.0 Billing","MOD-24","LAB-024","3","L4 - Advanced","Configuration","SAP S/4HANA Training System","Configuration document entry","VOFA; VN01","","Billing","S/4HANA (ECC differences noted)","Same concept as ECC","Order to Cash","FI","Level 2 - SAP SD Core","SD","Configuration","0","Pending"
"CFG-022","CFG-022","Configuration","Normal","[CFG-022] Revenue account determination","**Objective:** Revenue account determination

**Prerequisites:** CFG-021

**Concepts:** Billing types; Number ranges; Copy control; Account determination; Pricing; Tax; Output; Cancellation

**Transaction codes:** OVK5; OVK6; VKOA (SAP GUI; use the Fiori app for the same function where one exists)

**Business process:** Order to Cash

**Environment:** SAP S/4HANA Training System

### Steps
- [ ] Review account assignment groups for customers and materials
- [ ] Review the determination procedure and access sequence
- [ ] Assign revenue, discount and freight accounts by key
- [ ] Test and read the account determination analysis

### Acceptance criteria
- Invoice posts to the intended accounts
- Analysis is explained

**Evidence required:** Configuration document entry

**Document flow and impact:** Record the document flow, and for every delivery, goods issue and invoice write the stock change and the debit and credit lines.

**Troubleshooting:** Read the full message with its number. Record each error and its cause in the issue notes. If stuck for more than 30 minutes, set the status to Blocked and describe the blocker.

**Documentation:** Add the setting, its values and the business reason to your configuration document.

**Assessment:** Instructor checks the setting, its test document and the documented business reason. Type: Configuration.

### Completion criteria
- Every step is done and every acceptance criterion is demonstrated
- Required evidence is attached to the issue
- Document flow and the logistics or accounting impact are written down where documents were created
- Actual time is logged against the issue
- Instructor Review is Approved and the status is Completed

**Estimated time:** 4 h

**Next task:** TSH-025","Billing","V14.0 Billing","MOD-24","CFG-021","4","L4 - Advanced","Configuration","SAP S/4HANA Training System","Configuration document entry","OVK5; OVK6; VKOA","","Billing","S/4HANA (ECC differences noted)","Same concept as ECC","Order to Cash","FI","Level 2 - SAP SD Core","SD","Configuration","0","Pending"
"TSH-025","TSH-025","Troubleshooting","Normal","[TSH-025] Scenario 25: billing block on the order or delivery","**Objective:** Scenario 25: billing block on the order or delivery

**Prerequisites:** CFG-022

**Concepts:** Billing types; Number ranges; Copy control; Account determination; Pricing; Tax; Output; Cancellation

**Transaction codes:** VOFA; VN01; VTFL; VTFA; VKOA; OVK5; OVK6 (SAP GUI; use the Fiori app for the same function where one exists)

**Business process:** Order to Cash

**Environment:** SAP S/4HANA Training System

### Steps
- [ ] Reproduce the error in the training client (instructor-prepared)
- [ ] Record the exact message number and text, and the business impact
- [ ] Find where the block is set: header, item or by document type
- [ ] Release with business approval
- [ ] Apply the fix
- [ ] Re-run the original transaction to validate
- [ ] Write the eight-section report: problem, business impact, evidence, root cause, configuration, fix, validation, prevention

### Acceptance criteria
- The original transaction now works
- Root cause is shown in configuration or master data
- Report has all eight sections

**Evidence required:** Root cause report

**Document flow and impact:** Record the document flow, and for every delivery, goods issue and invoice write the stock change and the debit and credit lines.

**Assessment:** Instructor grades the eight-section report. Type: Configuration decisions.

### Completion criteria
- Every step is done and every acceptance criterion is demonstrated
- Required evidence is attached to the issue
- Document flow and the logistics or accounting impact are written down where documents were created
- Actual time is logged against the issue
- Instructor Review is Approved and the status is Completed

**Estimated time:** 1 h

**Next task:** TSH-026","Billing","V14.0 Billing","MOD-24","CFG-022","1","L4 - Advanced","Troubleshooting","SAP S/4HANA Training System","Root cause report","VOFA; VN01; VTFL; VTFA; VKOA; OVK5; OVK6","","Billing","S/4HANA (ECC differences noted)","Same concept as ECC","Order to Cash","FI","Level 2 - SAP SD Core","SD","Configuration decisions","0","Pending"
"TSH-026","TSH-026","Troubleshooting","Normal","[TSH-026] Scenario 26: billing split not wanted","**Objective:** Scenario 26: billing split not wanted

**Prerequisites:** TSH-025

**Concepts:** Billing types; Number ranges; Copy control; Account determination; Pricing; Tax; Output; Cancellation

**Transaction codes:** VOFA; VN01; VTFL; VTFA; VKOA; OVK5; OVK6 (SAP GUI; use the Fiori app for the same function where one exists)

**Business process:** Order to Cash

**Environment:** SAP S/4HANA Training System

### Steps
- [ ] Reproduce the error in the training client (instructor-prepared)
- [ ] Record the exact message number and text, and the business impact
- [ ] Read the split analysis
- [ ] Align the differing header field or adjust copy control
- [ ] Apply the fix
- [ ] Re-run the original transaction to validate
- [ ] Write the eight-section report: problem, business impact, evidence, root cause, configuration, fix, validation, prevention

### Acceptance criteria
- The original transaction now works
- Root cause is shown in configuration or master data
- Report has all eight sections

**Evidence required:** Root cause report

**Document flow and impact:** Record the document flow, and for every delivery, goods issue and invoice write the stock change and the debit and credit lines.

**Assessment:** Instructor grades the eight-section report. Type: Configuration decisions.

### Completion criteria
- Every step is done and every acceptance criterion is demonstrated
- Required evidence is attached to the issue
- Document flow and the logistics or accounting impact are written down where documents were created
- Actual time is logged against the issue
- Instructor Review is Approved and the status is Completed

**Estimated time:** 1 h

**Next task:** TSH-027","Billing","V14.0 Billing","MOD-24","TSH-025","1","L4 - Advanced","Troubleshooting","SAP S/4HANA Training System","Root cause report","VOFA; VN01; VTFL; VTFA; VKOA; OVK5; OVK6","","Billing","S/4HANA (ECC differences noted)","Same concept as ECC","Order to Cash","FI","Level 2 - SAP SD Core","SD","Configuration decisions","0","Pending"
"TSH-027","TSH-027","Troubleshooting","Normal","[TSH-027] Scenario 27: account determination error, invoice not released to accounting","**Objective:** Scenario 27: account determination error, invoice not released to accounting

**Prerequisites:** TSH-026

**Concepts:** Billing types; Number ranges; Copy control; Account determination; Pricing; Tax; Output; Cancellation

**Transaction codes:** VOFA; VN01; VTFL; VTFA; VKOA; OVK5; OVK6 (SAP GUI; use the Fiori app for the same function where one exists)

**Business process:** Order to Cash

**Environment:** SAP S/4HANA Training System

### Steps
- [ ] Reproduce the error in the training client (instructor-prepared)
- [ ] Record the exact message number and text, and the business impact
- [ ] Read the analysis in the billing document
- [ ] Maintain the missing assignment
- [ ] Release with VFX3
- [ ] Apply the fix
- [ ] Re-run the original transaction to validate
- [ ] Write the eight-section report: problem, business impact, evidence, root cause, configuration, fix, validation, prevention

### Acceptance criteria
- The original transaction now works
- Root cause is shown in configuration or master data
- Report has all eight sections

**Evidence required:** Root cause report

**Document flow and impact:** Record the document flow, and for every delivery, goods issue and invoice write the stock change and the debit and credit lines.

**Assessment:** Instructor grades the eight-section report. Type: Configuration decisions.

### Completion criteria
- Every step is done and every acceptance criterion is demonstrated
- Required evidence is attached to the issue
- Document flow and the logistics or accounting impact are written down where documents were created
- Actual time is logged against the issue
- Instructor Review is Approved and the status is Completed

**Estimated time:** 2 h

**Next task:** TSH-028","Billing","V14.0 Billing","MOD-24","TSH-026","2","L4 - Advanced","Troubleshooting","SAP S/4HANA Training System","Root cause report","VOFA; VN01; VTFL; VTFA; VKOA; OVK5; OVK6","","Billing","S/4HANA (ECC differences noted)","Same concept as ECC","Order to Cash","FI","Level 2 - SAP SD Core","SD","Configuration decisions","0","Pending"
"TSH-028","TSH-028","Troubleshooting","Normal","[TSH-028] Scenario 28: invoice cannot be created, delivery not yet relevant","**Objective:** Scenario 28: invoice cannot be created, delivery not yet relevant

**Prerequisites:** TSH-027

**Concepts:** Billing types; Number ranges; Copy control; Account determination; Pricing; Tax; Output; Cancellation

**Transaction codes:** VOFA; VN01; VTFL; VTFA; VKOA; OVK5; OVK6 (SAP GUI; use the Fiori app for the same function where one exists)

**Business process:** Order to Cash

**Environment:** SAP S/4HANA Training System

### Steps
- [ ] Reproduce the error in the training client (instructor-prepared)
- [ ] Record the exact message number and text, and the business impact
- [ ] Check goods issue status, billing relevance of the item category and copy control
- [ ] Apply the fix
- [ ] Re-run the original transaction to validate
- [ ] Write the eight-section report: problem, business impact, evidence, root cause, configuration, fix, validation, prevention

### Acceptance criteria
- The original transaction now works
- Root cause is shown in configuration or master data
- Report has all eight sections

**Evidence required:** Root cause report

**Document flow and impact:** Record the document flow, and for every delivery, goods issue and invoice write the stock change and the debit and credit lines.

**Assessment:** Instructor grades the eight-section report. Type: Configuration decisions.

### Completion criteria
- Every step is done and every acceptance criterion is demonstrated
- Required evidence is attached to the issue
- Document flow and the logistics or accounting impact are written down where documents were created
- Actual time is logged against the issue
- Instructor Review is Approved and the status is Completed

**Estimated time:** 1 h

**Next task:** ASM-014","Billing","V14.0 Billing","MOD-24","TSH-027","1","L4 - Advanced","Troubleshooting","SAP S/4HANA Training System","Root cause report","VOFA; VN01; VTFL; VTFA; VKOA; OVK5; OVK6","","Billing","S/4HANA (ECC differences noted)","Same concept as ECC","Order to Cash","FI","Level 2 - SAP SD Core","SD","Configuration decisions","0","Pending"
"ASM-014","ASM-014","Assessment","High","[ASM-014] Phase 14 assessment: billing","**Objective:** Phase 14 assessment: billing

**Prerequisites:** TSH-028

**Concepts:** Billing types; Number ranges; Copy control; Account determination; Pricing; Tax; Output; Cancellation

**Business process:** Order to Cash

**Environment:** SAP S/4HANA Training System

### Steps
- [ ] Configure a billing type and prove invoice, split and account determination

### Acceptance criteria
- Score of 70 or higher

**Evidence required:** Scored result

**Document flow and impact:** Record the document flow, and for every delivery, goods issue and invoice write the stock change and the debit and credit lines.

**Troubleshooting:** Read the full message with its number. Record each error and its cause in the issue notes. If stuck for more than 30 minutes, set the status to Blocked and describe the blocker.

**Assessment:** Scored 0-100. Pass mark 70. Type: Configuration.

### Completion criteria
- Every step is done and every acceptance criterion is demonstrated
- Required evidence is attached to the issue
- Document flow and the logistics or accounting impact are written down where documents were created
- Actual time is logged against the issue
- Instructor Review is Approved and the status is Completed

**Estimated time:** 2 h

**Next task:** Last task of this module","Billing","V14.0 Billing","MOD-24","TSH-028","2","L4 - Advanced","Assessment","SAP S/4HANA Training System","Scored result","","","Billing","S/4HANA (ECC differences noted)","Same concept as ECC","Order to Cash","FI","Level 2 - SAP SD Core","SD","Configuration","0","Pending"
"REVIEW-14","REVIEW-14","Review","High","[REVIEW-14] Phase 14 gate review","**Objective:** Confirm that phase 14 (Billing) is complete.

### Checklist
- [ ] Every issue of the phase is Completed
- [ ] Evidence is attached to every issue
- [ ] Time is logged
- [ ] Assessment score is 70 or higher
- [ ] Configuration document is up to date

**Assessment:** Instructor confirms the checklist and records the gate decision.

**Estimated time:** 1 h","","V14.0 Billing","PHASE-14","LAB-024, ASM-014","1","","Review","","Instructor sign-off","","","","","","","","","","Review","0","Pending"
"PHASE-15","PHASE-15","Phase","Normal","[PHASE-15] Credit Management","Phase 15 of 30. Version: V15.0 Credit Management.

Modules: 1. Estimated hours: 16.

- MOD-25 Credit Management

The phase closes with the gate review REVIEW-15.","","V15.0 Credit Management","EPIC","","","","","","","","","","","","","","","","","",""
"MOD-25","MOD-25","Module","Normal","[MOD-25] Credit Management","**Topics:** Credit exposure; Credit limit; Credit check; Risk categories; Credit groups; Credit blocks; Release process; S/4HANA Credit Management

**Transaction codes:** UKM_BP; OVA8; OVAK; OVAD; VKM1; VKM3; VKM4; UKM_MALUS_DSP; FD32

**Fiori apps:** Manage Credit Accounts; Manage Documented Credit Decisions; Display Credit Exposure

**Environment:** SAP S/4HANA Training System

**Tasks:** 6, 15 estimated hours.

- THY-032 Credit management concepts
- CFG-023 Configure the credit check
- LAB-026 Credit Management
- TSH-029 Scenario 29: credit block, order blocked although limit seems sufficient
- TSH-030 Scenario 30: order not blocked although the limit is exceeded
- ASM-015 Phase 15 assessment: credit management","Credit","V15.0 Credit Management","PHASE-15","","","","","SAP S/4HANA Training System","","UKM_BP; OVA8; OVAK; OVAD; VKM1; VKM3; VKM4; UKM_MALUS_DSP; FD32","Manage Credit Accounts; Manage Documented Credit Decisions; Display Credit Exposure","Credit","S/4HANA (ECC differences noted)","Changed in S/4HANA","Credit Management","FI","Level 3 - Advanced SD & Integration","SD","","",""
"THY-032","THY-032","Theory","Normal","[THY-032] Credit management concepts","**Objective:** Credit management concepts

**Prerequisites:** LAB-024

**Concepts:** Credit exposure; Credit limit; Credit check; Risk categories; Credit groups; Credit blocks; Release process; S/4HANA Credit Management

**Fiori apps:** Manage Credit Accounts; Manage Documented Credit Decisions; Display Credit Exposure

**Business process:** Credit Management

**Environment:** SAP S/4HANA Training System

### Steps
- [ ] Study credit limit, exposure and its components: open orders, deliveries, billing documents, receivables
- [ ] Study static and dynamic checks, risk class, credit groups for order, delivery and goods issue
- [ ] Compare classic credit management with S/4HANA credit management

### Acceptance criteria
- Calculates exposure for a customer
- Explains static versus dynamic

**Evidence required:** Notes

**Document flow and impact:** Record the document flow, and for every delivery, goods issue and invoice write the stock change and the debit and credit lines.

**Assessment:** Instructor checks the notes and asks short oral questions. Type: Short answer.

### Completion criteria
- Every step is done and every acceptance criterion is demonstrated
- Required evidence is attached to the issue
- Document flow and the logistics or accounting impact are written down where documents were created
- Actual time is logged against the issue
- Instructor Review is Approved and the status is Completed

**Estimated time:** 3 h

**Next task:** CFG-023","Credit","V15.0 Credit Management","MOD-25","LAB-024","3","L4 - Advanced","Theory","SAP S/4HANA Training System","Notes","","Manage Credit Accounts; Manage Documented Credit Decisions; Display Credit Exposure","Credit","S/4HANA (ECC differences noted)","Changed in S/4HANA","Credit Management","FI","Level 3 - Advanced SD & Integration","SD","Short answer","0","Pending"
"CFG-023","CFG-023","Configuration","Normal","[CFG-023] Configure the credit check","**Objective:** Configure the credit check

**Prerequisites:** THY-032

**Concepts:** Credit exposure; Credit limit; Credit check; Risk categories; Credit groups; Credit blocks; Release process; S/4HANA Credit Management

**Transaction codes:** OVAK; OVAD; OVA8 (SAP GUI; use the Fiori app for the same function where one exists)

**Fiori apps:** Manage Credit Accounts; Manage Documented Credit Decisions; Display Credit Exposure

**Business process:** Credit Management

**Environment:** SAP S/4HANA Training System

### Steps
- [ ] Assign credit groups to order and delivery types
- [ ] Define the credit control or check rule per risk category and credit group
- [ ] Set dynamic check with horizon and reaction
- [ ] Review the S/4HANA credit segment and check rule

### Acceptance criteria
- Configuration is documented and active for the custom order type

**Evidence required:** Configuration document entry

**Document flow and impact:** Record the document flow, and for every delivery, goods issue and invoice write the stock change and the debit and credit lines.

**Troubleshooting:** Read the full message with its number. Record each error and its cause in the issue notes. If stuck for more than 30 minutes, set the status to Blocked and describe the blocker.

**Documentation:** Add the setting, its values and the business reason to your configuration document.

**Assessment:** Instructor checks the setting, its test document and the documented business reason. Type: Configuration.

### Completion criteria
- Every step is done and every acceptance criterion is demonstrated
- Required evidence is attached to the issue
- Document flow and the logistics or accounting impact are written down where documents were created
- Actual time is logged against the issue
- Instructor Review is Approved and the status is Completed

**Estimated time:** 4 h

**Next task:** LAB-026","Credit","V15.0 Credit Management","MOD-25","THY-032","4","L4 - Advanced","Configuration","SAP S/4HANA Training System","Configuration document entry","OVAK; OVAD; OVA8","Manage Credit Accounts; Manage Documented Credit Decisions; Display Credit Exposure","Credit","S/4HANA (ECC differences noted)","Changed in S/4HANA","Credit Management","FI","Level 3 - Advanced SD & Integration","SD","Configuration","0","Pending"
"LAB-026","LAB-026","Lab","Normal","[LAB-026] Credit Management","**Objective:** Credit Management

**Prerequisites:** CFG-023

**Concepts:** Credit exposure; Credit limit; Credit check; Risk categories; Credit groups; Credit blocks; Release process; S/4HANA Credit Management

**Transaction codes:** UKM_BP; VA01; VKM1; VKM3 (SAP GUI; use the Fiori app for the same function where one exists)

**Fiori apps:** Manage Credit Accounts; Manage Documented Credit Decisions; Display Credit Exposure

**Business process:** Credit Management

**Environment:** SAP S/4HANA Training System

### Steps
- [ ] Maintain a credit profile and limit for a customer
- [ ] Create orders until the limit is exceeded
- [ ] Read the credit status and block
- [ ] Release a blocked order
- [ ] Reject another
- [ ] Check exposure after billing and after payment

### Acceptance criteria
- Block triggers at the limit
- Release and exposure update are shown

**Evidence required:** Document numbers + screenshots

**Document flow and impact:** Record the document flow, and for every delivery, goods issue and invoice write the stock change and the debit and credit lines.

**Troubleshooting:** Read the full message with its number. Record each error and its cause in the issue notes. If stuck for more than 30 minutes, set the status to Blocked and describe the blocker.

**Assessment:** Instructor verifies the acceptance criteria from the evidence and may ask for a live demonstration. Type: Transactions.

### Completion criteria
- Every step is done and every acceptance criterion is demonstrated
- Required evidence is attached to the issue
- Document flow and the logistics or accounting impact are written down where documents were created
- Actual time is logged against the issue
- Instructor Review is Approved and the status is Completed

**Estimated time:** 4 h

**Next task:** TSH-029","Credit","V15.0 Credit Management","MOD-25","CFG-023","4","L4 - Advanced","Guided Lab","SAP S/4HANA Training System","Document numbers + screenshots","UKM_BP; VA01; VKM1; VKM3","Manage Credit Accounts; Manage Documented Credit Decisions; Display Credit Exposure","Credit","S/4HANA (ECC differences noted)","Changed in S/4HANA","Credit Management","FI","Level 3 - Advanced SD & Integration","SD","Transactions","0","Pending"
"TSH-029","TSH-029","Troubleshooting","Normal","[TSH-029] Scenario 29: credit block, order blocked although limit seems sufficient","**Objective:** Scenario 29: credit block, order blocked although limit seems sufficient

**Prerequisites:** LAB-026

**Concepts:** Credit exposure; Credit limit; Credit check; Risk categories; Credit groups; Credit blocks; Release process; S/4HANA Credit Management

**Transaction codes:** UKM_BP; OVA8; OVAK; OVAD; VKM1; VKM3; VKM4; UKM_MALUS_DSP; FD32 (SAP GUI; use the Fiori app for the same function where one exists)

**Fiori apps:** Manage Credit Accounts; Manage Documented Credit Decisions; Display Credit Exposure

**Business process:** Credit Management

**Environment:** SAP S/4HANA Training System

### Steps
- [ ] Reproduce the error in the training client (instructor-prepared)
- [ ] Record the exact message number and text, and the business impact
- [ ] Read the credit log
- [ ] Check exposure components, oldest open item and check rule
- [ ] Apply the fix
- [ ] Re-run the original transaction to validate
- [ ] Write the eight-section report: problem, business impact, evidence, root cause, configuration, fix, validation, prevention

### Acceptance criteria
- The original transaction now works
- Root cause is shown in configuration or master data
- Report has all eight sections

**Evidence required:** Root cause report

**Document flow and impact:** Record the document flow, and for every delivery, goods issue and invoice write the stock change and the debit and credit lines.

**Assessment:** Instructor grades the eight-section report. Type: Configuration decisions.

### Completion criteria
- Every step is done and every acceptance criterion is demonstrated
- Required evidence is attached to the issue
- Document flow and the logistics or accounting impact are written down where documents were created
- Actual time is logged against the issue
- Instructor Review is Approved and the status is Completed

**Estimated time:** 1 h

**Next task:** TSH-030","Credit","V15.0 Credit Management","MOD-25","LAB-026","1","L4 - Advanced","Troubleshooting","SAP S/4HANA Training System","Root cause report","UKM_BP; OVA8; OVAK; OVAD; VKM1; VKM3; VKM4; UKM_MALUS_DSP; FD32","Manage Credit Accounts; Manage Documented Credit Decisions; Display Credit Exposure","Credit","S/4HANA (ECC differences noted)","Changed in S/4HANA","Credit Management","FI","Level 3 - Advanced SD & Integration","SD","Configuration decisions","0","Pending"
"TSH-030","TSH-030","Troubleshooting","Normal","[TSH-030] Scenario 30: order not blocked although the limit is exceeded","**Objective:** Scenario 30: order not blocked although the limit is exceeded

**Prerequisites:** TSH-029

**Concepts:** Credit exposure; Credit limit; Credit check; Risk categories; Credit groups; Credit blocks; Release process; S/4HANA Credit Management

**Transaction codes:** UKM_BP; OVA8; OVAK; OVAD; VKM1; VKM3; VKM4; UKM_MALUS_DSP; FD32 (SAP GUI; use the Fiori app for the same function where one exists)

**Fiori apps:** Manage Credit Accounts; Manage Documented Credit Decisions; Display Credit Exposure

**Business process:** Credit Management

**Environment:** SAP S/4HANA Training System

### Steps
- [ ] Reproduce the error in the training client (instructor-prepared)
- [ ] Record the exact message number and text, and the business impact
- [ ] Check credit group assignment, check rule activation and whether the item category is credit relevant
- [ ] Apply the fix
- [ ] Re-run the original transaction to validate
- [ ] Write the eight-section report: problem, business impact, evidence, root cause, configuration, fix, validation, prevention

### Acceptance criteria
- The original transaction now works
- Root cause is shown in configuration or master data
- Report has all eight sections

**Evidence required:** Root cause report

**Document flow and impact:** Record the document flow, and for every delivery, goods issue and invoice write the stock change and the debit and credit lines.

**Assessment:** Instructor grades the eight-section report. Type: Configuration decisions.

### Completion criteria
- Every step is done and every acceptance criterion is demonstrated
- Required evidence is attached to the issue
- Document flow and the logistics or accounting impact are written down where documents were created
- Actual time is logged against the issue
- Instructor Review is Approved and the status is Completed

**Estimated time:** 1 h

**Next task:** ASM-015","Credit","V15.0 Credit Management","MOD-25","TSH-029","1","L4 - Advanced","Troubleshooting","SAP S/4HANA Training System","Root cause report","UKM_BP; OVA8; OVAK; OVAD; VKM1; VKM3; VKM4; UKM_MALUS_DSP; FD32","Manage Credit Accounts; Manage Documented Credit Decisions; Display Credit Exposure","Credit","S/4HANA (ECC differences noted)","Changed in S/4HANA","Credit Management","FI","Level 3 - Advanced SD & Integration","SD","Configuration decisions","0","Pending"
"ASM-015","ASM-015","Assessment","High","[ASM-015] Phase 15 assessment: credit management","**Objective:** Phase 15 assessment: credit management

**Prerequisites:** TSH-030

**Concepts:** Credit exposure; Credit limit; Credit check; Risk categories; Credit groups; Credit blocks; Release process; S/4HANA Credit Management

**Fiori apps:** Manage Credit Accounts; Manage Documented Credit Decisions; Display Credit Exposure

**Business process:** Credit Management

**Environment:** SAP S/4HANA Training System

### Steps
- [ ] Configure and prove a credit check from a requirement

### Acceptance criteria
- Score of 70 or higher

**Evidence required:** Scored result

**Document flow and impact:** Record the document flow, and for every delivery, goods issue and invoice write the stock change and the debit and credit lines.

**Troubleshooting:** Read the full message with its number. Record each error and its cause in the issue notes. If stuck for more than 30 minutes, set the status to Blocked and describe the blocker.

**Assessment:** Scored 0-100. Pass mark 70. Type: Configuration.

### Completion criteria
- Every step is done and every acceptance criterion is demonstrated
- Required evidence is attached to the issue
- Document flow and the logistics or accounting impact are written down where documents were created
- Actual time is logged against the issue
- Instructor Review is Approved and the status is Completed

**Estimated time:** 2 h

**Next task:** Last task of this module","Credit","V15.0 Credit Management","MOD-25","TSH-030","2","L4 - Advanced","Assessment","SAP S/4HANA Training System","Scored result","","Manage Credit Accounts; Manage Documented Credit Decisions; Display Credit Exposure","Credit","S/4HANA (ECC differences noted)","Changed in S/4HANA","Credit Management","FI","Level 3 - Advanced SD & Integration","SD","Configuration","0","Pending"
"REVIEW-15","REVIEW-15","Review","High","[REVIEW-15] Phase 15 gate review","**Objective:** Confirm that phase 15 (Credit Management) is complete.

### Checklist
- [ ] Every issue of the phase is Completed
- [ ] Evidence is attached to every issue
- [ ] Time is logged
- [ ] Assessment score is 70 or higher
- [ ] Configuration document is up to date

**Assessment:** Instructor confirms the checklist and records the gate decision.

**Estimated time:** 1 h","","V15.0 Credit Management","PHASE-15","ASM-015","1","","Review","","Instructor sign-off","","","","","","","","","","Review","0","Pending"
"PHASE-16","PHASE-16","Phase","Normal","[PHASE-16] Output Management","Phase 16 of 30. Version: V16.0 Output Management.

Modules: 1. Estimated hours: 21.

- MOD-26 Output Management

The phase closes with the gate review REVIEW-16.","","V16.0 Output Management","EPIC","","","","","","","","","","","","","","","","","",""
"MOD-26","MOD-26","Module","Normal","[MOD-26] Output Management","**Topics:** Output determination; Output types; Condition technique; Print; Email; PDF; EDI concepts; Forms; BRFplus concepts; S/4HANA output management

**Transaction codes:** NACE; V/30; V/43; VV11; VV21; VV31; VF31; OPD; SP01

**Fiori apps:** None listed

**Environment:** SAP S/4HANA Training System

**Tasks:** 8, 20 estimated hours.

- THY-033 Output determination with the condition technique
- CFG-024 Classic output determination for order, delivery and billing
- THY-034 S/4HANA output management with BRFplus
- CFG-025 Configure S/4HANA output parameter determination
- LAB-027 Output Management
- TSH-031 Scenario 31: output failure, no output proposed
- TSH-032 Scenario 32: output processed with error or wrong form
- ASM-016 Phase 16 assessment: output management","Output","V16.0 Output Management","PHASE-16","","","","","SAP S/4HANA Training System","","NACE; V/30; V/43; VV11; VV21; VV31; VF31; OPD; SP01","","Output","S/4HANA (ECC differences noted)","Changed in S/4HANA","Order to Cash","None","Level 3 - Advanced SD & Integration","SD","","",""
"THY-033","THY-033","Theory","Normal","[THY-033] Output determination with the condition technique","**Objective:** Output determination with the condition technique

**Prerequisites:** LAB-024

**Concepts:** Output determination; Output types; Condition technique; Print; Email; PDF; EDI concepts; Forms; BRFplus concepts; S/4HANA output management

**Business process:** Order to Cash

**Environment:** SAP S/4HANA Training System

### Steps
- [ ] Study output types, access sequences, procedures and condition records
- [ ] Study medium, dispatch time and partner function
- [ ] Study processing program and form

### Acceptance criteria
- Explains how an invoice print is triggered

**Evidence required:** Notes

**Document flow and impact:** Record the document flow, and for every delivery, goods issue and invoice write the stock change and the debit and credit lines.

**Assessment:** Instructor checks the notes and asks short oral questions. Type: Short answer.

### Completion criteria
- Every step is done and every acceptance criterion is demonstrated
- Required evidence is attached to the issue
- Document flow and the logistics or accounting impact are written down where documents were created
- Actual time is logged against the issue
- Instructor Review is Approved and the status is Completed

**Estimated time:** 3 h

**Next task:** CFG-024","Output","V16.0 Output Management","MOD-26","LAB-024","3","L4 - Advanced","Theory","SAP S/4HANA Training System","Notes","","","Output","S/4HANA (ECC differences noted)","Changed in S/4HANA","Order to Cash","None","Level 3 - Advanced SD & Integration","SD","Short answer","0","Pending"
"CFG-024","CFG-024","Configuration","Normal","[CFG-024] Classic output determination for order, delivery and billing","**Objective:** Classic output determination for order, delivery and billing

**Prerequisites:** THY-033

**Concepts:** Output determination; Output types; Condition technique; Print; Email; PDF; EDI concepts; Forms; BRFplus concepts; S/4HANA output management

**Transaction codes:** V/30; V/43; NACE (SAP GUI; use the Fiori app for the same function where one exists)

**Business process:** Order to Cash

**Environment:** SAP S/4HANA Training System

### Steps
- [ ] Review output types for order confirmation, delivery note and invoice
- [ ] Review procedures and assignment to document types
- [ ] Change dispatch time and medium for one type

### Acceptance criteria
- Configuration is documented per document

**Evidence required:** Configuration document entry

**Document flow and impact:** Record the document flow, and for every delivery, goods issue and invoice write the stock change and the debit and credit lines.

**Troubleshooting:** Read the full message with its number. Record each error and its cause in the issue notes. If stuck for more than 30 minutes, set the status to Blocked and describe the blocker.

**Documentation:** Add the setting, its values and the business reason to your configuration document.

**Assessment:** Instructor checks the setting, its test document and the documented business reason. Type: Configuration.

### Completion criteria
- Every step is done and every acceptance criterion is demonstrated
- Required evidence is attached to the issue
- Document flow and the logistics or accounting impact are written down where documents were created
- Actual time is logged against the issue
- Instructor Review is Approved and the status is Completed

**Estimated time:** 4 h

**Next task:** THY-034","Output","V16.0 Output Management","MOD-26","THY-033","4","L4 - Advanced","Configuration","SAP S/4HANA Training System","Configuration document entry","V/30; V/43; NACE","","Output","S/4HANA (ECC differences noted)","Changed in S/4HANA","Order to Cash","None","Level 3 - Advanced SD & Integration","SD","Configuration","0","Pending"
"THY-034","THY-034","Theory","Normal","[THY-034] S/4HANA output management with BRFplus","**Objective:** S/4HANA output management with BRFplus

**Prerequisites:** CFG-024

**Concepts:** Output determination; Output types; Condition technique; Print; Email; PDF; EDI concepts; Forms; BRFplus concepts; S/4HANA output management

**Business process:** Order to Cash

**Environment:** SAP S/4HANA Training System

### Steps
- [ ] Study output parameter determination: type, receiver, channel, printer, email, form template
- [ ] Study when the new framework applies and when classic output is still used

### Acceptance criteria
- Explains the decision tables used

**Evidence required:** Notes

**Document flow and impact:** Record the document flow, and for every delivery, goods issue and invoice write the stock change and the debit and credit lines.

**Assessment:** Instructor checks the notes and asks short oral questions. Type: Short answer.

### Completion criteria
- Every step is done and every acceptance criterion is demonstrated
- Required evidence is attached to the issue
- Document flow and the logistics or accounting impact are written down where documents were created
- Actual time is logged against the issue
- Instructor Review is Approved and the status is Completed

**Estimated time:** 3 h

**Next task:** CFG-025","Output","V16.0 Output Management","MOD-26","CFG-024","3","L4 - Advanced","Theory","SAP S/4HANA Training System","Notes","","","Output","S/4HANA (ECC differences noted)","Changed in S/4HANA","Order to Cash","None","Level 3 - Advanced SD & Integration","SD","Short answer","0","Pending"
"CFG-025","CFG-025","Configuration","Normal","[CFG-025] Configure S/4HANA output parameter determination","**Objective:** Configure S/4HANA output parameter determination

**Prerequisites:** THY-034

**Concepts:** Output determination; Output types; Condition technique; Print; Email; PDF; EDI concepts; Forms; BRFplus concepts; S/4HANA output management

**Transaction codes:** OPD (SAP GUI; use the Fiori app for the same function where one exists)

**Business process:** Order to Cash

**Environment:** SAP S/4HANA Training System

### Steps
- [ ] Maintain decision tables for billing output type, receiver and channel
- [ ] Assign a form template
- [ ] Test

### Acceptance criteria
- Billing document proposes the configured output

**Evidence required:** Configuration document entry

**Document flow and impact:** Record the document flow, and for every delivery, goods issue and invoice write the stock change and the debit and credit lines.

**Troubleshooting:** Read the full message with its number. Record each error and its cause in the issue notes. If stuck for more than 30 minutes, set the status to Blocked and describe the blocker.

**Documentation:** Add the setting, its values and the business reason to your configuration document.

**Assessment:** Instructor checks the setting, its test document and the documented business reason. Type: Configuration.

### Completion criteria
- Every step is done and every acceptance criterion is demonstrated
- Required evidence is attached to the issue
- Document flow and the logistics or accounting impact are written down where documents were created
- Actual time is logged against the issue
- Instructor Review is Approved and the status is Completed

**Estimated time:** 3 h

**Next task:** LAB-027","Output","V16.0 Output Management","MOD-26","THY-034","3","L4 - Advanced","Configuration","SAP S/4HANA Training System","Configuration document entry","OPD","","Output","S/4HANA (ECC differences noted)","Changed in S/4HANA","Order to Cash","None","Level 3 - Advanced SD & Integration","SD","Configuration","0","Pending"
"LAB-027","LAB-027","Lab","Normal","[LAB-027] Output Management","**Objective:** Output Management

**Prerequisites:** CFG-025

**Concepts:** Output determination; Output types; Condition technique; Print; Email; PDF; EDI concepts; Forms; BRFplus concepts; S/4HANA output management

**Transaction codes:** VV11; VV21; VV31; VF31; SP01 (SAP GUI; use the Fiori app for the same function where one exists)

**Business process:** Order to Cash

**Environment:** SAP S/4HANA Training System

### Steps
- [ ] Create output condition records for order, delivery and billing
- [ ] Create documents and check proposed outputs
- [ ] Process output and view the spool or PDF
- [ ] Repeat an output
- [ ] Send by email in the training system if enabled

### Acceptance criteria
- Outputs are proposed and processed for all three documents

**Evidence required:** Document numbers + screenshots

**Document flow and impact:** Record the document flow, and for every delivery, goods issue and invoice write the stock change and the debit and credit lines.

**Troubleshooting:** Read the full message with its number. Record each error and its cause in the issue notes. If stuck for more than 30 minutes, set the status to Blocked and describe the blocker.

**Assessment:** Instructor verifies the acceptance criteria from the evidence and may ask for a live demonstration. Type: Transactions.

### Completion criteria
- Every step is done and every acceptance criterion is demonstrated
- Required evidence is attached to the issue
- Document flow and the logistics or accounting impact are written down where documents were created
- Actual time is logged against the issue
- Instructor Review is Approved and the status is Completed

**Estimated time:** 3 h

**Next task:** TSH-031","Output","V16.0 Output Management","MOD-26","CFG-025","3","L4 - Advanced","Guided Lab","SAP S/4HANA Training System","Document numbers + screenshots","VV11; VV21; VV31; VF31; SP01","","Output","S/4HANA (ECC differences noted)","Changed in S/4HANA","Order to Cash","None","Level 3 - Advanced SD & Integration","SD","Transactions","0","Pending"
"TSH-031","TSH-031","Troubleshooting","Normal","[TSH-031] Scenario 31: output failure, no output proposed","**Objective:** Scenario 31: output failure, no output proposed

**Prerequisites:** LAB-027

**Concepts:** Output determination; Output types; Condition technique; Print; Email; PDF; EDI concepts; Forms; BRFplus concepts; S/4HANA output management

**Transaction codes:** NACE; V/30; V/43; VV11; VV21; VV31; VF31; OPD; SP01 (SAP GUI; use the Fiori app for the same function where one exists)

**Business process:** Order to Cash

**Environment:** SAP S/4HANA Training System

### Steps
- [ ] Reproduce the error in the training client (instructor-prepared)
- [ ] Record the exact message number and text, and the business impact
- [ ] Read the determination analysis
- [ ] Check condition record, procedure assignment and requirement
- [ ] Apply the fix
- [ ] Re-run the original transaction to validate
- [ ] Write the eight-section report: problem, business impact, evidence, root cause, configuration, fix, validation, prevention

### Acceptance criteria
- The original transaction now works
- Root cause is shown in configuration or master data
- Report has all eight sections

**Evidence required:** Root cause report

**Document flow and impact:** Record the document flow, and for every delivery, goods issue and invoice write the stock change and the debit and credit lines.

**Assessment:** Instructor grades the eight-section report. Type: Configuration decisions.

### Completion criteria
- Every step is done and every acceptance criterion is demonstrated
- Required evidence is attached to the issue
- Document flow and the logistics or accounting impact are written down where documents were created
- Actual time is logged against the issue
- Instructor Review is Approved and the status is Completed

**Estimated time:** 1 h

**Next task:** TSH-032","Output","V16.0 Output Management","MOD-26","LAB-027","1","L4 - Advanced","Troubleshooting","SAP S/4HANA Training System","Root cause report","NACE; V/30; V/43; VV11; VV21; VV31; VF31; OPD; SP01","","Output","S/4HANA (ECC differences noted)","Changed in S/4HANA","Order to Cash","None","Level 3 - Advanced SD & Integration","SD","Configuration decisions","0","Pending"
"TSH-032","TSH-032","Troubleshooting","Normal","[TSH-032] Scenario 32: output processed with error or wrong form","**Objective:** Scenario 32: output processed with error or wrong form

**Prerequisites:** TSH-031

**Concepts:** Output determination; Output types; Condition technique; Print; Email; PDF; EDI concepts; Forms; BRFplus concepts; S/4HANA output management

**Transaction codes:** NACE; V/30; V/43; VV11; VV21; VV31; VF31; OPD; SP01 (SAP GUI; use the Fiori app for the same function where one exists)

**Business process:** Order to Cash

**Environment:** SAP S/4HANA Training System

### Steps
- [ ] Reproduce the error in the training client (instructor-prepared)
- [ ] Record the exact message number and text, and the business impact
- [ ] Read the processing log
- [ ] Check processing program, form and printer
- [ ] Apply the fix
- [ ] Re-run the original transaction to validate
- [ ] Write the eight-section report: problem, business impact, evidence, root cause, configuration, fix, validation, prevention

### Acceptance criteria
- The original transaction now works
- Root cause is shown in configuration or master data
- Report has all eight sections

**Evidence required:** Root cause report

**Document flow and impact:** Record the document flow, and for every delivery, goods issue and invoice write the stock change and the debit and credit lines.

**Assessment:** Instructor grades the eight-section report. Type: Configuration decisions.

### Completion criteria
- Every step is done and every acceptance criterion is demonstrated
- Required evidence is attached to the issue
- Document flow and the logistics or accounting impact are written down where documents were created
- Actual time is logged against the issue
- Instructor Review is Approved and the status is Completed

**Estimated time:** 1 h

**Next task:** ASM-016","Output","V16.0 Output Management","MOD-26","TSH-031","1","L4 - Advanced","Troubleshooting","SAP S/4HANA Training System","Root cause report","NACE; V/30; V/43; VV11; VV21; VV31; VF31; OPD; SP01","","Output","S/4HANA (ECC differences noted)","Changed in S/4HANA","Order to Cash","None","Level 3 - Advanced SD & Integration","SD","Configuration decisions","0","Pending"
"ASM-016","ASM-016","Assessment","High","[ASM-016] Phase 16 assessment: output management","**Objective:** Phase 16 assessment: output management

**Prerequisites:** TSH-032

**Concepts:** Output determination; Output types; Condition technique; Print; Email; PDF; EDI concepts; Forms; BRFplus concepts; S/4HANA output management

**Business process:** Order to Cash

**Environment:** SAP S/4HANA Training System

### Steps
- [ ] Configure output for a new billing type and prove it

### Acceptance criteria
- Score of 70 or higher

**Evidence required:** Scored result

**Document flow and impact:** Record the document flow, and for every delivery, goods issue and invoice write the stock change and the debit and credit lines.

**Troubleshooting:** Read the full message with its number. Record each error and its cause in the issue notes. If stuck for more than 30 minutes, set the status to Blocked and describe the blocker.

**Assessment:** Scored 0-100. Pass mark 70. Type: Configuration.

### Completion criteria
- Every step is done and every acceptance criterion is demonstrated
- Required evidence is attached to the issue
- Document flow and the logistics or accounting impact are written down where documents were created
- Actual time is logged against the issue
- Instructor Review is Approved and the status is Completed

**Estimated time:** 2 h

**Next task:** Last task of this module","Output","V16.0 Output Management","MOD-26","TSH-032","2","L4 - Advanced","Assessment","SAP S/4HANA Training System","Scored result","","","Output","S/4HANA (ECC differences noted)","Changed in S/4HANA","Order to Cash","None","Level 3 - Advanced SD & Integration","SD","Configuration","0","Pending"
"REVIEW-16","REVIEW-16","Review","High","[REVIEW-16] Phase 16 gate review","**Objective:** Confirm that phase 16 (Output Management) is complete.

### Checklist
- [ ] Every issue of the phase is Completed
- [ ] Evidence is attached to every issue
- [ ] Time is logged
- [ ] Assessment score is 70 or higher
- [ ] Configuration document is up to date

**Assessment:** Instructor confirms the checklist and records the gate decision.

**Estimated time:** 1 h","","V16.0 Output Management","PHASE-16","ASM-016","1","","Review","","Instructor sign-off","","","","","","","","","","Review","0","Pending"
"PHASE-17","PHASE-17","Phase","Normal","[PHASE-17] Special Sales Processes","Phase 17 of 30. Version: V17.0 Special Sales Processes.

Modules: 4. Estimated hours: 43.

- MOD-27 Cash Sales, Rush Orders and Free-of-Charge
- MOD-28 Returns, Complaints, Credit and Debit Memo Processes
- MOD-29 Third-Party Sales and Individual Purchase Orders
- MOD-30 Make-to-Order and Consignment

The phase closes with the gate review REVIEW-17.","","V17.0 Special Sales Processes","EPIC","","","","","","","","","","","","","","","","","",""
"MOD-27","MOD-27","Module","Normal","[MOD-27] Cash Sales, Rush Orders and Free-of-Charge","**Topics:** Cash sales; Rush orders; Free-of-charge delivery

**Transaction codes:** VA01; VL02N; VF01; VOV8

**Fiori apps:** None listed

**Environment:** SAP S/4HANA Training System

**Tasks:** 3, 6 estimated hours.

- PROC-005 Cash sale
- PROC-006 Rush order
- PROC-007 Free-of-charge delivery and subsequent delivery","Special Processes","V17.0 Special Sales Processes","PHASE-17","","","","","SAP S/4HANA Training System","","VA01; VL02N; VF01; VOV8","","Special Processes","S/4HANA (ECC differences noted)","Same concept as ECC","Order to Cash","None","Level 3 - Advanced SD & Integration","SD","","",""
"PROC-005","PROC-005","Sales Process","Normal","[PROC-005] Cash sale","**Objective:** Cash sale

**Prerequisites:** ASM-016

**Concepts:** Cash sales; Rush orders; Free-of-charge delivery

**Transaction codes:** VA01; VF01 (SAP GUI; use the Fiori app for the same function where one exists)

**Business process:** Order to Cash

**Environment:** SAP S/4HANA Training System

### Steps
- [ ] Create a cash sale
- [ ] Observe immediate delivery and the invoice output
- [ ] Complete picking and goods issue
- [ ] Bill and check that no receivable remains open as configured

### Acceptance criteria
- Flow completes
- Differences from the standard order are listed

**Evidence required:** Process document + document numbers

**Document flow and impact:** Record the document flow, and for every delivery, goods issue and invoice write the stock change and the debit and credit lines.

**Troubleshooting:** Read the full message with its number. Record each error and its cause in the issue notes. If stuck for more than 30 minutes, set the status to Blocked and describe the blocker.

**Assessment:** Instructor checks the process end to end from the document flow. Type: Transactions.

### Completion criteria
- Every step is done and every acceptance criterion is demonstrated
- Required evidence is attached to the issue
- Document flow and the logistics or accounting impact are written down where documents were created
- Actual time is logged against the issue
- Instructor Review is Approved and the status is Completed

**Estimated time:** 2 h

**Next task:** PROC-006","Special Processes","V17.0 Special Sales Processes","MOD-27","ASM-016","2","L3 - Intermediate","Business Process","SAP S/4HANA Training System","Process document + document numbers","VA01; VF01","","Special Processes","S/4HANA (ECC differences noted)","Same concept as ECC","Order to Cash","None","Level 3 - Advanced SD & Integration","SD","Transactions","0","Pending"
"PROC-006","PROC-006","Sales Process","Normal","[PROC-006] Rush order","**Objective:** Rush order

**Prerequisites:** PROC-005

**Concepts:** Cash sales; Rush orders; Free-of-charge delivery

**Transaction codes:** VA01; VL02N; VF01 (SAP GUI; use the Fiori app for the same function where one exists)

**Business process:** Order to Cash

**Environment:** SAP S/4HANA Training System

### Steps
- [ ] Create a rush order
- [ ] Observe immediate delivery
- [ ] Complete goods issue and billing

### Acceptance criteria
- Flow completes
- Controls that cause immediate delivery are identified

**Evidence required:** Process document + document numbers

**Document flow and impact:** Record the document flow, and for every delivery, goods issue and invoice write the stock change and the debit and credit lines.

**Troubleshooting:** Read the full message with its number. Record each error and its cause in the issue notes. If stuck for more than 30 minutes, set the status to Blocked and describe the blocker.

**Assessment:** Instructor checks the process end to end from the document flow. Type: Transactions.

### Completion criteria
- Every step is done and every acceptance criterion is demonstrated
- Required evidence is attached to the issue
- Document flow and the logistics or accounting impact are written down where documents were created
- Actual time is logged against the issue
- Instructor Review is Approved and the status is Completed

**Estimated time:** 2 h

**Next task:** PROC-007","Special Processes","V17.0 Special Sales Processes","MOD-27","PROC-005","2","L3 - Intermediate","Business Process","SAP S/4HANA Training System","Process document + document numbers","VA01; VL02N; VF01","","Special Processes","S/4HANA (ECC differences noted)","Same concept as ECC","Order to Cash","None","Level 3 - Advanced SD & Integration","SD","Transactions","0","Pending"
"PROC-007","PROC-007","Sales Process","Normal","[PROC-007] Free-of-charge delivery and subsequent delivery","**Objective:** Free-of-charge delivery and subsequent delivery

**Prerequisites:** PROC-006

**Concepts:** Cash sales; Rush orders; Free-of-charge delivery

**Transaction codes:** VA01 (SAP GUI; use the Fiori app for the same function where one exists)

**Business process:** Order to Cash

**Environment:** SAP S/4HANA Training System

### Steps
- [ ] Create a free-of-charge delivery with a reason
- [ ] Create a subsequent free delivery with reference
- [ ] Deliver
- [ ] Confirm nothing is billed

### Acceptance criteria
- Goods move without invoice
- Item category controls are explained

**Evidence required:** Process document + document numbers

**Document flow and impact:** Record the document flow, and for every delivery, goods issue and invoice write the stock change and the debit and credit lines.

**Troubleshooting:** Read the full message with its number. Record each error and its cause in the issue notes. If stuck for more than 30 minutes, set the status to Blocked and describe the blocker.

**Assessment:** Instructor checks the process end to end from the document flow. Type: Transactions.

### Completion criteria
- Every step is done and every acceptance criterion is demonstrated
- Required evidence is attached to the issue
- Document flow and the logistics or accounting impact are written down where documents were created
- Actual time is logged against the issue
- Instructor Review is Approved and the status is Completed

**Estimated time:** 2 h

**Next task:** Last task of this module","Special Processes","V17.0 Special Sales Processes","MOD-27","PROC-006","2","L3 - Intermediate","Business Process","SAP S/4HANA Training System","Process document + document numbers","VA01","","Special Processes","S/4HANA (ECC differences noted)","Same concept as ECC","Order to Cash","None","Level 3 - Advanced SD & Integration","SD","Transactions","0","Pending"
"MOD-28","MOD-28","Module","Normal","[MOD-28] Returns, Complaints, Credit and Debit Memo Processes","**Topics:** Customer return; Return delivery; Goods receipt; Inspection; Credit memo; Customer complaint; Debit memo; Quality integration concepts

**Transaction codes:** VA01; VL01N; VL02N; VF01; MMBE

**Fiori apps:** Manage Customer Returns; Manage Credit Memo Requests; Manage Debit Memo Requests

**Environment:** SAP S/4HANA Training System

**Tasks:** 3, 8 estimated hours.

- THY-035 Returns and complaint processing
- LAB-025 Returns
- PROC-008 Complaint with credit memo request and debit memo request","Special Processes","V17.0 Special Sales Processes","PHASE-17","","","","","SAP S/4HANA Training System","","VA01; VL01N; VL02N; VF01; MMBE","Manage Customer Returns; Manage Credit Memo Requests; Manage Debit Memo Requests","Special Processes","S/4HANA (ECC differences noted)","Same concept as ECC","Returns","MM","Level 3 - Advanced SD & Integration","SD","","",""
"THY-035","THY-035","Theory","Normal","[THY-035] Returns and complaint processing","**Objective:** Returns and complaint processing

**Prerequisites:** PROC-007

**Concepts:** Customer return; Return delivery; Goods receipt; Inspection; Credit memo; Customer complaint; Debit memo; Quality integration concepts

**Fiori apps:** Manage Customer Returns; Manage Credit Memo Requests; Manage Debit Memo Requests

**Business process:** Returns

**Environment:** SAP S/4HANA Training System

### Steps
- [ ] Study the returns order, returns delivery, goods receipt into returns or blocked stock, inspection and credit memo
- [ ] Study advanced returns management at concept level
- [ ] Study invoice correction and quality notification concepts

### Acceptance criteria
- Draws the returns flow with stock types

**Evidence required:** Notes

**Document flow and impact:** Record the document flow, and for every delivery, goods issue and invoice write the stock change and the debit and credit lines.

**Assessment:** Instructor checks the notes and asks short oral questions. Type: Short answer.

### Completion criteria
- Every step is done and every acceptance criterion is demonstrated
- Required evidence is attached to the issue
- Document flow and the logistics or accounting impact are written down where documents were created
- Actual time is logged against the issue
- Instructor Review is Approved and the status is Completed

**Estimated time:** 2 h

**Next task:** LAB-025","Special Processes","V17.0 Special Sales Processes","MOD-28","PROC-007","2","L3 - Intermediate","Theory","SAP S/4HANA Training System","Notes","","Manage Customer Returns; Manage Credit Memo Requests; Manage Debit Memo Requests","Special Processes","S/4HANA (ECC differences noted)","Same concept as ECC","Returns","MM","Level 3 - Advanced SD & Integration","SD","Short answer","0","Pending"
"LAB-025","LAB-025","Lab","Normal","[LAB-025] Returns","**Objective:** Returns

**Prerequisites:** THY-035

**Concepts:** Customer return; Return delivery; Goods receipt; Inspection; Credit memo; Customer complaint; Debit memo; Quality integration concepts

**Transaction codes:** VA01; VL01N; VL02N; VF01; MMBE (SAP GUI; use the Fiori app for the same function where one exists)

**Fiori apps:** Manage Customer Returns; Manage Credit Memo Requests; Manage Debit Memo Requests

**Business process:** Returns

**Environment:** SAP S/4HANA Training System

### Steps
- [ ] Create a returns order with reference to an invoice and a reason
- [ ] Create the returns delivery and post goods receipt
- [ ] Check stock type
- [ ] Transfer to unrestricted or scrap after inspection
- [ ] Release the block and create the credit memo
- [ ] Check accounting

### Acceptance criteria
- Stock and credit memo are correct
- Flow is documented

**Evidence required:** Document numbers + screenshots

**Document flow and impact:** Record the document flow, and for every delivery, goods issue and invoice write the stock change and the debit and credit lines.

**Troubleshooting:** Read the full message with its number. Record each error and its cause in the issue notes. If stuck for more than 30 minutes, set the status to Blocked and describe the blocker.

**Assessment:** Instructor verifies the acceptance criteria from the evidence and may ask for a live demonstration. Type: Transactions.

### Completion criteria
- Every step is done and every acceptance criterion is demonstrated
- Required evidence is attached to the issue
- Document flow and the logistics or accounting impact are written down where documents were created
- Actual time is logged against the issue
- Instructor Review is Approved and the status is Completed

**Estimated time:** 4 h

**Next task:** PROC-008","Special Processes","V17.0 Special Sales Processes","MOD-28","THY-035","4","L3 - Intermediate","Guided Lab","SAP S/4HANA Training System","Document numbers + screenshots","VA01; VL01N; VL02N; VF01; MMBE","Manage Customer Returns; Manage Credit Memo Requests; Manage Debit Memo Requests","Special Processes","S/4HANA (ECC differences noted)","Same concept as ECC","Returns","MM","Level 3 - Advanced SD & Integration","SD","Transactions","0","Pending"
"PROC-008","PROC-008","Sales Process","Normal","[PROC-008] Complaint with credit memo request and debit memo request","**Objective:** Complaint with credit memo request and debit memo request

**Prerequisites:** LAB-025

**Concepts:** Customer return; Return delivery; Goods receipt; Inspection; Credit memo; Customer complaint; Debit memo; Quality integration concepts

**Transaction codes:** VA01; VF01 (SAP GUI; use the Fiori app for the same function where one exists)

**Fiori apps:** Manage Customer Returns; Manage Credit Memo Requests; Manage Debit Memo Requests

**Business process:** Returns

**Environment:** SAP S/4HANA Training System

### Steps
- [ ] Handle a price complaint with a credit memo request without return
- [ ] Handle an under-charge with a debit memo request

### Acceptance criteria
- Both memos post with reference to the original invoice

**Evidence required:** Process document + document numbers

**Document flow and impact:** Record the document flow, and for every delivery, goods issue and invoice write the stock change and the debit and credit lines.

**Troubleshooting:** Read the full message with its number. Record each error and its cause in the issue notes. If stuck for more than 30 minutes, set the status to Blocked and describe the blocker.

**Assessment:** Instructor checks the process end to end from the document flow. Type: Transactions.

### Completion criteria
- Every step is done and every acceptance criterion is demonstrated
- Required evidence is attached to the issue
- Document flow and the logistics or accounting impact are written down where documents were created
- Actual time is logged against the issue
- Instructor Review is Approved and the status is Completed

**Estimated time:** 2 h

**Next task:** Last task of this module","Special Processes","V17.0 Special Sales Processes","MOD-28","LAB-025","2","L3 - Intermediate","Business Process","SAP S/4HANA Training System","Process document + document numbers","VA01; VF01","Manage Customer Returns; Manage Credit Memo Requests; Manage Debit Memo Requests","Special Processes","S/4HANA (ECC differences noted)","Same concept as ECC","Returns","MM","Level 3 - Advanced SD & Integration","SD","Transactions","0","Pending"
"MOD-29","MOD-29","Module","Normal","[MOD-29] Third-Party Sales and Individual Purchase Orders","**Topics:** Customer order; Purchase requisition; Purchase order; Vendor; Vendor delivery; Customer billing; Third-party sales; Individual purchase orders; SD-MM integration

**Transaction codes:** VA01; ME52N; ME57; ME21N; MIGO; MIRO; VF01

**Fiori apps:** None listed

**Environment:** SAP S/4HANA Training System

**Tasks:** 3, 10 estimated hours.

- THY-036 Third-party and individual purchase order processing
- PROC-009 Third-party order end to end
- PROC-010 Individual purchase order end to end","Special Processes","V17.0 Special Sales Processes","PHASE-17","","","","","SAP S/4HANA Training System","","VA01; ME52N; ME57; ME21N; MIGO; MIRO; VF01","","Special Processes","S/4HANA (ECC differences noted)","Same concept as ECC","Third-Party","MM","Level 3 - Advanced SD & Integration","SD","","",""
"THY-036","THY-036","Theory","Normal","[THY-036] Third-party and individual purchase order processing","**Objective:** Third-party and individual purchase order processing

**Prerequisites:** PROC-008

**Concepts:** Customer order; Purchase requisition; Purchase order; Vendor; Vendor delivery; Customer billing; Third-party sales; Individual purchase orders; SD-MM integration

**Business process:** Third-Party

**Environment:** SAP S/4HANA Training System

### Steps
- [ ] Study the third-party flow: order, requisition, purchase order, vendor ships to customer, vendor invoice, customer billing
- [ ] Study item category and schedule line category controls that create the requisition
- [ ] Study billing relevance by invoice receipt quantity
- [ ] Compare with individual purchase order where goods arrive first

### Acceptance criteria
- Draws both flows and names the controlling categories

**Evidence required:** Notes

**Document flow and impact:** Record the document flow, and for every delivery, goods issue and invoice write the stock change and the debit and credit lines.

**Assessment:** Instructor checks the notes and asks short oral questions. Type: Short answer.

### Completion criteria
- Every step is done and every acceptance criterion is demonstrated
- Required evidence is attached to the issue
- Document flow and the logistics or accounting impact are written down where documents were created
- Actual time is logged against the issue
- Instructor Review is Approved and the status is Completed

**Estimated time:** 3 h

**Next task:** PROC-009","Special Processes","V17.0 Special Sales Processes","MOD-29","PROC-008","3","L4 - Advanced","Theory","SAP S/4HANA Training System","Notes","","","Special Processes","S/4HANA (ECC differences noted)","Same concept as ECC","Third-Party","MM","Level 3 - Advanced SD & Integration","SD","Short answer","0","Pending"
"PROC-009","PROC-009","Sales Process","Normal","[PROC-009] Third-party order end to end","**Objective:** Third-party order end to end

**Prerequisites:** THY-036

**Concepts:** Customer order; Purchase requisition; Purchase order; Vendor; Vendor delivery; Customer billing; Third-party sales; Individual purchase orders; SD-MM integration

**Transaction codes:** VA01; ME57; ME21N; MIRO; VF01 (SAP GUI; use the Fiori app for the same function where one exists)

**Business process:** Third-Party

**Environment:** SAP S/4HANA Training System

### Steps
- [ ] Create an order with a third-party item
- [ ] Find the requisition from the schedule line
- [ ] Convert to a purchase order
- [ ] Post the vendor invoice
- [ ] Bill the customer
- [ ] Read the document flow

### Acceptance criteria
- Customer is billed after the vendor invoice
- No delivery or stock movement occurs

**Evidence required:** Process document + document numbers

**Document flow and impact:** Record the document flow, and for every delivery, goods issue and invoice write the stock change and the debit and credit lines.

**Troubleshooting:** Read the full message with its number. Record each error and its cause in the issue notes. If stuck for more than 30 minutes, set the status to Blocked and describe the blocker.

**Assessment:** Instructor checks the process end to end from the document flow. Type: Transactions.

### Completion criteria
- Every step is done and every acceptance criterion is demonstrated
- Required evidence is attached to the issue
- Document flow and the logistics or accounting impact are written down where documents were created
- Actual time is logged against the issue
- Instructor Review is Approved and the status is Completed

**Estimated time:** 4 h

**Next task:** PROC-010","Special Processes","V17.0 Special Sales Processes","MOD-29","THY-036","4","L4 - Advanced","Business Process","SAP S/4HANA Training System","Process document + document numbers","VA01; ME57; ME21N; MIRO; VF01","","Special Processes","S/4HANA (ECC differences noted)","Same concept as ECC","Third-Party","MM","Level 3 - Advanced SD & Integration","SD","Transactions","0","Pending"
"PROC-010","PROC-010","Sales Process","Normal","[PROC-010] Individual purchase order end to end","**Objective:** Individual purchase order end to end

**Prerequisites:** PROC-009

**Concepts:** Customer order; Purchase requisition; Purchase order; Vendor; Vendor delivery; Customer billing; Third-party sales; Individual purchase orders; SD-MM integration

**Transaction codes:** VA01; ME21N; MIGO; VL01N; VF01 (SAP GUI; use the Fiori app for the same function where one exists)

**Business process:** Third-Party

**Environment:** SAP S/4HANA Training System

### Steps
- [ ] Create an order with an individual purchase order item
- [ ] Procure
- [ ] Receive into sales order stock
- [ ] Deliver and bill

### Acceptance criteria
- Goods pass through sales order stock
- Flow is complete

**Evidence required:** Process document + document numbers

**Document flow and impact:** Record the document flow, and for every delivery, goods issue and invoice write the stock change and the debit and credit lines.

**Troubleshooting:** Read the full message with its number. Record each error and its cause in the issue notes. If stuck for more than 30 minutes, set the status to Blocked and describe the blocker.

**Assessment:** Instructor checks the process end to end from the document flow. Type: Transactions.

### Completion criteria
- Every step is done and every acceptance criterion is demonstrated
- Required evidence is attached to the issue
- Document flow and the logistics or accounting impact are written down where documents were created
- Actual time is logged against the issue
- Instructor Review is Approved and the status is Completed

**Estimated time:** 3 h

**Next task:** Last task of this module","Special Processes","V17.0 Special Sales Processes","MOD-29","PROC-009","3","L4 - Advanced","Business Process","SAP S/4HANA Training System","Process document + document numbers","VA01; ME21N; MIGO; VL01N; VF01","","Special Processes","S/4HANA (ECC differences noted)","Same concept as ECC","Third-Party","MM","Level 3 - Advanced SD & Integration","SD","Transactions","0","Pending"
"MOD-30","MOD-30","Module","Normal","[MOD-30] Make-to-Order and Consignment","**Topics:** Make-to-order: sales order, requirement, procurement or production, stock, delivery, billing; Consignment fill-up; Consignment issue; Consignment pickup; Consignment return

**Transaction codes:** VA01; MD04; MB1C; VL01N; VF01; MMBE

**Fiori apps:** None listed

**Environment:** SAP S/4HANA Training System

**Tasks:** 9, 18 estimated hours.

- THY-037 Make-to-order
- PROC-011 Make-to-order end to end
- THY-038 Consignment
- PROC-012 Consignment end to end
- TSH-033 Scenario 33: third-party order creates no purchase requisition
- TSH-034 Scenario 34: third-party order cannot be billed
- TSH-035 Scenario 35: returns credit memo blocked or wrong value
- TSH-036 Scenario 36: consignment issue fails for lack of stock
- ASM-017 Phase 17 assessment: special processes","Special Processes","V17.0 Special Sales Processes","PHASE-17","","","","","SAP S/4HANA Training System","","VA01; MD04; MB1C; VL01N; VF01; MMBE","","Special Processes","S/4HANA (ECC differences noted)","Same concept as ECC","Make-to-Order","MM","Level 3 - Advanced SD & Integration","SD","","",""
"THY-037","THY-037","Theory","Normal","[THY-037] Make-to-order","**Objective:** Make-to-order

**Prerequisites:** PROC-010

**Concepts:** Make-to-order: sales order, requirement, procurement or production, stock, delivery, billing; Consignment fill-up; Consignment issue; Consignment pickup; Consignment return

**Business process:** Make-to-Order

**Environment:** SAP S/4HANA Training System

### Steps
- [ ] Study the item category and requirements type that create sales order stock
- [ ] Study how production or procurement is triggered and settled

### Acceptance criteria
- Explains sales order stock and its valuation options

**Evidence required:** Notes

**Document flow and impact:** Record the document flow, and for every delivery, goods issue and invoice write the stock change and the debit and credit lines.

**Assessment:** Instructor checks the notes and asks short oral questions. Type: Short answer.

### Completion criteria
- Every step is done and every acceptance criterion is demonstrated
- Required evidence is attached to the issue
- Document flow and the logistics or accounting impact are written down where documents were created
- Actual time is logged against the issue
- Instructor Review is Approved and the status is Completed

**Estimated time:** 2 h

**Next task:** PROC-011","Special Processes","V17.0 Special Sales Processes","MOD-30","PROC-010","2","L4 - Advanced","Theory","SAP S/4HANA Training System","Notes","","","Special Processes","S/4HANA (ECC differences noted)","Same concept as ECC","Make-to-Order","MM","Level 3 - Advanced SD & Integration","SD","Short answer","0","Pending"
"PROC-011","PROC-011","Sales Process","Normal","[PROC-011] Make-to-order end to end","**Objective:** Make-to-order end to end

**Prerequisites:** THY-037

**Concepts:** Make-to-order: sales order, requirement, procurement or production, stock, delivery, billing; Consignment fill-up; Consignment issue; Consignment pickup; Consignment return

**Transaction codes:** VA01; MD04; MIGO; VL01N; VF01 (SAP GUI; use the Fiori app for the same function where one exists)

**Business process:** Make-to-Order

**Environment:** SAP S/4HANA Training System

### Steps
- [ ] Create a make-to-order item
- [ ] See the requirement in planning
- [ ] Receive the finished goods into sales order stock by the instructor step
- [ ] Deliver and bill

### Acceptance criteria
- Delivery takes stock from the sales order
- Flow is complete

**Evidence required:** Process document + document numbers

**Document flow and impact:** Record the document flow, and for every delivery, goods issue and invoice write the stock change and the debit and credit lines.

**Troubleshooting:** Read the full message with its number. Record each error and its cause in the issue notes. If stuck for more than 30 minutes, set the status to Blocked and describe the blocker.

**Assessment:** Instructor checks the process end to end from the document flow. Type: Transactions.

### Completion criteria
- Every step is done and every acceptance criterion is demonstrated
- Required evidence is attached to the issue
- Document flow and the logistics or accounting impact are written down where documents were created
- Actual time is logged against the issue
- Instructor Review is Approved and the status is Completed

**Estimated time:** 3 h

**Next task:** THY-038","Special Processes","V17.0 Special Sales Processes","MOD-30","THY-037","3","L4 - Advanced","Business Process","SAP S/4HANA Training System","Process document + document numbers","VA01; MD04; MIGO; VL01N; VF01","","Special Processes","S/4HANA (ECC differences noted)","Same concept as ECC","Make-to-Order","MM","Level 3 - Advanced SD & Integration","SD","Transactions","0","Pending"
"THY-038","THY-038","Theory","Normal","[THY-038] Consignment","**Objective:** Consignment

**Prerequisites:** PROC-011

**Concepts:** Make-to-order: sales order, requirement, procurement or production, stock, delivery, billing; Consignment fill-up; Consignment issue; Consignment pickup; Consignment return

**Business process:** Make-to-Order

**Environment:** SAP S/4HANA Training System

### Steps
- [ ] Study fill-up, issue, pickup and return with their order types, movements and billing relevance
- [ ] Study customer consignment stock

### Acceptance criteria
- States for each of the four steps whether stock ownership and billing change

**Evidence required:** Notes

**Document flow and impact:** Record the document flow, and for every delivery, goods issue and invoice write the stock change and the debit and credit lines.

**Assessment:** Instructor checks the notes and asks short oral questions. Type: Short answer.

### Completion criteria
- Every step is done and every acceptance criterion is demonstrated
- Required evidence is attached to the issue
- Document flow and the logistics or accounting impact are written down where documents were created
- Actual time is logged against the issue
- Instructor Review is Approved and the status is Completed

**Estimated time:** 2 h

**Next task:** PROC-012","Special Processes","V17.0 Special Sales Processes","MOD-30","PROC-011","2","L4 - Advanced","Theory","SAP S/4HANA Training System","Notes","","","Special Processes","S/4HANA (ECC differences noted)","Same concept as ECC","Make-to-Order","MM","Level 3 - Advanced SD & Integration","SD","Short answer","0","Pending"
"PROC-012","PROC-012","Sales Process","Normal","[PROC-012] Consignment end to end","**Objective:** Consignment end to end

**Prerequisites:** THY-038

**Concepts:** Make-to-order: sales order, requirement, procurement or production, stock, delivery, billing; Consignment fill-up; Consignment issue; Consignment pickup; Consignment return

**Transaction codes:** VA01; VL01N; VF01; MMBE (SAP GUI; use the Fiori app for the same function where one exists)

**Business process:** Make-to-Order

**Environment:** SAP S/4HANA Training System

### Steps
- [ ] Run fill-up and check consignment stock at the customer
- [ ] Run issue and bill it
- [ ] Run a consignment return with credit memo
- [ ] Run pickup of the remainder

### Acceptance criteria
- Stock and billing are correct after each step

**Evidence required:** Process document + document numbers

**Document flow and impact:** Record the document flow, and for every delivery, goods issue and invoice write the stock change and the debit and credit lines.

**Troubleshooting:** Read the full message with its number. Record each error and its cause in the issue notes. If stuck for more than 30 minutes, set the status to Blocked and describe the blocker.

**Assessment:** Instructor checks the process end to end from the document flow. Type: Transactions.

### Completion criteria
- Every step is done and every acceptance criterion is demonstrated
- Required evidence is attached to the issue
- Document flow and the logistics or accounting impact are written down where documents were created
- Actual time is logged against the issue
- Instructor Review is Approved and the status is Completed

**Estimated time:** 4 h

**Next task:** TSH-033","Special Processes","V17.0 Special Sales Processes","MOD-30","THY-038","4","L4 - Advanced","Business Process","SAP S/4HANA Training System","Process document + document numbers","VA01; VL01N; VF01; MMBE","","Special Processes","S/4HANA (ECC differences noted)","Same concept as ECC","Make-to-Order","MM","Level 3 - Advanced SD & Integration","SD","Transactions","0","Pending"
"TSH-033","TSH-033","Troubleshooting","Normal","[TSH-033] Scenario 33: third-party order creates no purchase requisition","**Objective:** Scenario 33: third-party order creates no purchase requisition

**Prerequisites:** PROC-012

**Concepts:** Make-to-order: sales order, requirement, procurement or production, stock, delivery, billing; Consignment fill-up; Consignment issue; Consignment pickup; Consignment return

**Transaction codes:** VA01; MD04; MB1C; VL01N; VF01; MMBE (SAP GUI; use the Fiori app for the same function where one exists)

**Business process:** Make-to-Order

**Environment:** SAP S/4HANA Training System

### Steps
- [ ] Reproduce the error in the training client (instructor-prepared)
- [ ] Record the exact message number and text, and the business impact
- [ ] Check item category determination and schedule line category settings for requisition
- [ ] Apply the fix
- [ ] Re-run the original transaction to validate
- [ ] Write the eight-section report: problem, business impact, evidence, root cause, configuration, fix, validation, prevention

### Acceptance criteria
- The original transaction now works
- Root cause is shown in configuration or master data
- Report has all eight sections

**Evidence required:** Root cause report

**Document flow and impact:** Record the document flow, and for every delivery, goods issue and invoice write the stock change and the debit and credit lines.

**Assessment:** Instructor grades the eight-section report. Type: Configuration decisions.

### Completion criteria
- Every step is done and every acceptance criterion is demonstrated
- Required evidence is attached to the issue
- Document flow and the logistics or accounting impact are written down where documents were created
- Actual time is logged against the issue
- Instructor Review is Approved and the status is Completed

**Estimated time:** 1 h

**Next task:** TSH-034","Special Processes","V17.0 Special Sales Processes","MOD-30","PROC-012","1","L4 - Advanced","Troubleshooting","SAP S/4HANA Training System","Root cause report","VA01; MD04; MB1C; VL01N; VF01; MMBE","","Special Processes","S/4HANA (ECC differences noted)","Same concept as ECC","Make-to-Order","MM","Level 3 - Advanced SD & Integration","SD","Configuration decisions","0","Pending"
"TSH-034","TSH-034","Troubleshooting","Normal","[TSH-034] Scenario 34: third-party order cannot be billed","**Objective:** Scenario 34: third-party order cannot be billed

**Prerequisites:** TSH-033

**Concepts:** Make-to-order: sales order, requirement, procurement or production, stock, delivery, billing; Consignment fill-up; Consignment issue; Consignment pickup; Consignment return

**Transaction codes:** VA01; MD04; MB1C; VL01N; VF01; MMBE (SAP GUI; use the Fiori app for the same function where one exists)

**Business process:** Make-to-Order

**Environment:** SAP S/4HANA Training System

### Steps
- [ ] Reproduce the error in the training client (instructor-prepared)
- [ ] Record the exact message number and text, and the business impact
- [ ] Check billing relevance and whether the vendor invoice is posted
- [ ] Apply the fix
- [ ] Re-run the original transaction to validate
- [ ] Write the eight-section report: problem, business impact, evidence, root cause, configuration, fix, validation, prevention

### Acceptance criteria
- The original transaction now works
- Root cause is shown in configuration or master data
- Report has all eight sections

**Evidence required:** Root cause report

**Document flow and impact:** Record the document flow, and for every delivery, goods issue and invoice write the stock change and the debit and credit lines.

**Assessment:** Instructor grades the eight-section report. Type: Configuration decisions.

### Completion criteria
- Every step is done and every acceptance criterion is demonstrated
- Required evidence is attached to the issue
- Document flow and the logistics or accounting impact are written down where documents were created
- Actual time is logged against the issue
- Instructor Review is Approved and the status is Completed

**Estimated time:** 1 h

**Next task:** TSH-035","Special Processes","V17.0 Special Sales Processes","MOD-30","TSH-033","1","L4 - Advanced","Troubleshooting","SAP S/4HANA Training System","Root cause report","VA01; MD04; MB1C; VL01N; VF01; MMBE","","Special Processes","S/4HANA (ECC differences noted)","Same concept as ECC","Make-to-Order","MM","Level 3 - Advanced SD & Integration","SD","Configuration decisions","0","Pending"
"TSH-035","TSH-035","Troubleshooting","Normal","[TSH-035] Scenario 35: returns credit memo blocked or wrong value","**Objective:** Scenario 35: returns credit memo blocked or wrong value

**Prerequisites:** TSH-034

**Concepts:** Make-to-order: sales order, requirement, procurement or production, stock, delivery, billing; Consignment fill-up; Consignment issue; Consignment pickup; Consignment return

**Transaction codes:** VA01; MD04; MB1C; VL01N; VF01; MMBE (SAP GUI; use the Fiori app for the same function where one exists)

**Business process:** Make-to-Order

**Environment:** SAP S/4HANA Training System

### Steps
- [ ] Reproduce the error in the training client (instructor-prepared)
- [ ] Record the exact message number and text, and the business impact
- [ ] Check the billing block on the returns type and the pricing reference to the invoice
- [ ] Apply the fix
- [ ] Re-run the original transaction to validate
- [ ] Write the eight-section report: problem, business impact, evidence, root cause, configuration, fix, validation, prevention

### Acceptance criteria
- The original transaction now works
- Root cause is shown in configuration or master data
- Report has all eight sections

**Evidence required:** Root cause report

**Document flow and impact:** Record the document flow, and for every delivery, goods issue and invoice write the stock change and the debit and credit lines.

**Assessment:** Instructor grades the eight-section report. Type: Configuration decisions.

### Completion criteria
- Every step is done and every acceptance criterion is demonstrated
- Required evidence is attached to the issue
- Document flow and the logistics or accounting impact are written down where documents were created
- Actual time is logged against the issue
- Instructor Review is Approved and the status is Completed

**Estimated time:** 1 h

**Next task:** TSH-036","Special Processes","V17.0 Special Sales Processes","MOD-30","TSH-034","1","L4 - Advanced","Troubleshooting","SAP S/4HANA Training System","Root cause report","VA01; MD04; MB1C; VL01N; VF01; MMBE","","Special Processes","S/4HANA (ECC differences noted)","Same concept as ECC","Make-to-Order","MM","Level 3 - Advanced SD & Integration","SD","Configuration decisions","0","Pending"
"TSH-036","TSH-036","Troubleshooting","Normal","[TSH-036] Scenario 36: consignment issue fails for lack of stock","**Objective:** Scenario 36: consignment issue fails for lack of stock

**Prerequisites:** TSH-035

**Concepts:** Make-to-order: sales order, requirement, procurement or production, stock, delivery, billing; Consignment fill-up; Consignment issue; Consignment pickup; Consignment return

**Transaction codes:** VA01; MD04; MB1C; VL01N; VF01; MMBE (SAP GUI; use the Fiori app for the same function where one exists)

**Business process:** Make-to-Order

**Environment:** SAP S/4HANA Training System

### Steps
- [ ] Reproduce the error in the training client (instructor-prepared)
- [ ] Record the exact message number and text, and the business impact
- [ ] Check consignment stock at the customer and the special stock indicator
- [ ] Apply the fix
- [ ] Re-run the original transaction to validate
- [ ] Write the eight-section report: problem, business impact, evidence, root cause, configuration, fix, validation, prevention

### Acceptance criteria
- The original transaction now works
- Root cause is shown in configuration or master data
- Report has all eight sections

**Evidence required:** Root cause report

**Document flow and impact:** Record the document flow, and for every delivery, goods issue and invoice write the stock change and the debit and credit lines.

**Assessment:** Instructor grades the eight-section report. Type: Configuration decisions.

### Completion criteria
- Every step is done and every acceptance criterion is demonstrated
- Required evidence is attached to the issue
- Document flow and the logistics or accounting impact are written down where documents were created
- Actual time is logged against the issue
- Instructor Review is Approved and the status is Completed

**Estimated time:** 1 h

**Next task:** ASM-017","Special Processes","V17.0 Special Sales Processes","MOD-30","TSH-035","1","L4 - Advanced","Troubleshooting","SAP S/4HANA Training System","Root cause report","VA01; MD04; MB1C; VL01N; VF01; MMBE","","Special Processes","S/4HANA (ECC differences noted)","Same concept as ECC","Make-to-Order","MM","Level 3 - Advanced SD & Integration","SD","Configuration decisions","0","Pending"
"ASM-017","ASM-017","Assessment","High","[ASM-017] Phase 17 assessment: special processes","**Objective:** Phase 17 assessment: special processes

**Prerequisites:** TSH-036

**Concepts:** Make-to-order: sales order, requirement, procurement or production, stock, delivery, billing; Consignment fill-up; Consignment issue; Consignment pickup; Consignment return

**Business process:** Make-to-Order

**Environment:** SAP S/4HANA Training System

### Steps
- [ ] Execute two special processes chosen by the instructor and explain the controlling configuration

### Acceptance criteria
- Score of 70 or higher

**Evidence required:** Scored result

**Document flow and impact:** Record the document flow, and for every delivery, goods issue and invoice write the stock change and the debit and credit lines.

**Troubleshooting:** Read the full message with its number. Record each error and its cause in the issue notes. If stuck for more than 30 minutes, set the status to Blocked and describe the blocker.

**Assessment:** Scored 0-100. Pass mark 70. Type: O2C scenarios.

### Completion criteria
- Every step is done and every acceptance criterion is demonstrated
- Required evidence is attached to the issue
- Document flow and the logistics or accounting impact are written down where documents were created
- Actual time is logged against the issue
- Instructor Review is Approved and the status is Completed

**Estimated time:** 3 h

**Next task:** Last task of this module","Special Processes","V17.0 Special Sales Processes","MOD-30","TSH-036","3","L4 - Advanced","Assessment","SAP S/4HANA Training System","Scored result","","","Special Processes","S/4HANA (ECC differences noted)","Same concept as ECC","Make-to-Order","MM","Level 3 - Advanced SD & Integration","SD","O2C scenarios","0","Pending"
"REVIEW-17","REVIEW-17","Review","High","[REVIEW-17] Phase 17 gate review","**Objective:** Confirm that phase 17 (Special Sales Processes) is complete.

### Checklist
- [ ] Every issue of the phase is Completed
- [ ] Evidence is attached to every issue
- [ ] Time is logged
- [ ] Assessment score is 70 or higher
- [ ] Configuration document is up to date

**Assessment:** Instructor confirms the checklist and records the gate decision.

**Estimated time:** 1 h","","V17.0 Special Sales Processes","PHASE-17","PROC-007, PROC-008, PROC-010, ASM-017","1","","Review","","Instructor sign-off","","","","","","","","","","Review","0","Pending"
"PHASE-18","PHASE-18","Phase","Normal","[PHASE-18] FI Integration","Phase 18 of 30. Version: V18.0 FI Integration.

Modules: 2. Estimated hours: 23.

- MOD-31 SD-FI Integration
- MOD-32 Taxation in Sales

The phase closes with the gate review REVIEW-18.","","V18.0 FI Integration","EPIC","","","","","","","","","","","","","","","","","",""
"MOD-31","MOD-31","Module","Normal","[MOD-31] SD-FI Integration","**Topics:** Sales order; Delivery; PGI; Billing; FI accounting document; Customer receivable; Revenue; Tax; Customer account; Revenue account; Tax account; COGS; Inventory; Profit center

**Transaction codes:** VKOA; OBYC; FB03; FBL5N; F-28; VF03; VFX3

**Fiori apps:** None listed

**Environment:** SAP S/4HANA Training System

**Tasks:** 3, 10 estimated hours.

- THY-039 Accounting documents created by sales
- LAB-028 FI Integration
- INT-001 Trace every amount from pricing to the ledger","FI Integration","V18.0 FI Integration","PHASE-18","","","","","SAP S/4HANA Training System","","VKOA; OBYC; FB03; FBL5N; F-28; VF03; VFX3","","FI Integration","S/4HANA (ECC differences noted)","Same concept as ECC","Order to Cash","FI","Level 3 - Advanced SD & Integration","Integration","","",""
"THY-039","THY-039","Theory","Normal","[THY-039] Accounting documents created by sales","**Objective:** Accounting documents created by sales

**Prerequisites:** ASM-014, ASM-015

**Concepts:** Sales order; Delivery; PGI; Billing; FI accounting document; Customer receivable; Revenue; Tax; Customer account; Revenue account; Tax account; COGS; Inventory; Profit center

**Business process:** Order to Cash

**Environment:** SAP S/4HANA Training System

### Steps
- [ ] Study the goods issue entry: cost of goods sold to inventory
- [ ] Study the invoice entry: customer to revenue, discounts, freight and tax
- [ ] Study reconciliation account, payment terms and profit centre on the entries
- [ ] Study the payment entry

### Acceptance criteria
- Writes all three entries with accounts for a sample order

**Evidence required:** Notes

**Document flow and impact:** Record the document flow, and for every delivery, goods issue and invoice write the stock change and the debit and credit lines.

**Assessment:** Instructor checks the notes and asks short oral questions. Type: Short answer.

### Completion criteria
- Every step is done and every acceptance criterion is demonstrated
- Required evidence is attached to the issue
- Document flow and the logistics or accounting impact are written down where documents were created
- Actual time is logged against the issue
- Instructor Review is Approved and the status is Completed

**Estimated time:** 3 h

**Next task:** LAB-028","FI Integration","V18.0 FI Integration","MOD-31","ASM-014, ASM-015","3","L4 - Advanced","Theory","SAP S/4HANA Training System","Notes","","","FI Integration","S/4HANA (ECC differences noted)","Same concept as ECC","Order to Cash","FI","Level 3 - Advanced SD & Integration","Integration","Short answer","0","Pending"
"LAB-028","LAB-028","Lab","Normal","[LAB-028] FI Integration","**Objective:** FI Integration

**Prerequisites:** THY-039

**Concepts:** Sales order; Delivery; PGI; Billing; FI accounting document; Customer receivable; Revenue; Tax; Customer account; Revenue account; Tax account; COGS; Inventory; Profit center

**Transaction codes:** VF03; FB03; FBL5N; F-28 (SAP GUI; use the Fiori app for the same function where one exists)

**Business process:** Order to Cash

**Environment:** SAP S/4HANA Training System

### Steps
- [ ] Run an order to invoice
- [ ] Display the goods issue and invoice accounting documents
- [ ] Identify customer, revenue, discount, freight, tax, cost of goods sold and inventory lines and the profit centre
- [ ] Post the incoming payment and clear the item

### Acceptance criteria
- Each line is traced to its determination
- Customer item is cleared

**Evidence required:** Document numbers + screenshots

**Document flow and impact:** Record the document flow, and for every delivery, goods issue and invoice write the stock change and the debit and credit lines.

**Troubleshooting:** Read the full message with its number. Record each error and its cause in the issue notes. If stuck for more than 30 minutes, set the status to Blocked and describe the blocker.

**Assessment:** Instructor verifies the acceptance criteria from the evidence and may ask for a live demonstration. Type: Transactions.

### Completion criteria
- Every step is done and every acceptance criterion is demonstrated
- Required evidence is attached to the issue
- Document flow and the logistics or accounting impact are written down where documents were created
- Actual time is logged against the issue
- Instructor Review is Approved and the status is Completed

**Estimated time:** 4 h

**Next task:** INT-001","FI Integration","V18.0 FI Integration","MOD-31","THY-039","4","L4 - Advanced","Guided Lab","SAP S/4HANA Training System","Document numbers + screenshots","VF03; FB03; FBL5N; F-28","","FI Integration","S/4HANA (ECC differences noted)","Same concept as ECC","Order to Cash","FI","Level 3 - Advanced SD & Integration","Integration","Transactions","0","Pending"
"INT-001","INT-001","Integration","Normal","[INT-001] Trace every amount from pricing to the ledger","**Objective:** Trace every amount from pricing to the ledger

**Prerequisites:** LAB-028

**Concepts:** Sales order; Delivery; PGI; Billing; FI accounting document; Customer receivable; Revenue; Tax; Customer account; Revenue account; Tax account; COGS; Inventory; Profit center

**Transaction codes:** VF03; VKOA; FB03 (SAP GUI; use the Fiori app for the same function where one exists)

**Business process:** Order to Cash

**Environment:** SAP S/4HANA Training System

### Steps
- [ ] For one invoice map each pricing condition to its account key and G/L account
- [ ] Explain statistical and accrual conditions

### Acceptance criteria
- Mapping table is complete and reconciles to the document total

**Evidence required:** Process document + document numbers

**Document flow and impact:** Record the document flow, and for every delivery, goods issue and invoice write the stock change and the debit and credit lines.

**Troubleshooting:** Read the full message with its number. Record each error and its cause in the issue notes. If stuck for more than 30 minutes, set the status to Blocked and describe the blocker.

**Assessment:** Instructor checks the stock, accounting and controlling documents behind the sales documents. Type: Integration.

### Completion criteria
- Every step is done and every acceptance criterion is demonstrated
- Required evidence is attached to the issue
- Document flow and the logistics or accounting impact are written down where documents were created
- Actual time is logged against the issue
- Instructor Review is Approved and the status is Completed

**Estimated time:** 3 h

**Next task:** Last task of this module","FI Integration","V18.0 FI Integration","MOD-31","LAB-028","3","L4 - Advanced","Integration","SAP S/4HANA Training System","Process document + document numbers","VF03; VKOA; FB03","","FI Integration","S/4HANA (ECC differences noted)","Same concept as ECC","Order to Cash","FI","Level 3 - Advanced SD & Integration","Integration","Integration","0","Pending"
"MOD-32","MOD-32","Module","Normal","[MOD-32] Taxation in Sales","**Topics:** Tax determination; Customer tax classification; Material tax classification; Country; Region; Tax codes; Pricing conditions; FI tax integration; GST and VAT concepts

**Transaction codes:** OVK1; OVK3; OVK4; OVK6; VK11; FTXP

**Fiori apps:** None listed

**Environment:** SAP S/4HANA Training System

**Tasks:** 6, 12 estimated hours.

- THY-040 Tax determination in sales
- CFG-026 Configure tax determination
- TSH-037 Scenario 37: tax not determined in the order
- TSH-038 Scenario 38: invoice posts to the wrong revenue account
- TSH-039 Scenario 39: profit centre missing on the sales document
- ASM-018 Phase 18 assessment: FI integration","FI Integration","V18.0 FI Integration","PHASE-18","","","","","SAP S/4HANA Training System","","OVK1; OVK3; OVK4; OVK6; VK11; FTXP","","FI Integration","S/4HANA (ECC differences noted)","Same concept as ECC","Order to Cash","FI","Level 3 - Advanced SD & Integration","Integration","","",""
"THY-040","THY-040","Theory","Normal","[THY-040] Tax determination in sales","**Objective:** Tax determination in sales

**Prerequisites:** INT-001

**Concepts:** Tax determination; Customer tax classification; Material tax classification; Country; Region; Tax codes; Pricing conditions; FI tax integration; GST and VAT concepts

**Business process:** Order to Cash

**Environment:** SAP S/4HANA Training System

### Steps
- [ ] Study tax categories per country
- [ ] Study customer and material tax classifications
- [ ] Study tax condition records and the tax code
- [ ] Study departure country, destination country and region
- [ ] Study GST with CGST, SGST and IGST and VAT concepts

### Acceptance criteria
- Explains how the tax code reaches the invoice
- Chooses the tax for intra-state, inter-state and export sales

**Evidence required:** Notes

**Document flow and impact:** Record the document flow, and for every delivery, goods issue and invoice write the stock change and the debit and credit lines.

**Assessment:** Instructor checks the notes and asks short oral questions. Type: Short answer.

### Completion criteria
- Every step is done and every acceptance criterion is demonstrated
- Required evidence is attached to the issue
- Document flow and the logistics or accounting impact are written down where documents were created
- Actual time is logged against the issue
- Instructor Review is Approved and the status is Completed

**Estimated time:** 3 h

**Next task:** CFG-026","FI Integration","V18.0 FI Integration","MOD-32","INT-001","3","L4 - Advanced","Theory","SAP S/4HANA Training System","Notes","","","FI Integration","S/4HANA (ECC differences noted)","Same concept as ECC","Order to Cash","FI","Level 3 - Advanced SD & Integration","Integration","Short answer","0","Pending"
"CFG-026","CFG-026","Configuration","Normal","[CFG-026] Configure tax determination","**Objective:** Configure tax determination

**Prerequisites:** THY-040

**Concepts:** Tax determination; Customer tax classification; Material tax classification; Country; Region; Tax codes; Pricing conditions; FI tax integration; GST and VAT concepts

**Transaction codes:** OVK1; OVK3; OVK4; VK11; FTXP (SAP GUI; use the Fiori app for the same function where one exists)

**Business process:** Order to Cash

**Environment:** SAP S/4HANA Training System

### Steps
- [ ] Review tax categories for the country
- [ ] Maintain customer and material tax classifications
- [ ] Create tax condition records
- [ ] Check the tax code and its account
- [ ] Test three cases

### Acceptance criteria
- Each case calculates the intended tax and posts to the tax account

**Evidence required:** Configuration document entry

**Document flow and impact:** Record the document flow, and for every delivery, goods issue and invoice write the stock change and the debit and credit lines.

**Troubleshooting:** Read the full message with its number. Record each error and its cause in the issue notes. If stuck for more than 30 minutes, set the status to Blocked and describe the blocker.

**Documentation:** Add the setting, its values and the business reason to your configuration document.

**Assessment:** Instructor checks the setting, its test document and the documented business reason. Type: Configuration.

### Completion criteria
- Every step is done and every acceptance criterion is demonstrated
- Required evidence is attached to the issue
- Document flow and the logistics or accounting impact are written down where documents were created
- Actual time is logged against the issue
- Instructor Review is Approved and the status is Completed

**Estimated time:** 4 h

**Next task:** TSH-037","FI Integration","V18.0 FI Integration","MOD-32","THY-040","4","L4 - Advanced","Configuration","SAP S/4HANA Training System","Configuration document entry","OVK1; OVK3; OVK4; VK11; FTXP","","FI Integration","S/4HANA (ECC differences noted)","Same concept as ECC","Order to Cash","FI","Level 3 - Advanced SD & Integration","Integration","Configuration","0","Pending"
"TSH-037","TSH-037","Troubleshooting","Normal","[TSH-037] Scenario 37: tax not determined in the order","**Objective:** Scenario 37: tax not determined in the order

**Prerequisites:** CFG-026

**Concepts:** Tax determination; Customer tax classification; Material tax classification; Country; Region; Tax codes; Pricing conditions; FI tax integration; GST and VAT concepts

**Transaction codes:** OVK1; OVK3; OVK4; OVK6; VK11; FTXP (SAP GUI; use the Fiori app for the same function where one exists)

**Business process:** Order to Cash

**Environment:** SAP S/4HANA Training System

### Steps
- [ ] Reproduce the error in the training client (instructor-prepared)
- [ ] Record the exact message number and text, and the business impact
- [ ] Read the pricing analysis for the tax condition
- [ ] Check classifications in customer and material and the record
- [ ] Apply the fix
- [ ] Re-run the original transaction to validate
- [ ] Write the eight-section report: problem, business impact, evidence, root cause, configuration, fix, validation, prevention

### Acceptance criteria
- The original transaction now works
- Root cause is shown in configuration or master data
- Report has all eight sections

**Evidence required:** Root cause report

**Document flow and impact:** Record the document flow, and for every delivery, goods issue and invoice write the stock change and the debit and credit lines.

**Assessment:** Instructor grades the eight-section report. Type: Configuration decisions.

### Completion criteria
- Every step is done and every acceptance criterion is demonstrated
- Required evidence is attached to the issue
- Document flow and the logistics or accounting impact are written down where documents were created
- Actual time is logged against the issue
- Instructor Review is Approved and the status is Completed

**Estimated time:** 1 h

**Next task:** TSH-038","FI Integration","V18.0 FI Integration","MOD-32","CFG-026","1","L4 - Advanced","Troubleshooting","SAP S/4HANA Training System","Root cause report","OVK1; OVK3; OVK4; OVK6; VK11; FTXP","","FI Integration","S/4HANA (ECC differences noted)","Same concept as ECC","Order to Cash","FI","Level 3 - Advanced SD & Integration","Integration","Configuration decisions","0","Pending"
"TSH-038","TSH-038","Troubleshooting","Normal","[TSH-038] Scenario 38: invoice posts to the wrong revenue account","**Objective:** Scenario 38: invoice posts to the wrong revenue account

**Prerequisites:** TSH-037

**Concepts:** Tax determination; Customer tax classification; Material tax classification; Country; Region; Tax codes; Pricing conditions; FI tax integration; GST and VAT concepts

**Transaction codes:** OVK1; OVK3; OVK4; OVK6; VK11; FTXP (SAP GUI; use the Fiori app for the same function where one exists)

**Business process:** Order to Cash

**Environment:** SAP S/4HANA Training System

### Steps
- [ ] Reproduce the error in the training client (instructor-prepared)
- [ ] Record the exact message number and text, and the business impact
- [ ] Read the account determination analysis
- [ ] Check account assignment groups and the access used
- [ ] Apply the fix
- [ ] Re-run the original transaction to validate
- [ ] Write the eight-section report: problem, business impact, evidence, root cause, configuration, fix, validation, prevention

### Acceptance criteria
- The original transaction now works
- Root cause is shown in configuration or master data
- Report has all eight sections

**Evidence required:** Root cause report

**Document flow and impact:** Record the document flow, and for every delivery, goods issue and invoice write the stock change and the debit and credit lines.

**Assessment:** Instructor grades the eight-section report. Type: Configuration decisions.

### Completion criteria
- Every step is done and every acceptance criterion is demonstrated
- Required evidence is attached to the issue
- Document flow and the logistics or accounting impact are written down where documents were created
- Actual time is logged against the issue
- Instructor Review is Approved and the status is Completed

**Estimated time:** 1 h

**Next task:** TSH-039","FI Integration","V18.0 FI Integration","MOD-32","TSH-037","1","L4 - Advanced","Troubleshooting","SAP S/4HANA Training System","Root cause report","OVK1; OVK3; OVK4; OVK6; VK11; FTXP","","FI Integration","S/4HANA (ECC differences noted)","Same concept as ECC","Order to Cash","FI","Level 3 - Advanced SD & Integration","Integration","Configuration decisions","0","Pending"
"TSH-039","TSH-039","Troubleshooting","Normal","[TSH-039] Scenario 39: profit centre missing on the sales document","**Objective:** Scenario 39: profit centre missing on the sales document

**Prerequisites:** TSH-038

**Concepts:** Tax determination; Customer tax classification; Material tax classification; Country; Region; Tax codes; Pricing conditions; FI tax integration; GST and VAT concepts

**Transaction codes:** OVK1; OVK3; OVK4; OVK6; VK11; FTXP (SAP GUI; use the Fiori app for the same function where one exists)

**Business process:** Order to Cash

**Environment:** SAP S/4HANA Training System

### Steps
- [ ] Reproduce the error in the training client (instructor-prepared)
- [ ] Record the exact message number and text, and the business impact
- [ ] Check the material master profit centre for the plant and any substitution
- [ ] Apply the fix
- [ ] Re-run the original transaction to validate
- [ ] Write the eight-section report: problem, business impact, evidence, root cause, configuration, fix, validation, prevention

### Acceptance criteria
- The original transaction now works
- Root cause is shown in configuration or master data
- Report has all eight sections

**Evidence required:** Root cause report

**Document flow and impact:** Record the document flow, and for every delivery, goods issue and invoice write the stock change and the debit and credit lines.

**Assessment:** Instructor grades the eight-section report. Type: Configuration decisions.

### Completion criteria
- Every step is done and every acceptance criterion is demonstrated
- Required evidence is attached to the issue
- Document flow and the logistics or accounting impact are written down where documents were created
- Actual time is logged against the issue
- Instructor Review is Approved and the status is Completed

**Estimated time:** 1 h

**Next task:** ASM-018","FI Integration","V18.0 FI Integration","MOD-32","TSH-038","1","L4 - Advanced","Troubleshooting","SAP S/4HANA Training System","Root cause report","OVK1; OVK3; OVK4; OVK6; VK11; FTXP","","FI Integration","S/4HANA (ECC differences noted)","Same concept as ECC","Order to Cash","FI","Level 3 - Advanced SD & Integration","Integration","Configuration decisions","0","Pending"
"ASM-018","ASM-018","Assessment","High","[ASM-018] Phase 18 assessment: FI integration","**Objective:** Phase 18 assessment: FI integration

**Prerequisites:** TSH-039

**Concepts:** Tax determination; Customer tax classification; Material tax classification; Country; Region; Tax codes; Pricing conditions; FI tax integration; GST and VAT concepts

**Business process:** Order to Cash

**Environment:** SAP S/4HANA Training System

### Steps
- [ ] Explain and prove the accounting result of a sale with discount, freight and tax

### Acceptance criteria
- Score of 70 or higher

**Evidence required:** Scored result

**Document flow and impact:** Record the document flow, and for every delivery, goods issue and invoice write the stock change and the debit and credit lines.

**Troubleshooting:** Read the full message with its number. Record each error and its cause in the issue notes. If stuck for more than 30 minutes, set the status to Blocked and describe the blocker.

**Assessment:** Scored 0-100. Pass mark 70. Type: Integration.

### Completion criteria
- Every step is done and every acceptance criterion is demonstrated
- Required evidence is attached to the issue
- Document flow and the logistics or accounting impact are written down where documents were created
- Actual time is logged against the issue
- Instructor Review is Approved and the status is Completed

**Estimated time:** 2 h

**Next task:** Last task of this module","FI Integration","V18.0 FI Integration","MOD-32","TSH-039","2","L4 - Advanced","Assessment","SAP S/4HANA Training System","Scored result","","","FI Integration","S/4HANA (ECC differences noted)","Same concept as ECC","Order to Cash","FI","Level 3 - Advanced SD & Integration","Integration","Integration","0","Pending"
"REVIEW-18","REVIEW-18","Review","High","[REVIEW-18] Phase 18 gate review","**Objective:** Confirm that phase 18 (FI Integration) is complete.

### Checklist
- [ ] Every issue of the phase is Completed
- [ ] Evidence is attached to every issue
- [ ] Time is logged
- [ ] Assessment score is 70 or higher
- [ ] Configuration document is up to date

**Assessment:** Instructor confirms the checklist and records the gate decision.

**Estimated time:** 1 h","","V18.0 FI Integration","PHASE-18","INT-001, ASM-018","1","","Review","","Instructor sign-off","","","","","","","","","","Review","0","Pending"
"PHASE-19","PHASE-19","Phase","Normal","[PHASE-19] MM Integration","Phase 19 of 30. Version: V19.0 MM Integration.

Modules: 1. Estimated hours: 14.

- MOD-33 SD-MM Integration

The phase closes with the gate review REVIEW-19.","","V19.0 MM Integration","EPIC","","","","","","","","","","","","","","","","","",""
"MOD-33","MOD-33","Module","Normal","[MOD-33] SD-MM Integration","**Topics:** Material; Stock; Plant; Availability; Delivery; Goods issue; Inventory; Procurement interaction; How SD interacts with MM during order fulfillment

**Transaction codes:** MMBE; MD04; MB51; MIGO; OBYC; ME21N; VL01N

**Fiori apps:** None listed

**Environment:** SAP S/4HANA Training System

**Tasks:** 5, 13 estimated hours.

- THY-041 Where sales touches materials management
- LAB-029 MM Integration
- INT-002 Movement types and account determination for sales
- TSH-040 Scenario 40: stock exists but in the wrong storage location or stock type
- ASM-019 Phase 19 assessment: MM integration","MM Integration","V19.0 MM Integration","PHASE-19","","","","","SAP S/4HANA Training System","","MMBE; MD04; MB51; MIGO; OBYC; ME21N; VL01N","","MM Integration","S/4HANA (ECC differences noted)","Same concept as ECC","Order to Cash","MM","Level 3 - Advanced SD & Integration","Integration","","",""
"THY-041","THY-041","Theory","Normal","[THY-041] Where sales touches materials management","**Objective:** Where sales touches materials management

**Prerequisites:** INT-001, ASM-017

**Concepts:** Material; Stock; Plant; Availability; Delivery; Goods issue; Inventory; Procurement interaction; How SD interacts with MM during order fulfillment

**Business process:** Order to Cash

**Environment:** SAP S/4HANA Training System

### Steps
- [ ] Study material master as shared data
- [ ] Study stock types and special stocks used by sales
- [ ] Study requirements transfer, availability, goods issue movement types and valuation
- [ ] Study procurement triggered by sales

### Acceptance criteria
- Lists the touchpoints in order for a standard and a third-party sale

**Evidence required:** Notes

**Document flow and impact:** Record the document flow, and for every delivery, goods issue and invoice write the stock change and the debit and credit lines.

**Assessment:** Instructor checks the notes and asks short oral questions. Type: Short answer.

### Completion criteria
- Every step is done and every acceptance criterion is demonstrated
- Required evidence is attached to the issue
- Document flow and the logistics or accounting impact are written down where documents were created
- Actual time is logged against the issue
- Instructor Review is Approved and the status is Completed

**Estimated time:** 3 h

**Next task:** LAB-029","MM Integration","V19.0 MM Integration","MOD-33","INT-001, ASM-017","3","L3 - Intermediate","Theory","SAP S/4HANA Training System","Notes","","","MM Integration","S/4HANA (ECC differences noted)","Same concept as ECC","Order to Cash","MM","Level 3 - Advanced SD & Integration","Integration","Short answer","0","Pending"
"LAB-029","LAB-029","Lab","Normal","[LAB-029] MM Integration","**Objective:** MM Integration

**Prerequisites:** THY-041

**Concepts:** Material; Stock; Plant; Availability; Delivery; Goods issue; Inventory; Procurement interaction; How SD interacts with MM during order fulfillment

**Transaction codes:** MMBE; MD04; MB51; VL01N (SAP GUI; use the Fiori app for the same function where one exists)

**Business process:** Order to Cash

**Environment:** SAP S/4HANA Training System

### Steps
- [ ] Follow one order: requirement in planning, stock before and after delivery and goods issue, material document list by movement type
- [ ] Receive stock by purchase order when short and deliver

### Acceptance criteria
- Stock and requirement changes are shown at each step

**Evidence required:** Document numbers + screenshots

**Document flow and impact:** Record the document flow, and for every delivery, goods issue and invoice write the stock change and the debit and credit lines.

**Troubleshooting:** Read the full message with its number. Record each error and its cause in the issue notes. If stuck for more than 30 minutes, set the status to Blocked and describe the blocker.

**Assessment:** Instructor verifies the acceptance criteria from the evidence and may ask for a live demonstration. Type: Transactions.

### Completion criteria
- Every step is done and every acceptance criterion is demonstrated
- Required evidence is attached to the issue
- Document flow and the logistics or accounting impact are written down where documents were created
- Actual time is logged against the issue
- Instructor Review is Approved and the status is Completed

**Estimated time:** 4 h

**Next task:** INT-002","MM Integration","V19.0 MM Integration","MOD-33","THY-041","4","L3 - Intermediate","Guided Lab","SAP S/4HANA Training System","Document numbers + screenshots","MMBE; MD04; MB51; VL01N","","MM Integration","S/4HANA (ECC differences noted)","Same concept as ECC","Order to Cash","MM","Level 3 - Advanced SD & Integration","Integration","Transactions","0","Pending"
"INT-002","INT-002","Integration","Normal","[INT-002] Movement types and account determination for sales","**Objective:** Movement types and account determination for sales

**Prerequisites:** LAB-029

**Concepts:** Material; Stock; Plant; Availability; Delivery; Goods issue; Inventory; Procurement interaction; How SD interacts with MM during order fulfillment

**Transaction codes:** OBYC; MB51 (SAP GUI; use the Fiori app for the same function where one exists)

**Business process:** Order to Cash

**Environment:** SAP S/4HANA Training System

### Steps
- [ ] List the movement types used by standard, returns, consignment and free-of-charge deliveries
- [ ] Review the automatic account assignment for goods issue to sales

### Acceptance criteria
- Table of movement types and their postings is delivered

**Evidence required:** Process document + document numbers

**Document flow and impact:** Record the document flow, and for every delivery, goods issue and invoice write the stock change and the debit and credit lines.

**Troubleshooting:** Read the full message with its number. Record each error and its cause in the issue notes. If stuck for more than 30 minutes, set the status to Blocked and describe the blocker.

**Assessment:** Instructor checks the stock, accounting and controlling documents behind the sales documents. Type: Integration.

### Completion criteria
- Every step is done and every acceptance criterion is demonstrated
- Required evidence is attached to the issue
- Document flow and the logistics or accounting impact are written down where documents were created
- Actual time is logged against the issue
- Instructor Review is Approved and the status is Completed

**Estimated time:** 3 h

**Next task:** TSH-040","MM Integration","V19.0 MM Integration","MOD-33","LAB-029","3","L3 - Intermediate","Integration","SAP S/4HANA Training System","Process document + document numbers","OBYC; MB51","","MM Integration","S/4HANA (ECC differences noted)","Same concept as ECC","Order to Cash","MM","Level 3 - Advanced SD & Integration","Integration","Integration","0","Pending"
"TSH-040","TSH-040","Troubleshooting","Normal","[TSH-040] Scenario 40: stock exists but in the wrong storage location or stock type","**Objective:** Scenario 40: stock exists but in the wrong storage location or stock type

**Prerequisites:** INT-002

**Concepts:** Material; Stock; Plant; Availability; Delivery; Goods issue; Inventory; Procurement interaction; How SD interacts with MM during order fulfillment

**Transaction codes:** MMBE; MD04; MB51; MIGO; OBYC; ME21N; VL01N (SAP GUI; use the Fiori app for the same function where one exists)

**Business process:** Order to Cash

**Environment:** SAP S/4HANA Training System

### Steps
- [ ] Reproduce the error in the training client (instructor-prepared)
- [ ] Record the exact message number and text, and the business impact
- [ ] Check stock overview by type and location
- [ ] Transfer or correct the delivery
- [ ] Apply the fix
- [ ] Re-run the original transaction to validate
- [ ] Write the eight-section report: problem, business impact, evidence, root cause, configuration, fix, validation, prevention

### Acceptance criteria
- The original transaction now works
- Root cause is shown in configuration or master data
- Report has all eight sections

**Evidence required:** Root cause report

**Document flow and impact:** Record the document flow, and for every delivery, goods issue and invoice write the stock change and the debit and credit lines.

**Assessment:** Instructor grades the eight-section report. Type: Configuration decisions.

### Completion criteria
- Every step is done and every acceptance criterion is demonstrated
- Required evidence is attached to the issue
- Document flow and the logistics or accounting impact are written down where documents were created
- Actual time is logged against the issue
- Instructor Review is Approved and the status is Completed

**Estimated time:** 1 h

**Next task:** ASM-019","MM Integration","V19.0 MM Integration","MOD-33","INT-002","1","L3 - Intermediate","Troubleshooting","SAP S/4HANA Training System","Root cause report","MMBE; MD04; MB51; MIGO; OBYC; ME21N; VL01N","","MM Integration","S/4HANA (ECC differences noted)","Same concept as ECC","Order to Cash","MM","Level 3 - Advanced SD & Integration","Integration","Configuration decisions","0","Pending"
"ASM-019","ASM-019","Assessment","High","[ASM-019] Phase 19 assessment: MM integration","**Objective:** Phase 19 assessment: MM integration

**Prerequisites:** TSH-040

**Concepts:** Material; Stock; Plant; Availability; Delivery; Goods issue; Inventory; Procurement interaction; How SD interacts with MM during order fulfillment

**Business process:** Order to Cash

**Environment:** SAP S/4HANA Training System

### Steps
- [ ] Trace stock and requirements through a sale and a return

### Acceptance criteria
- Score of 70 or higher

**Evidence required:** Scored result

**Document flow and impact:** Record the document flow, and for every delivery, goods issue and invoice write the stock change and the debit and credit lines.

**Troubleshooting:** Read the full message with its number. Record each error and its cause in the issue notes. If stuck for more than 30 minutes, set the status to Blocked and describe the blocker.

**Assessment:** Scored 0-100. Pass mark 70. Type: Integration.

### Completion criteria
- Every step is done and every acceptance criterion is demonstrated
- Required evidence is attached to the issue
- Document flow and the logistics or accounting impact are written down where documents were created
- Actual time is logged against the issue
- Instructor Review is Approved and the status is Completed

**Estimated time:** 2 h

**Next task:** Last task of this module","MM Integration","V19.0 MM Integration","MOD-33","TSH-040","2","L3 - Intermediate","Assessment","SAP S/4HANA Training System","Scored result","","","MM Integration","S/4HANA (ECC differences noted)","Same concept as ECC","Order to Cash","MM","Level 3 - Advanced SD & Integration","Integration","Integration","0","Pending"
"REVIEW-19","REVIEW-19","Review","High","[REVIEW-19] Phase 19 gate review","**Objective:** Confirm that phase 19 (MM Integration) is complete.

### Checklist
- [ ] Every issue of the phase is Completed
- [ ] Evidence is attached to every issue
- [ ] Time is logged
- [ ] Assessment score is 70 or higher
- [ ] Configuration document is up to date

**Assessment:** Instructor confirms the checklist and records the gate decision.

**Estimated time:** 1 h","","V19.0 MM Integration","PHASE-19","ASM-019","1","","Review","","Instructor sign-off","","","","","","","","","","Review","0","Pending"
"PHASE-20","PHASE-20","Phase","Normal","[PHASE-20] CO Integration","Phase 20 of 30. Version: V20.0 CO Integration.

Modules: 1. Estimated hours: 8.

- MOD-34 SD-CO Integration

The phase closes with the gate review REVIEW-20.","","V20.0 CO Integration","EPIC","","","","","","","","","","","","","","","","","",""
"MOD-34","MOD-34","Module","Normal","[MOD-34] SD-CO Integration","**Topics:** Profit center; Cost; Revenue; Margin; Profitability; CO-PA; Internal reporting

**Transaction codes:** KE30; KE24; KE4I; VA03; VF03

**Fiori apps:** None listed

**Environment:** SAP S/4HANA Training System

**Tasks:** 3, 7 estimated hours.

- THY-042 Profitability and profit centres from sales
- LAB-035 Margin from order to report
- ASM-020 Phase 20 assessment: CO integration","CO Integration","V20.0 CO Integration","PHASE-20","","","","","SAP S/4HANA Training System","","KE30; KE24; KE4I; VA03; VF03","","CO Integration","S/4HANA (ECC differences noted)","Changed in S/4HANA","Order to Cash","CO","Level 3 - Advanced SD & Integration","Integration","","",""
"THY-042","THY-042","Theory","Normal","[THY-042] Profitability and profit centres from sales","**Objective:** Profitability and profit centres from sales

**Prerequisites:** INT-001

**Concepts:** Profit center; Cost; Revenue; Margin; Profitability; CO-PA; Internal reporting

**Business process:** Order to Cash

**Environment:** SAP S/4HANA Training System

### Steps
- [ ] Study how characteristics such as customer, product and sales area reach profitability
- [ ] Study revenue, discounts, cost of goods sold and margin in margin analysis
- [ ] Study profit centre derivation in the sales document

### Acceptance criteria
- Explains how margin by customer is obtained

**Evidence required:** Notes

**Document flow and impact:** Record the document flow, and for every delivery, goods issue and invoice write the stock change and the debit and credit lines.

**Assessment:** Instructor checks the notes and asks short oral questions. Type: Short answer.

### Completion criteria
- Every step is done and every acceptance criterion is demonstrated
- Required evidence is attached to the issue
- Document flow and the logistics or accounting impact are written down where documents were created
- Actual time is logged against the issue
- Instructor Review is Approved and the status is Completed

**Estimated time:** 3 h

**Next task:** LAB-035","CO Integration","V20.0 CO Integration","MOD-34","INT-001","3","L3 - Intermediate","Theory","SAP S/4HANA Training System","Notes","","","CO Integration","S/4HANA (ECC differences noted)","Changed in S/4HANA","Order to Cash","CO","Level 3 - Advanced SD & Integration","Integration","Short answer","0","Pending"
"LAB-035","LAB-035","Lab","Normal","[LAB-035] Margin from order to report","**Objective:** Margin from order to report

**Prerequisites:** THY-042

**Concepts:** Profit center; Cost; Revenue; Margin; Profitability; CO-PA; Internal reporting

**Transaction codes:** VA03; VF03; KE24; KE30 (SAP GUI; use the Fiori app for the same function where one exists)

**Business process:** Order to Cash

**Environment:** SAP S/4HANA Training System

### Steps
- [ ] Display the profitability segment and profit centre on an order item
- [ ] Bill
- [ ] Display the profitability line items
- [ ] Run a margin report by customer and product

### Acceptance criteria
- Report shows revenue, cost and margin for the test invoices

**Evidence required:** Document numbers + screenshots

**Document flow and impact:** Record the document flow, and for every delivery, goods issue and invoice write the stock change and the debit and credit lines.

**Troubleshooting:** Read the full message with its number. Record each error and its cause in the issue notes. If stuck for more than 30 minutes, set the status to Blocked and describe the blocker.

**Assessment:** Instructor verifies the acceptance criteria from the evidence and may ask for a live demonstration. Type: Transactions.

### Completion criteria
- Every step is done and every acceptance criterion is demonstrated
- Required evidence is attached to the issue
- Document flow and the logistics or accounting impact are written down where documents were created
- Actual time is logged against the issue
- Instructor Review is Approved and the status is Completed

**Estimated time:** 3 h

**Next task:** ASM-020","CO Integration","V20.0 CO Integration","MOD-34","THY-042","3","L3 - Intermediate","Guided Lab","SAP S/4HANA Training System","Document numbers + screenshots","VA03; VF03; KE24; KE30","","CO Integration","S/4HANA (ECC differences noted)","Changed in S/4HANA","Order to Cash","CO","Level 3 - Advanced SD & Integration","Integration","Transactions","0","Pending"
"ASM-020","ASM-020","Assessment","High","[ASM-020] Phase 20 assessment: CO integration","**Objective:** Phase 20 assessment: CO integration

**Prerequisites:** LAB-035

**Concepts:** Profit center; Cost; Revenue; Margin; Profitability; CO-PA; Internal reporting

**Business process:** Order to Cash

**Environment:** SAP S/4HANA Training System

### Steps
- [ ] Explain the margin of one invoice from its pricing conditions

### Acceptance criteria
- Score of 70 or higher

**Evidence required:** Scored result

**Document flow and impact:** Record the document flow, and for every delivery, goods issue and invoice write the stock change and the debit and credit lines.

**Troubleshooting:** Read the full message with its number. Record each error and its cause in the issue notes. If stuck for more than 30 minutes, set the status to Blocked and describe the blocker.

**Assessment:** Scored 0-100. Pass mark 70. Type: Integration.

### Completion criteria
- Every step is done and every acceptance criterion is demonstrated
- Required evidence is attached to the issue
- Document flow and the logistics or accounting impact are written down where documents were created
- Actual time is logged against the issue
- Instructor Review is Approved and the status is Completed

**Estimated time:** 1 h

**Next task:** Last task of this module","CO Integration","V20.0 CO Integration","MOD-34","LAB-035","1","L3 - Intermediate","Assessment","SAP S/4HANA Training System","Scored result","","","CO Integration","S/4HANA (ECC differences noted)","Changed in S/4HANA","Order to Cash","CO","Level 3 - Advanced SD & Integration","Integration","Integration","0","Pending"
"REVIEW-20","REVIEW-20","Review","High","[REVIEW-20] Phase 20 gate review","**Objective:** Confirm that phase 20 (CO Integration) is complete.

### Checklist
- [ ] Every issue of the phase is Completed
- [ ] Evidence is attached to every issue
- [ ] Time is logged
- [ ] Assessment score is 70 or higher
- [ ] Configuration document is up to date

**Assessment:** Instructor confirms the checklist and records the gate decision.

**Estimated time:** 1 h","","V20.0 CO Integration","PHASE-20","ASM-020","1","","Review","","Instructor sign-off","","","","","","","","","","Review","0","Pending"
"PHASE-21","PHASE-21","Phase","Normal","[PHASE-21] S/4HANA Sales","Phase 21 of 30. Version: V21.0 S/4HANA Sales.

Modules: 1. Estimated hours: 17.

- MOD-35 SAP S/4HANA Sales

The phase closes with the gate review REVIEW-21.","","V21.0 S/4HANA Sales","EPIC","","","","","","","","","","","","","","","","","",""
"MOD-35","MOD-35","Module","Normal","[MOD-35] SAP S/4HANA Sales","**Topics:** S/4HANA architecture; Business Partner; Fiori; Simplification; Advanced ATP; Credit Management; Output Management; Embedded analytics; APIs; Extensibility concepts

**Transaction codes:** BP; OPD; UKM_BP; SE16N

**Fiori apps:** None listed

**Environment:** SAP S/4HANA Training System

**Tasks:** 6, 16 estimated hours.

- THY-043 S/4HANA architecture and the sales simplifications
- THY-044 Data model changes in sales
- LAB-030 S/4HANA Sales
- THY-045 APIs and extensibility concepts
- THY-046 Settlement management concepts
- ASM-021 Phase 21 assessment: S/4HANA sales","S/4HANA","V21.0 S/4HANA Sales","PHASE-21","","","","","SAP S/4HANA Training System","","BP; OPD; UKM_BP; SE16N","","S/4HANA","S/4HANA (ECC differences noted)","New in S/4HANA","Order to Cash","None","Level 4 - S/4HANA Sales Expert","S/4HANA","","",""
"THY-043","THY-043","Theory","Normal","[THY-043] S/4HANA architecture and the sales simplifications","**Objective:** S/4HANA architecture and the sales simplifications

**Prerequisites:** ASM-020, ASM-019

**Concepts:** S/4HANA architecture; Business Partner; Fiori; Simplification; Advanced ATP; Credit Management; Output Management; Embedded analytics; APIs; Extensibility concepts

**Business process:** Order to Cash

**Environment:** SAP S/4HANA Training System

### Steps
- [ ] Study the in-memory database and the removal of status and index tables in sales
- [ ] Study the simplification items: business partner, credit management, output management, rebates to settlement management, material number length, foreign trade, revenue recognition
- [ ] Study compatibility scope

### Acceptance criteria
- Lists eight sales simplifications and what replaced each

**Evidence required:** Notes

**Document flow and impact:** Record the document flow, and for every delivery, goods issue and invoice write the stock change and the debit and credit lines.

**Assessment:** Instructor checks the notes and asks short oral questions. Type: Short answer.

### Completion criteria
- Every step is done and every acceptance criterion is demonstrated
- Required evidence is attached to the issue
- Document flow and the logistics or accounting impact are written down where documents were created
- Actual time is logged against the issue
- Instructor Review is Approved and the status is Completed

**Estimated time:** 4 h

**Next task:** THY-044","S/4HANA","V21.0 S/4HANA Sales","MOD-35","ASM-020, ASM-019","4","L4 - Advanced","Theory","SAP S/4HANA Training System","Notes","","","S/4HANA","S/4HANA (ECC differences noted)","New in S/4HANA","Order to Cash","None","Level 4 - S/4HANA Sales Expert","S/4HANA","Short answer","0","Pending"
"THY-044","THY-044","Theory","Normal","[THY-044] Data model changes in sales","**Objective:** Data model changes in sales

**Prerequisites:** THY-043

**Concepts:** S/4HANA architecture; Business Partner; Fiori; Simplification; Advanced ATP; Credit Management; Output Management; Embedded analytics; APIs; Extensibility concepts

**Business process:** Order to Cash

**Environment:** SAP S/4HANA Training System

### Steps
- [ ] Study how document status moved into the main sales tables
- [ ] Study pricing result storage changes
- [ ] Display the tables with the data browser

### Acceptance criteria
- Explains where delivery status of an order is now stored

**Evidence required:** Notes

**Document flow and impact:** Record the document flow, and for every delivery, goods issue and invoice write the stock change and the debit and credit lines.

**Assessment:** Instructor checks the notes and asks short oral questions. Type: Short answer.

### Completion criteria
- Every step is done and every acceptance criterion is demonstrated
- Required evidence is attached to the issue
- Document flow and the logistics or accounting impact are written down where documents were created
- Actual time is logged against the issue
- Instructor Review is Approved and the status is Completed

**Estimated time:** 2 h

**Next task:** LAB-030","S/4HANA","V21.0 S/4HANA Sales","MOD-35","THY-043","2","L4 - Advanced","Theory","SAP S/4HANA Training System","Notes","","","S/4HANA","S/4HANA (ECC differences noted)","New in S/4HANA","Order to Cash","None","Level 4 - S/4HANA Sales Expert","S/4HANA","Short answer","0","Pending"
"LAB-030","LAB-030","Lab","Normal","[LAB-030] S/4HANA Sales","**Objective:** S/4HANA Sales

**Prerequisites:** THY-044

**Concepts:** S/4HANA architecture; Business Partner; Fiori; Simplification; Advanced ATP; Credit Management; Output Management; Embedded analytics; APIs; Extensibility concepts

**Transaction codes:** BP; SE16N (SAP GUI; use the Fiori app for the same function where one exists)

**Business process:** Order to Cash

**Environment:** SAP S/4HANA Training System

### Steps
- [ ] Run Order-to-Cash using only Fiori apps
- [ ] Note each point where S/4HANA differs from ECC: partner maintenance, credit, output, status, analytics
- [ ] Display the underlying tables for one order

### Acceptance criteria
- Process completes in Fiori
- Difference list has at least eight entries

**Evidence required:** Document numbers + screenshots

**Document flow and impact:** Record the document flow, and for every delivery, goods issue and invoice write the stock change and the debit and credit lines.

**Troubleshooting:** Read the full message with its number. Record each error and its cause in the issue notes. If stuck for more than 30 minutes, set the status to Blocked and describe the blocker.

**Assessment:** Instructor verifies the acceptance criteria from the evidence and may ask for a live demonstration. Type: Transactions.

### Completion criteria
- Every step is done and every acceptance criterion is demonstrated
- Required evidence is attached to the issue
- Document flow and the logistics or accounting impact are written down where documents were created
- Actual time is logged against the issue
- Instructor Review is Approved and the status is Completed

**Estimated time:** 4 h

**Next task:** THY-045","S/4HANA","V21.0 S/4HANA Sales","MOD-35","THY-044","4","L4 - Advanced","Guided Lab","SAP S/4HANA Training System","Document numbers + screenshots","BP; SE16N","","S/4HANA","S/4HANA (ECC differences noted)","New in S/4HANA","Order to Cash","None","Level 4 - S/4HANA Sales Expert","S/4HANA","Transactions","0","Pending"
"THY-045","THY-045","Theory","Normal","[THY-045] APIs and extensibility concepts","**Objective:** APIs and extensibility concepts

**Prerequisites:** LAB-030

**Concepts:** S/4HANA architecture; Business Partner; Fiori; Simplification; Advanced ATP; Credit Management; Output Management; Embedded analytics; APIs; Extensibility concepts

**Business process:** Order to Cash

**Environment:** SAP S/4HANA Training System

### Steps
- [ ] Study released APIs for sales order and billing on the API hub at concept level
- [ ] Study key user extensibility: custom fields and logic
- [ ] Study side-by-side extension concepts

### Acceptance criteria
- Explains when to use key user extensibility versus development

**Evidence required:** Notes

**Document flow and impact:** Record the document flow, and for every delivery, goods issue and invoice write the stock change and the debit and credit lines.

**Assessment:** Instructor checks the notes and asks short oral questions. Type: Short answer.

### Completion criteria
- Every step is done and every acceptance criterion is demonstrated
- Required evidence is attached to the issue
- Document flow and the logistics or accounting impact are written down where documents were created
- Actual time is logged against the issue
- Instructor Review is Approved and the status is Completed

**Estimated time:** 2 h

**Next task:** THY-046","S/4HANA","V21.0 S/4HANA Sales","MOD-35","LAB-030","2","L4 - Advanced","Theory","SAP S/4HANA Training System","Notes","","","S/4HANA","S/4HANA (ECC differences noted)","New in S/4HANA","Order to Cash","None","Level 4 - S/4HANA Sales Expert","S/4HANA","Short answer","0","Pending"
"THY-046","THY-046","Theory","Normal","[THY-046] Settlement management concepts","**Objective:** Settlement management concepts

**Prerequisites:** THY-045

**Concepts:** S/4HANA architecture; Business Partner; Fiori; Simplification; Advanced ATP; Credit Management; Output Management; Embedded analytics; APIs; Extensibility concepts

**Business process:** Order to Cash

**Environment:** SAP S/4HANA Training System

### Steps
- [ ] Study condition contracts for customer rebates, settlement calendar and accruals at concept level

### Acceptance criteria
- Explains the lifecycle of a condition contract

**Evidence required:** Notes

**Document flow and impact:** Record the document flow, and for every delivery, goods issue and invoice write the stock change and the debit and credit lines.

**Assessment:** Instructor checks the notes and asks short oral questions. Type: Short answer.

### Completion criteria
- Every step is done and every acceptance criterion is demonstrated
- Required evidence is attached to the issue
- Document flow and the logistics or accounting impact are written down where documents were created
- Actual time is logged against the issue
- Instructor Review is Approved and the status is Completed

**Estimated time:** 2 h

**Next task:** ASM-021","S/4HANA","V21.0 S/4HANA Sales","MOD-35","THY-045","2","L4 - Advanced","Theory","SAP S/4HANA Training System","Notes","","","S/4HANA","S/4HANA (ECC differences noted)","New in S/4HANA","Order to Cash","None","Level 4 - S/4HANA Sales Expert","S/4HANA","Short answer","0","Pending"
"ASM-021","ASM-021","Assessment","High","[ASM-021] Phase 21 assessment: S/4HANA sales","**Objective:** Phase 21 assessment: S/4HANA sales

**Prerequisites:** THY-046

**Concepts:** S/4HANA architecture; Business Partner; Fiori; Simplification; Advanced ATP; Credit Management; Output Management; Embedded analytics; APIs; Extensibility concepts

**Business process:** Order to Cash

**Environment:** SAP S/4HANA Training System

### Steps
- [ ] Answer design questions on S/4HANA sales differences

### Acceptance criteria
- Score of 70 or higher

**Evidence required:** Scored result

**Document flow and impact:** Record the document flow, and for every delivery, goods issue and invoice write the stock change and the debit and credit lines.

**Troubleshooting:** Read the full message with its number. Record each error and its cause in the issue notes. If stuck for more than 30 minutes, set the status to Blocked and describe the blocker.

**Assessment:** Scored 0-100. Pass mark 70. Type: Configuration decisions.

### Completion criteria
- Every step is done and every acceptance criterion is demonstrated
- Required evidence is attached to the issue
- Document flow and the logistics or accounting impact are written down where documents were created
- Actual time is logged against the issue
- Instructor Review is Approved and the status is Completed

**Estimated time:** 2 h

**Next task:** Last task of this module","S/4HANA","V21.0 S/4HANA Sales","MOD-35","THY-046","2","L4 - Advanced","Assessment","SAP S/4HANA Training System","Scored result","","","S/4HANA","S/4HANA (ECC differences noted)","New in S/4HANA","Order to Cash","None","Level 4 - S/4HANA Sales Expert","S/4HANA","Configuration decisions","0","Pending"
"REVIEW-21","REVIEW-21","Review","High","[REVIEW-21] Phase 21 gate review","**Objective:** Confirm that phase 21 (S/4HANA Sales) is complete.

### Checklist
- [ ] Every issue of the phase is Completed
- [ ] Evidence is attached to every issue
- [ ] Time is logged
- [ ] Assessment score is 70 or higher
- [ ] Configuration document is up to date

**Assessment:** Instructor confirms the checklist and records the gate decision.

**Estimated time:** 1 h","","V21.0 S/4HANA Sales","PHASE-21","ASM-021","1","","Review","","Instructor sign-off","","","","","","","","","","Review","0","Pending"
"PHASE-22","PHASE-22","Phase","Normal","[PHASE-22] Fiori","Phase 22 of 30. Version: V22.0 Fiori.

Modules: 2. Estimated hours: 17.

- MOD-36 SAP Fiori for Sales
- MOD-37 Sales Reporting and Analytics

The phase closes with the gate review REVIEW-22.","","V22.0 Fiori","EPIC","","","","","","","","","","","","","","","","","",""
"MOD-36","MOD-36","Module","Normal","[MOD-36] SAP Fiori for Sales","**Topics:** Fiori Launchpad; Sales order apps; Customer apps; Delivery apps; Billing apps; Analytics; KPI tiles; Fact sheets

**Transaction codes:** /UI2/FLP

**Fiori apps:** Manage Sales Orders; Sales Order Fulfillment Issues; Create Outbound Deliveries; Create Billing Documents; Customer - 360 View; My Sales Overview

**Environment:** SAP S/4HANA Training System

**Tasks:** 3, 8 estimated hours.

- THY-047 Fiori app types, roles and the apps reference library
- LAB-036 Fiori scenario: internal sales representative
- LAB-037 Fiori scenario: shipping specialist and billing clerk","Fiori","V22.0 Fiori","PHASE-22","","","","","SAP S/4HANA Training System","","/UI2/FLP","Manage Sales Orders; Sales Order Fulfillment Issues; Create Outbound Deliveries; Create Billing Documents; Customer - 360 View; My Sales Overview","Fiori","S/4HANA (ECC differences noted)","New in S/4HANA","Order to Cash","None","Level 4 - S/4HANA Sales Expert","S/4HANA","","",""
"THY-047","THY-047","Theory","Normal","[THY-047] Fiori app types, roles and the apps reference library","**Objective:** Fiori app types, roles and the apps reference library

**Prerequisites:** ASM-021

**Concepts:** Fiori Launchpad; Sales order apps; Customer apps; Delivery apps; Billing apps; Analytics; KPI tiles; Fact sheets

**Fiori apps:** Manage Sales Orders; Sales Order Fulfillment Issues; Create Outbound Deliveries; Create Billing Documents; Customer - 360 View; My Sales Overview

**Business process:** Order to Cash

**Environment:** SAP S/4HANA Training System

### Steps
- [ ] Study transactional, analytical and fact sheet apps
- [ ] Study business roles for internal sales representative, shipping specialist and billing clerk
- [ ] Find the app for a transaction in the reference library

### Acceptance criteria
- Finds the app and role for eight sales tasks

**Evidence required:** Notes

**Document flow and impact:** Record the document flow, and for every delivery, goods issue and invoice write the stock change and the debit and credit lines.

**Assessment:** Instructor checks the notes and asks short oral questions. Type: Short answer.

### Completion criteria
- Every step is done and every acceptance criterion is demonstrated
- Required evidence is attached to the issue
- Document flow and the logistics or accounting impact are written down where documents were created
- Actual time is logged against the issue
- Instructor Review is Approved and the status is Completed

**Estimated time:** 2 h

**Next task:** LAB-036","Fiori","V22.0 Fiori","MOD-36","ASM-021","2","L3 - Intermediate","Theory","SAP S/4HANA Training System","Notes","","Manage Sales Orders; Sales Order Fulfillment Issues; Create Outbound Deliveries; Create Billing Documents; Customer - 360 View; My Sales Overview","Fiori","S/4HANA (ECC differences noted)","New in S/4HANA","Order to Cash","None","Level 4 - S/4HANA Sales Expert","S/4HANA","Short answer","0","Pending"
"LAB-036","LAB-036","Lab","Normal","[LAB-036] Fiori scenario: internal sales representative","**Objective:** Fiori scenario: internal sales representative

**Prerequisites:** THY-047

**Concepts:** Fiori Launchpad; Sales order apps; Customer apps; Delivery apps; Billing apps; Analytics; KPI tiles; Fact sheets

**Transaction codes:** /UI2/FLP (SAP GUI; use the Fiori app for the same function where one exists)

**Fiori apps:** Manage Sales Orders; Sales Order Fulfillment Issues; Create Outbound Deliveries; Create Billing Documents; Customer - 360 View; My Sales Overview

**Business process:** Order to Cash

**Environment:** SAP S/4HANA Training System

### Steps
- [ ] Use My Sales Overview
- [ ] Create and change orders in Manage Sales Orders
- [ ] Resolve issues in Sales Order Fulfillment Issues
- [ ] Use Customer 360 view

### Acceptance criteria
- Tasks are completed in the apps
- Issues list is cleared

**Evidence required:** Document numbers + screenshots

**Document flow and impact:** Record the document flow, and for every delivery, goods issue and invoice write the stock change and the debit and credit lines.

**Troubleshooting:** Read the full message with its number. Record each error and its cause in the issue notes. If stuck for more than 30 minutes, set the status to Blocked and describe the blocker.

**Assessment:** Instructor verifies the acceptance criteria from the evidence and may ask for a live demonstration. Type: Transactions.

### Completion criteria
- Every step is done and every acceptance criterion is demonstrated
- Required evidence is attached to the issue
- Document flow and the logistics or accounting impact are written down where documents were created
- Actual time is logged against the issue
- Instructor Review is Approved and the status is Completed

**Estimated time:** 3 h

**Next task:** LAB-037","Fiori","V22.0 Fiori","MOD-36","THY-047","3","L3 - Intermediate","Guided Lab","SAP S/4HANA Training System","Document numbers + screenshots","/UI2/FLP","Manage Sales Orders; Sales Order Fulfillment Issues; Create Outbound Deliveries; Create Billing Documents; Customer - 360 View; My Sales Overview","Fiori","S/4HANA (ECC differences noted)","New in S/4HANA","Order to Cash","None","Level 4 - S/4HANA Sales Expert","S/4HANA","Transactions","0","Pending"
"LAB-037","LAB-037","Lab","Normal","[LAB-037] Fiori scenario: shipping specialist and billing clerk","**Objective:** Fiori scenario: shipping specialist and billing clerk

**Prerequisites:** LAB-036

**Concepts:** Fiori Launchpad; Sales order apps; Customer apps; Delivery apps; Billing apps; Analytics; KPI tiles; Fact sheets

**Transaction codes:** /UI2/FLP (SAP GUI; use the Fiori app for the same function where one exists)

**Fiori apps:** Manage Sales Orders; Sales Order Fulfillment Issues; Create Outbound Deliveries; Create Billing Documents; Customer - 360 View; My Sales Overview

**Business process:** Order to Cash

**Environment:** SAP S/4HANA Training System

### Steps
- [ ] Create and process outbound deliveries with picking and goods issue in the apps
- [ ] Create and manage billing documents
- [ ] Use filters, variants and personalised tiles

### Acceptance criteria
- Deliveries and invoices are processed in Fiori only

**Evidence required:** Document numbers + screenshots

**Document flow and impact:** Record the document flow, and for every delivery, goods issue and invoice write the stock change and the debit and credit lines.

**Troubleshooting:** Read the full message with its number. Record each error and its cause in the issue notes. If stuck for more than 30 minutes, set the status to Blocked and describe the blocker.

**Assessment:** Instructor verifies the acceptance criteria from the evidence and may ask for a live demonstration. Type: Transactions.

### Completion criteria
- Every step is done and every acceptance criterion is demonstrated
- Required evidence is attached to the issue
- Document flow and the logistics or accounting impact are written down where documents were created
- Actual time is logged against the issue
- Instructor Review is Approved and the status is Completed

**Estimated time:** 3 h

**Next task:** Last task of this module","Fiori","V22.0 Fiori","MOD-36","LAB-036","3","L3 - Intermediate","Guided Lab","SAP S/4HANA Training System","Document numbers + screenshots","/UI2/FLP","Manage Sales Orders; Sales Order Fulfillment Issues; Create Outbound Deliveries; Create Billing Documents; Customer - 360 View; My Sales Overview","Fiori","S/4HANA (ECC differences noted)","New in S/4HANA","Order to Cash","None","Level 4 - S/4HANA Sales Expert","S/4HANA","Transactions","0","Pending"
"MOD-37","MOD-37","Module","Normal","[MOD-37] Sales Reporting and Analytics","**Topics:** Sales volume; Revenue; Customer performance; Material performance; Order status; Delivery status; Billing status; Margin; Backorders; Credit exposure; Sales, customer, material, order, delivery and billing reports; Open orders; Revenue reports; S/4HANA analytical concepts

**Transaction codes:** VA05; VL06O; VF05; V.15; V.23; V_UC; MCTA; MCTC

**Fiori apps:** Sales Volume - Check Open Sales; Incoming Sales Orders; Sales Management Overview

**Environment:** SAP S/4HANA Training System

**Tasks:** 3, 8 estimated hours.

- LAB-038 List reports for orders, deliveries and billing
- LAB-039 Analytics: sales volume, incoming orders and margin
- ASM-022 Phase 22 assessment: Fiori and reporting","Reporting","V22.0 Fiori","PHASE-22","","","","","SAP S/4HANA Training System","","VA05; VL06O; VF05; V.15; V.23; V_UC; MCTA; MCTC","Sales Volume - Check Open Sales; Incoming Sales Orders; Sales Management Overview","Reporting","S/4HANA (ECC differences noted)","Same concept as ECC","Order to Cash","None","Level 3 - Advanced SD & Integration","S/4HANA","","",""
"LAB-038","LAB-038","Lab","Normal","[LAB-038] List reports for orders, deliveries and billing","**Objective:** List reports for orders, deliveries and billing

**Prerequisites:** LAB-037

**Concepts:** Sales volume; Revenue; Customer performance; Material performance; Order status; Delivery status; Billing status; Margin; Backorders; Credit exposure; Sales, customer, material, order, delivery and billing reports; Open orders; Revenue reports; S/4HANA analytical concepts

**Transaction codes:** VA05; VL06O; VF05; V.15; V.23; V_UC (SAP GUI; use the Fiori app for the same function where one exists)

**Fiori apps:** Sales Volume - Check Open Sales; Incoming Sales Orders; Sales Management Overview

**Business process:** Order to Cash

**Environment:** SAP S/4HANA Training System

### Steps
- [ ] Produce lists of open orders, backorders, incomplete documents, deliveries by status, billing documents and documents blocked for billing
- [ ] Save layouts and variants

### Acceptance criteria
- Each list is produced with a saved layout

**Evidence required:** Document numbers + screenshots

**Document flow and impact:** Record the document flow, and for every delivery, goods issue and invoice write the stock change and the debit and credit lines.

**Troubleshooting:** Read the full message with its number. Record each error and its cause in the issue notes. If stuck for more than 30 minutes, set the status to Blocked and describe the blocker.

**Assessment:** Instructor verifies the acceptance criteria from the evidence and may ask for a live demonstration. Type: Transactions.

### Completion criteria
- Every step is done and every acceptance criterion is demonstrated
- Required evidence is attached to the issue
- Document flow and the logistics or accounting impact are written down where documents were created
- Actual time is logged against the issue
- Instructor Review is Approved and the status is Completed

**Estimated time:** 3 h

**Next task:** LAB-039","Reporting","V22.0 Fiori","MOD-37","LAB-037","3","L3 - Intermediate","Guided Lab","SAP S/4HANA Training System","Document numbers + screenshots","VA05; VL06O; VF05; V.15; V.23; V_UC","Sales Volume - Check Open Sales; Incoming Sales Orders; Sales Management Overview","Reporting","S/4HANA (ECC differences noted)","Same concept as ECC","Order to Cash","None","Level 3 - Advanced SD & Integration","S/4HANA","Transactions","0","Pending"
"LAB-039","LAB-039","Lab","Normal","[LAB-039] Analytics: sales volume, incoming orders and margin","**Objective:** Analytics: sales volume, incoming orders and margin

**Prerequisites:** LAB-038

**Concepts:** Sales volume; Revenue; Customer performance; Material performance; Order status; Delivery status; Billing status; Margin; Backorders; Credit exposure; Sales, customer, material, order, delivery and billing reports; Open orders; Revenue reports; S/4HANA analytical concepts

**Transaction codes:** MCTA; MCTC (SAP GUI; use the Fiori app for the same function where one exists)

**Fiori apps:** Sales Volume - Check Open Sales; Incoming Sales Orders; Sales Management Overview

**Business process:** Order to Cash

**Environment:** SAP S/4HANA Training System

### Steps
- [ ] Use the analytical apps for incoming orders, sales volume and open sales
- [ ] Drill down by customer, material and sales area
- [ ] Compare with classic information system reports
- [ ] Study embedded analytics concepts

### Acceptance criteria
- Customer and material performance are reported with drill-down

**Evidence required:** Document numbers + screenshots

**Document flow and impact:** Record the document flow, and for every delivery, goods issue and invoice write the stock change and the debit and credit lines.

**Troubleshooting:** Read the full message with its number. Record each error and its cause in the issue notes. If stuck for more than 30 minutes, set the status to Blocked and describe the blocker.

**Assessment:** Instructor verifies the acceptance criteria from the evidence and may ask for a live demonstration. Type: Transactions.

### Completion criteria
- Every step is done and every acceptance criterion is demonstrated
- Required evidence is attached to the issue
- Document flow and the logistics or accounting impact are written down where documents were created
- Actual time is logged against the issue
- Instructor Review is Approved and the status is Completed

**Estimated time:** 3 h

**Next task:** ASM-022","Reporting","V22.0 Fiori","MOD-37","LAB-038","3","L3 - Intermediate","Guided Lab","SAP S/4HANA Training System","Document numbers + screenshots","MCTA; MCTC","Sales Volume - Check Open Sales; Incoming Sales Orders; Sales Management Overview","Reporting","S/4HANA (ECC differences noted)","Same concept as ECC","Order to Cash","None","Level 3 - Advanced SD & Integration","S/4HANA","Transactions","0","Pending"
"ASM-022","ASM-022","Assessment","High","[ASM-022] Phase 22 assessment: Fiori and reporting","**Objective:** Phase 22 assessment: Fiori and reporting

**Prerequisites:** LAB-039

**Concepts:** Sales volume; Revenue; Customer performance; Material performance; Order status; Delivery status; Billing status; Margin; Backorders; Credit exposure; Sales, customer, material, order, delivery and billing reports; Open orders; Revenue reports; S/4HANA analytical concepts

**Fiori apps:** Sales Volume - Check Open Sales; Incoming Sales Orders; Sales Management Overview

**Business process:** Order to Cash

**Environment:** SAP S/4HANA Training System

### Steps
- [ ] Complete a role-based Fiori task set and deliver a reporting pack

### Acceptance criteria
- Score of 70 or higher

**Evidence required:** Scored result

**Document flow and impact:** Record the document flow, and for every delivery, goods issue and invoice write the stock change and the debit and credit lines.

**Troubleshooting:** Read the full message with its number. Record each error and its cause in the issue notes. If stuck for more than 30 minutes, set the status to Blocked and describe the blocker.

**Assessment:** Scored 0-100. Pass mark 70. Type: Fiori.

### Completion criteria
- Every step is done and every acceptance criterion is demonstrated
- Required evidence is attached to the issue
- Document flow and the logistics or accounting impact are written down where documents were created
- Actual time is logged against the issue
- Instructor Review is Approved and the status is Completed

**Estimated time:** 2 h

**Next task:** Last task of this module","Reporting","V22.0 Fiori","MOD-37","LAB-039","2","L3 - Intermediate","Assessment","SAP S/4HANA Training System","Scored result","","Sales Volume - Check Open Sales; Incoming Sales Orders; Sales Management Overview","Reporting","S/4HANA (ECC differences noted)","Same concept as ECC","Order to Cash","None","Level 3 - Advanced SD & Integration","S/4HANA","Fiori","0","Pending"
"REVIEW-22","REVIEW-22","Review","High","[REVIEW-22] Phase 22 gate review","**Objective:** Confirm that phase 22 (Fiori) is complete.

### Checklist
- [ ] Every issue of the phase is Completed
- [ ] Evidence is attached to every issue
- [ ] Time is logged
- [ ] Assessment score is 70 or higher
- [ ] Configuration document is up to date

**Assessment:** Instructor confirms the checklist and records the gate decision.

**Estimated time:** 1 h","","V22.0 Fiori","PHASE-22","LAB-037, ASM-022","1","","Review","","Instructor sign-off","","","","","","","","","","Review","0","Pending"
"PHASE-23","PHASE-23","Phase","Normal","[PHASE-23] Advanced ATP","Phase 23 of 30. Version: V23.0 Advanced ATP.

Modules: 1. Estimated hours: 28.

- MOD-38 Advanced Available-to-Promise

The phase closes with the gate review REVIEW-23.","","V23.0 Advanced ATP","EPIC","","","","","","","","","","","","","","","","","",""
"MOD-38","MOD-38","Module","Normal","[MOD-38] Advanced Available-to-Promise","**Topics:** Product availability check; Backorder processing; Product allocation; Alternative-based confirmation; Supply protection; Advanced ATP architecture; Classic ATP versus advanced ATP

**Transaction codes:** CO06; V_RA; MD04; CO09; VA02

**Fiori apps:** Configure BOP Segment; Configure BOP Variant; Schedule BOP Run; Monitor BOP Run; Configure Product Allocation; Manage Product Allocation Planning Data; Assign Product to Product Allocation; Configure Alternative Control; Review Availability Check Results

**Environment:** SAP S/4HANA Training System

**Tasks:** 11, 27 estimated hours.

- THY-048 Advanced ATP architecture and how it differs from classic ATP
- LAB-040 Product availability check in advanced ATP
- THY-049 Backorder processing: segments, variants and confirmation strategies
- LAB-041 Backorder processing run
- THY-050 Product allocation concepts
- LAB-042 Product allocation
- THY-051 Alternative-based confirmation and supply protection concepts
- LAB-043 Alternative-based confirmation walkthrough
- TSH-041 Scenario 41: order unconfirmed after a backorder run
- TSH-042 Scenario 42: order not confirmed although stock exists, product allocation exhausted
- ASM-023 Phase 23 assessment: advanced ATP","Advanced ATP","V23.0 Advanced ATP","PHASE-23","","","","","SAP S/4HANA Training System","","CO06; V_RA; MD04; CO09; VA02","Configure BOP Segment; Configure BOP Variant; Schedule BOP Run; Monitor BOP Run; Configure Product Allocation; Manage Product Allocation Planning Data; Assign Product to Product Allocation; Configure Alternative Control; Review Availability Check Results","Advanced ATP","S/4HANA (ECC differences noted)","New in S/4HANA","Order to Cash","MM","Level 4 - S/4HANA Sales Expert","S/4HANA","","",""
"THY-048","THY-048","Theory","Normal","[THY-048] Advanced ATP architecture and how it differs from classic ATP","**Objective:** Advanced ATP architecture and how it differs from classic ATP

**Prerequisites:** ASM-022, ASM-009

**Concepts:** Product availability check; Backorder processing; Product allocation; Alternative-based confirmation; Supply protection; Advanced ATP architecture; Classic ATP versus advanced ATP

**Fiori apps:** Configure BOP Segment; Configure BOP Variant; Schedule BOP Run; Monitor BOP Run; Configure Product Allocation; Manage Product Allocation Planning Data; Assign Product to Product Allocation; Configure Alternative Control; Review Availability Check Results

**Business process:** Order to Cash

**Environment:** SAP S/4HANA Training System

### Steps
- [ ] Study the building blocks: product availability check, backorder processing, product allocation, alternative-based confirmation and supply protection
- [ ] Study which parts need the advanced ATP licence and how the check is activated per checking group
- [ ] Compare with the classic check from phase 9

### Acceptance criteria
- Draws the building blocks and what each decides
- States what activates advanced ATP for a material

**Evidence required:** Notes

**Document flow and impact:** Record the document flow, and for every delivery, goods issue and invoice write the stock change and the debit and credit lines.

**Assessment:** Instructor checks the notes and asks short oral questions. Type: Short answer.

### Completion criteria
- Every step is done and every acceptance criterion is demonstrated
- Required evidence is attached to the issue
- Document flow and the logistics or accounting impact are written down where documents were created
- Actual time is logged against the issue
- Instructor Review is Approved and the status is Completed

**Estimated time:** 3 h

**Next task:** LAB-040","Advanced ATP","V23.0 Advanced ATP","MOD-38","ASM-022, ASM-009","3","L4 - Advanced","Theory","SAP S/4HANA Training System","Notes","","Configure BOP Segment; Configure BOP Variant; Schedule BOP Run; Monitor BOP Run; Configure Product Allocation; Manage Product Allocation Planning Data; Assign Product to Product Allocation; Configure Alternative Control; Review Availability Check Results","Advanced ATP","S/4HANA (ECC differences noted)","New in S/4HANA","Order to Cash","MM","Level 4 - S/4HANA Sales Expert","S/4HANA","Short answer","0","Pending"
"LAB-040","LAB-040","Lab","Normal","[LAB-040] Product availability check in advanced ATP","**Objective:** Product availability check in advanced ATP

**Prerequisites:** THY-048

**Concepts:** Product availability check; Backorder processing; Product allocation; Alternative-based confirmation; Supply protection; Advanced ATP architecture; Classic ATP versus advanced ATP

**Transaction codes:** VA01; CO09; MD04 (SAP GUI; use the Fiori app for the same function where one exists)

**Fiori apps:** Configure BOP Segment; Configure BOP Variant; Schedule BOP Run; Monitor BOP Run; Configure Product Allocation; Manage Product Allocation Planning Data; Assign Product to Product Allocation; Configure Alternative Control; Review Availability Check Results

**Business process:** Order to Cash

**Environment:** SAP S/4HANA Training System

### Steps
- [ ] Check how the availability check is activated for the checking group
- [ ] Create orders that confirm fully, partially and not at all
- [ ] Read the availability check result screen and the stock and requirements list

### Acceptance criteria
- Each confirmation is explained from stock, receipts and scope of check

**Evidence required:** Document numbers + screenshots

**Document flow and impact:** Record the document flow, and for every delivery, goods issue and invoice write the stock change and the debit and credit lines.

**Troubleshooting:** Read the full message with its number. Record each error and its cause in the issue notes. If stuck for more than 30 minutes, set the status to Blocked and describe the blocker.

**Assessment:** Instructor verifies the acceptance criteria from the evidence and may ask for a live demonstration. Type: Transactions.

### Completion criteria
- Every step is done and every acceptance criterion is demonstrated
- Required evidence is attached to the issue
- Document flow and the logistics or accounting impact are written down where documents were created
- Actual time is logged against the issue
- Instructor Review is Approved and the status is Completed

**Estimated time:** 3 h

**Next task:** THY-049","Advanced ATP","V23.0 Advanced ATP","MOD-38","THY-048","3","L4 - Advanced","Guided Lab","SAP S/4HANA Training System","Document numbers + screenshots","VA01; CO09; MD04","Configure BOP Segment; Configure BOP Variant; Schedule BOP Run; Monitor BOP Run; Configure Product Allocation; Manage Product Allocation Planning Data; Assign Product to Product Allocation; Configure Alternative Control; Review Availability Check Results","Advanced ATP","S/4HANA (ECC differences noted)","New in S/4HANA","Order to Cash","MM","Level 4 - S/4HANA Sales Expert","S/4HANA","Transactions","0","Pending"
"THY-049","THY-049","Theory","Normal","[THY-049] Backorder processing: segments, variants and confirmation strategies","**Objective:** Backorder processing: segments, variants and confirmation strategies

**Prerequisites:** LAB-040

**Concepts:** Product availability check; Backorder processing; Product allocation; Alternative-based confirmation; Supply protection; Advanced ATP architecture; Classic ATP versus advanced ATP

**Fiori apps:** Configure BOP Segment; Configure BOP Variant; Schedule BOP Run; Monitor BOP Run; Configure Product Allocation; Manage Product Allocation Planning Data; Assign Product to Product Allocation; Configure Alternative Control; Review Availability Check Results

**Business process:** Order to Cash

**Environment:** SAP S/4HANA Training System

### Steps
- [ ] Study the business need for redistributing confirmations
- [ ] Study segments as selections of requirements and variants as prioritised segments
- [ ] Study the strategies win, gain, redistribute, fill and lose
- [ ] Compare with classic rescheduling and manual backorder processing

### Acceptance criteria
- Explains each of the five strategies with an example
- Says when a requirement can lose its confirmation

**Evidence required:** Notes

**Document flow and impact:** Record the document flow, and for every delivery, goods issue and invoice write the stock change and the debit and credit lines.

**Assessment:** Instructor checks the notes and asks short oral questions. Type: Short answer.

### Completion criteria
- Every step is done and every acceptance criterion is demonstrated
- Required evidence is attached to the issue
- Document flow and the logistics or accounting impact are written down where documents were created
- Actual time is logged against the issue
- Instructor Review is Approved and the status is Completed

**Estimated time:** 3 h

**Next task:** LAB-041","Advanced ATP","V23.0 Advanced ATP","MOD-38","LAB-040","3","L4 - Advanced","Theory","SAP S/4HANA Training System","Notes","","Configure BOP Segment; Configure BOP Variant; Schedule BOP Run; Monitor BOP Run; Configure Product Allocation; Manage Product Allocation Planning Data; Assign Product to Product Allocation; Configure Alternative Control; Review Availability Check Results","Advanced ATP","S/4HANA (ECC differences noted)","New in S/4HANA","Order to Cash","MM","Level 4 - S/4HANA Sales Expert","S/4HANA","Short answer","0","Pending"
"LAB-041","LAB-041","Lab","Normal","[LAB-041] Backorder processing run","**Objective:** Backorder processing run

**Prerequisites:** THY-049

**Concepts:** Product availability check; Backorder processing; Product allocation; Alternative-based confirmation; Supply protection; Advanced ATP architecture; Classic ATP versus advanced ATP

**Transaction codes:** CO06; V_RA (SAP GUI; use the Fiori app for the same function where one exists)

**Fiori apps:** Configure BOP Segment; Configure BOP Variant; Schedule BOP Run; Monitor BOP Run; Configure Product Allocation; Manage Product Allocation Planning Data; Assign Product to Product Allocation; Configure Alternative Control; Review Availability Check Results

**Business process:** Order to Cash

**Environment:** SAP S/4HANA Training System

### Steps
- [ ] Create competing orders for scarce stock from three customers
- [ ] Define segments for priority, normal and low customers
- [ ] Build a variant with win, redistribute and lose
- [ ] Simulate, then run and monitor the result
- [ ] Repeat the reallocation once with classic manual backorder processing

### Acceptance criteria
- Confirmations move to the priority customer as designed
- Monitor result is explained order by order

**Evidence required:** Document numbers + screenshots

**Document flow and impact:** Record the document flow, and for every delivery, goods issue and invoice write the stock change and the debit and credit lines.

**Troubleshooting:** Read the full message with its number. Record each error and its cause in the issue notes. If stuck for more than 30 minutes, set the status to Blocked and describe the blocker.

**Assessment:** Instructor verifies the acceptance criteria from the evidence and may ask for a live demonstration. Type: Transactions.

### Completion criteria
- Every step is done and every acceptance criterion is demonstrated
- Required evidence is attached to the issue
- Document flow and the logistics or accounting impact are written down where documents were created
- Actual time is logged against the issue
- Instructor Review is Approved and the status is Completed

**Estimated time:** 4 h

**Next task:** THY-050","Advanced ATP","V23.0 Advanced ATP","MOD-38","THY-049","4","L4 - Advanced","Guided Lab","SAP S/4HANA Training System","Document numbers + screenshots","CO06; V_RA","Configure BOP Segment; Configure BOP Variant; Schedule BOP Run; Monitor BOP Run; Configure Product Allocation; Manage Product Allocation Planning Data; Assign Product to Product Allocation; Configure Alternative Control; Review Availability Check Results","Advanced ATP","S/4HANA (ECC differences noted)","New in S/4HANA","Order to Cash","MM","Level 4 - S/4HANA Sales Expert","S/4HANA","Transactions","0","Pending"
"THY-050","THY-050","Theory","Normal","[THY-050] Product allocation concepts","**Objective:** Product allocation concepts

**Prerequisites:** LAB-041

**Concepts:** Product availability check; Backorder processing; Product allocation; Alternative-based confirmation; Supply protection; Advanced ATP architecture; Classic ATP versus advanced ATP

**Fiori apps:** Configure BOP Segment; Configure BOP Variant; Schedule BOP Run; Monitor BOP Run; Configure Product Allocation; Manage Product Allocation Planning Data; Assign Product to Product Allocation; Configure Alternative Control; Review Availability Check Results

**Business process:** Order to Cash

**Environment:** SAP S/4HANA Training System

### Steps
- [ ] Study why scarce products are rationed by customer, region or channel
- [ ] Study allocation objects, characteristics, periods and planned quantities
- [ ] Study the sequence of allocation and availability check and consumption across periods

### Acceptance criteria
- Explains how an order can be unconfirmed although stock exists

**Evidence required:** Notes

**Document flow and impact:** Record the document flow, and for every delivery, goods issue and invoice write the stock change and the debit and credit lines.

**Assessment:** Instructor checks the notes and asks short oral questions. Type: Short answer.

### Completion criteria
- Every step is done and every acceptance criterion is demonstrated
- Required evidence is attached to the issue
- Document flow and the logistics or accounting impact are written down where documents were created
- Actual time is logged against the issue
- Instructor Review is Approved and the status is Completed

**Estimated time:** 2 h

**Next task:** LAB-042","Advanced ATP","V23.0 Advanced ATP","MOD-38","LAB-041","2","L4 - Advanced","Theory","SAP S/4HANA Training System","Notes","","Configure BOP Segment; Configure BOP Variant; Schedule BOP Run; Monitor BOP Run; Configure Product Allocation; Manage Product Allocation Planning Data; Assign Product to Product Allocation; Configure Alternative Control; Review Availability Check Results","Advanced ATP","S/4HANA (ECC differences noted)","New in S/4HANA","Order to Cash","MM","Level 4 - S/4HANA Sales Expert","S/4HANA","Short answer","0","Pending"
"LAB-042","LAB-042","Lab","Normal","[LAB-042] Product allocation","**Objective:** Product allocation

**Prerequisites:** THY-050

**Concepts:** Product availability check; Backorder processing; Product allocation; Alternative-based confirmation; Supply protection; Advanced ATP architecture; Classic ATP versus advanced ATP

**Transaction codes:** VA01; VA02 (SAP GUI; use the Fiori app for the same function where one exists)

**Fiori apps:** Configure BOP Segment; Configure BOP Variant; Schedule BOP Run; Monitor BOP Run; Configure Product Allocation; Manage Product Allocation Planning Data; Assign Product to Product Allocation; Configure Alternative Control; Review Availability Check Results

**Business process:** Order to Cash

**Environment:** SAP S/4HANA Training System

### Steps
- [ ] Configure a product allocation object by customer group and month
- [ ] Maintain planning data
- [ ] Assign the material
- [ ] Create orders that stay inside and that exceed the allocation
- [ ] Change planning data and recheck

### Acceptance criteria
- Order beyond allocation is confirmed only up to the allocated quantity
- Consumption is shown in the allocation data

**Evidence required:** Document numbers + screenshots

**Document flow and impact:** Record the document flow, and for every delivery, goods issue and invoice write the stock change and the debit and credit lines.

**Troubleshooting:** Read the full message with its number. Record each error and its cause in the issue notes. If stuck for more than 30 minutes, set the status to Blocked and describe the blocker.

**Assessment:** Instructor verifies the acceptance criteria from the evidence and may ask for a live demonstration. Type: Transactions.

### Completion criteria
- Every step is done and every acceptance criterion is demonstrated
- Required evidence is attached to the issue
- Document flow and the logistics or accounting impact are written down where documents were created
- Actual time is logged against the issue
- Instructor Review is Approved and the status is Completed

**Estimated time:** 4 h

**Next task:** THY-051","Advanced ATP","V23.0 Advanced ATP","MOD-38","THY-050","4","L4 - Advanced","Guided Lab","SAP S/4HANA Training System","Document numbers + screenshots","VA01; VA02","Configure BOP Segment; Configure BOP Variant; Schedule BOP Run; Monitor BOP Run; Configure Product Allocation; Manage Product Allocation Planning Data; Assign Product to Product Allocation; Configure Alternative Control; Review Availability Check Results","Advanced ATP","S/4HANA (ECC differences noted)","New in S/4HANA","Order to Cash","MM","Level 4 - S/4HANA Sales Expert","S/4HANA","Transactions","0","Pending"
"THY-051","THY-051","Theory","Normal","[THY-051] Alternative-based confirmation and supply protection concepts","**Objective:** Alternative-based confirmation and supply protection concepts

**Prerequisites:** LAB-042

**Concepts:** Product availability check; Backorder processing; Product allocation; Alternative-based confirmation; Supply protection; Advanced ATP architecture; Classic ATP versus advanced ATP

**Fiori apps:** Configure BOP Segment; Configure BOP Variant; Schedule BOP Run; Monitor BOP Run; Configure Product Allocation; Manage Product Allocation Planning Data; Assign Product to Product Allocation; Configure Alternative Control; Review Availability Check Results

**Business process:** Order to Cash

**Environment:** SAP S/4HANA Training System

### Steps
- [ ] Study confirming from an alternative plant and substituting a product
- [ ] Study alternative control and substitution strategy
- [ ] Study supply protection as reserved quantity for groups of demand

### Acceptance criteria
- Explains when an alternative plant is proposed and what it changes in the order

**Evidence required:** Notes

**Document flow and impact:** Record the document flow, and for every delivery, goods issue and invoice write the stock change and the debit and credit lines.

**Assessment:** Instructor checks the notes and asks short oral questions. Type: Short answer.

### Completion criteria
- Every step is done and every acceptance criterion is demonstrated
- Required evidence is attached to the issue
- Document flow and the logistics or accounting impact are written down where documents were created
- Actual time is logged against the issue
- Instructor Review is Approved and the status is Completed

**Estimated time:** 2 h

**Next task:** LAB-043","Advanced ATP","V23.0 Advanced ATP","MOD-38","LAB-042","2","L4 - Advanced","Theory","SAP S/4HANA Training System","Notes","","Configure BOP Segment; Configure BOP Variant; Schedule BOP Run; Monitor BOP Run; Configure Product Allocation; Manage Product Allocation Planning Data; Assign Product to Product Allocation; Configure Alternative Control; Review Availability Check Results","Advanced ATP","S/4HANA (ECC differences noted)","New in S/4HANA","Order to Cash","MM","Level 4 - S/4HANA Sales Expert","S/4HANA","Short answer","0","Pending"
"LAB-043","LAB-043","Lab","Normal","[LAB-043] Alternative-based confirmation walkthrough","**Objective:** Alternative-based confirmation walkthrough

**Prerequisites:** THY-051

**Concepts:** Product availability check; Backorder processing; Product allocation; Alternative-based confirmation; Supply protection; Advanced ATP architecture; Classic ATP versus advanced ATP

**Transaction codes:** VA01; MD04 (SAP GUI; use the Fiori app for the same function where one exists)

**Fiori apps:** Configure BOP Segment; Configure BOP Variant; Schedule BOP Run; Monitor BOP Run; Configure Product Allocation; Manage Product Allocation Planning Data; Assign Product to Product Allocation; Configure Alternative Control; Review Availability Check Results

**Business process:** Order to Cash

**Environment:** SAP S/4HANA Training System

### Steps
- [ ] Create stock in a second plant only
- [ ] Configure alternative control for the sales area and material
- [ ] Create an order in the first plant and review the alternative proposed
- [ ] Document what would be needed if the system lacks the function

### Acceptance criteria
- Order is confirmed from the alternative plant or the missing prerequisite is documented

**Evidence required:** Document numbers + screenshots

**Document flow and impact:** Record the document flow, and for every delivery, goods issue and invoice write the stock change and the debit and credit lines.

**Troubleshooting:** Read the full message with its number. Record each error and its cause in the issue notes. If stuck for more than 30 minutes, set the status to Blocked and describe the blocker.

**Assessment:** Instructor verifies the acceptance criteria from the evidence and may ask for a live demonstration. Type: Transactions.

### Completion criteria
- Every step is done and every acceptance criterion is demonstrated
- Required evidence is attached to the issue
- Document flow and the logistics or accounting impact are written down where documents were created
- Actual time is logged against the issue
- Instructor Review is Approved and the status is Completed

**Estimated time:** 2 h

**Next task:** TSH-041","Advanced ATP","V23.0 Advanced ATP","MOD-38","THY-051","2","L4 - Advanced","Guided Lab","SAP S/4HANA Training System","Document numbers + screenshots","VA01; MD04","Configure BOP Segment; Configure BOP Variant; Schedule BOP Run; Monitor BOP Run; Configure Product Allocation; Manage Product Allocation Planning Data; Assign Product to Product Allocation; Configure Alternative Control; Review Availability Check Results","Advanced ATP","S/4HANA (ECC differences noted)","New in S/4HANA","Order to Cash","MM","Level 4 - S/4HANA Sales Expert","S/4HANA","Transactions","0","Pending"
"TSH-041","TSH-041","Troubleshooting","Normal","[TSH-041] Scenario 41: order unconfirmed after a backorder run","**Objective:** Scenario 41: order unconfirmed after a backorder run

**Prerequisites:** LAB-043

**Concepts:** Product availability check; Backorder processing; Product allocation; Alternative-based confirmation; Supply protection; Advanced ATP architecture; Classic ATP versus advanced ATP

**Transaction codes:** CO06; V_RA; MD04; CO09; VA02 (SAP GUI; use the Fiori app for the same function where one exists)

**Fiori apps:** Configure BOP Segment; Configure BOP Variant; Schedule BOP Run; Monitor BOP Run; Configure Product Allocation; Manage Product Allocation Planning Data; Assign Product to Product Allocation; Configure Alternative Control; Review Availability Check Results

**Business process:** Order to Cash

**Environment:** SAP S/4HANA Training System

### Steps
- [ ] Reproduce the error in the training client (instructor-prepared)
- [ ] Record the exact message number and text, and the business impact
- [ ] Check the segment and variant the order fell into and the strategy applied
- [ ] Apply the fix
- [ ] Re-run the original transaction to validate
- [ ] Write the eight-section report: problem, business impact, evidence, root cause, configuration, fix, validation, prevention

### Acceptance criteria
- The original transaction now works
- Root cause is shown in configuration or master data
- Report has all eight sections

**Evidence required:** Root cause report

**Document flow and impact:** Record the document flow, and for every delivery, goods issue and invoice write the stock change and the debit and credit lines.

**Assessment:** Instructor grades the eight-section report. Type: Configuration decisions.

### Completion criteria
- Every step is done and every acceptance criterion is demonstrated
- Required evidence is attached to the issue
- Document flow and the logistics or accounting impact are written down where documents were created
- Actual time is logged against the issue
- Instructor Review is Approved and the status is Completed

**Estimated time:** 1 h

**Next task:** TSH-042","Advanced ATP","V23.0 Advanced ATP","MOD-38","LAB-043","1","L4 - Advanced","Troubleshooting","SAP S/4HANA Training System","Root cause report","CO06; V_RA; MD04; CO09; VA02","Configure BOP Segment; Configure BOP Variant; Schedule BOP Run; Monitor BOP Run; Configure Product Allocation; Manage Product Allocation Planning Data; Assign Product to Product Allocation; Configure Alternative Control; Review Availability Check Results","Advanced ATP","S/4HANA (ECC differences noted)","New in S/4HANA","Order to Cash","MM","Level 4 - S/4HANA Sales Expert","S/4HANA","Configuration decisions","0","Pending"
"TSH-042","TSH-042","Troubleshooting","Normal","[TSH-042] Scenario 42: order not confirmed although stock exists, product allocation exhausted","**Objective:** Scenario 42: order not confirmed although stock exists, product allocation exhausted

**Prerequisites:** TSH-041

**Concepts:** Product availability check; Backorder processing; Product allocation; Alternative-based confirmation; Supply protection; Advanced ATP architecture; Classic ATP versus advanced ATP

**Transaction codes:** CO06; V_RA; MD04; CO09; VA02 (SAP GUI; use the Fiori app for the same function where one exists)

**Fiori apps:** Configure BOP Segment; Configure BOP Variant; Schedule BOP Run; Monitor BOP Run; Configure Product Allocation; Manage Product Allocation Planning Data; Assign Product to Product Allocation; Configure Alternative Control; Review Availability Check Results

**Business process:** Order to Cash

**Environment:** SAP S/4HANA Training System

### Steps
- [ ] Reproduce the error in the training client (instructor-prepared)
- [ ] Record the exact message number and text, and the business impact
- [ ] Check the allocation object, characteristic combination and period consumption
- [ ] Apply the fix
- [ ] Re-run the original transaction to validate
- [ ] Write the eight-section report: problem, business impact, evidence, root cause, configuration, fix, validation, prevention

### Acceptance criteria
- The original transaction now works
- Root cause is shown in configuration or master data
- Report has all eight sections

**Evidence required:** Root cause report

**Document flow and impact:** Record the document flow, and for every delivery, goods issue and invoice write the stock change and the debit and credit lines.

**Assessment:** Instructor grades the eight-section report. Type: Configuration decisions.

### Completion criteria
- Every step is done and every acceptance criterion is demonstrated
- Required evidence is attached to the issue
- Document flow and the logistics or accounting impact are written down where documents were created
- Actual time is logged against the issue
- Instructor Review is Approved and the status is Completed

**Estimated time:** 1 h

**Next task:** ASM-023","Advanced ATP","V23.0 Advanced ATP","MOD-38","TSH-041","1","L4 - Advanced","Troubleshooting","SAP S/4HANA Training System","Root cause report","CO06; V_RA; MD04; CO09; VA02","Configure BOP Segment; Configure BOP Variant; Schedule BOP Run; Monitor BOP Run; Configure Product Allocation; Manage Product Allocation Planning Data; Assign Product to Product Allocation; Configure Alternative Control; Review Availability Check Results","Advanced ATP","S/4HANA (ECC differences noted)","New in S/4HANA","Order to Cash","MM","Level 4 - S/4HANA Sales Expert","S/4HANA","Configuration decisions","0","Pending"
"ASM-023","ASM-023","Assessment","High","[ASM-023] Phase 23 assessment: advanced ATP","**Objective:** Phase 23 assessment: advanced ATP

**Prerequisites:** TSH-042

**Concepts:** Product availability check; Backorder processing; Product allocation; Alternative-based confirmation; Supply protection; Advanced ATP architecture; Classic ATP versus advanced ATP

**Fiori apps:** Configure BOP Segment; Configure BOP Variant; Schedule BOP Run; Monitor BOP Run; Configure Product Allocation; Manage Product Allocation Planning Data; Assign Product to Product Allocation; Configure Alternative Control; Review Availability Check Results

**Business process:** Order to Cash

**Environment:** SAP S/4HANA Training System

### Steps
- [ ] Design the allocation and backorder rules for a shortage case and justify each rule

### Acceptance criteria
- Score of 70 or higher

**Evidence required:** Scored result

**Document flow and impact:** Record the document flow, and for every delivery, goods issue and invoice write the stock change and the debit and credit lines.

**Troubleshooting:** Read the full message with its number. Record each error and its cause in the issue notes. If stuck for more than 30 minutes, set the status to Blocked and describe the blocker.

**Assessment:** Scored 0-100. Pass mark 70. Type: Configuration decisions.

### Completion criteria
- Every step is done and every acceptance criterion is demonstrated
- Required evidence is attached to the issue
- Document flow and the logistics or accounting impact are written down where documents were created
- Actual time is logged against the issue
- Instructor Review is Approved and the status is Completed

**Estimated time:** 2 h

**Next task:** Last task of this module","Advanced ATP","V23.0 Advanced ATP","MOD-38","TSH-042","2","L4 - Advanced","Assessment","SAP S/4HANA Training System","Scored result","","Configure BOP Segment; Configure BOP Variant; Schedule BOP Run; Monitor BOP Run; Configure Product Allocation; Manage Product Allocation Planning Data; Assign Product to Product Allocation; Configure Alternative Control; Review Availability Check Results","Advanced ATP","S/4HANA (ECC differences noted)","New in S/4HANA","Order to Cash","MM","Level 4 - S/4HANA Sales Expert","S/4HANA","Configuration decisions","0","Pending"
"REVIEW-23","REVIEW-23","Review","High","[REVIEW-23] Phase 23 gate review","**Objective:** Confirm that phase 23 (Advanced ATP) is complete.

### Checklist
- [ ] Every issue of the phase is Completed
- [ ] Evidence is attached to every issue
- [ ] Time is logged
- [ ] Assessment score is 70 or higher
- [ ] Configuration document is up to date

**Assessment:** Instructor confirms the checklist and records the gate decision.

**Estimated time:** 1 h","","V23.0 Advanced ATP","PHASE-23","ASM-023","1","","Review","","Instructor sign-off","","","","","","","","","","Review","0","Pending"
"PHASE-24","PHASE-24","Phase","Normal","[PHASE-24] Advanced Pricing","Phase 24 of 30. Version: V24.0 Advanced Pricing.

Modules: 2. Estimated hours: 44.

- MOD-39 Advanced Pricing
- MOD-40 Advanced Pricing Project

The phase closes with the gate review REVIEW-24.","","V24.0 Advanced Pricing","EPIC","","","","","","","","","","","","","","","","","",""
"MOD-39","MOD-39","Module","Normal","[MOD-39] Advanced Pricing","**Topics:** Customer discounts; Material discounts; Customer/material pricing; Quantity discounts and scales; Promotional pricing; Freight; Taxes; Manual pricing; Statistical conditions; Accrual conditions; Condition exclusion; Condition supplements; Group conditions; Free goods; Pricing dates and validity

**Transaction codes:** V/06; V/07; V/08; OVKK; VK11; VK12; VK13; VK31; VB21; VB31; VBN1; V/LD; OV31; OV32; VOFM

**Fiori apps:** Manage Prices - Sales; Set Material Prices - Sales; Manage Customer-Material Prices

**Environment:** SAP S/4HANA Training System

**Tasks:** 11, 26 estimated hours.

- THY-052 How consultants design pricing: from price list to pricing procedure
- PRICE-003 Customer discounts, material discounts and customer/material prices
- PRICE-004 Quantity discounts, scales and group conditions
- PRICE-005 Promotional pricing, sales deals and free goods
- CFG-027 Freight, surcharges and manual conditions with limits
- CFG-028 Statistical and accrual conditions
- CFG-029 Condition exclusion and condition supplements
- CFG-030 Requirements, formulas and pricing type in copy control
- TSH-043 Scenario 43: discount not applied although a record exists
- TSH-044 Scenario 44: condition is found twice or the net value is wrong
- TSH-045 Scenario 45: manual price change is refused or lost on billing","Pricing","V24.0 Advanced Pricing","PHASE-24","","","","","SAP S/4HANA Training System","","V/06; V/07; V/08; OVKK; VK11; VK12; VK13; VK31; VB21; VB31; VBN1; V/LD; OV31; OV32; VOFM","Manage Prices - Sales; Set Material Prices - Sales; Manage Customer-Material Prices","Pricing","S/4HANA (ECC differences noted)","Same concept as ECC","Order to Cash","FI","Level 3 - Advanced SD & Integration","SD","","",""
"THY-052","THY-052","Theory","Normal","[THY-052] How consultants design pricing: from price list to pricing procedure","**Objective:** How consultants design pricing: from price list to pricing procedure

**Prerequisites:** ASM-023, ASM-008, ASM-018

**Concepts:** Customer discounts; Material discounts; Customer/material pricing; Quantity discounts and scales; Promotional pricing; Freight; Taxes; Manual pricing; Statistical conditions; Accrual conditions; Condition exclusion; Condition supplements; Group conditions; Free goods; Pricing dates and validity

**Fiori apps:** Manage Prices - Sales; Set Material Prices - Sales; Manage Customer-Material Prices

**Business process:** Order to Cash

**Environment:** SAP S/4HANA Training System

### Steps
- [ ] Study a real price agreement and split it into base price, discounts, surcharges, freight and tax
- [ ] Map each element to a condition type, access sequence and condition table
- [ ] Study calculation type, scale basis, condition class and plus or minus sign
- [ ] Study the columns of the pricing procedure: from and to step, manual, required, statistical, subtotal, requirement, formulas, account key and accrual key

### Acceptance criteria
- Maps a written price agreement to condition types and tables
- Explains every column of the procedure

**Evidence required:** Notes

**Document flow and impact:** Record the document flow, and for every delivery, goods issue and invoice write the stock change and the debit and credit lines.

**Assessment:** Instructor checks the notes and asks short oral questions. Type: Short answer.

### Completion criteria
- Every step is done and every acceptance criterion is demonstrated
- Required evidence is attached to the issue
- Document flow and the logistics or accounting impact are written down where documents were created
- Actual time is logged against the issue
- Instructor Review is Approved and the status is Completed

**Estimated time:** 3 h

**Next task:** PRICE-003","Pricing","V24.0 Advanced Pricing","MOD-39","ASM-023, ASM-008, ASM-018","3","L4 - Advanced","Theory","SAP S/4HANA Training System","Notes","","Manage Prices - Sales; Set Material Prices - Sales; Manage Customer-Material Prices","Pricing","S/4HANA (ECC differences noted)","Same concept as ECC","Order to Cash","FI","Level 3 - Advanced SD & Integration","SD","Short answer","0","Pending"
"PRICE-003","PRICE-003","Pricing","Normal","[PRICE-003] Customer discounts, material discounts and customer/material prices","**Objective:** Customer discounts, material discounts and customer/material prices

**Prerequisites:** THY-052

**Concepts:** Customer discounts; Material discounts; Customer/material pricing; Quantity discounts and scales; Promotional pricing; Freight; Taxes; Manual pricing; Statistical conditions; Accrual conditions; Condition exclusion; Condition supplements; Group conditions; Free goods; Pricing dates and validity

**Transaction codes:** VK11; VK13; V/07 (SAP GUI; use the Fiori app for the same function where one exists)

**Fiori apps:** Manage Prices - Sales; Set Material Prices - Sales; Manage Customer-Material Prices

**Business process:** Order to Cash

**Environment:** SAP S/4HANA Training System

### Steps
- [ ] Create a material price, a customer-specific price, a customer discount, a material discount and a price group discount
- [ ] Create orders showing which record wins in each access
- [ ] Read the pricing analysis for each condition

### Acceptance criteria
- Each condition value is explained from the access sequence

**Evidence required:** Document numbers + screenshots

**Document flow and impact:** Record the document flow, and for every delivery, goods issue and invoice write the stock change and the debit and credit lines.

**Troubleshooting:** Read the full message with its number. Record each error and its cause in the issue notes. If stuck for more than 30 minutes, set the status to Blocked and describe the blocker.

**Assessment:** Instructor checks the condition values against a hand calculation and the pricing analysis. Type: Configuration.

### Completion criteria
- Every step is done and every acceptance criterion is demonstrated
- Required evidence is attached to the issue
- Document flow and the logistics or accounting impact are written down where documents were created
- Actual time is logged against the issue
- Instructor Review is Approved and the status is Completed

**Estimated time:** 3 h

**Next task:** PRICE-004","Pricing","V24.0 Advanced Pricing","MOD-39","THY-052","3","L4 - Advanced","Business Process","SAP S/4HANA Training System","Document numbers + screenshots","VK11; VK13; V/07","Manage Prices - Sales; Set Material Prices - Sales; Manage Customer-Material Prices","Pricing","S/4HANA (ECC differences noted)","Same concept as ECC","Order to Cash","FI","Level 3 - Advanced SD & Integration","SD","Configuration","0","Pending"
"PRICE-004","PRICE-004","Pricing","Normal","[PRICE-004] Quantity discounts, scales and group conditions","**Objective:** Quantity discounts, scales and group conditions

**Prerequisites:** PRICE-003

**Concepts:** Customer discounts; Material discounts; Customer/material pricing; Quantity discounts and scales; Promotional pricing; Freight; Taxes; Manual pricing; Statistical conditions; Accrual conditions; Condition exclusion; Condition supplements; Group conditions; Free goods; Pricing dates and validity

**Transaction codes:** VK11; V/06 (SAP GUI; use the Fiori app for the same function where one exists)

**Fiori apps:** Manage Prices - Sales; Set Material Prices - Sales; Manage Customer-Material Prices

**Business process:** Order to Cash

**Environment:** SAP S/4HANA Training System

### Steps
- [ ] Maintain value, quantity and weight scales
- [ ] Maintain graduated scales
- [ ] Configure a group condition and show accumulation across items
- [ ] Test scale boundaries

### Acceptance criteria
- Scale values are correct on both sides of each boundary
- Group condition uses the total across items

**Evidence required:** Document numbers + screenshots

**Document flow and impact:** Record the document flow, and for every delivery, goods issue and invoice write the stock change and the debit and credit lines.

**Troubleshooting:** Read the full message with its number. Record each error and its cause in the issue notes. If stuck for more than 30 minutes, set the status to Blocked and describe the blocker.

**Assessment:** Instructor checks the condition values against a hand calculation and the pricing analysis. Type: Configuration.

### Completion criteria
- Every step is done and every acceptance criterion is demonstrated
- Required evidence is attached to the issue
- Document flow and the logistics or accounting impact are written down where documents were created
- Actual time is logged against the issue
- Instructor Review is Approved and the status is Completed

**Estimated time:** 3 h

**Next task:** PRICE-005","Pricing","V24.0 Advanced Pricing","MOD-39","PRICE-003","3","L4 - Advanced","Business Process","SAP S/4HANA Training System","Document numbers + screenshots","VK11; V/06","Manage Prices - Sales; Set Material Prices - Sales; Manage Customer-Material Prices","Pricing","S/4HANA (ECC differences noted)","Same concept as ECC","Order to Cash","FI","Level 3 - Advanced SD & Integration","SD","Configuration","0","Pending"
"PRICE-005","PRICE-005","Pricing","Normal","[PRICE-005] Promotional pricing, sales deals and free goods","**Objective:** Promotional pricing, sales deals and free goods

**Prerequisites:** PRICE-004

**Concepts:** Customer discounts; Material discounts; Customer/material pricing; Quantity discounts and scales; Promotional pricing; Freight; Taxes; Manual pricing; Statistical conditions; Accrual conditions; Condition exclusion; Condition supplements; Group conditions; Free goods; Pricing dates and validity

**Transaction codes:** VB31; VB21; VBN1 (SAP GUI; use the Fiori app for the same function where one exists)

**Fiori apps:** Manage Prices - Sales; Set Material Prices - Sales; Manage Customer-Material Prices

**Business process:** Order to Cash

**Environment:** SAP S/4HANA Training System

### Steps
- [ ] Create a promotion and a sales deal with condition records and validity
- [ ] Create inclusive and exclusive free goods
- [ ] Test orders inside and outside the validity period and check the pricing date

### Acceptance criteria
- Promotional price applies only inside validity
- Free goods item is created with the right item category

**Evidence required:** Document numbers + screenshots

**Document flow and impact:** Record the document flow, and for every delivery, goods issue and invoice write the stock change and the debit and credit lines.

**Troubleshooting:** Read the full message with its number. Record each error and its cause in the issue notes. If stuck for more than 30 minutes, set the status to Blocked and describe the blocker.

**Assessment:** Instructor checks the condition values against a hand calculation and the pricing analysis. Type: Configuration.

### Completion criteria
- Every step is done and every acceptance criterion is demonstrated
- Required evidence is attached to the issue
- Document flow and the logistics or accounting impact are written down where documents were created
- Actual time is logged against the issue
- Instructor Review is Approved and the status is Completed

**Estimated time:** 3 h

**Next task:** CFG-027","Pricing","V24.0 Advanced Pricing","MOD-39","PRICE-004","3","L4 - Advanced","Business Process","SAP S/4HANA Training System","Document numbers + screenshots","VB31; VB21; VBN1","Manage Prices - Sales; Set Material Prices - Sales; Manage Customer-Material Prices","Pricing","S/4HANA (ECC differences noted)","Same concept as ECC","Order to Cash","FI","Level 3 - Advanced SD & Integration","SD","Configuration","0","Pending"
"CFG-027","CFG-027","Configuration","Normal","[CFG-027] Freight, surcharges and manual conditions with limits","**Objective:** Freight, surcharges and manual conditions with limits

**Prerequisites:** PRICE-005

**Concepts:** Customer discounts; Material discounts; Customer/material pricing; Quantity discounts and scales; Promotional pricing; Freight; Taxes; Manual pricing; Statistical conditions; Accrual conditions; Condition exclusion; Condition supplements; Group conditions; Free goods; Pricing dates and validity

**Transaction codes:** V/06; VK11 (SAP GUI; use the Fiori app for the same function where one exists)

**Fiori apps:** Manage Prices - Sales; Set Material Prices - Sales; Manage Customer-Material Prices

**Business process:** Order to Cash

**Environment:** SAP S/4HANA Training System

### Steps
- [ ] Configure header and item freight conditions
- [ ] Distribute a header freight to items
- [ ] Allow a manual discount with upper and lower limits
- [ ] Test a manual entry beyond the limit

### Acceptance criteria
- Header freight is distributed by value or weight as designed
- Manual discount beyond the limit is refused

**Evidence required:** Configuration document entry

**Document flow and impact:** Record the document flow, and for every delivery, goods issue and invoice write the stock change and the debit and credit lines.

**Troubleshooting:** Read the full message with its number. Record each error and its cause in the issue notes. If stuck for more than 30 minutes, set the status to Blocked and describe the blocker.

**Documentation:** Add the setting, its values and the business reason to your configuration document.

**Assessment:** Instructor checks the setting, its test document and the documented business reason. Type: Configuration.

### Completion criteria
- Every step is done and every acceptance criterion is demonstrated
- Required evidence is attached to the issue
- Document flow and the logistics or accounting impact are written down where documents were created
- Actual time is logged against the issue
- Instructor Review is Approved and the status is Completed

**Estimated time:** 3 h

**Next task:** CFG-028","Pricing","V24.0 Advanced Pricing","MOD-39","PRICE-005","3","L4 - Advanced","Configuration","SAP S/4HANA Training System","Configuration document entry","V/06; VK11","Manage Prices - Sales; Set Material Prices - Sales; Manage Customer-Material Prices","Pricing","S/4HANA (ECC differences noted)","Same concept as ECC","Order to Cash","FI","Level 3 - Advanced SD & Integration","SD","Configuration","0","Pending"
"CFG-028","CFG-028","Configuration","Normal","[CFG-028] Statistical and accrual conditions","**Objective:** Statistical and accrual conditions

**Prerequisites:** CFG-027

**Concepts:** Customer discounts; Material discounts; Customer/material pricing; Quantity discounts and scales; Promotional pricing; Freight; Taxes; Manual pricing; Statistical conditions; Accrual conditions; Condition exclusion; Condition supplements; Group conditions; Free goods; Pricing dates and validity

**Transaction codes:** V/08; VF03 (SAP GUI; use the Fiori app for the same function where one exists)

**Fiori apps:** Manage Prices - Sales; Set Material Prices - Sales; Manage Customer-Material Prices

**Business process:** Order to Cash

**Environment:** SAP S/4HANA Training System

### Steps
- [ ] Add cost and a profit margin subtotal as statistical lines
- [ ] Configure an accrual condition with account key and accrual key
- [ ] Bill and show which lines post to accounting and which do not

### Acceptance criteria
- Statistical lines do not post
- Accrual posts to expense and provision accounts

**Evidence required:** Configuration document entry

**Document flow and impact:** Record the document flow, and for every delivery, goods issue and invoice write the stock change and the debit and credit lines.

**Troubleshooting:** Read the full message with its number. Record each error and its cause in the issue notes. If stuck for more than 30 minutes, set the status to Blocked and describe the blocker.

**Documentation:** Add the setting, its values and the business reason to your configuration document.

**Assessment:** Instructor checks the setting, its test document and the documented business reason. Type: Configuration.

### Completion criteria
- Every step is done and every acceptance criterion is demonstrated
- Required evidence is attached to the issue
- Document flow and the logistics or accounting impact are written down where documents were created
- Actual time is logged against the issue
- Instructor Review is Approved and the status is Completed

**Estimated time:** 3 h

**Next task:** CFG-029","Pricing","V24.0 Advanced Pricing","MOD-39","CFG-027","3","L4 - Advanced","Configuration","SAP S/4HANA Training System","Configuration document entry","V/08; VF03","Manage Prices - Sales; Set Material Prices - Sales; Manage Customer-Material Prices","Pricing","S/4HANA (ECC differences noted)","Same concept as ECC","Order to Cash","FI","Level 3 - Advanced SD & Integration","SD","Configuration","0","Pending"
"CFG-029","CFG-029","Configuration","Normal","[CFG-029] Condition exclusion and condition supplements","**Objective:** Condition exclusion and condition supplements

**Prerequisites:** CFG-028

**Concepts:** Customer discounts; Material discounts; Customer/material pricing; Quantity discounts and scales; Promotional pricing; Freight; Taxes; Manual pricing; Statistical conditions; Accrual conditions; Condition exclusion; Condition supplements; Group conditions; Free goods; Pricing dates and validity

**Transaction codes:** OV31; OV32; VK11 (SAP GUI; use the Fiori app for the same function where one exists)

**Fiori apps:** Manage Prices - Sales; Set Material Prices - Sales; Manage Customer-Material Prices

**Business process:** Order to Cash

**Environment:** SAP S/4HANA Training System

### Steps
- [ ] Configure exclusion groups and assign condition types
- [ ] Configure best price among conditions and between groups, and exclusive procedures
- [ ] Maintain a condition supplement on a price record
- [ ] Test each

### Acceptance criteria
- Only the most favourable discount remains active
- Supplement conditions are found together with the price

**Evidence required:** Configuration document entry

**Document flow and impact:** Record the document flow, and for every delivery, goods issue and invoice write the stock change and the debit and credit lines.

**Troubleshooting:** Read the full message with its number. Record each error and its cause in the issue notes. If stuck for more than 30 minutes, set the status to Blocked and describe the blocker.

**Documentation:** Add the setting, its values and the business reason to your configuration document.

**Assessment:** Instructor checks the setting, its test document and the documented business reason. Type: Configuration.

### Completion criteria
- Every step is done and every acceptance criterion is demonstrated
- Required evidence is attached to the issue
- Document flow and the logistics or accounting impact are written down where documents were created
- Actual time is logged against the issue
- Instructor Review is Approved and the status is Completed

**Estimated time:** 3 h

**Next task:** CFG-030","Pricing","V24.0 Advanced Pricing","MOD-39","CFG-028","3","L4 - Advanced","Configuration","SAP S/4HANA Training System","Configuration document entry","OV31; OV32; VK11","Manage Prices - Sales; Set Material Prices - Sales; Manage Customer-Material Prices","Pricing","S/4HANA (ECC differences noted)","Same concept as ECC","Order to Cash","FI","Level 3 - Advanced SD & Integration","SD","Configuration","0","Pending"
"CFG-030","CFG-030","Configuration","Normal","[CFG-030] Requirements, formulas and pricing type in copy control","**Objective:** Requirements, formulas and pricing type in copy control

**Prerequisites:** CFG-029

**Concepts:** Customer discounts; Material discounts; Customer/material pricing; Quantity discounts and scales; Promotional pricing; Freight; Taxes; Manual pricing; Statistical conditions; Accrual conditions; Condition exclusion; Condition supplements; Group conditions; Free goods; Pricing dates and validity

**Transaction codes:** VOFM; VTFL (SAP GUI; use the Fiori app for the same function where one exists)

**Fiori apps:** Manage Prices - Sales; Set Material Prices - Sales; Manage Customer-Material Prices

**Business process:** Order to Cash

**Environment:** SAP S/4HANA Training System

### Steps
- [ ] Review standard requirements and formulas for base value and condition value at concept level
- [ ] Review pricing type in copy control and the effect of carrying out new pricing in the invoice

### Acceptance criteria
- Explains what pricing type B, C, D and G do to an invoice

**Evidence required:** Configuration document entry

**Document flow and impact:** Record the document flow, and for every delivery, goods issue and invoice write the stock change and the debit and credit lines.

**Troubleshooting:** Read the full message with its number. Record each error and its cause in the issue notes. If stuck for more than 30 minutes, set the status to Blocked and describe the blocker.

**Documentation:** Add the setting, its values and the business reason to your configuration document.

**Assessment:** Instructor checks the setting, its test document and the documented business reason. Type: Configuration.

### Completion criteria
- Every step is done and every acceptance criterion is demonstrated
- Required evidence is attached to the issue
- Document flow and the logistics or accounting impact are written down where documents were created
- Actual time is logged against the issue
- Instructor Review is Approved and the status is Completed

**Estimated time:** 2 h

**Next task:** TSH-043","Pricing","V24.0 Advanced Pricing","MOD-39","CFG-029","2","L4 - Advanced","Configuration","SAP S/4HANA Training System","Configuration document entry","VOFM; VTFL","Manage Prices - Sales; Set Material Prices - Sales; Manage Customer-Material Prices","Pricing","S/4HANA (ECC differences noted)","Same concept as ECC","Order to Cash","FI","Level 3 - Advanced SD & Integration","SD","Configuration","0","Pending"
"TSH-043","TSH-043","Troubleshooting","Normal","[TSH-043] Scenario 43: discount not applied although a record exists","**Objective:** Scenario 43: discount not applied although a record exists

**Prerequisites:** CFG-030

**Concepts:** Customer discounts; Material discounts; Customer/material pricing; Quantity discounts and scales; Promotional pricing; Freight; Taxes; Manual pricing; Statistical conditions; Accrual conditions; Condition exclusion; Condition supplements; Group conditions; Free goods; Pricing dates and validity

**Transaction codes:** V/06; V/07; V/08; OVKK; VK11; VK12; VK13; VK31; VB21; VB31; VBN1; V/LD; OV31; OV32; VOFM (SAP GUI; use the Fiori app for the same function where one exists)

**Fiori apps:** Manage Prices - Sales; Set Material Prices - Sales; Manage Customer-Material Prices

**Business process:** Order to Cash

**Environment:** SAP S/4HANA Training System

### Steps
- [ ] Reproduce the error in the training client (instructor-prepared)
- [ ] Record the exact message number and text, and the business impact
- [ ] Run the pricing analysis
- [ ] check validity, exclusion, requirement and the access key fields
- [ ] Apply the fix
- [ ] Re-run the original transaction to validate
- [ ] Write the eight-section report: problem, business impact, evidence, root cause, configuration, fix, validation, prevention

### Acceptance criteria
- The original transaction now works
- Root cause is shown in configuration or master data
- Report has all eight sections

**Evidence required:** Root cause report

**Document flow and impact:** Record the document flow, and for every delivery, goods issue and invoice write the stock change and the debit and credit lines.

**Assessment:** Instructor grades the eight-section report. Type: Configuration decisions.

### Completion criteria
- Every step is done and every acceptance criterion is demonstrated
- Required evidence is attached to the issue
- Document flow and the logistics or accounting impact are written down where documents were created
- Actual time is logged against the issue
- Instructor Review is Approved and the status is Completed

**Estimated time:** 1 h

**Next task:** TSH-044","Pricing","V24.0 Advanced Pricing","MOD-39","CFG-030","1","L4 - Advanced","Troubleshooting","SAP S/4HANA Training System","Root cause report","V/06; V/07; V/08; OVKK; VK11; VK12; VK13; VK31; VB21; VB31; VBN1; V/LD; OV31; OV32; VOFM","Manage Prices - Sales; Set Material Prices - Sales; Manage Customer-Material Prices","Pricing","S/4HANA (ECC differences noted)","Same concept as ECC","Order to Cash","FI","Level 3 - Advanced SD & Integration","SD","Configuration decisions","0","Pending"
"TSH-044","TSH-044","Troubleshooting","Normal","[TSH-044] Scenario 44: condition is found twice or the net value is wrong","**Objective:** Scenario 44: condition is found twice or the net value is wrong

**Prerequisites:** TSH-043

**Concepts:** Customer discounts; Material discounts; Customer/material pricing; Quantity discounts and scales; Promotional pricing; Freight; Taxes; Manual pricing; Statistical conditions; Accrual conditions; Condition exclusion; Condition supplements; Group conditions; Free goods; Pricing dates and validity

**Transaction codes:** V/06; V/07; V/08; OVKK; VK11; VK12; VK13; VK31; VB21; VB31; VBN1; V/LD; OV31; OV32; VOFM (SAP GUI; use the Fiori app for the same function where one exists)

**Fiori apps:** Manage Prices - Sales; Set Material Prices - Sales; Manage Customer-Material Prices

**Business process:** Order to Cash

**Environment:** SAP S/4HANA Training System

### Steps
- [ ] Reproduce the error in the training client (instructor-prepared)
- [ ] Record the exact message number and text, and the business impact
- [ ] Check from and to steps, subtotals, scale basis and duplicate records in the access sequence
- [ ] Apply the fix
- [ ] Re-run the original transaction to validate
- [ ] Write the eight-section report: problem, business impact, evidence, root cause, configuration, fix, validation, prevention

### Acceptance criteria
- The original transaction now works
- Root cause is shown in configuration or master data
- Report has all eight sections

**Evidence required:** Root cause report

**Document flow and impact:** Record the document flow, and for every delivery, goods issue and invoice write the stock change and the debit and credit lines.

**Assessment:** Instructor grades the eight-section report. Type: Configuration decisions.

### Completion criteria
- Every step is done and every acceptance criterion is demonstrated
- Required evidence is attached to the issue
- Document flow and the logistics or accounting impact are written down where documents were created
- Actual time is logged against the issue
- Instructor Review is Approved and the status is Completed

**Estimated time:** 1 h

**Next task:** TSH-045","Pricing","V24.0 Advanced Pricing","MOD-39","TSH-043","1","L4 - Advanced","Troubleshooting","SAP S/4HANA Training System","Root cause report","V/06; V/07; V/08; OVKK; VK11; VK12; VK13; VK31; VB21; VB31; VBN1; V/LD; OV31; OV32; VOFM","Manage Prices - Sales; Set Material Prices - Sales; Manage Customer-Material Prices","Pricing","S/4HANA (ECC differences noted)","Same concept as ECC","Order to Cash","FI","Level 3 - Advanced SD & Integration","SD","Configuration decisions","0","Pending"
"TSH-045","TSH-045","Troubleshooting","Normal","[TSH-045] Scenario 45: manual price change is refused or lost on billing","**Objective:** Scenario 45: manual price change is refused or lost on billing

**Prerequisites:** TSH-044

**Concepts:** Customer discounts; Material discounts; Customer/material pricing; Quantity discounts and scales; Promotional pricing; Freight; Taxes; Manual pricing; Statistical conditions; Accrual conditions; Condition exclusion; Condition supplements; Group conditions; Free goods; Pricing dates and validity

**Transaction codes:** V/06; V/07; V/08; OVKK; VK11; VK12; VK13; VK31; VB21; VB31; VBN1; V/LD; OV31; OV32; VOFM (SAP GUI; use the Fiori app for the same function where one exists)

**Fiori apps:** Manage Prices - Sales; Set Material Prices - Sales; Manage Customer-Material Prices

**Business process:** Order to Cash

**Environment:** SAP S/4HANA Training System

### Steps
- [ ] Reproduce the error in the training client (instructor-prepared)
- [ ] Record the exact message number and text, and the business impact
- [ ] Check manual entry settings, limits and the pricing type in copy control
- [ ] Apply the fix
- [ ] Re-run the original transaction to validate
- [ ] Write the eight-section report: problem, business impact, evidence, root cause, configuration, fix, validation, prevention

### Acceptance criteria
- The original transaction now works
- Root cause is shown in configuration or master data
- Report has all eight sections

**Evidence required:** Root cause report

**Document flow and impact:** Record the document flow, and for every delivery, goods issue and invoice write the stock change and the debit and credit lines.

**Assessment:** Instructor grades the eight-section report. Type: Configuration decisions.

### Completion criteria
- Every step is done and every acceptance criterion is demonstrated
- Required evidence is attached to the issue
- Document flow and the logistics or accounting impact are written down where documents were created
- Actual time is logged against the issue
- Instructor Review is Approved and the status is Completed

**Estimated time:** 1 h

**Next task:** Last task of this module","Pricing","V24.0 Advanced Pricing","MOD-39","TSH-044","1","L4 - Advanced","Troubleshooting","SAP S/4HANA Training System","Root cause report","V/06; V/07; V/08; OVKK; VK11; VK12; VK13; VK31; VB21; VB31; VBN1; V/LD; OV31; OV32; VOFM","Manage Prices - Sales; Set Material Prices - Sales; Manage Customer-Material Prices","Pricing","S/4HANA (ECC differences noted)","Same concept as ECC","Order to Cash","FI","Level 3 - Advanced SD & Integration","SD","Configuration decisions","0","Pending"
"MOD-40","MOD-40","Module","Normal","[MOD-40] Advanced Pricing Project","**Topics:** Base price; Customer discount; Material discount; Quantity discount; Freight; Tax; Promotional discount; Manual discount; Exclusion; Complete pricing procedure; Explanation of every condition

**Transaction codes:** V/06; V/07; V/08; OVKK; VK11; VA01; VF01

**Fiori apps:** None listed

**Environment:** SAP S/4HANA Training System

**Tasks:** 3, 17 estimated hours.

- PROJECT-002 Advanced pricing project part 1: design and configuration
- PROJECT-003 Advanced pricing project part 2: records, test and explanation
- ASM-024 Phase 24 assessment: advanced pricing","Pricing","V24.0 Advanced Pricing","PHASE-24","","","","","SAP S/4HANA Training System","","V/06; V/07; V/08; OVKK; VK11; VA01; VF01","","Pricing","S/4HANA (ECC differences noted)","Same concept as ECC","Order to Cash","FI","Level 3 - Advanced SD & Integration","SD","","",""
"PROJECT-002","PROJECT-002","Project","Normal","[PROJECT-002] Advanced pricing project part 1: design and configuration","**Objective:** Advanced pricing project part 1: design and configuration

**Prerequisites:** TSH-045

**Concepts:** Base price; Customer discount; Material discount; Quantity discount; Freight; Tax; Promotional discount; Manual discount; Exclusion; Complete pricing procedure; Explanation of every condition

**Business process:** Order to Cash

**Environment:** SAP S/4HANA Training System

### Steps
- [ ] Write the pricing requirements for the course company
- [ ] Design condition tables, access sequences and condition types for base price, customer discount, material discount, quantity discount, freight, tax, promotional discount and manual discount
- [ ] Build the pricing procedure with subtotals, exclusion, account keys and determination
- [ ] Record every setting in the configuration document

### Acceptance criteria
- Procedure is determined for the sales area
- Every condition has a documented business reason

**Evidence required:** Project documentation

**Document flow and impact:** Record the document flow, and for every delivery, goods issue and invoice write the stock change and the debit and credit lines.

**Troubleshooting:** Read the full message with its number. Record each error and its cause in the issue notes. If stuck for more than 30 minutes, set the status to Blocked and describe the blocker.

**Assessment:** Scored 0-100 on working result, tests and documentation. Type: Solution design.

### Completion criteria
- Every step is done and every acceptance criterion is demonstrated
- Required evidence is attached to the issue
- Document flow and the logistics or accounting impact are written down where documents were created
- Actual time is logged against the issue
- Instructor Review is Approved and the status is Completed

**Estimated time:** 8 h

**Next task:** PROJECT-003","Pricing","V24.0 Advanced Pricing","MOD-40","TSH-045","8","L5 - Expert","Project","SAP S/4HANA Training System","Project documentation","","","Pricing","S/4HANA (ECC differences noted)","Same concept as ECC","Order to Cash","FI","Level 3 - Advanced SD & Integration","SD","Solution design","1","Pending"
"PROJECT-003","PROJECT-003","Project","Normal","[PROJECT-003] Advanced pricing project part 2: records, test and explanation","**Objective:** Advanced pricing project part 2: records, test and explanation

**Prerequisites:** PROJECT-002

**Concepts:** Base price; Customer discount; Material discount; Quantity discount; Freight; Tax; Promotional discount; Manual discount; Exclusion; Complete pricing procedure; Explanation of every condition

**Business process:** Order to Cash

**Environment:** SAP S/4HANA Training System

### Steps
- [ ] Maintain condition records
- [ ] Run ten test orders covering every condition and the exclusion
- [ ] Bill two of them and check revenue, discount, freight and tax accounts
- [ ] Write the explanation of every line of the procedure

### Acceptance criteria
- All ten orders price as calculated by hand
- Account postings match the account keys
- Every condition is explained

**Evidence required:** Project documentation

**Document flow and impact:** Record the document flow, and for every delivery, goods issue and invoice write the stock change and the debit and credit lines.

**Troubleshooting:** Read the full message with its number. Record each error and its cause in the issue notes. If stuck for more than 30 minutes, set the status to Blocked and describe the blocker.

**Assessment:** Scored 0-100 on working result, tests and documentation. Type: Solution design.

### Completion criteria
- Every step is done and every acceptance criterion is demonstrated
- Required evidence is attached to the issue
- Document flow and the logistics or accounting impact are written down where documents were created
- Actual time is logged against the issue
- Instructor Review is Approved and the status is Completed

**Estimated time:** 6 h

**Next task:** ASM-024","Pricing","V24.0 Advanced Pricing","MOD-40","PROJECT-002","6","L5 - Expert","Project","SAP S/4HANA Training System","Project documentation","","","Pricing","S/4HANA (ECC differences noted)","Same concept as ECC","Order to Cash","FI","Level 3 - Advanced SD & Integration","SD","Solution design","1","Pending"
"ASM-024","ASM-024","Assessment","High","[ASM-024] Phase 24 assessment: advanced pricing","**Objective:** Phase 24 assessment: advanced pricing

**Prerequisites:** PROJECT-003

**Concepts:** Base price; Customer discount; Material discount; Quantity discount; Freight; Tax; Promotional discount; Manual discount; Exclusion; Complete pricing procedure; Explanation of every condition

**Business process:** Order to Cash

**Environment:** SAP S/4HANA Training System

### Steps
- [ ] Configure a new discount with exclusion from a written requirement and prove it with test orders

### Acceptance criteria
- Score of 70 or higher

**Evidence required:** Scored result

**Document flow and impact:** Record the document flow, and for every delivery, goods issue and invoice write the stock change and the debit and credit lines.

**Troubleshooting:** Read the full message with its number. Record each error and its cause in the issue notes. If stuck for more than 30 minutes, set the status to Blocked and describe the blocker.

**Assessment:** Scored 0-100. Pass mark 70. Type: Configuration.

### Completion criteria
- Every step is done and every acceptance criterion is demonstrated
- Required evidence is attached to the issue
- Document flow and the logistics or accounting impact are written down where documents were created
- Actual time is logged against the issue
- Instructor Review is Approved and the status is Completed

**Estimated time:** 3 h

**Next task:** Last task of this module","Pricing","V24.0 Advanced Pricing","MOD-40","PROJECT-003","3","L5 - Expert","Assessment","SAP S/4HANA Training System","Scored result","","","Pricing","S/4HANA (ECC differences noted)","Same concept as ECC","Order to Cash","FI","Level 3 - Advanced SD & Integration","SD","Configuration","0","Pending"
"REVIEW-24","REVIEW-24","Review","High","[REVIEW-24] Phase 24 gate review","**Objective:** Confirm that phase 24 (Advanced Pricing) is complete.

### Checklist
- [ ] Every issue of the phase is Completed
- [ ] Evidence is attached to every issue
- [ ] Time is logged
- [ ] Assessment score is 70 or higher
- [ ] Configuration document is up to date

**Assessment:** Instructor confirms the checklist and records the gate decision.

**Estimated time:** 1 h","","V24.0 Advanced Pricing","PHASE-24","TSH-045, ASM-024","1","","Review","","Instructor sign-off","","","","","","","","","","Review","0","Pending"
"PHASE-25","PHASE-25","Phase","Normal","[PHASE-25] Testing","Phase 25 of 30. Version: V25.0 Testing.

Modules: 1. Estimated hours: 32.

- MOD-41 Testing SAP SD

The phase closes with the gate review REVIEW-25.","","V25.0 Testing","EPIC","","","","","","","","","","","","","","","","","",""
"MOD-41","MOD-41","Module","Normal","[MOD-41] Testing SAP SD","**Topics:** Unit testing; Integration testing; User acceptance testing; Regression testing; Negative testing; End-to-end testing; Test scripts; Test evidence; Defect management

**Transaction codes:** VA01; VL01N; VF01; VA03; SE16N

**Fiori apps:** None listed

**Environment:** SAP S/4HANA Training System

**Tasks:** 9, 31 estimated hours.

- THY-053 Test levels and what each one proves
- TEST-001 Test script and evidence standards
- TEST-002 Test scenarios 1-10: master data and sales documents
- TEST-003 Test scenarios 11-20: pricing, availability, shipping and delivery
- TEST-004 Test scenarios 21-30: billing, credit, output and special processes
- TEST-005 Negative tests
- TEST-006 Integration and end-to-end test: order to cash with finance and materials
- TEST-007 Regression pack, user acceptance test and defect management
- ASM-025 Phase 25 assessment: testing","Testing","V25.0 Testing","PHASE-25","","","","","SAP S/4HANA Training System","","VA01; VL01N; VF01; VA03; SE16N","","Testing","S/4HANA (ECC differences noted)","Not version specific","Order to Cash","None","Level 3 - Advanced SD & Integration","Consultant","","",""
"THY-053","THY-053","Theory","Normal","[THY-053] Test levels and what each one proves","**Objective:** Test levels and what each one proves

**Prerequisites:** ASM-024

**Concepts:** Unit testing; Integration testing; User acceptance testing; Regression testing; Negative testing; End-to-end testing; Test scripts; Test evidence; Defect management

**Business process:** Order to Cash

**Environment:** SAP S/4HANA Training System

### Steps
- [ ] Study unit, integration, user acceptance, regression, negative and end-to-end testing
- [ ] Study who writes, who executes and who signs off each
- [ ] Study traceability from requirement to test

### Acceptance criteria
- Assigns the right test level to ten example situations

**Evidence required:** Notes

**Document flow and impact:** Record the document flow, and for every delivery, goods issue and invoice write the stock change and the debit and credit lines.

**Assessment:** Instructor checks the notes and asks short oral questions. Type: Short answer.

### Completion criteria
- Every step is done and every acceptance criterion is demonstrated
- Required evidence is attached to the issue
- Document flow and the logistics or accounting impact are written down where documents were created
- Actual time is logged against the issue
- Instructor Review is Approved and the status is Completed

**Estimated time:** 2 h

**Next task:** TEST-001","Testing","V25.0 Testing","MOD-41","ASM-024","2","L3 - Intermediate","Theory","SAP S/4HANA Training System","Notes","","","Testing","S/4HANA (ECC differences noted)","Not version specific","Order to Cash","None","Level 3 - Advanced SD & Integration","Consultant","Short answer","0","Pending"
"TEST-001","TEST-001","Testing","Normal","[TEST-001] Test script and evidence standards","**Objective:** Test script and evidence standards

**Prerequisites:** THY-053

**Concepts:** Unit testing; Integration testing; User acceptance testing; Regression testing; Negative testing; End-to-end testing; Test scripts; Test evidence; Defect management

**Business process:** Order to Cash

**Environment:** SAP S/4HANA Training System

### Steps
- [ ] Study the course test script template: id, objective, preconditions, steps, test data, expected result, expected document flow, expected accounting and logistics impact, actual result, evidence, status
- [ ] Write one script for a standard order as the model

### Acceptance criteria
- Model script can be executed by another student without questions

**Evidence required:** Test script + evidence

**Document flow and impact:** Record the document flow, and for every delivery, goods issue and invoice write the stock change and the debit and credit lines.

**Troubleshooting:** Read the full message with its number. Record each error and its cause in the issue notes. If stuck for more than 30 minutes, set the status to Blocked and describe the blocker.

**Assessment:** Instructor checks that scripts are executable and evidence is complete. Type: Requirement analysis.

### Completion criteria
- Every step is done and every acceptance criterion is demonstrated
- Required evidence is attached to the issue
- Document flow and the logistics or accounting impact are written down where documents were created
- Actual time is logged against the issue
- Instructor Review is Approved and the status is Completed

**Estimated time:** 2 h

**Next task:** TEST-002","Testing","V25.0 Testing","MOD-41","THY-053","2","L3 - Intermediate","Testing","SAP S/4HANA Training System","Test script + evidence","","","Testing","S/4HANA (ECC differences noted)","Not version specific","Order to Cash","None","Level 3 - Advanced SD & Integration","Consultant","Requirement analysis","0","Pending"
"TEST-002","TEST-002","Testing","Normal","[TEST-002] Test scenarios 1-10: master data and sales documents","**Objective:** Test scenarios 1-10: master data and sales documents

**Prerequisites:** TEST-001

**Concepts:** Unit testing; Integration testing; User acceptance testing; Regression testing; Negative testing; End-to-end testing; Test scripts; Test evidence; Defect management

**Business process:** Order to Cash

**Environment:** SAP S/4HANA Training System

### Steps
- [ ] Write and execute scripts for: 1 create business partner with sales area data
- [ ] 2 customer with partner functions
- [ ] 3 material sales views
- [ ] 4 customer-material info record
- [ ] 5 inquiry
- [ ] 6 quotation with reference
- [ ] 7 standard order with reference to quotation
- [ ] 8 order with incompletion
- [ ] 9 quantity contract and release order
- [ ] 10 scheduling agreement

### Acceptance criteria
- Ten scripts executed with evidence
- Document flow is recorded for each

**Evidence required:** Test script + evidence

**Document flow and impact:** Record the document flow, and for every delivery, goods issue and invoice write the stock change and the debit and credit lines.

**Troubleshooting:** Read the full message with its number. Record each error and its cause in the issue notes. If stuck for more than 30 minutes, set the status to Blocked and describe the blocker.

**Assessment:** Instructor checks that scripts are executable and evidence is complete. Type: Requirement analysis.

### Completion criteria
- Every step is done and every acceptance criterion is demonstrated
- Required evidence is attached to the issue
- Document flow and the logistics or accounting impact are written down where documents were created
- Actual time is logged against the issue
- Instructor Review is Approved and the status is Completed

**Estimated time:** 5 h

**Next task:** TEST-003","Testing","V25.0 Testing","MOD-41","TEST-001","5","L3 - Intermediate","Testing","SAP S/4HANA Training System","Test script + evidence","","","Testing","S/4HANA (ECC differences noted)","Not version specific","Order to Cash","None","Level 3 - Advanced SD & Integration","Consultant","Requirement analysis","0","Pending"
"TEST-003","TEST-003","Testing","Normal","[TEST-003] Test scenarios 11-20: pricing, availability, shipping and delivery","**Objective:** Test scenarios 11-20: pricing, availability, shipping and delivery

**Prerequisites:** TEST-002

**Concepts:** Unit testing; Integration testing; User acceptance testing; Regression testing; Negative testing; End-to-end testing; Test scripts; Test evidence; Defect management

**Business process:** Order to Cash

**Environment:** SAP S/4HANA Training System

### Steps
- [ ] Write and execute scripts for: 11 base price and discounts
- [ ] 12 scales
- [ ] 13 manual condition with limit
- [ ] 14 tax determination domestic and export
- [ ] 15 availability check with partial confirmation
- [ ] 16 delivery scheduling and route
- [ ] 17 delivery with shipping point determination
- [ ] 18 partial and complete delivery
- [ ] 19 picking and packing
- [ ] 20 post goods issue and reversal

### Acceptance criteria
- Ten scripts executed with evidence
- Stock and accounting impact are recorded for goods issue

**Evidence required:** Test script + evidence

**Document flow and impact:** Record the document flow, and for every delivery, goods issue and invoice write the stock change and the debit and credit lines.

**Troubleshooting:** Read the full message with its number. Record each error and its cause in the issue notes. If stuck for more than 30 minutes, set the status to Blocked and describe the blocker.

**Assessment:** Instructor checks that scripts are executable and evidence is complete. Type: Requirement analysis.

### Completion criteria
- Every step is done and every acceptance criterion is demonstrated
- Required evidence is attached to the issue
- Document flow and the logistics or accounting impact are written down where documents were created
- Actual time is logged against the issue
- Instructor Review is Approved and the status is Completed

**Estimated time:** 5 h

**Next task:** TEST-004","Testing","V25.0 Testing","MOD-41","TEST-002","5","L3 - Intermediate","Testing","SAP S/4HANA Training System","Test script + evidence","","","Testing","S/4HANA (ECC differences noted)","Not version specific","Order to Cash","None","Level 3 - Advanced SD & Integration","Consultant","Requirement analysis","0","Pending"
"TEST-004","TEST-004","Testing","Normal","[TEST-004] Test scenarios 21-30: billing, credit, output and special processes","**Objective:** Test scenarios 21-30: billing, credit, output and special processes

**Prerequisites:** TEST-003

**Concepts:** Unit testing; Integration testing; User acceptance testing; Regression testing; Negative testing; End-to-end testing; Test scripts; Test evidence; Defect management

**Business process:** Order to Cash

**Environment:** SAP S/4HANA Training System

### Steps
- [ ] Write and execute scripts for: 21 invoice with account posting
- [ ] 22 collective billing and invoice split
- [ ] 23 invoice cancellation
- [ ] 24 credit memo and debit memo
- [ ] 25 credit check block and release
- [ ] 26 order confirmation and invoice output
- [ ] 27 returns with credit memo
- [ ] 28 third-party order
- [ ] 29 cash sale and rush order
- [ ] 30 consignment fill-up and issue

### Acceptance criteria
- Ten scripts executed with evidence
- Accounting documents are recorded for each billing test

**Evidence required:** Test script + evidence

**Document flow and impact:** Record the document flow, and for every delivery, goods issue and invoice write the stock change and the debit and credit lines.

**Troubleshooting:** Read the full message with its number. Record each error and its cause in the issue notes. If stuck for more than 30 minutes, set the status to Blocked and describe the blocker.

**Assessment:** Instructor checks that scripts are executable and evidence is complete. Type: Requirement analysis.

### Completion criteria
- Every step is done and every acceptance criterion is demonstrated
- Required evidence is attached to the issue
- Document flow and the logistics or accounting impact are written down where documents were created
- Actual time is logged against the issue
- Instructor Review is Approved and the status is Completed

**Estimated time:** 5 h

**Next task:** TEST-005","Testing","V25.0 Testing","MOD-41","TEST-003","5","L3 - Intermediate","Testing","SAP S/4HANA Training System","Test script + evidence","","","Testing","S/4HANA (ECC differences noted)","Not version specific","Order to Cash","None","Level 3 - Advanced SD & Integration","Consultant","Requirement analysis","0","Pending"
"TEST-005","TEST-005","Testing","Normal","[TEST-005] Negative tests","**Objective:** Negative tests

**Prerequisites:** TEST-004

**Concepts:** Unit testing; Integration testing; User acceptance testing; Regression testing; Negative testing; End-to-end testing; Test scripts; Test evidence; Defect management

**Business process:** Order to Cash

**Environment:** SAP S/4HANA Training System

### Steps
- [ ] Write and execute eight tests that must fail: blocked customer, material without sales view, missing mandatory price, credit limit exceeded, delivery without stock, goods issue in a closed period, billing with billing block, change of a billed order

### Acceptance criteria
- Each test fails with the expected message
- Message number is in the evidence

**Evidence required:** Test script + evidence

**Document flow and impact:** Record the document flow, and for every delivery, goods issue and invoice write the stock change and the debit and credit lines.

**Troubleshooting:** Read the full message with its number. Record each error and its cause in the issue notes. If stuck for more than 30 minutes, set the status to Blocked and describe the blocker.

**Assessment:** Instructor checks that scripts are executable and evidence is complete. Type: Requirement analysis.

### Completion criteria
- Every step is done and every acceptance criterion is demonstrated
- Required evidence is attached to the issue
- Document flow and the logistics or accounting impact are written down where documents were created
- Actual time is logged against the issue
- Instructor Review is Approved and the status is Completed

**Estimated time:** 3 h

**Next task:** TEST-006","Testing","V25.0 Testing","MOD-41","TEST-004","3","L3 - Intermediate","Testing","SAP S/4HANA Training System","Test script + evidence","","","Testing","S/4HANA (ECC differences noted)","Not version specific","Order to Cash","None","Level 3 - Advanced SD & Integration","Consultant","Requirement analysis","0","Pending"
"TEST-006","TEST-006","Testing","Normal","[TEST-006] Integration and end-to-end test: order to cash with finance and materials","**Objective:** Integration and end-to-end test: order to cash with finance and materials

**Prerequisites:** TEST-005

**Concepts:** Unit testing; Integration testing; User acceptance testing; Regression testing; Negative testing; End-to-end testing; Test scripts; Test evidence; Defect management

**Business process:** Order to Cash

**Environment:** SAP S/4HANA Training System

### Steps
- [ ] Write one end-to-end script from order to incoming payment with expected stock, cost of goods sold, receivable, revenue, tax and profitability entries
- [ ] Execute it with a second student acting as finance

### Acceptance criteria
- Every expected posting is confirmed with a document number

**Evidence required:** Test script + evidence

**Document flow and impact:** Record the document flow, and for every delivery, goods issue and invoice write the stock change and the debit and credit lines.

**Troubleshooting:** Read the full message with its number. Record each error and its cause in the issue notes. If stuck for more than 30 minutes, set the status to Blocked and describe the blocker.

**Assessment:** Instructor checks that scripts are executable and evidence is complete. Type: Requirement analysis.

### Completion criteria
- Every step is done and every acceptance criterion is demonstrated
- Required evidence is attached to the issue
- Document flow and the logistics or accounting impact are written down where documents were created
- Actual time is logged against the issue
- Instructor Review is Approved and the status is Completed

**Estimated time:** 4 h

**Next task:** TEST-007","Testing","V25.0 Testing","MOD-41","TEST-005","4","L3 - Intermediate","Testing","SAP S/4HANA Training System","Test script + evidence","","","Testing","S/4HANA (ECC differences noted)","Not version specific","Order to Cash","None","Level 3 - Advanced SD & Integration","Consultant","Requirement analysis","0","Pending"
"TEST-007","TEST-007","Testing","Normal","[TEST-007] Regression pack, user acceptance test and defect management","**Objective:** Regression pack, user acceptance test and defect management

**Prerequisites:** TEST-006

**Concepts:** Unit testing; Integration testing; User acceptance testing; Regression testing; Negative testing; End-to-end testing; Test scripts; Test evidence; Defect management

**Business process:** Order to Cash

**Environment:** SAP S/4HANA Training System

### Steps
- [ ] Select fifteen scripts as the regression pack and state why
- [ ] Prepare a user acceptance plan with business testers and sign-off
- [ ] Log three defects found with severity, steps to reproduce and retest result

### Acceptance criteria
- Regression pack covers every process area
- Defects have a full life cycle

**Evidence required:** Test script + evidence

**Document flow and impact:** Record the document flow, and for every delivery, goods issue and invoice write the stock change and the debit and credit lines.

**Troubleshooting:** Read the full message with its number. Record each error and its cause in the issue notes. If stuck for more than 30 minutes, set the status to Blocked and describe the blocker.

**Assessment:** Instructor checks that scripts are executable and evidence is complete. Type: Requirement analysis.

### Completion criteria
- Every step is done and every acceptance criterion is demonstrated
- Required evidence is attached to the issue
- Document flow and the logistics or accounting impact are written down where documents were created
- Actual time is logged against the issue
- Instructor Review is Approved and the status is Completed

**Estimated time:** 3 h

**Next task:** ASM-025","Testing","V25.0 Testing","MOD-41","TEST-006","3","L3 - Intermediate","Testing","SAP S/4HANA Training System","Test script + evidence","","","Testing","S/4HANA (ECC differences noted)","Not version specific","Order to Cash","None","Level 3 - Advanced SD & Integration","Consultant","Requirement analysis","0","Pending"
"ASM-025","ASM-025","Assessment","High","[ASM-025] Phase 25 assessment: testing","**Objective:** Phase 25 assessment: testing

**Prerequisites:** TEST-007

**Concepts:** Unit testing; Integration testing; User acceptance testing; Regression testing; Negative testing; End-to-end testing; Test scripts; Test evidence; Defect management

**Business process:** Order to Cash

**Environment:** SAP S/4HANA Training System

### Steps
- [ ] From a written requirement derive test cases including negative cases and execute two

### Acceptance criteria
- Score of 70 or higher

**Evidence required:** Scored result

**Document flow and impact:** Record the document flow, and for every delivery, goods issue and invoice write the stock change and the debit and credit lines.

**Troubleshooting:** Read the full message with its number. Record each error and its cause in the issue notes. If stuck for more than 30 minutes, set the status to Blocked and describe the blocker.

**Assessment:** Scored 0-100. Pass mark 70. Type: Requirement analysis.

### Completion criteria
- Every step is done and every acceptance criterion is demonstrated
- Required evidence is attached to the issue
- Document flow and the logistics or accounting impact are written down where documents were created
- Actual time is logged against the issue
- Instructor Review is Approved and the status is Completed

**Estimated time:** 2 h

**Next task:** Last task of this module","Testing","V25.0 Testing","MOD-41","TEST-007","2","L3 - Intermediate","Assessment","SAP S/4HANA Training System","Scored result","","","Testing","S/4HANA (ECC differences noted)","Not version specific","Order to Cash","None","Level 3 - Advanced SD & Integration","Consultant","Requirement analysis","0","Pending"
"REVIEW-25","REVIEW-25","Review","High","[REVIEW-25] Phase 25 gate review","**Objective:** Confirm that phase 25 (Testing) is complete.

### Checklist
- [ ] Every issue of the phase is Completed
- [ ] Evidence is attached to every issue
- [ ] Time is logged
- [ ] Assessment score is 70 or higher
- [ ] Configuration document is up to date

**Assessment:** Instructor confirms the checklist and records the gate decision.

**Estimated time:** 1 h","","V25.0 Testing","PHASE-25","ASM-025","1","","Review","","Instructor sign-off","","","","","","","","","","Review","0","Pending"
"PHASE-26","PHASE-26","Phase","Normal","[PHASE-26] Migration","Phase 26 of 30. Version: V26.0 Migration.

Modules: 1. Estimated hours: 27.

- MOD-42 SD Data Migration

The phase closes with the gate review REVIEW-26.","","V26.0 Migration","EPIC","","","","","","","","","","","","","","","","","",""
"MOD-42","MOD-42","Module","Normal","[MOD-42] SD Data Migration","**Topics:** Customer; Business Partner; Material; Pricing; Open sales orders; Open deliveries; Other sales data such as customer-material info records, contracts and credit data; Migration Cockpit; Templates; APIs; BAPI concepts; Data validation; Reconciliation

**Transaction codes:** LTMC; LTMOM; LSMW; BP; VK11; VA05; VL06O; SE16N

**Fiori apps:** Migrate Your Data - Migration Cockpit

**Environment:** SAP S/4HANA Training System

**Tasks:** 10, 26 estimated hours.

- THY-054 Migration objects, sequence and reconciliation for sales
- THY-055 Migration tools: Migration Cockpit, templates, APIs, BAPI and legacy tools
- LAB-044 Migrate business partners and customers
- LAB-045 Migrate materials and customer-material information
- LAB-046 Migrate pricing conditions
- LAB-047 Migrate open sales orders and handle open deliveries
- DOC-001 Data migration plan for sales
- TSH-046 Scenario 46: migration load fails validation
- TSH-047 Scenario 47: migrated customers cannot be used in orders
- ASM-026 Phase 26 assessment: migration","Migration","V26.0 Migration","PHASE-26","","","","","SAP S/4HANA Training System","","LTMC; LTMOM; LSMW; BP; VK11; VA05; VL06O; SE16N","Migrate Your Data - Migration Cockpit","Migration","S/4HANA (ECC differences noted)","Same concept as ECC","Order to Cash","None","Level 3 - Advanced SD & Integration","Consultant","","",""
"THY-054","THY-054","Theory","Normal","[THY-054] Migration objects, sequence and reconciliation for sales","**Objective:** Migration objects, sequence and reconciliation for sales

**Prerequisites:** ASM-025

**Concepts:** Customer; Business Partner; Material; Pricing; Open sales orders; Open deliveries; Other sales data such as customer-material info records, contracts and credit data; Migration Cockpit; Templates; APIs; BAPI concepts; Data validation; Reconciliation

**Fiori apps:** Migrate Your Data - Migration Cockpit

**Business process:** Order to Cash

**Environment:** SAP S/4HANA Training System

### Steps
- [ ] Study which sales objects are migrated and in what order: business partners, materials, customer-material info, prices, credit data, contracts, open orders
- [ ] Study why open deliveries and open billing are usually completed before cutover
- [ ] Study cleansing, mapping, validation and reconciliation counts and values

### Acceptance criteria
- Draws the load sequence with dependencies
- States how each object is reconciled

**Evidence required:** Notes

**Document flow and impact:** Record the document flow, and for every delivery, goods issue and invoice write the stock change and the debit and credit lines.

**Assessment:** Instructor checks the notes and asks short oral questions. Type: Short answer.

### Completion criteria
- Every step is done and every acceptance criterion is demonstrated
- Required evidence is attached to the issue
- Document flow and the logistics or accounting impact are written down where documents were created
- Actual time is logged against the issue
- Instructor Review is Approved and the status is Completed

**Estimated time:** 3 h

**Next task:** THY-055","Migration","V26.0 Migration","MOD-42","ASM-025","3","L4 - Advanced","Theory","SAP S/4HANA Training System","Notes","","Migrate Your Data - Migration Cockpit","Migration","S/4HANA (ECC differences noted)","Same concept as ECC","Order to Cash","None","Level 3 - Advanced SD & Integration","Consultant","Short answer","0","Pending"
"THY-055","THY-055","Theory","Normal","[THY-055] Migration tools: Migration Cockpit, templates, APIs, BAPI and legacy tools","**Objective:** Migration tools: Migration Cockpit, templates, APIs, BAPI and legacy tools

**Prerequisites:** THY-054

**Concepts:** Customer; Business Partner; Material; Pricing; Open sales orders; Open deliveries; Other sales data such as customer-material info records, contracts and credit data; Migration Cockpit; Templates; APIs; BAPI concepts; Data validation; Reconciliation

**Fiori apps:** Migrate Your Data - Migration Cockpit

**Business process:** Order to Cash

**Environment:** SAP S/4HANA Training System

### Steps
- [ ] Study the Migration Cockpit with file templates and staging tables
- [ ] Study released APIs and BAPIs for sales orders at concept level
- [ ] Study the legacy workbench and why it is not recommended in S/4HANA

### Acceptance criteria
- Chooses a tool for five example objects and justifies it

**Evidence required:** Notes

**Document flow and impact:** Record the document flow, and for every delivery, goods issue and invoice write the stock change and the debit and credit lines.

**Assessment:** Instructor checks the notes and asks short oral questions. Type: Short answer.

### Completion criteria
- Every step is done and every acceptance criterion is demonstrated
- Required evidence is attached to the issue
- Document flow and the logistics or accounting impact are written down where documents were created
- Actual time is logged against the issue
- Instructor Review is Approved and the status is Completed

**Estimated time:** 2 h

**Next task:** LAB-044","Migration","V26.0 Migration","MOD-42","THY-054","2","L4 - Advanced","Theory","SAP S/4HANA Training System","Notes","","Migrate Your Data - Migration Cockpit","Migration","S/4HANA (ECC differences noted)","Same concept as ECC","Order to Cash","None","Level 3 - Advanced SD & Integration","Consultant","Short answer","0","Pending"
"LAB-044","LAB-044","Lab","Normal","[LAB-044] Migrate business partners and customers","**Objective:** Migrate business partners and customers

**Prerequisites:** THY-055

**Concepts:** Customer; Business Partner; Material; Pricing; Open sales orders; Open deliveries; Other sales data such as customer-material info records, contracts and credit data; Migration Cockpit; Templates; APIs; BAPI concepts; Data validation; Reconciliation

**Transaction codes:** LTMC; BP (SAP GUI; use the Fiori app for the same function where one exists)

**Fiori apps:** Migrate Your Data - Migration Cockpit

**Business process:** Order to Cash

**Environment:** SAP S/4HANA Training System

### Steps
- [ ] Create a migration project
- [ ] Download the customer template
- [ ] Fill twenty customers from the legacy file with sales area and partner data
- [ ] Load, simulate, correct errors and migrate
- [ ] Reconcile counts and spot-check five records

### Acceptance criteria
- Twenty customers exist with sales area data
- Error log is empty after correction

**Evidence required:** Document numbers + screenshots

**Document flow and impact:** Record the document flow, and for every delivery, goods issue and invoice write the stock change and the debit and credit lines.

**Troubleshooting:** Read the full message with its number. Record each error and its cause in the issue notes. If stuck for more than 30 minutes, set the status to Blocked and describe the blocker.

**Assessment:** Instructor verifies the acceptance criteria from the evidence and may ask for a live demonstration. Type: Transactions.

### Completion criteria
- Every step is done and every acceptance criterion is demonstrated
- Required evidence is attached to the issue
- Document flow and the logistics or accounting impact are written down where documents were created
- Actual time is logged against the issue
- Instructor Review is Approved and the status is Completed

**Estimated time:** 4 h

**Next task:** LAB-045","Migration","V26.0 Migration","MOD-42","THY-055","4","L4 - Advanced","Guided Lab","SAP S/4HANA Training System","Document numbers + screenshots","LTMC; BP","Migrate Your Data - Migration Cockpit","Migration","S/4HANA (ECC differences noted)","Same concept as ECC","Order to Cash","None","Level 3 - Advanced SD & Integration","Consultant","Transactions","0","Pending"
"LAB-045","LAB-045","Lab","Normal","[LAB-045] Migrate materials and customer-material information","**Objective:** Migrate materials and customer-material information

**Prerequisites:** LAB-044

**Concepts:** Customer; Business Partner; Material; Pricing; Open sales orders; Open deliveries; Other sales data such as customer-material info records, contracts and credit data; Migration Cockpit; Templates; APIs; BAPI concepts; Data validation; Reconciliation

**Transaction codes:** LTMC; MM03; VD53 (SAP GUI; use the Fiori app for the same function where one exists)

**Fiori apps:** Migrate Your Data - Migration Cockpit

**Business process:** Order to Cash

**Environment:** SAP S/4HANA Training System

### Steps
- [ ] Fill the product template with sales views for fifteen materials
- [ ] Load and validate
- [ ] Load customer-material info records

### Acceptance criteria
- Materials can be used in a sales order
- Info records are found in order entry

**Evidence required:** Document numbers + screenshots

**Document flow and impact:** Record the document flow, and for every delivery, goods issue and invoice write the stock change and the debit and credit lines.

**Troubleshooting:** Read the full message with its number. Record each error and its cause in the issue notes. If stuck for more than 30 minutes, set the status to Blocked and describe the blocker.

**Assessment:** Instructor verifies the acceptance criteria from the evidence and may ask for a live demonstration. Type: Transactions.

### Completion criteria
- Every step is done and every acceptance criterion is demonstrated
- Required evidence is attached to the issue
- Document flow and the logistics or accounting impact are written down where documents were created
- Actual time is logged against the issue
- Instructor Review is Approved and the status is Completed

**Estimated time:** 3 h

**Next task:** LAB-046","Migration","V26.0 Migration","MOD-42","LAB-044","3","L4 - Advanced","Guided Lab","SAP S/4HANA Training System","Document numbers + screenshots","LTMC; MM03; VD53","Migrate Your Data - Migration Cockpit","Migration","S/4HANA (ECC differences noted)","Same concept as ECC","Order to Cash","None","Level 3 - Advanced SD & Integration","Consultant","Transactions","0","Pending"
"LAB-046","LAB-046","Lab","Normal","[LAB-046] Migrate pricing conditions","**Objective:** Migrate pricing conditions

**Prerequisites:** LAB-045

**Concepts:** Customer; Business Partner; Material; Pricing; Open sales orders; Open deliveries; Other sales data such as customer-material info records, contracts and credit data; Migration Cockpit; Templates; APIs; BAPI concepts; Data validation; Reconciliation

**Transaction codes:** LTMC; VK13 (SAP GUI; use the Fiori app for the same function where one exists)

**Fiori apps:** Migrate Your Data - Migration Cockpit

**Business process:** Order to Cash

**Environment:** SAP S/4HANA Training System

### Steps
- [ ] Fill the pricing condition template for prices and discounts with validity and scales
- [ ] Load and validate
- [ ] Price a test order and compare with the legacy price list

### Acceptance criteria
- Test order prices equal the legacy price list

**Evidence required:** Document numbers + screenshots

**Document flow and impact:** Record the document flow, and for every delivery, goods issue and invoice write the stock change and the debit and credit lines.

**Troubleshooting:** Read the full message with its number. Record each error and its cause in the issue notes. If stuck for more than 30 minutes, set the status to Blocked and describe the blocker.

**Assessment:** Instructor verifies the acceptance criteria from the evidence and may ask for a live demonstration. Type: Transactions.

### Completion criteria
- Every step is done and every acceptance criterion is demonstrated
- Required evidence is attached to the issue
- Document flow and the logistics or accounting impact are written down where documents were created
- Actual time is logged against the issue
- Instructor Review is Approved and the status is Completed

**Estimated time:** 3 h

**Next task:** LAB-047","Migration","V26.0 Migration","MOD-42","LAB-045","3","L4 - Advanced","Guided Lab","SAP S/4HANA Training System","Document numbers + screenshots","LTMC; VK13","Migrate Your Data - Migration Cockpit","Migration","S/4HANA (ECC differences noted)","Same concept as ECC","Order to Cash","None","Level 3 - Advanced SD & Integration","Consultant","Transactions","0","Pending"
"LAB-047","LAB-047","Lab","Normal","[LAB-047] Migrate open sales orders and handle open deliveries","**Objective:** Migrate open sales orders and handle open deliveries

**Prerequisites:** LAB-046

**Concepts:** Customer; Business Partner; Material; Pricing; Open sales orders; Open deliveries; Other sales data such as customer-material info records, contracts and credit data; Migration Cockpit; Templates; APIs; BAPI concepts; Data validation; Reconciliation

**Transaction codes:** LTMC; VA05; VL06O (SAP GUI; use the Fiori app for the same function where one exists)

**Fiori apps:** Migrate Your Data - Migration Cockpit

**Business process:** Order to Cash

**Environment:** SAP S/4HANA Training System

### Steps
- [ ] Fill the sales order template with open quantities only
- [ ] Load and validate
- [ ] Reconcile open order value by customer
- [ ] Write the cutover rule for deliveries in transit and unbilled deliveries

### Acceptance criteria
- Open order value equals the legacy report
- Cutover rule covers deliveries and billing

**Evidence required:** Document numbers + screenshots

**Document flow and impact:** Record the document flow, and for every delivery, goods issue and invoice write the stock change and the debit and credit lines.

**Troubleshooting:** Read the full message with its number. Record each error and its cause in the issue notes. If stuck for more than 30 minutes, set the status to Blocked and describe the blocker.

**Assessment:** Instructor verifies the acceptance criteria from the evidence and may ask for a live demonstration. Type: Transactions.

### Completion criteria
- Every step is done and every acceptance criterion is demonstrated
- Required evidence is attached to the issue
- Document flow and the logistics or accounting impact are written down where documents were created
- Actual time is logged against the issue
- Instructor Review is Approved and the status is Completed

**Estimated time:** 4 h

**Next task:** DOC-001","Migration","V26.0 Migration","MOD-42","LAB-046","4","L4 - Advanced","Guided Lab","SAP S/4HANA Training System","Document numbers + screenshots","LTMC; VA05; VL06O","Migrate Your Data - Migration Cockpit","Migration","S/4HANA (ECC differences noted)","Same concept as ECC","Order to Cash","None","Level 3 - Advanced SD & Integration","Consultant","Transactions","0","Pending"
"DOC-001","DOC-001","Documentation","Normal","[DOC-001] Data migration plan for sales","**Objective:** Data migration plan for sales

**Prerequisites:** LAB-047

**Concepts:** Customer; Business Partner; Material; Pricing; Open sales orders; Open deliveries; Other sales data such as customer-material info records, contracts and credit data; Migration Cockpit; Templates; APIs; BAPI concepts; Data validation; Reconciliation

**Fiori apps:** Migrate Your Data - Migration Cockpit

**Business process:** Order to Cash

**Environment:** SAP S/4HANA Training System

### Steps
- [ ] Write the plan: objects, source, cleansing, mapping, tool, sequence, validation, reconciliation and sign-off

### Acceptance criteria
- Plan covers every object with an owner and a reconciliation method

**Evidence required:** Written deliverable

**Document flow and impact:** Record the document flow, and for every delivery, goods issue and invoice write the stock change and the debit and credit lines.

**Troubleshooting:** Read the full message with its number. Record each error and its cause in the issue notes. If stuck for more than 30 minutes, set the status to Blocked and describe the blocker.

**Assessment:** Instructor reviews the document for completeness and accuracy. Type: Requirement analysis.

### Completion criteria
- Every step is done and every acceptance criterion is demonstrated
- Required evidence is attached to the issue
- Document flow and the logistics or accounting impact are written down where documents were created
- Actual time is logged against the issue
- Instructor Review is Approved and the status is Completed

**Estimated time:** 3 h

**Next task:** TSH-046","Migration","V26.0 Migration","MOD-42","LAB-047","3","L4 - Advanced","Documentation","SAP S/4HANA Training System","Written deliverable","","Migrate Your Data - Migration Cockpit","Migration","S/4HANA (ECC differences noted)","Same concept as ECC","Order to Cash","None","Level 3 - Advanced SD & Integration","Consultant","Requirement analysis","0","Pending"
"TSH-046","TSH-046","Troubleshooting","Normal","[TSH-046] Scenario 46: migration load fails validation","**Objective:** Scenario 46: migration load fails validation

**Prerequisites:** DOC-001

**Concepts:** Customer; Business Partner; Material; Pricing; Open sales orders; Open deliveries; Other sales data such as customer-material info records, contracts and credit data; Migration Cockpit; Templates; APIs; BAPI concepts; Data validation; Reconciliation

**Transaction codes:** LTMC; LTMOM; LSMW; BP; VK11; VA05; VL06O; SE16N (SAP GUI; use the Fiori app for the same function where one exists)

**Fiori apps:** Migrate Your Data - Migration Cockpit

**Business process:** Order to Cash

**Environment:** SAP S/4HANA Training System

### Steps
- [ ] Reproduce the error in the training client (instructor-prepared)
- [ ] Record the exact message number and text, and the business impact
- [ ] Read the error log
- [ ] fix mapping or missing configuration values and reload
- [ ] Apply the fix
- [ ] Re-run the original transaction to validate
- [ ] Write the eight-section report: problem, business impact, evidence, root cause, configuration, fix, validation, prevention

### Acceptance criteria
- The original transaction now works
- Root cause is shown in configuration or master data
- Report has all eight sections

**Evidence required:** Root cause report

**Document flow and impact:** Record the document flow, and for every delivery, goods issue and invoice write the stock change and the debit and credit lines.

**Assessment:** Instructor grades the eight-section report. Type: Configuration decisions.

### Completion criteria
- Every step is done and every acceptance criterion is demonstrated
- Required evidence is attached to the issue
- Document flow and the logistics or accounting impact are written down where documents were created
- Actual time is logged against the issue
- Instructor Review is Approved and the status is Completed

**Estimated time:** 1 h

**Next task:** TSH-047","Migration","V26.0 Migration","MOD-42","DOC-001","1","L4 - Advanced","Troubleshooting","SAP S/4HANA Training System","Root cause report","LTMC; LTMOM; LSMW; BP; VK11; VA05; VL06O; SE16N","Migrate Your Data - Migration Cockpit","Migration","S/4HANA (ECC differences noted)","Same concept as ECC","Order to Cash","None","Level 3 - Advanced SD & Integration","Consultant","Configuration decisions","0","Pending"
"TSH-047","TSH-047","Troubleshooting","Normal","[TSH-047] Scenario 47: migrated customers cannot be used in orders","**Objective:** Scenario 47: migrated customers cannot be used in orders

**Prerequisites:** TSH-046

**Concepts:** Customer; Business Partner; Material; Pricing; Open sales orders; Open deliveries; Other sales data such as customer-material info records, contracts and credit data; Migration Cockpit; Templates; APIs; BAPI concepts; Data validation; Reconciliation

**Transaction codes:** LTMC; LTMOM; LSMW; BP; VK11; VA05; VL06O; SE16N (SAP GUI; use the Fiori app for the same function where one exists)

**Fiori apps:** Migrate Your Data - Migration Cockpit

**Business process:** Order to Cash

**Environment:** SAP S/4HANA Training System

### Steps
- [ ] Reproduce the error in the training client (instructor-prepared)
- [ ] Record the exact message number and text, and the business impact
- [ ] Check sales area data, partner functions and the customer role of the business partner
- [ ] Apply the fix
- [ ] Re-run the original transaction to validate
- [ ] Write the eight-section report: problem, business impact, evidence, root cause, configuration, fix, validation, prevention

### Acceptance criteria
- The original transaction now works
- Root cause is shown in configuration or master data
- Report has all eight sections

**Evidence required:** Root cause report

**Document flow and impact:** Record the document flow, and for every delivery, goods issue and invoice write the stock change and the debit and credit lines.

**Assessment:** Instructor grades the eight-section report. Type: Configuration decisions.

### Completion criteria
- Every step is done and every acceptance criterion is demonstrated
- Required evidence is attached to the issue
- Document flow and the logistics or accounting impact are written down where documents were created
- Actual time is logged against the issue
- Instructor Review is Approved and the status is Completed

**Estimated time:** 1 h

**Next task:** ASM-026","Migration","V26.0 Migration","MOD-42","TSH-046","1","L4 - Advanced","Troubleshooting","SAP S/4HANA Training System","Root cause report","LTMC; LTMOM; LSMW; BP; VK11; VA05; VL06O; SE16N","Migrate Your Data - Migration Cockpit","Migration","S/4HANA (ECC differences noted)","Same concept as ECC","Order to Cash","None","Level 3 - Advanced SD & Integration","Consultant","Configuration decisions","0","Pending"
"ASM-026","ASM-026","Assessment","High","[ASM-026] Phase 26 assessment: migration","**Objective:** Phase 26 assessment: migration

**Prerequisites:** TSH-047

**Concepts:** Customer; Business Partner; Material; Pricing; Open sales orders; Open deliveries; Other sales data such as customer-material info records, contracts and credit data; Migration Cockpit; Templates; APIs; BAPI concepts; Data validation; Reconciliation

**Fiori apps:** Migrate Your Data - Migration Cockpit

**Business process:** Order to Cash

**Environment:** SAP S/4HANA Training System

### Steps
- [ ] Plan and justify the migration of a legacy sales data set

### Acceptance criteria
- Score of 70 or higher

**Evidence required:** Scored result

**Document flow and impact:** Record the document flow, and for every delivery, goods issue and invoice write the stock change and the debit and credit lines.

**Troubleshooting:** Read the full message with its number. Record each error and its cause in the issue notes. If stuck for more than 30 minutes, set the status to Blocked and describe the blocker.

**Assessment:** Scored 0-100. Pass mark 70. Type: Requirement analysis.

### Completion criteria
- Every step is done and every acceptance criterion is demonstrated
- Required evidence is attached to the issue
- Document flow and the logistics or accounting impact are written down where documents were created
- Actual time is logged against the issue
- Instructor Review is Approved and the status is Completed

**Estimated time:** 2 h

**Next task:** Last task of this module","Migration","V26.0 Migration","MOD-42","TSH-047","2","L4 - Advanced","Assessment","SAP S/4HANA Training System","Scored result","","Migrate Your Data - Migration Cockpit","Migration","S/4HANA (ECC differences noted)","Same concept as ECC","Order to Cash","None","Level 3 - Advanced SD & Integration","Consultant","Requirement analysis","0","Pending"
"REVIEW-26","REVIEW-26","Review","High","[REVIEW-26] Phase 26 gate review","**Objective:** Confirm that phase 26 (Migration) is complete.

### Checklist
- [ ] Every issue of the phase is Completed
- [ ] Evidence is attached to every issue
- [ ] Time is logged
- [ ] Assessment score is 70 or higher
- [ ] Configuration document is up to date

**Assessment:** Instructor confirms the checklist and records the gate decision.

**Estimated time:** 1 h","","V26.0 Migration","PHASE-26","ASM-026","1","","Review","","Instructor sign-off","","","","","","","","","","Review","0","Pending"
"PHASE-27","PHASE-27","Phase","Normal","[PHASE-27] Implementation","Phase 27 of 30. Version: V27.0 Implementation.

Modules: 6. Estimated hours: 81.

- MOD-43 Implementation Methodology
- MOD-44 Implementation Documentation
- MOD-45 Cutover and Go-Live
- MOD-46 SAP SD Security Concepts
- MOD-47 Month-End Sales Closing
- MOD-48 SD Implementation Project: Global Manufacturing Corporation

The phase closes with the gate review REVIEW-27.","","V27.0 Implementation","EPIC","","","","","","","","","","","","","","","","","",""
"MOD-43","MOD-43","Module","Normal","[MOD-43] Implementation Methodology","**Topics:** SAP Activate; Discover; Prepare; Explore; Realize; Deploy; Run; Fit-to-standard; Fit-gap; Requirement to production: requirement, business process, fit-gap, configuration, unit test, integration test, UAT, transport, production

**Transaction codes:** SPRO; SE10; STMS

**Fiori apps:** None listed

**Environment:** SAP S/4HANA Training System

**Tasks:** 4, 14 estimated hours.

- THY-056 SAP Activate and its phases
- THY-057 How consultants configure: requirement to production
- IMPL-001 Fit-to-standard workshop and fit-gap document for sales
- IMPL-002 IMG navigation for SD and transport requests","Implementation","V27.0 Implementation","PHASE-27","","","","","SAP S/4HANA Training System","","SPRO; SE10; STMS","","Implementation","S/4HANA (ECC differences noted)","Not version specific","None","None","Level 3 - Advanced SD & Integration","Consultant","","",""
"THY-056","THY-056","Theory","Normal","[THY-056] SAP Activate and its phases","**Objective:** SAP Activate and its phases

**Prerequisites:** ASM-026

**Concepts:** SAP Activate; Discover; Prepare; Explore; Realize; Deploy; Run; Fit-to-standard; Fit-gap; Requirement to production: requirement, business process, fit-gap, configuration, unit test, integration test, UAT, transport, production

**Environment:** SAP S/4HANA Training System

### Steps
- [ ] Study discover, prepare, explore, realize, deploy and run with the deliverables of each
- [ ] Study fit-to-standard workshops and the backlog
- [ ] Compare with the older ASAP blueprint approach

### Acceptance criteria
- Lists the main deliverables of each phase
- Explains fit-to-standard

**Evidence required:** Notes

**Document flow and impact:** Record the document flow, and for every delivery, goods issue and invoice write the stock change and the debit and credit lines.

**Assessment:** Instructor checks the notes and asks short oral questions. Type: Short answer.

### Completion criteria
- Every step is done and every acceptance criterion is demonstrated
- Required evidence is attached to the issue
- Document flow and the logistics or accounting impact are written down where documents were created
- Actual time is logged against the issue
- Instructor Review is Approved and the status is Completed

**Estimated time:** 3 h

**Next task:** THY-057","Implementation","V27.0 Implementation","MOD-43","ASM-026","3","L3 - Intermediate","Theory","SAP S/4HANA Training System","Notes","","","Implementation","S/4HANA (ECC differences noted)","Not version specific","None","None","Level 3 - Advanced SD & Integration","Consultant","Short answer","0","Pending"
"THY-057","THY-057","Theory","Normal","[THY-057] How consultants configure: requirement to production","**Objective:** How consultants configure: requirement to production

**Prerequisites:** THY-056

**Concepts:** SAP Activate; Discover; Prepare; Explore; Realize; Deploy; Run; Fit-to-standard; Fit-gap; Requirement to production: requirement, business process, fit-gap, configuration, unit test, integration test, UAT, transport, production

**Environment:** SAP S/4HANA Training System

### Steps
- [ ] Study the chain requirement, business process, fit-gap, configuration, unit test, integration test, UAT, transport, production
- [ ] Study why each configuration exists and how it is traced to a requirement

### Acceptance criteria
- Traces one requirement through all nine steps

**Evidence required:** Notes

**Document flow and impact:** Record the document flow, and for every delivery, goods issue and invoice write the stock change and the debit and credit lines.

**Assessment:** Instructor checks the notes and asks short oral questions. Type: Short answer.

### Completion criteria
- Every step is done and every acceptance criterion is demonstrated
- Required evidence is attached to the issue
- Document flow and the logistics or accounting impact are written down where documents were created
- Actual time is logged against the issue
- Instructor Review is Approved and the status is Completed

**Estimated time:** 3 h

**Next task:** IMPL-001","Implementation","V27.0 Implementation","MOD-43","THY-056","3","L3 - Intermediate","Theory","SAP S/4HANA Training System","Notes","","","Implementation","S/4HANA (ECC differences noted)","Not version specific","None","None","Level 3 - Advanced SD & Integration","Consultant","Short answer","0","Pending"
"IMPL-001","IMPL-001","Implementation","Normal","[IMPL-001] Fit-to-standard workshop and fit-gap document for sales","**Objective:** Fit-to-standard workshop and fit-gap document for sales

**Prerequisites:** THY-057

**Concepts:** SAP Activate; Discover; Prepare; Explore; Realize; Deploy; Run; Fit-to-standard; Fit-gap; Requirement to production: requirement, business process, fit-gap, configuration, unit test, integration test, UAT, transport, production

**Environment:** SAP S/4HANA Training System

### Steps
- [ ] Run a role-played workshop for order to cash with another student as the business
- [ ] Record requirements
- [ ] Classify each as fit, configuration or gap with options and decision

### Acceptance criteria
- Fit-gap document has at least twenty requirements with decisions

**Evidence required:** Written deliverable

**Document flow and impact:** Record the document flow, and for every delivery, goods issue and invoice write the stock change and the debit and credit lines.

**Troubleshooting:** Read the full message with its number. Record each error and its cause in the issue notes. If stuck for more than 30 minutes, set the status to Blocked and describe the blocker.

**Assessment:** Instructor reviews the deliverable as a project lead would. Type: Solution design.

### Completion criteria
- Every step is done and every acceptance criterion is demonstrated
- Required evidence is attached to the issue
- Document flow and the logistics or accounting impact are written down where documents were created
- Actual time is logged against the issue
- Instructor Review is Approved and the status is Completed

**Estimated time:** 4 h

**Next task:** IMPL-002","Implementation","V27.0 Implementation","MOD-43","THY-057","4","L3 - Intermediate","Implementation","SAP S/4HANA Training System","Written deliverable","","","Implementation","S/4HANA (ECC differences noted)","Not version specific","None","None","Level 3 - Advanced SD & Integration","Consultant","Solution design","0","Pending"
"IMPL-002","IMPL-002","Implementation","Normal","[IMPL-002] IMG navigation for SD and transport requests","**Objective:** IMG navigation for SD and transport requests

**Prerequisites:** IMPL-001

**Concepts:** SAP Activate; Discover; Prepare; Explore; Realize; Deploy; Run; Fit-to-standard; Fit-gap; Requirement to production: requirement, business process, fit-gap, configuration, unit test, integration test, UAT, transport, production

**Transaction codes:** SPRO; SE10 (SAP GUI; use the Fiori app for the same function where one exists)

**Environment:** SAP S/4HANA Training System

### Steps
- [ ] Walk the implementation guide for enterprise structure, assignments, sales, shipping, billing, pricing, output, partner determination, copy control, availability and credit management
- [ ] For each area note what is configured and why
- [ ] Record a customizing change in a request and follow its release

### Acceptance criteria
- Finds any SD setting in the guide without a transaction code
- Explains what a request contains

**Evidence required:** Written deliverable

**Document flow and impact:** Record the document flow, and for every delivery, goods issue and invoice write the stock change and the debit and credit lines.

**Troubleshooting:** Read the full message with its number. Record each error and its cause in the issue notes. If stuck for more than 30 minutes, set the status to Blocked and describe the blocker.

**Assessment:** Instructor reviews the deliverable as a project lead would. Type: Solution design.

### Completion criteria
- Every step is done and every acceptance criterion is demonstrated
- Required evidence is attached to the issue
- Document flow and the logistics or accounting impact are written down where documents were created
- Actual time is logged against the issue
- Instructor Review is Approved and the status is Completed

**Estimated time:** 4 h

**Next task:** Last task of this module","Implementation","V27.0 Implementation","MOD-43","IMPL-001","4","L3 - Intermediate","Implementation","SAP S/4HANA Training System","Written deliverable","SPRO; SE10","","Implementation","S/4HANA (ECC differences noted)","Not version specific","None","None","Level 3 - Advanced SD & Integration","Consultant","Solution design","0","Pending"
"MOD-44","MOD-44","Module","Normal","[MOD-44] Implementation Documentation","**Topics:** Business Requirement Document; Fit-Gap Analysis; Business Process Document; Configuration Document; Functional Specification; Test Script; Test Evidence; Data Migration Plan; Cutover Plan; Go-Live Checklist; Support Runbook; RCA; User Training Material

**Transaction codes:** None

**Fiori apps:** None listed

**Environment:** SAP S/4HANA Training System

**Tasks:** 4, 13 estimated hours.

- DOC-002 Business requirement document and business process document
- DOC-003 Configuration document
- DOC-004 Functional specification for an enhancement
- DOC-005 User training material","Implementation","V27.0 Implementation","PHASE-27","","","","","SAP S/4HANA Training System","","","","Implementation","S/4HANA (ECC differences noted)","Not version specific","None","None","Level 3 - Advanced SD & Integration","Consultant","","",""
"DOC-002","DOC-002","Documentation","Normal","[DOC-002] Business requirement document and business process document","**Objective:** Business requirement document and business process document

**Prerequisites:** IMPL-002

**Concepts:** Business Requirement Document; Fit-Gap Analysis; Business Process Document; Configuration Document; Functional Specification; Test Script; Test Evidence; Data Migration Plan; Cutover Plan; Go-Live Checklist; Support Runbook; RCA; User Training Material

**Environment:** SAP S/4HANA Training System

### Steps
- [ ] Write the requirement document for sales of the course company
- [ ] Write the process document for order to cash with roles, steps, documents and controls

### Acceptance criteria
- Requirements are numbered and testable
- Process document covers standard and exception flows

**Evidence required:** Written deliverable

**Document flow and impact:** Record the document flow, and for every delivery, goods issue and invoice write the stock change and the debit and credit lines.

**Troubleshooting:** Read the full message with its number. Record each error and its cause in the issue notes. If stuck for more than 30 minutes, set the status to Blocked and describe the blocker.

**Assessment:** Instructor reviews the document for completeness and accuracy. Type: Requirement analysis.

### Completion criteria
- Every step is done and every acceptance criterion is demonstrated
- Required evidence is attached to the issue
- Document flow and the logistics or accounting impact are written down where documents were created
- Actual time is logged against the issue
- Instructor Review is Approved and the status is Completed

**Estimated time:** 4 h

**Next task:** DOC-003","Implementation","V27.0 Implementation","MOD-44","IMPL-002","4","L3 - Intermediate","Documentation","SAP S/4HANA Training System","Written deliverable","","","Implementation","S/4HANA (ECC differences noted)","Not version specific","None","None","Level 3 - Advanced SD & Integration","Consultant","Requirement analysis","0","Pending"
"DOC-003","DOC-003","Documentation","Normal","[DOC-003] Configuration document","**Objective:** Configuration document

**Prerequisites:** DOC-002

**Concepts:** Business Requirement Document; Fit-Gap Analysis; Business Process Document; Configuration Document; Functional Specification; Test Script; Test Evidence; Data Migration Plan; Cutover Plan; Go-Live Checklist; Support Runbook; RCA; User Training Material

**Environment:** SAP S/4HANA Training System

### Steps
- [ ] Consolidate the configuration notes of all phases into one document by area with setting, values, business reason and unit test reference

### Acceptance criteria
- Every configured area is present with a reason

**Evidence required:** Written deliverable

**Document flow and impact:** Record the document flow, and for every delivery, goods issue and invoice write the stock change and the debit and credit lines.

**Troubleshooting:** Read the full message with its number. Record each error and its cause in the issue notes. If stuck for more than 30 minutes, set the status to Blocked and describe the blocker.

**Assessment:** Instructor reviews the document for completeness and accuracy. Type: Requirement analysis.

### Completion criteria
- Every step is done and every acceptance criterion is demonstrated
- Required evidence is attached to the issue
- Document flow and the logistics or accounting impact are written down where documents were created
- Actual time is logged against the issue
- Instructor Review is Approved and the status is Completed

**Estimated time:** 3 h

**Next task:** DOC-004","Implementation","V27.0 Implementation","MOD-44","DOC-002","3","L3 - Intermediate","Documentation","SAP S/4HANA Training System","Written deliverable","","","Implementation","S/4HANA (ECC differences noted)","Not version specific","None","None","Level 3 - Advanced SD & Integration","Consultant","Requirement analysis","0","Pending"
"DOC-004","DOC-004","Documentation","Normal","[DOC-004] Functional specification for an enhancement","**Objective:** Functional specification for an enhancement

**Prerequisites:** DOC-003

**Concepts:** Business Requirement Document; Fit-Gap Analysis; Business Process Document; Configuration Document; Functional Specification; Test Script; Test Evidence; Data Migration Plan; Cutover Plan; Go-Live Checklist; Support Runbook; RCA; User Training Material

**Environment:** SAP S/4HANA Training System

### Steps
- [ ] Specify a sales enhancement such as a custom order field or an output form change: purpose, process context, logic, selection, output, authorization, error handling, test cases

### Acceptance criteria
- A developer could build from it without further questions

**Evidence required:** Written deliverable

**Document flow and impact:** Record the document flow, and for every delivery, goods issue and invoice write the stock change and the debit and credit lines.

**Troubleshooting:** Read the full message with its number. Record each error and its cause in the issue notes. If stuck for more than 30 minutes, set the status to Blocked and describe the blocker.

**Assessment:** Instructor reviews the document for completeness and accuracy. Type: Requirement analysis.

### Completion criteria
- Every step is done and every acceptance criterion is demonstrated
- Required evidence is attached to the issue
- Document flow and the logistics or accounting impact are written down where documents were created
- Actual time is logged against the issue
- Instructor Review is Approved and the status is Completed

**Estimated time:** 3 h

**Next task:** DOC-005","Implementation","V27.0 Implementation","MOD-44","DOC-003","3","L3 - Intermediate","Documentation","SAP S/4HANA Training System","Written deliverable","","","Implementation","S/4HANA (ECC differences noted)","Not version specific","None","None","Level 3 - Advanced SD & Integration","Consultant","Requirement analysis","0","Pending"
"DOC-005","DOC-005","Documentation","Normal","[DOC-005] User training material","**Objective:** User training material

**Prerequisites:** DOC-004

**Concepts:** Business Requirement Document; Fit-Gap Analysis; Business Process Document; Configuration Document; Functional Specification; Test Script; Test Evidence; Data Migration Plan; Cutover Plan; Go-Live Checklist; Support Runbook; RCA; User Training Material

**Environment:** SAP S/4HANA Training System

### Steps
- [ ] Write a role-based guide for the internal sales representative with screens, common errors and contacts

### Acceptance criteria
- A new user can create and track an order from the guide

**Evidence required:** Written deliverable

**Document flow and impact:** Record the document flow, and for every delivery, goods issue and invoice write the stock change and the debit and credit lines.

**Troubleshooting:** Read the full message with its number. Record each error and its cause in the issue notes. If stuck for more than 30 minutes, set the status to Blocked and describe the blocker.

**Assessment:** Instructor reviews the document for completeness and accuracy. Type: Requirement analysis.

### Completion criteria
- Every step is done and every acceptance criterion is demonstrated
- Required evidence is attached to the issue
- Document flow and the logistics or accounting impact are written down where documents were created
- Actual time is logged against the issue
- Instructor Review is Approved and the status is Completed

**Estimated time:** 3 h

**Next task:** Last task of this module","Implementation","V27.0 Implementation","MOD-44","DOC-004","3","L3 - Intermediate","Documentation","SAP S/4HANA Training System","Written deliverable","","","Implementation","S/4HANA (ECC differences noted)","Not version specific","None","None","Level 3 - Advanced SD & Integration","Consultant","Requirement analysis","0","Pending"
"MOD-45","MOD-45","Module","Normal","[MOD-45] Cutover and Go-Live","**Topics:** Cutover plan; Open document strategy; Number ranges; Transports; Go-live checklist; Hypercare

**Transaction codes:** SPRO; STMS; VA05; VL06O; VF04

**Fiori apps:** None listed

**Environment:** SAP S/4HANA Training System

**Tasks:** 2, 6 estimated hours.

- THY-058 Cutover and go-live for sales
- DOC-006 Cutover plan and go-live checklist","Cutover and Go-Live","V27.0 Implementation","PHASE-27","","","","","SAP S/4HANA Training System","","SPRO; STMS; VA05; VL06O; VF04","","Cutover and Go-Live","S/4HANA (ECC differences noted)","Not version specific","Order to Cash","None","Level 3 - Advanced SD & Integration","Consultant","","",""
"THY-058","THY-058","Theory","Normal","[THY-058] Cutover and go-live for sales","**Objective:** Cutover and go-live for sales

**Prerequisites:** DOC-005

**Concepts:** Cutover plan; Open document strategy; Number ranges; Transports; Go-live checklist; Hypercare

**Business process:** Order to Cash

**Environment:** SAP S/4HANA Training System

### Steps
- [ ] Study the cutover sequence: freeze, final transports, number ranges, master data, open orders, validation, release
- [ ] Study the handling of orders in transit
- [ ] Study hypercare

### Acceptance criteria
- Orders the cutover tasks correctly
- Explains the open document strategy

**Evidence required:** Notes

**Document flow and impact:** Record the document flow, and for every delivery, goods issue and invoice write the stock change and the debit and credit lines.

**Assessment:** Instructor checks the notes and asks short oral questions. Type: Short answer.

### Completion criteria
- Every step is done and every acceptance criterion is demonstrated
- Required evidence is attached to the issue
- Document flow and the logistics or accounting impact are written down where documents were created
- Actual time is logged against the issue
- Instructor Review is Approved and the status is Completed

**Estimated time:** 2 h

**Next task:** DOC-006","Cutover and Go-Live","V27.0 Implementation","MOD-45","DOC-005","2","L4 - Advanced","Theory","SAP S/4HANA Training System","Notes","","","Cutover and Go-Live","S/4HANA (ECC differences noted)","Not version specific","Order to Cash","None","Level 3 - Advanced SD & Integration","Consultant","Short answer","0","Pending"
"DOC-006","DOC-006","Documentation","Normal","[DOC-006] Cutover plan and go-live checklist","**Objective:** Cutover plan and go-live checklist

**Prerequisites:** THY-058

**Concepts:** Cutover plan; Open document strategy; Number ranges; Transports; Go-live checklist; Hypercare

**Business process:** Order to Cash

**Environment:** SAP S/4HANA Training System

### Steps
- [ ] Write the cutover plan with task, owner, start, duration, dependency, verification and fallback
- [ ] Write the go-live checklist with readiness item, owner, evidence and decision

### Acceptance criteria
- Plan has a fallback for every critical task
- Checklist supports a go or no-go decision

**Evidence required:** Written deliverable

**Document flow and impact:** Record the document flow, and for every delivery, goods issue and invoice write the stock change and the debit and credit lines.

**Troubleshooting:** Read the full message with its number. Record each error and its cause in the issue notes. If stuck for more than 30 minutes, set the status to Blocked and describe the blocker.

**Assessment:** Instructor reviews the document for completeness and accuracy. Type: Requirement analysis.

### Completion criteria
- Every step is done and every acceptance criterion is demonstrated
- Required evidence is attached to the issue
- Document flow and the logistics or accounting impact are written down where documents were created
- Actual time is logged against the issue
- Instructor Review is Approved and the status is Completed

**Estimated time:** 4 h

**Next task:** Last task of this module","Cutover and Go-Live","V27.0 Implementation","MOD-45","THY-058","4","L4 - Advanced","Documentation","SAP S/4HANA Training System","Written deliverable","","","Cutover and Go-Live","S/4HANA (ECC differences noted)","Not version specific","Order to Cash","None","Level 3 - Advanced SD & Integration","Consultant","Requirement analysis","0","Pending"
"MOD-46","MOD-46","Module","Normal","[MOD-46] SAP SD Security Concepts","**Topics:** Roles; Authorization objects for sales documents, deliveries and billing; Organizational levels; Segregation of duties

**Transaction codes:** SU53; SUIM; PFCG; SU01

**Fiori apps:** None listed

**Environment:** SAP S/4HANA Training System

**Tasks:** 2, 4 estimated hours.

- THY-059 Functional security for sales: roles, organizational levels and segregation of duties
- IMPL-003 Authorization failure analysis and role requirement","Implementation","V27.0 Implementation","PHASE-27","","","","","SAP S/4HANA Training System","","SU53; SUIM; PFCG; SU01","","Implementation","S/4HANA (ECC differences noted)","Not version specific","None","None","Level 3 - Advanced SD & Integration","Consultant","","",""
"THY-059","THY-059","Theory","Normal","[THY-059] Functional security for sales: roles, organizational levels and segregation of duties","**Objective:** Functional security for sales: roles, organizational levels and segregation of duties

**Prerequisites:** DOC-006

**Concepts:** Roles; Authorization objects for sales documents, deliveries and billing; Organizational levels; Segregation of duties

**Environment:** SAP S/4HANA Training System

### Steps
- [ ] Study authorization checks by sales area, document type, shipping point and billing type
- [ ] Study conflicts such as maintaining prices and creating invoices
- [ ] Study business roles in Fiori

### Acceptance criteria
- Names the organizational levels of sales authorizations
- Gives three segregation conflicts

**Evidence required:** Notes

**Document flow and impact:** Record the document flow, and for every delivery, goods issue and invoice write the stock change and the debit and credit lines.

**Assessment:** Instructor checks the notes and asks short oral questions. Type: Short answer.

### Completion criteria
- Every step is done and every acceptance criterion is demonstrated
- Required evidence is attached to the issue
- Document flow and the logistics or accounting impact are written down where documents were created
- Actual time is logged against the issue
- Instructor Review is Approved and the status is Completed

**Estimated time:** 2 h

**Next task:** IMPL-003","Implementation","V27.0 Implementation","MOD-46","DOC-006","2","L3 - Intermediate","Theory","SAP S/4HANA Training System","Notes","","","Implementation","S/4HANA (ECC differences noted)","Not version specific","None","None","Level 3 - Advanced SD & Integration","Consultant","Short answer","0","Pending"
"IMPL-003","IMPL-003","Implementation","Normal","[IMPL-003] Authorization failure analysis and role requirement","**Objective:** Authorization failure analysis and role requirement

**Prerequisites:** THY-059

**Concepts:** Roles; Authorization objects for sales documents, deliveries and billing; Organizational levels; Segregation of duties

**Transaction codes:** SU53; SUIM (SAP GUI; use the Fiori app for the same function where one exists)

**Environment:** SAP S/4HANA Training System

### Steps
- [ ] Reproduce a missing authorization
- [ ] Read the failed check
- [ ] Write the role change request for the security team

### Acceptance criteria
- Request names object, field and value and the business reason

**Evidence required:** Written deliverable

**Document flow and impact:** Record the document flow, and for every delivery, goods issue and invoice write the stock change and the debit and credit lines.

**Troubleshooting:** Read the full message with its number. Record each error and its cause in the issue notes. If stuck for more than 30 minutes, set the status to Blocked and describe the blocker.

**Assessment:** Instructor reviews the deliverable as a project lead would. Type: Solution design.

### Completion criteria
- Every step is done and every acceptance criterion is demonstrated
- Required evidence is attached to the issue
- Document flow and the logistics or accounting impact are written down where documents were created
- Actual time is logged against the issue
- Instructor Review is Approved and the status is Completed

**Estimated time:** 2 h

**Next task:** Last task of this module","Implementation","V27.0 Implementation","MOD-46","THY-059","2","L3 - Intermediate","Implementation","SAP S/4HANA Training System","Written deliverable","SU53; SUIM","","Implementation","S/4HANA (ECC differences noted)","Not version specific","None","None","Level 3 - Advanced SD & Integration","Consultant","Solution design","0","Pending"
"MOD-47","MOD-47","Module","Normal","[MOD-47] Month-End Sales Closing","**Topics:** Open deliveries; Billing completion; Billing blocks; Credit blocks; Returns; Billing reconciliation; Revenue reporting; FI reconciliation

**Transaction codes:** VL06O; VL10; VF04; V.23; VKM1; UKM_MY_DCDS; VFX3; V.15; VA05; VF05; FBL5N; FAGLB03

**Fiori apps:** Create Billing Documents; Manage Documented Credit Decisions; Sales Order Fulfillment Issues

**Environment:** SAP S/4HANA Training System

**Tasks:** 3, 10 estimated hours.

- THY-060 Why sales closes the month and what finance needs
- PROC-013 Month-end sales closing run
- DOC-007 Month-end sales closing checklist for the course company","Implementation","V27.0 Implementation","PHASE-27","","","","","SAP S/4HANA Training System","","VL06O; VL10; VF04; V.23; VKM1; UKM_MY_DCDS; VFX3; V.15; VA05; VF05; FBL5N; FAGLB03","Create Billing Documents; Manage Documented Credit Decisions; Sales Order Fulfillment Issues","Implementation","S/4HANA (ECC differences noted)","Same concept as ECC","Order to Cash","FI","Level 3 - Advanced SD & Integration","Integration","","",""
"THY-060","THY-060","Theory","Normal","[THY-060] Why sales closes the month and what finance needs","**Objective:** Why sales closes the month and what finance needs

**Prerequisites:** IMPL-003

**Concepts:** Open deliveries; Billing completion; Billing blocks; Credit blocks; Returns; Billing reconciliation; Revenue reporting; FI reconciliation

**Fiori apps:** Create Billing Documents; Manage Documented Credit Decisions; Sales Order Fulfillment Issues

**Business process:** Order to Cash

**Environment:** SAP S/4HANA Training System

### Steps
- [ ] Study the cut-off between goods issue and billing
- [ ] Study the effect of unbilled deliveries, blocked invoices and open returns on revenue
- [ ] Study the checklist on the Month_End_Sales_Closing wiki page

### Acceptance criteria
- Explains why goods issued but not billed matters to finance

**Evidence required:** Notes

**Document flow and impact:** Record the document flow, and for every delivery, goods issue and invoice write the stock change and the debit and credit lines.

**Assessment:** Instructor checks the notes and asks short oral questions. Type: Short answer.

### Completion criteria
- Every step is done and every acceptance criterion is demonstrated
- Required evidence is attached to the issue
- Document flow and the logistics or accounting impact are written down where documents were created
- Actual time is logged against the issue
- Instructor Review is Approved and the status is Completed

**Estimated time:** 2 h

**Next task:** PROC-013","Implementation","V27.0 Implementation","MOD-47","IMPL-003","2","L4 - Advanced","Theory","SAP S/4HANA Training System","Notes","","Create Billing Documents; Manage Documented Credit Decisions; Sales Order Fulfillment Issues","Implementation","S/4HANA (ECC differences noted)","Same concept as ECC","Order to Cash","FI","Level 3 - Advanced SD & Integration","Integration","Short answer","0","Pending"
"PROC-013","PROC-013","Sales Process","Normal","[PROC-013] Month-end sales closing run","**Objective:** Month-end sales closing run

**Prerequisites:** THY-060

**Concepts:** Open deliveries; Billing completion; Billing blocks; Credit blocks; Returns; Billing reconciliation; Revenue reporting; FI reconciliation

**Transaction codes:** VL06O; VF04; V.23; VKM1; VFX3; VF05; FBL5N (SAP GUI; use the Fiori app for the same function where one exists)

**Fiori apps:** Create Billing Documents; Manage Documented Credit Decisions; Sales Order Fulfillment Issues

**Business process:** Order to Cash

**Environment:** SAP S/4HANA Training System

### Steps
- [ ] Clear deliveries due for goods issue
- [ ] Process the billing due list
- [ ] Review and release billing blocks
- [ ] Review credit blocks
- [ ] Complete open returns and credit memos
- [ ] Release invoices not passed to accounting
- [ ] Reconcile billed value with revenue accounts and receivables
- [ ] Produce the revenue report by sales area

### Acceptance criteria
- No invoice remains unreleased to accounting
- Billing value equals revenue posted
- Open items are listed with an owner

**Evidence required:** Process document + document numbers

**Document flow and impact:** Record the document flow, and for every delivery, goods issue and invoice write the stock change and the debit and credit lines.

**Troubleshooting:** Read the full message with its number. Record each error and its cause in the issue notes. If stuck for more than 30 minutes, set the status to Blocked and describe the blocker.

**Assessment:** Instructor checks the process end to end from the document flow. Type: Transactions.

### Completion criteria
- Every step is done and every acceptance criterion is demonstrated
- Required evidence is attached to the issue
- Document flow and the logistics or accounting impact are written down where documents were created
- Actual time is logged against the issue
- Instructor Review is Approved and the status is Completed

**Estimated time:** 6 h

**Next task:** DOC-007","Implementation","V27.0 Implementation","MOD-47","THY-060","6","L4 - Advanced","Business Process","SAP S/4HANA Training System","Process document + document numbers","VL06O; VF04; V.23; VKM1; VFX3; VF05; FBL5N","Create Billing Documents; Manage Documented Credit Decisions; Sales Order Fulfillment Issues","Implementation","S/4HANA (ECC differences noted)","Same concept as ECC","Order to Cash","FI","Level 3 - Advanced SD & Integration","Integration","Transactions","0","Pending"
"DOC-007","DOC-007","Documentation","Normal","[DOC-007] Month-end sales closing checklist for the course company","**Objective:** Month-end sales closing checklist for the course company

**Prerequisites:** PROC-013

**Concepts:** Open deliveries; Billing completion; Billing blocks; Credit blocks; Returns; Billing reconciliation; Revenue reporting; FI reconciliation

**Fiori apps:** Create Billing Documents; Manage Documented Credit Decisions; Sales Order Fulfillment Issues

**Business process:** Order to Cash

**Environment:** SAP S/4HANA Training System

### Steps
- [ ] Write the checklist with step, owner, report or app, expected result and cut-off time

### Acceptance criteria
- Checklist can be run by another student

**Evidence required:** Written deliverable

**Document flow and impact:** Record the document flow, and for every delivery, goods issue and invoice write the stock change and the debit and credit lines.

**Troubleshooting:** Read the full message with its number. Record each error and its cause in the issue notes. If stuck for more than 30 minutes, set the status to Blocked and describe the blocker.

**Assessment:** Instructor reviews the document for completeness and accuracy. Type: Requirement analysis.

### Completion criteria
- Every step is done and every acceptance criterion is demonstrated
- Required evidence is attached to the issue
- Document flow and the logistics or accounting impact are written down where documents were created
- Actual time is logged against the issue
- Instructor Review is Approved and the status is Completed

**Estimated time:** 2 h

**Next task:** Last task of this module","Implementation","V27.0 Implementation","MOD-47","PROC-013","2","L4 - Advanced","Documentation","SAP S/4HANA Training System","Written deliverable","","Create Billing Documents; Manage Documented Credit Decisions; Sales Order Fulfillment Issues","Implementation","S/4HANA (ECC differences noted)","Same concept as ECC","Order to Cash","FI","Level 3 - Advanced SD & Integration","Integration","Requirement analysis","0","Pending"
"MOD-48","MOD-48","Module","Normal","[MOD-48] SD Implementation Project: Global Manufacturing Corporation","**Topics:** Company; Company Code; Sales Organization; Distribution Channel; Division; Sales Area; Plant; Shipping Point; Customers; Materials; Pricing; Sales; Delivery; Billing; Output

**Transaction codes:** SPRO

**Fiori apps:** None listed

**Environment:** SAP S/4HANA Training System

**Tasks:** 4, 33 estimated hours.

- PROJECT-004 SD implementation project part 1: enterprise structure and master data
- PROJECT-005 SD implementation project part 2: sales and pricing
- PROJECT-006 SD implementation project part 3: delivery, billing and output
- ASM-027 Phase 27 assessment: implementation","Implementation","V27.0 Implementation","PHASE-27","","","","","SAP S/4HANA Training System","","SPRO","","Implementation","S/4HANA (ECC differences noted)","Same concept as ECC","Order to Cash","FI","Level 3 - Advanced SD & Integration","Consultant","","",""
"PROJECT-004","PROJECT-004","Project","Normal","[PROJECT-004] SD implementation project part 1: enterprise structure and master data","**Objective:** SD implementation project part 1: enterprise structure and master data

**Prerequisites:** DOC-007, DOC-005

**Concepts:** Company; Company Code; Sales Organization; Distribution Channel; Division; Sales Area; Plant; Shipping Point; Customers; Materials; Pricing; Sales; Delivery; Billing; Output

**Business process:** Order to Cash

**Environment:** SAP S/4HANA Training System

### Steps
- [ ] In a new set of organizational units for Global Manufacturing Corporation configure company, company code, sales organization, distribution channel, division, sales area, plant and shipping point with all assignments
- [ ] Create customers as business partners and materials
- [ ] Document each setting

### Acceptance criteria
- A sales order can be entered in the new sales area
- Structure diagram matches the system

**Evidence required:** Project documentation

**Document flow and impact:** Record the document flow, and for every delivery, goods issue and invoice write the stock change and the debit and credit lines.

**Troubleshooting:** Read the full message with its number. Record each error and its cause in the issue notes. If stuck for more than 30 minutes, set the status to Blocked and describe the blocker.

**Assessment:** Scored 0-100 on working result, tests and documentation. Type: Solution design.

### Completion criteria
- Every step is done and every acceptance criterion is demonstrated
- Required evidence is attached to the issue
- Document flow and the logistics or accounting impact are written down where documents were created
- Actual time is logged against the issue
- Instructor Review is Approved and the status is Completed

**Estimated time:** 10 h

**Next task:** PROJECT-005","Implementation","V27.0 Implementation","MOD-48","DOC-007, DOC-005","10","L5 - Expert","Project","SAP S/4HANA Training System","Project documentation","","","Implementation","S/4HANA (ECC differences noted)","Same concept as ECC","Order to Cash","FI","Level 3 - Advanced SD & Integration","Consultant","Solution design","1","Pending"
"PROJECT-005","PROJECT-005","Project","Normal","[PROJECT-005] SD implementation project part 2: sales and pricing","**Objective:** SD implementation project part 2: sales and pricing

**Prerequisites:** PROJECT-004

**Concepts:** Company; Company Code; Sales Organization; Distribution Channel; Division; Sales Area; Plant; Shipping Point; Customers; Materials; Pricing; Sales; Delivery; Billing; Output

**Business process:** Order to Cash

**Environment:** SAP S/4HANA Training System

### Steps
- [ ] Configure order types, item categories, schedule lines, copy control, partner and text determination and incompletion
- [ ] Configure and assign the pricing procedure and maintain records
- [ ] Unit test each

### Acceptance criteria
- Inquiry, quotation and order are created by reference with correct prices

**Evidence required:** Project documentation

**Document flow and impact:** Record the document flow, and for every delivery, goods issue and invoice write the stock change and the debit and credit lines.

**Troubleshooting:** Read the full message with its number. Record each error and its cause in the issue notes. If stuck for more than 30 minutes, set the status to Blocked and describe the blocker.

**Assessment:** Scored 0-100 on working result, tests and documentation. Type: Solution design.

### Completion criteria
- Every step is done and every acceptance criterion is demonstrated
- Required evidence is attached to the issue
- Document flow and the logistics or accounting impact are written down where documents were created
- Actual time is logged against the issue
- Instructor Review is Approved and the status is Completed

**Estimated time:** 10 h

**Next task:** PROJECT-006","Implementation","V27.0 Implementation","MOD-48","PROJECT-004","10","L5 - Expert","Project","SAP S/4HANA Training System","Project documentation","","","Implementation","S/4HANA (ECC differences noted)","Same concept as ECC","Order to Cash","FI","Level 3 - Advanced SD & Integration","Consultant","Solution design","1","Pending"
"PROJECT-006","PROJECT-006","Project","Normal","[PROJECT-006] SD implementation project part 3: delivery, billing and output","**Objective:** SD implementation project part 3: delivery, billing and output

**Prerequisites:** PROJECT-005

**Concepts:** Company; Company Code; Sales Organization; Distribution Channel; Division; Sales Area; Plant; Shipping Point; Customers; Materials; Pricing; Sales; Delivery; Billing; Output

**Business process:** Order to Cash

**Environment:** SAP S/4HANA Training System

### Steps
- [ ] Configure delivery types, shipping point and route determination, picking and goods issue
- [ ] Configure billing types, copy control and revenue account determination
- [ ] Configure output for order confirmation, delivery note and invoice
- [ ] Run the integration test from order to payment

### Acceptance criteria
- End-to-end test passes with accounting documents
- Outputs are issued for all three documents

**Evidence required:** Project documentation

**Document flow and impact:** Record the document flow, and for every delivery, goods issue and invoice write the stock change and the debit and credit lines.

**Troubleshooting:** Read the full message with its number. Record each error and its cause in the issue notes. If stuck for more than 30 minutes, set the status to Blocked and describe the blocker.

**Assessment:** Scored 0-100 on working result, tests and documentation. Type: Solution design.

### Completion criteria
- Every step is done and every acceptance criterion is demonstrated
- Required evidence is attached to the issue
- Document flow and the logistics or accounting impact are written down where documents were created
- Actual time is logged against the issue
- Instructor Review is Approved and the status is Completed

**Estimated time:** 10 h

**Next task:** ASM-027","Implementation","V27.0 Implementation","MOD-48","PROJECT-005","10","L5 - Expert","Project","SAP S/4HANA Training System","Project documentation","","","Implementation","S/4HANA (ECC differences noted)","Same concept as ECC","Order to Cash","FI","Level 3 - Advanced SD & Integration","Consultant","Solution design","1","Pending"
"ASM-027","ASM-027","Assessment","High","[ASM-027] Phase 27 assessment: implementation","**Objective:** Phase 27 assessment: implementation

**Prerequisites:** PROJECT-006

**Concepts:** Company; Company Code; Sales Organization; Distribution Channel; Division; Sales Area; Plant; Shipping Point; Customers; Materials; Pricing; Sales; Delivery; Billing; Output

**Business process:** Order to Cash

**Environment:** SAP S/4HANA Training System

### Steps
- [ ] Present the implementation project and defend the design decisions

### Acceptance criteria
- Score of 70 or higher

**Evidence required:** Scored result

**Document flow and impact:** Record the document flow, and for every delivery, goods issue and invoice write the stock change and the debit and credit lines.

**Troubleshooting:** Read the full message with its number. Record each error and its cause in the issue notes. If stuck for more than 30 minutes, set the status to Blocked and describe the blocker.

**Assessment:** Scored 0-100. Pass mark 70. Type: Solution design.

### Completion criteria
- Every step is done and every acceptance criterion is demonstrated
- Required evidence is attached to the issue
- Document flow and the logistics or accounting impact are written down where documents were created
- Actual time is logged against the issue
- Instructor Review is Approved and the status is Completed

**Estimated time:** 3 h

**Next task:** Last task of this module","Implementation","V27.0 Implementation","MOD-48","PROJECT-006","3","L5 - Expert","Assessment","SAP S/4HANA Training System","Scored result","","","Implementation","S/4HANA (ECC differences noted)","Same concept as ECC","Order to Cash","FI","Level 3 - Advanced SD & Integration","Consultant","Solution design","0","Pending"
"REVIEW-27","REVIEW-27","Review","High","[REVIEW-27] Phase 27 gate review","**Objective:** Confirm that phase 27 (Implementation) is complete.

### Checklist
- [ ] Every issue of the phase is Completed
- [ ] Evidence is attached to every issue
- [ ] Time is logged
- [ ] Assessment score is 70 or higher
- [ ] Configuration document is up to date

**Assessment:** Instructor confirms the checklist and records the gate decision.

**Estimated time:** 1 h","","V27.0 Implementation","PHASE-27","IMPL-002, DOC-005, DOC-006, IMPL-003, DOC-007, ASM-027","1","","Review","","Instructor sign-off","","","","","","","","","","Review","0","Pending"
"PHASE-28","PHASE-28","Phase","Normal","[PHASE-28] Production Support","Phase 28 of 30. Version: V28.0 Production Support.

Modules: 2. Estimated hours: 40.

- MOD-49 Production Support
- MOD-50 Troubleshooting SAP SD

The phase closes with the gate review REVIEW-28.","","V28.0 Production Support","EPIC","","","","","","","","","","","","","","","","","",""
"MOD-49","MOD-49","Module","Normal","[MOD-49] Production Support","**Topics:** Incident management; Problem management; Change management; SLA; Severity; Priority; RCA; Functional troubleshooting; Configuration troubleshooting

**Transaction codes:** SM37; SM21; ST22; SU53; SE16N; STMS; VA03

**Fiori apps:** None listed

**Environment:** SAP S/4HANA Training System

**Tasks:** 4, 17 estimated hours.

- THY-061 Support processes: incident, problem, change, severity, priority and SLA
- LAB-048 Support tools: jobs, logs, dumps, authorization and document analysis
- SUP-001 Support ticket exercises: ten tickets
- DOC-008 Root cause analysis report and support runbook","Production Support","V28.0 Production Support","PHASE-28","","","","","SAP S/4HANA Training System","","SM37; SM21; ST22; SU53; SE16N; STMS; VA03","","Production Support","S/4HANA (ECC differences noted)","Not version specific","None","None","Level 3 - Advanced SD & Integration","Consultant","","",""
"THY-061","THY-061","Theory","Normal","[THY-061] Support processes: incident, problem, change, severity, priority and SLA","**Objective:** Support processes: incident, problem, change, severity, priority and SLA

**Prerequisites:** ASM-027

**Concepts:** Incident management; Problem management; Change management; SLA; Severity; Priority; RCA; Functional troubleshooting; Configuration troubleshooting

**Environment:** SAP S/4HANA Training System

### Steps
- [ ] Study the incident, problem and change processes
- [ ] Study severity, priority and service level targets
- [ ] Study the consultant's notes: analysis, solution, communication, closure

### Acceptance criteria
- Classifies ten tickets by severity and priority
- Explains incident versus problem

**Evidence required:** Notes

**Document flow and impact:** Record the document flow, and for every delivery, goods issue and invoice write the stock change and the debit and credit lines.

**Assessment:** Instructor checks the notes and asks short oral questions. Type: Short answer.

### Completion criteria
- Every step is done and every acceptance criterion is demonstrated
- Required evidence is attached to the issue
- Document flow and the logistics or accounting impact are written down where documents were created
- Actual time is logged against the issue
- Instructor Review is Approved and the status is Completed

**Estimated time:** 3 h

**Next task:** LAB-048","Production Support","V28.0 Production Support","MOD-49","ASM-027","3","L3 - Intermediate","Theory","SAP S/4HANA Training System","Notes","","","Production Support","S/4HANA (ECC differences noted)","Not version specific","None","None","Level 3 - Advanced SD & Integration","Consultant","Short answer","0","Pending"
"LAB-048","LAB-048","Lab","Normal","[LAB-048] Support tools: jobs, logs, dumps, authorization and document analysis","**Objective:** Support tools: jobs, logs, dumps, authorization and document analysis

**Prerequisites:** THY-061

**Concepts:** Incident management; Problem management; Change management; SLA; Severity; Priority; RCA; Functional troubleshooting; Configuration troubleshooting

**Transaction codes:** SM37; SM21; ST22; SU53; VA03 (SAP GUI; use the Fiori app for the same function where one exists)

**Environment:** SAP S/4HANA Training System

### Steps
- [ ] Monitor background jobs for billing and delivery
- [ ] Read the system log and a dump at functional level
- [ ] Analyse an authorization failure
- [ ] Use document flow, status overview, incompletion log, pricing analysis and output log as support tools

### Acceptance criteria
- Finds the cause of a failed billing job
- Uses each analysis tool once

**Evidence required:** Document numbers + screenshots

**Document flow and impact:** Record the document flow, and for every delivery, goods issue and invoice write the stock change and the debit and credit lines.

**Troubleshooting:** Read the full message with its number. Record each error and its cause in the issue notes. If stuck for more than 30 minutes, set the status to Blocked and describe the blocker.

**Assessment:** Instructor verifies the acceptance criteria from the evidence and may ask for a live demonstration. Type: Transactions.

### Completion criteria
- Every step is done and every acceptance criterion is demonstrated
- Required evidence is attached to the issue
- Document flow and the logistics or accounting impact are written down where documents were created
- Actual time is logged against the issue
- Instructor Review is Approved and the status is Completed

**Estimated time:** 4 h

**Next task:** SUP-001","Production Support","V28.0 Production Support","MOD-49","THY-061","4","L3 - Intermediate","Guided Lab","SAP S/4HANA Training System","Document numbers + screenshots","SM37; SM21; ST22; SU53; VA03","","Production Support","S/4HANA (ECC differences noted)","Not version specific","None","None","Level 3 - Advanced SD & Integration","Consultant","Transactions","0","Pending"
"SUP-001","SUP-001","Support","Normal","[SUP-001] Support ticket exercises: ten tickets","**Objective:** Support ticket exercises: ten tickets

**Prerequisites:** LAB-048

**Concepts:** Incident management; Problem management; Change management; SLA; Severity; Priority; RCA; Functional troubleshooting; Configuration troubleshooting

**Environment:** SAP S/4HANA Training System

### Steps
- [ ] Work ten instructor tickets across orders, pricing, delivery, billing, credit and output
- [ ] For each write analysis, solution, user communication and closure

### Acceptance criteria
- All ten tickets are closed with complete notes

**Evidence required:** Ticket notes

**Document flow and impact:** Record the document flow, and for every delivery, goods issue and invoice write the stock change and the debit and credit lines.

**Troubleshooting:** Read the full message with its number. Record each error and its cause in the issue notes. If stuck for more than 30 minutes, set the status to Blocked and describe the blocker.

**Assessment:** Instructor checks analysis, solution, communication and closure notes. Type: Configuration decisions.

### Completion criteria
- Every step is done and every acceptance criterion is demonstrated
- Required evidence is attached to the issue
- Document flow and the logistics or accounting impact are written down where documents were created
- Actual time is logged against the issue
- Instructor Review is Approved and the status is Completed

**Estimated time:** 6 h

**Next task:** DOC-008","Production Support","V28.0 Production Support","MOD-49","LAB-048","6","L3 - Intermediate","Support","SAP S/4HANA Training System","Ticket notes","","","Production Support","S/4HANA (ECC differences noted)","Not version specific","None","None","Level 3 - Advanced SD & Integration","Consultant","Configuration decisions","0","Pending"
"DOC-008","DOC-008","Documentation","Normal","[DOC-008] Root cause analysis report and support runbook","**Objective:** Root cause analysis report and support runbook

**Prerequisites:** SUP-001

**Concepts:** Incident management; Problem management; Change management; SLA; Severity; Priority; RCA; Functional troubleshooting; Configuration troubleshooting

**Environment:** SAP S/4HANA Training System

### Steps
- [ ] Write a root cause analysis for the most serious ticket
- [ ] Write the sales support runbook: daily checks, jobs, known errors, contacts and escalation

### Acceptance criteria
- Root cause analysis has corrective and preventive action
- Runbook covers daily and month-end checks

**Evidence required:** Written deliverable

**Document flow and impact:** Record the document flow, and for every delivery, goods issue and invoice write the stock change and the debit and credit lines.

**Troubleshooting:** Read the full message with its number. Record each error and its cause in the issue notes. If stuck for more than 30 minutes, set the status to Blocked and describe the blocker.

**Assessment:** Instructor reviews the document for completeness and accuracy. Type: Requirement analysis.

### Completion criteria
- Every step is done and every acceptance criterion is demonstrated
- Required evidence is attached to the issue
- Document flow and the logistics or accounting impact are written down where documents were created
- Actual time is logged against the issue
- Instructor Review is Approved and the status is Completed

**Estimated time:** 4 h

**Next task:** Last task of this module","Production Support","V28.0 Production Support","MOD-49","SUP-001","4","L3 - Intermediate","Documentation","SAP S/4HANA Training System","Written deliverable","","","Production Support","S/4HANA (ECC differences noted)","Not version specific","None","None","Level 3 - Advanced SD & Integration","Consultant","Requirement analysis","0","Pending"
"MOD-50","MOD-50","Module","Normal","[MOD-50] Troubleshooting SAP SD","**Topics:** Functional troubleshooting; Configuration troubleshooting; The eight-section report: problem, business impact, evidence, root cause, configuration, fix, validation, prevention

**Transaction codes:** VA02; VL02N; VF02; VFX3; VKM1; V/08; VTLA; VTFL; NACE; SE10; STMS

**Fiori apps:** None listed

**Environment:** SAP S/4HANA Training System

**Tasks:** 13, 22 estimated hours.

- THY-062 Troubleshooting method and the eight-section report
- TSH-048 Scenario 48: configuration works in development but not in quality, transport missing
- TSH-049 Scenario 49: order type not allowed in the sales area
- TSH-050 Scenario 50: incompletion log blocks delivery or billing unexpectedly
- TSH-051 Scenario 51: delivery is created but the wrong plant or shipping point is proposed
- TSH-052 Scenario 52: billing due list does not show a delivered order
- TSH-053 Scenario 53: invoice value differs from the order value
- TSH-054 Scenario 54: text or partner is not copied to the delivery or invoice
- TSH-055 Scenario 55: returns stock is posted to unrestricted stock by mistake
- TSH-056 Scenario 56: background billing job ends with errors
- TSH-057 Scenario 57: customer receives no invoice by e-mail
- TSH-058 Scenario 58: month-end multi-fault case in order to cash
- ASM-028 Troubleshooting assessment","Troubleshooting","V28.0 Production Support","PHASE-28","","","","","SAP S/4HANA Training System","","VA02; VL02N; VF02; VFX3; VKM1; V/08; VTLA; VTFL; NACE; SE10; STMS","","Troubleshooting","S/4HANA (ECC differences noted)","Not version specific","Order to Cash","None","Level 3 - Advanced SD & Integration","Consultant","","",""
"THY-062","THY-062","Theory","Normal","[THY-062] Troubleshooting method and the eight-section report","**Objective:** Troubleshooting method and the eight-section report

**Prerequisites:** DOC-008

**Concepts:** Functional troubleshooting; Configuration troubleshooting; The eight-section report: problem, business impact, evidence, root cause, configuration, fix, validation, prevention

**Business process:** Order to Cash

**Environment:** SAP S/4HANA Training System

### Steps
- [ ] Study the method: reproduce, read the message, check document status and logs, separate master data from configuration, fix, validate, prevent
- [ ] Study the report on the Troubleshooting_Report wiki page

### Acceptance criteria
- Applies the method to a worked example

**Evidence required:** Notes

**Document flow and impact:** Record the document flow, and for every delivery, goods issue and invoice write the stock change and the debit and credit lines.

**Assessment:** Instructor checks the notes and asks short oral questions. Type: Short answer.

### Completion criteria
- Every step is done and every acceptance criterion is demonstrated
- Required evidence is attached to the issue
- Document flow and the logistics or accounting impact are written down where documents were created
- Actual time is logged against the issue
- Instructor Review is Approved and the status is Completed

**Estimated time:** 2 h

**Next task:** TSH-048","Troubleshooting","V28.0 Production Support","MOD-50","DOC-008","2","L4 - Advanced","Theory","SAP S/4HANA Training System","Notes","","","Troubleshooting","S/4HANA (ECC differences noted)","Not version specific","Order to Cash","None","Level 3 - Advanced SD & Integration","Consultant","Short answer","0","Pending"
"TSH-048","TSH-048","Troubleshooting","Normal","[TSH-048] Scenario 48: configuration works in development but not in quality, transport missing","**Objective:** Scenario 48: configuration works in development but not in quality, transport missing

**Prerequisites:** THY-062

**Concepts:** Functional troubleshooting; Configuration troubleshooting; The eight-section report: problem, business impact, evidence, root cause, configuration, fix, validation, prevention

**Transaction codes:** VA02; VL02N; VF02; VFX3; VKM1; V/08; VTLA; VTFL; NACE; SE10; STMS (SAP GUI; use the Fiori app for the same function where one exists)

**Business process:** Order to Cash

**Environment:** SAP S/4HANA Training System

### Steps
- [ ] Reproduce the error in the training client (instructor-prepared)
- [ ] Record the exact message number and text, and the business impact
- [ ] Compare the setting in both systems and trace the request
- [ ] Apply the fix
- [ ] Re-run the original transaction to validate
- [ ] Write the eight-section report: problem, business impact, evidence, root cause, configuration, fix, validation, prevention

### Acceptance criteria
- The original transaction now works
- Root cause is shown in configuration or master data
- Report has all eight sections

**Evidence required:** Root cause report

**Document flow and impact:** Record the document flow, and for every delivery, goods issue and invoice write the stock change and the debit and credit lines.

**Assessment:** Instructor grades the eight-section report. Type: Configuration decisions.

### Completion criteria
- Every step is done and every acceptance criterion is demonstrated
- Required evidence is attached to the issue
- Document flow and the logistics or accounting impact are written down where documents were created
- Actual time is logged against the issue
- Instructor Review is Approved and the status is Completed

**Estimated time:** 2 h

**Next task:** TSH-049","Troubleshooting","V28.0 Production Support","MOD-50","THY-062","2","L4 - Advanced","Troubleshooting","SAP S/4HANA Training System","Root cause report","VA02; VL02N; VF02; VFX3; VKM1; V/08; VTLA; VTFL; NACE; SE10; STMS","","Troubleshooting","S/4HANA (ECC differences noted)","Not version specific","Order to Cash","None","Level 3 - Advanced SD & Integration","Consultant","Configuration decisions","0","Pending"
"TSH-049","TSH-049","Troubleshooting","Normal","[TSH-049] Scenario 49: order type not allowed in the sales area","**Objective:** Scenario 49: order type not allowed in the sales area

**Prerequisites:** TSH-048

**Concepts:** Functional troubleshooting; Configuration troubleshooting; The eight-section report: problem, business impact, evidence, root cause, configuration, fix, validation, prevention

**Transaction codes:** VA02; VL02N; VF02; VFX3; VKM1; V/08; VTLA; VTFL; NACE; SE10; STMS (SAP GUI; use the Fiori app for the same function where one exists)

**Business process:** Order to Cash

**Environment:** SAP S/4HANA Training System

### Steps
- [ ] Reproduce the error in the training client (instructor-prepared)
- [ ] Record the exact message number and text, and the business impact
- [ ] Check the assignment of order types to sales areas and the common distribution channel and division settings
- [ ] Apply the fix
- [ ] Re-run the original transaction to validate
- [ ] Write the eight-section report: problem, business impact, evidence, root cause, configuration, fix, validation, prevention

### Acceptance criteria
- The original transaction now works
- Root cause is shown in configuration or master data
- Report has all eight sections

**Evidence required:** Root cause report

**Document flow and impact:** Record the document flow, and for every delivery, goods issue and invoice write the stock change and the debit and credit lines.

**Assessment:** Instructor grades the eight-section report. Type: Configuration decisions.

### Completion criteria
- Every step is done and every acceptance criterion is demonstrated
- Required evidence is attached to the issue
- Document flow and the logistics or accounting impact are written down where documents were created
- Actual time is logged against the issue
- Instructor Review is Approved and the status is Completed

**Estimated time:** 1 h

**Next task:** TSH-050","Troubleshooting","V28.0 Production Support","MOD-50","TSH-048","1","L4 - Advanced","Troubleshooting","SAP S/4HANA Training System","Root cause report","VA02; VL02N; VF02; VFX3; VKM1; V/08; VTLA; VTFL; NACE; SE10; STMS","","Troubleshooting","S/4HANA (ECC differences noted)","Not version specific","Order to Cash","None","Level 3 - Advanced SD & Integration","Consultant","Configuration decisions","0","Pending"
"TSH-050","TSH-050","Troubleshooting","Normal","[TSH-050] Scenario 50: incompletion log blocks delivery or billing unexpectedly","**Objective:** Scenario 50: incompletion log blocks delivery or billing unexpectedly

**Prerequisites:** TSH-049

**Concepts:** Functional troubleshooting; Configuration troubleshooting; The eight-section report: problem, business impact, evidence, root cause, configuration, fix, validation, prevention

**Transaction codes:** VA02; VL02N; VF02; VFX3; VKM1; V/08; VTLA; VTFL; NACE; SE10; STMS (SAP GUI; use the Fiori app for the same function where one exists)

**Business process:** Order to Cash

**Environment:** SAP S/4HANA Training System

### Steps
- [ ] Reproduce the error in the training client (instructor-prepared)
- [ ] Record the exact message number and text, and the business impact
- [ ] Check the incompletion procedure and status group
- [ ] Apply the fix
- [ ] Re-run the original transaction to validate
- [ ] Write the eight-section report: problem, business impact, evidence, root cause, configuration, fix, validation, prevention

### Acceptance criteria
- The original transaction now works
- Root cause is shown in configuration or master data
- Report has all eight sections

**Evidence required:** Root cause report

**Document flow and impact:** Record the document flow, and for every delivery, goods issue and invoice write the stock change and the debit and credit lines.

**Assessment:** Instructor grades the eight-section report. Type: Configuration decisions.

### Completion criteria
- Every step is done and every acceptance criterion is demonstrated
- Required evidence is attached to the issue
- Document flow and the logistics or accounting impact are written down where documents were created
- Actual time is logged against the issue
- Instructor Review is Approved and the status is Completed

**Estimated time:** 1 h

**Next task:** TSH-051","Troubleshooting","V28.0 Production Support","MOD-50","TSH-049","1","L4 - Advanced","Troubleshooting","SAP S/4HANA Training System","Root cause report","VA02; VL02N; VF02; VFX3; VKM1; V/08; VTLA; VTFL; NACE; SE10; STMS","","Troubleshooting","S/4HANA (ECC differences noted)","Not version specific","Order to Cash","None","Level 3 - Advanced SD & Integration","Consultant","Configuration decisions","0","Pending"
"TSH-051","TSH-051","Troubleshooting","Normal","[TSH-051] Scenario 51: delivery is created but the wrong plant or shipping point is proposed","**Objective:** Scenario 51: delivery is created but the wrong plant or shipping point is proposed

**Prerequisites:** TSH-050

**Concepts:** Functional troubleshooting; Configuration troubleshooting; The eight-section report: problem, business impact, evidence, root cause, configuration, fix, validation, prevention

**Transaction codes:** VA02; VL02N; VF02; VFX3; VKM1; V/08; VTLA; VTFL; NACE; SE10; STMS (SAP GUI; use the Fiori app for the same function where one exists)

**Business process:** Order to Cash

**Environment:** SAP S/4HANA Training System

### Steps
- [ ] Reproduce the error in the training client (instructor-prepared)
- [ ] Record the exact message number and text, and the business impact
- [ ] Check plant determination from info record, customer and material, and the shipping point determination keys
- [ ] Apply the fix
- [ ] Re-run the original transaction to validate
- [ ] Write the eight-section report: problem, business impact, evidence, root cause, configuration, fix, validation, prevention

### Acceptance criteria
- The original transaction now works
- Root cause is shown in configuration or master data
- Report has all eight sections

**Evidence required:** Root cause report

**Document flow and impact:** Record the document flow, and for every delivery, goods issue and invoice write the stock change and the debit and credit lines.

**Assessment:** Instructor grades the eight-section report. Type: Configuration decisions.

### Completion criteria
- Every step is done and every acceptance criterion is demonstrated
- Required evidence is attached to the issue
- Document flow and the logistics or accounting impact are written down where documents were created
- Actual time is logged against the issue
- Instructor Review is Approved and the status is Completed

**Estimated time:** 1 h

**Next task:** TSH-052","Troubleshooting","V28.0 Production Support","MOD-50","TSH-050","1","L4 - Advanced","Troubleshooting","SAP S/4HANA Training System","Root cause report","VA02; VL02N; VF02; VFX3; VKM1; V/08; VTLA; VTFL; NACE; SE10; STMS","","Troubleshooting","S/4HANA (ECC differences noted)","Not version specific","Order to Cash","None","Level 3 - Advanced SD & Integration","Consultant","Configuration decisions","0","Pending"
"TSH-052","TSH-052","Troubleshooting","Normal","[TSH-052] Scenario 52: billing due list does not show a delivered order","**Objective:** Scenario 52: billing due list does not show a delivered order

**Prerequisites:** TSH-051

**Concepts:** Functional troubleshooting; Configuration troubleshooting; The eight-section report: problem, business impact, evidence, root cause, configuration, fix, validation, prevention

**Transaction codes:** VA02; VL02N; VF02; VFX3; VKM1; V/08; VTLA; VTFL; NACE; SE10; STMS (SAP GUI; use the Fiori app for the same function where one exists)

**Business process:** Order to Cash

**Environment:** SAP S/4HANA Training System

### Steps
- [ ] Reproduce the error in the training client (instructor-prepared)
- [ ] Record the exact message number and text, and the business impact
- [ ] Check billing relevance of the item category, goods issue status, billing date and blocks
- [ ] Apply the fix
- [ ] Re-run the original transaction to validate
- [ ] Write the eight-section report: problem, business impact, evidence, root cause, configuration, fix, validation, prevention

### Acceptance criteria
- The original transaction now works
- Root cause is shown in configuration or master data
- Report has all eight sections

**Evidence required:** Root cause report

**Document flow and impact:** Record the document flow, and for every delivery, goods issue and invoice write the stock change and the debit and credit lines.

**Assessment:** Instructor grades the eight-section report. Type: Configuration decisions.

### Completion criteria
- Every step is done and every acceptance criterion is demonstrated
- Required evidence is attached to the issue
- Document flow and the logistics or accounting impact are written down where documents were created
- Actual time is logged against the issue
- Instructor Review is Approved and the status is Completed

**Estimated time:** 1 h

**Next task:** TSH-053","Troubleshooting","V28.0 Production Support","MOD-50","TSH-051","1","L4 - Advanced","Troubleshooting","SAP S/4HANA Training System","Root cause report","VA02; VL02N; VF02; VFX3; VKM1; V/08; VTLA; VTFL; NACE; SE10; STMS","","Troubleshooting","S/4HANA (ECC differences noted)","Not version specific","Order to Cash","None","Level 3 - Advanced SD & Integration","Consultant","Configuration decisions","0","Pending"
"TSH-053","TSH-053","Troubleshooting","Normal","[TSH-053] Scenario 53: invoice value differs from the order value","**Objective:** Scenario 53: invoice value differs from the order value

**Prerequisites:** TSH-052

**Concepts:** Functional troubleshooting; Configuration troubleshooting; The eight-section report: problem, business impact, evidence, root cause, configuration, fix, validation, prevention

**Transaction codes:** VA02; VL02N; VF02; VFX3; VKM1; V/08; VTLA; VTFL; NACE; SE10; STMS (SAP GUI; use the Fiori app for the same function where one exists)

**Business process:** Order to Cash

**Environment:** SAP S/4HANA Training System

### Steps
- [ ] Reproduce the error in the training client (instructor-prepared)
- [ ] Record the exact message number and text, and the business impact
- [ ] Compare pricing in order and invoice
- [ ] check pricing type in copy control, pricing date and changed records
- [ ] Apply the fix
- [ ] Re-run the original transaction to validate
- [ ] Write the eight-section report: problem, business impact, evidence, root cause, configuration, fix, validation, prevention

### Acceptance criteria
- The original transaction now works
- Root cause is shown in configuration or master data
- Report has all eight sections

**Evidence required:** Root cause report

**Document flow and impact:** Record the document flow, and for every delivery, goods issue and invoice write the stock change and the debit and credit lines.

**Assessment:** Instructor grades the eight-section report. Type: Configuration decisions.

### Completion criteria
- Every step is done and every acceptance criterion is demonstrated
- Required evidence is attached to the issue
- Document flow and the logistics or accounting impact are written down where documents were created
- Actual time is logged against the issue
- Instructor Review is Approved and the status is Completed

**Estimated time:** 2 h

**Next task:** TSH-054","Troubleshooting","V28.0 Production Support","MOD-50","TSH-052","2","L4 - Advanced","Troubleshooting","SAP S/4HANA Training System","Root cause report","VA02; VL02N; VF02; VFX3; VKM1; V/08; VTLA; VTFL; NACE; SE10; STMS","","Troubleshooting","S/4HANA (ECC differences noted)","Not version specific","Order to Cash","None","Level 3 - Advanced SD & Integration","Consultant","Configuration decisions","0","Pending"
"TSH-054","TSH-054","Troubleshooting","Normal","[TSH-054] Scenario 54: text or partner is not copied to the delivery or invoice","**Objective:** Scenario 54: text or partner is not copied to the delivery or invoice

**Prerequisites:** TSH-053

**Concepts:** Functional troubleshooting; Configuration troubleshooting; The eight-section report: problem, business impact, evidence, root cause, configuration, fix, validation, prevention

**Transaction codes:** VA02; VL02N; VF02; VFX3; VKM1; V/08; VTLA; VTFL; NACE; SE10; STMS (SAP GUI; use the Fiori app for the same function where one exists)

**Business process:** Order to Cash

**Environment:** SAP S/4HANA Training System

### Steps
- [ ] Reproduce the error in the training client (instructor-prepared)
- [ ] Record the exact message number and text, and the business impact
- [ ] Check text determination and partner procedure of the target document and the copy settings
- [ ] Apply the fix
- [ ] Re-run the original transaction to validate
- [ ] Write the eight-section report: problem, business impact, evidence, root cause, configuration, fix, validation, prevention

### Acceptance criteria
- The original transaction now works
- Root cause is shown in configuration or master data
- Report has all eight sections

**Evidence required:** Root cause report

**Document flow and impact:** Record the document flow, and for every delivery, goods issue and invoice write the stock change and the debit and credit lines.

**Assessment:** Instructor grades the eight-section report. Type: Configuration decisions.

### Completion criteria
- Every step is done and every acceptance criterion is demonstrated
- Required evidence is attached to the issue
- Document flow and the logistics or accounting impact are written down where documents were created
- Actual time is logged against the issue
- Instructor Review is Approved and the status is Completed

**Estimated time:** 1 h

**Next task:** TSH-055","Troubleshooting","V28.0 Production Support","MOD-50","TSH-053","1","L4 - Advanced","Troubleshooting","SAP S/4HANA Training System","Root cause report","VA02; VL02N; VF02; VFX3; VKM1; V/08; VTLA; VTFL; NACE; SE10; STMS","","Troubleshooting","S/4HANA (ECC differences noted)","Not version specific","Order to Cash","None","Level 3 - Advanced SD & Integration","Consultant","Configuration decisions","0","Pending"
"TSH-055","TSH-055","Troubleshooting","Normal","[TSH-055] Scenario 55: returns stock is posted to unrestricted stock by mistake","**Objective:** Scenario 55: returns stock is posted to unrestricted stock by mistake

**Prerequisites:** TSH-054

**Concepts:** Functional troubleshooting; Configuration troubleshooting; The eight-section report: problem, business impact, evidence, root cause, configuration, fix, validation, prevention

**Transaction codes:** VA02; VL02N; VF02; VFX3; VKM1; V/08; VTLA; VTFL; NACE; SE10; STMS (SAP GUI; use the Fiori app for the same function where one exists)

**Business process:** Order to Cash

**Environment:** SAP S/4HANA Training System

### Steps
- [ ] Reproduce the error in the training client (instructor-prepared)
- [ ] Record the exact message number and text, and the business impact
- [ ] Check the schedule line category and movement type of the returns item
- [ ] Apply the fix
- [ ] Re-run the original transaction to validate
- [ ] Write the eight-section report: problem, business impact, evidence, root cause, configuration, fix, validation, prevention

### Acceptance criteria
- The original transaction now works
- Root cause is shown in configuration or master data
- Report has all eight sections

**Evidence required:** Root cause report

**Document flow and impact:** Record the document flow, and for every delivery, goods issue and invoice write the stock change and the debit and credit lines.

**Assessment:** Instructor grades the eight-section report. Type: Configuration decisions.

### Completion criteria
- Every step is done and every acceptance criterion is demonstrated
- Required evidence is attached to the issue
- Document flow and the logistics or accounting impact are written down where documents were created
- Actual time is logged against the issue
- Instructor Review is Approved and the status is Completed

**Estimated time:** 1 h

**Next task:** TSH-056","Troubleshooting","V28.0 Production Support","MOD-50","TSH-054","1","L4 - Advanced","Troubleshooting","SAP S/4HANA Training System","Root cause report","VA02; VL02N; VF02; VFX3; VKM1; V/08; VTLA; VTFL; NACE; SE10; STMS","","Troubleshooting","S/4HANA (ECC differences noted)","Not version specific","Order to Cash","None","Level 3 - Advanced SD & Integration","Consultant","Configuration decisions","0","Pending"
"TSH-056","TSH-056","Troubleshooting","Normal","[TSH-056] Scenario 56: background billing job ends with errors","**Objective:** Scenario 56: background billing job ends with errors

**Prerequisites:** TSH-055

**Concepts:** Functional troubleshooting; Configuration troubleshooting; The eight-section report: problem, business impact, evidence, root cause, configuration, fix, validation, prevention

**Transaction codes:** VA02; VL02N; VF02; VFX3; VKM1; V/08; VTLA; VTFL; NACE; SE10; STMS (SAP GUI; use the Fiori app for the same function where one exists)

**Business process:** Order to Cash

**Environment:** SAP S/4HANA Training System

### Steps
- [ ] Reproduce the error in the training client (instructor-prepared)
- [ ] Record the exact message number and text, and the business impact
- [ ] Read the job log and the billing log
- [ ] classify errors by cause and fix each class
- [ ] Apply the fix
- [ ] Re-run the original transaction to validate
- [ ] Write the eight-section report: problem, business impact, evidence, root cause, configuration, fix, validation, prevention

### Acceptance criteria
- The original transaction now works
- Root cause is shown in configuration or master data
- Report has all eight sections

**Evidence required:** Root cause report

**Document flow and impact:** Record the document flow, and for every delivery, goods issue and invoice write the stock change and the debit and credit lines.

**Assessment:** Instructor grades the eight-section report. Type: Configuration decisions.

### Completion criteria
- Every step is done and every acceptance criterion is demonstrated
- Required evidence is attached to the issue
- Document flow and the logistics or accounting impact are written down where documents were created
- Actual time is logged against the issue
- Instructor Review is Approved and the status is Completed

**Estimated time:** 2 h

**Next task:** TSH-057","Troubleshooting","V28.0 Production Support","MOD-50","TSH-055","2","L4 - Advanced","Troubleshooting","SAP S/4HANA Training System","Root cause report","VA02; VL02N; VF02; VFX3; VKM1; V/08; VTLA; VTFL; NACE; SE10; STMS","","Troubleshooting","S/4HANA (ECC differences noted)","Not version specific","Order to Cash","None","Level 3 - Advanced SD & Integration","Consultant","Configuration decisions","0","Pending"
"TSH-057","TSH-057","Troubleshooting","Normal","[TSH-057] Scenario 57: customer receives no invoice by e-mail","**Objective:** Scenario 57: customer receives no invoice by e-mail

**Prerequisites:** TSH-056

**Concepts:** Functional troubleshooting; Configuration troubleshooting; The eight-section report: problem, business impact, evidence, root cause, configuration, fix, validation, prevention

**Transaction codes:** VA02; VL02N; VF02; VFX3; VKM1; V/08; VTLA; VTFL; NACE; SE10; STMS (SAP GUI; use the Fiori app for the same function where one exists)

**Business process:** Order to Cash

**Environment:** SAP S/4HANA Training System

### Steps
- [ ] Reproduce the error in the training client (instructor-prepared)
- [ ] Record the exact message number and text, and the business impact
- [ ] Check output determination, the partner's communication data and the output log
- [ ] Apply the fix
- [ ] Re-run the original transaction to validate
- [ ] Write the eight-section report: problem, business impact, evidence, root cause, configuration, fix, validation, prevention

### Acceptance criteria
- The original transaction now works
- Root cause is shown in configuration or master data
- Report has all eight sections

**Evidence required:** Root cause report

**Document flow and impact:** Record the document flow, and for every delivery, goods issue and invoice write the stock change and the debit and credit lines.

**Assessment:** Instructor grades the eight-section report. Type: Configuration decisions.

### Completion criteria
- Every step is done and every acceptance criterion is demonstrated
- Required evidence is attached to the issue
- Document flow and the logistics or accounting impact are written down where documents were created
- Actual time is logged against the issue
- Instructor Review is Approved and the status is Completed

**Estimated time:** 1 h

**Next task:** TSH-058","Troubleshooting","V28.0 Production Support","MOD-50","TSH-056","1","L4 - Advanced","Troubleshooting","SAP S/4HANA Training System","Root cause report","VA02; VL02N; VF02; VFX3; VKM1; V/08; VTLA; VTFL; NACE; SE10; STMS","","Troubleshooting","S/4HANA (ECC differences noted)","Not version specific","Order to Cash","None","Level 3 - Advanced SD & Integration","Consultant","Configuration decisions","0","Pending"
"TSH-058","TSH-058","Troubleshooting","Normal","[TSH-058] Scenario 58: month-end multi-fault case in order to cash","**Objective:** Scenario 58: month-end multi-fault case in order to cash

**Prerequisites:** TSH-057

**Concepts:** Functional troubleshooting; Configuration troubleshooting; The eight-section report: problem, business impact, evidence, root cause, configuration, fix, validation, prevention

**Transaction codes:** VA02; VL02N; VF02; VFX3; VKM1; V/08; VTLA; VTFL; NACE; SE10; STMS (SAP GUI; use the Fiori app for the same function where one exists)

**Business process:** Order to Cash

**Environment:** SAP S/4HANA Training System

### Steps
- [ ] Reproduce the error in the training client (instructor-prepared)
- [ ] Record the exact message number and text, and the business impact
- [ ] Work a case with several faults across pricing, delivery, billing and account determination
- [ ] find them in a sensible order
- [ ] Apply the fix
- [ ] Re-run the original transaction to validate
- [ ] Write the eight-section report: problem, business impact, evidence, root cause, configuration, fix, validation, prevention

### Acceptance criteria
- The original transaction now works
- Root cause is shown in configuration or master data
- Report has all eight sections

**Evidence required:** Root cause report

**Document flow and impact:** Record the document flow, and for every delivery, goods issue and invoice write the stock change and the debit and credit lines.

**Assessment:** Instructor grades the eight-section report. Type: Configuration decisions.

### Completion criteria
- Every step is done and every acceptance criterion is demonstrated
- Required evidence is attached to the issue
- Document flow and the logistics or accounting impact are written down where documents were created
- Actual time is logged against the issue
- Instructor Review is Approved and the status is Completed

**Estimated time:** 4 h

**Next task:** ASM-028","Troubleshooting","V28.0 Production Support","MOD-50","TSH-057","4","L4 - Advanced","Troubleshooting","SAP S/4HANA Training System","Root cause report","VA02; VL02N; VF02; VFX3; VKM1; V/08; VTLA; VTFL; NACE; SE10; STMS","","Troubleshooting","S/4HANA (ECC differences noted)","Not version specific","Order to Cash","None","Level 3 - Advanced SD & Integration","Consultant","Configuration decisions","0","Pending"
"ASM-028","ASM-028","Assessment","High","[ASM-028] Troubleshooting assessment","**Objective:** Troubleshooting assessment

**Prerequisites:** TSH-058

**Concepts:** Functional troubleshooting; Configuration troubleshooting; The eight-section report: problem, business impact, evidence, root cause, configuration, fix, validation, prevention

**Business process:** Order to Cash

**Environment:** SAP S/4HANA Training System

### Steps
- [ ] Solve three unseen cases against the clock and deliver the reports

### Acceptance criteria
- Score of 70 or higher

**Evidence required:** Scored result

**Document flow and impact:** Record the document flow, and for every delivery, goods issue and invoice write the stock change and the debit and credit lines.

**Troubleshooting:** Read the full message with its number. Record each error and its cause in the issue notes. If stuck for more than 30 minutes, set the status to Blocked and describe the blocker.

**Assessment:** Scored 0-100. Pass mark 70. Type: Configuration decisions.

### Completion criteria
- Every step is done and every acceptance criterion is demonstrated
- Required evidence is attached to the issue
- Document flow and the logistics or accounting impact are written down where documents were created
- Actual time is logged against the issue
- Instructor Review is Approved and the status is Completed

**Estimated time:** 3 h

**Next task:** Last task of this module","Troubleshooting","V28.0 Production Support","MOD-50","TSH-058","3","L4 - Advanced","Assessment","SAP S/4HANA Training System","Scored result","","","Troubleshooting","S/4HANA (ECC differences noted)","Not version specific","Order to Cash","None","Level 3 - Advanced SD & Integration","Consultant","Configuration decisions","0","Pending"
"REVIEW-28","REVIEW-28","Review","High","[REVIEW-28] Phase 28 gate review","**Objective:** Confirm that phase 28 (Production Support) is complete.

### Checklist
- [ ] Every issue of the phase is Completed
- [ ] Evidence is attached to every issue
- [ ] Time is logged
- [ ] Assessment score is 70 or higher
- [ ] Configuration document is up to date

**Assessment:** Instructor confirms the checklist and records the gate decision.

**Estimated time:** 1 h","","V28.0 Production Support","PHASE-28","DOC-008, ASM-028","1","","Review","","Instructor sign-off","","","","","","","","","","Review","0","Pending"
"PHASE-29","PHASE-29","Phase","Normal","[PHASE-29] Advanced Consulting","Phase 29 of 30. Version: V29.0 Advanced Consulting.

Modules: 6. Estimated hours: 95.

- MOD-51 Real-World Business Scenarios
- MOD-52 End-to-End Order-to-Cash Project
- MOD-53 Enterprise SD Project: Multi-Country Sales
- MOD-54 Transaction Code and Fiori App Curriculum
- MOD-55 Solution Design and Advanced Topics
- MOD-56 Career Preparation

The phase closes with the gate review REVIEW-29.","","V29.0 Advanced Consulting","EPIC","","","","","","","","","","","","","","","","","",""
"MOD-51","MOD-51","Module","Normal","[MOD-51] Real-World Business Scenarios","**Topics:** Scenario method: understand requirement, identify SAP process, identify configuration, execute transaction or Fiori app, validate document flow, validate accounting and logistics impact, document solution

**Transaction codes:** VA01; VL01N; VL02N; VF01; F-28; VA03; MMBE; FB03

**Fiori apps:** None listed

**Environment:** SAP S/4HANA Training System

**Tasks:** 10, 34 estimated hours.

- SCN-001 Scenario 1: Standard Order-to-Cash
- SCN-002 Scenario 2: Cash Sales
- SCN-003 Scenario 3: Rush Order
- SCN-004 Scenario 4: Returns
- SCN-005 Scenario 5: Third-Party Sales
- SCN-006 Scenario 6: Make-to-Order
- SCN-007 Scenario 7: Consignment
- SCN-008 Scenario 8: Contract Sales
- SCN-009 Scenario 9: Customer-Specific Pricing
- SCN-010 Scenario 10: Credit Management","Business Scenarios","V29.0 Advanced Consulting","PHASE-29","","","","","SAP S/4HANA Training System","","VA01; VL01N; VL02N; VF01; F-28; VA03; MMBE; FB03","","Business Scenarios","S/4HANA (ECC differences noted)","Same concept as ECC","Order to Cash","FI","Level 3 - Advanced SD & Integration","Consultant","","",""
"SCN-001","SCN-001","Scenario","Normal","[SCN-001] Scenario 1: Standard Order-to-Cash","**Objective:** Scenario 1: Standard Order-to-Cash

**Prerequisites:** ASM-028

**Concepts:** Scenario method: understand requirement, identify SAP process, identify configuration, execute transaction or Fiori app, validate document flow, validate accounting and logistics impact, document solution

**Business process:** Order to Cash

**Environment:** SAP S/4HANA Training System

### Steps
- [ ] Read the business case
- [ ] Identify process and configuration
- [ ] Execute inquiry to incoming payment
- [ ] Validate document flow
- [ ] Validate stock and accounting entries
- [ ] Document the solution

### Acceptance criteria
- Document flow is complete to payment
- Every stock and accounting effect is stated

**Evidence required:** Process document + document numbers

**Document flow and impact:** Record the document flow, and for every delivery, goods issue and invoice write the stock change and the debit and credit lines.

**Troubleshooting:** Read the full message with its number. Record each error and its cause in the issue notes. If stuck for more than 30 minutes, set the status to Blocked and describe the blocker.

**Assessment:** Scenario assessment: understand requirement, identify SAP process, identify configuration, execute transaction or Fiori app, validate document flow, validate accounting/logistics impact, document solution. Type: O2C scenarios.

### Completion criteria
- Every step is done and every acceptance criterion is demonstrated
- Required evidence is attached to the issue
- Document flow and the logistics or accounting impact are written down where documents were created
- Actual time is logged against the issue
- Instructor Review is Approved and the status is Completed

**Estimated time:** 4 h

**Next task:** SCN-002","Business Scenarios","V29.0 Advanced Consulting","MOD-51","ASM-028","4","L4 - Advanced","End-to-End Scenario","SAP S/4HANA Training System","Process document + document numbers","","","Business Scenarios","S/4HANA (ECC differences noted)","Same concept as ECC","Order to Cash","FI","Level 3 - Advanced SD & Integration","Consultant","O2C scenarios","1","Pending"
"SCN-002","SCN-002","Scenario","Normal","[SCN-002] Scenario 2: Cash Sales","**Objective:** Scenario 2: Cash Sales

**Prerequisites:** SCN-001

**Concepts:** Scenario method: understand requirement, identify SAP process, identify configuration, execute transaction or Fiori app, validate document flow, validate accounting and logistics impact, document solution

**Business process:** Order to Cash

**Environment:** SAP S/4HANA Training System

### Steps
- [ ] Read the case of a counter sale
- [ ] Identify the order type, immediate delivery and invoice output
- [ ] Execute
- [ ] Validate document flow, stock and the posting to the cash account
- [ ] Document

### Acceptance criteria
- Delivery is created with the order
- Invoice posts as designed

**Evidence required:** Process document + document numbers

**Document flow and impact:** Record the document flow, and for every delivery, goods issue and invoice write the stock change and the debit and credit lines.

**Troubleshooting:** Read the full message with its number. Record each error and its cause in the issue notes. If stuck for more than 30 minutes, set the status to Blocked and describe the blocker.

**Assessment:** Scenario assessment: understand requirement, identify SAP process, identify configuration, execute transaction or Fiori app, validate document flow, validate accounting/logistics impact, document solution. Type: O2C scenarios.

### Completion criteria
- Every step is done and every acceptance criterion is demonstrated
- Required evidence is attached to the issue
- Document flow and the logistics or accounting impact are written down where documents were created
- Actual time is logged against the issue
- Instructor Review is Approved and the status is Completed

**Estimated time:** 3 h

**Next task:** SCN-003","Business Scenarios","V29.0 Advanced Consulting","MOD-51","SCN-001","3","L4 - Advanced","End-to-End Scenario","SAP S/4HANA Training System","Process document + document numbers","","","Business Scenarios","S/4HANA (ECC differences noted)","Same concept as ECC","Order to Cash","FI","Level 3 - Advanced SD & Integration","Consultant","O2C scenarios","1","Pending"
"SCN-003","SCN-003","Scenario","Normal","[SCN-003] Scenario 3: Rush Order","**Objective:** Scenario 3: Rush Order

**Prerequisites:** SCN-002

**Concepts:** Scenario method: understand requirement, identify SAP process, identify configuration, execute transaction or Fiori app, validate document flow, validate accounting and logistics impact, document solution

**Business process:** Order to Cash

**Environment:** SAP S/4HANA Training System

### Steps
- [ ] Read the case of an urgent order
- [ ] Identify immediate delivery with later billing
- [ ] Execute to billing
- [ ] Validate document flow, stock and accounting
- [ ] Document the difference to cash sales

### Acceptance criteria
- Delivery is immediate and billing is separate
- Difference to cash sales is explained

**Evidence required:** Process document + document numbers

**Document flow and impact:** Record the document flow, and for every delivery, goods issue and invoice write the stock change and the debit and credit lines.

**Troubleshooting:** Read the full message with its number. Record each error and its cause in the issue notes. If stuck for more than 30 minutes, set the status to Blocked and describe the blocker.

**Assessment:** Scenario assessment: understand requirement, identify SAP process, identify configuration, execute transaction or Fiori app, validate document flow, validate accounting/logistics impact, document solution. Type: O2C scenarios.

### Completion criteria
- Every step is done and every acceptance criterion is demonstrated
- Required evidence is attached to the issue
- Document flow and the logistics or accounting impact are written down where documents were created
- Actual time is logged against the issue
- Instructor Review is Approved and the status is Completed

**Estimated time:** 3 h

**Next task:** SCN-004","Business Scenarios","V29.0 Advanced Consulting","MOD-51","SCN-002","3","L4 - Advanced","End-to-End Scenario","SAP S/4HANA Training System","Process document + document numbers","","","Business Scenarios","S/4HANA (ECC differences noted)","Same concept as ECC","Order to Cash","FI","Level 3 - Advanced SD & Integration","Consultant","O2C scenarios","1","Pending"
"SCN-004","SCN-004","Scenario","Normal","[SCN-004] Scenario 4: Returns","**Objective:** Scenario 4: Returns

**Prerequisites:** SCN-003

**Concepts:** Scenario method: understand requirement, identify SAP process, identify configuration, execute transaction or Fiori app, validate document flow, validate accounting and logistics impact, document solution

**Business process:** Order to Cash

**Environment:** SAP S/4HANA Training System

### Steps
- [ ] Read the complaint case
- [ ] Identify returns order, returns delivery, stock type and credit memo
- [ ] Execute with billing block and release
- [ ] Validate stock and accounting
- [ ] Document

### Acceptance criteria
- Stock arrives in returns stock
- Credit memo reduces the receivable

**Evidence required:** Process document + document numbers

**Document flow and impact:** Record the document flow, and for every delivery, goods issue and invoice write the stock change and the debit and credit lines.

**Troubleshooting:** Read the full message with its number. Record each error and its cause in the issue notes. If stuck for more than 30 minutes, set the status to Blocked and describe the blocker.

**Assessment:** Scenario assessment: understand requirement, identify SAP process, identify configuration, execute transaction or Fiori app, validate document flow, validate accounting/logistics impact, document solution. Type: O2C scenarios.

### Completion criteria
- Every step is done and every acceptance criterion is demonstrated
- Required evidence is attached to the issue
- Document flow and the logistics or accounting impact are written down where documents were created
- Actual time is logged against the issue
- Instructor Review is Approved and the status is Completed

**Estimated time:** 3 h

**Next task:** SCN-005","Business Scenarios","V29.0 Advanced Consulting","MOD-51","SCN-003","3","L4 - Advanced","End-to-End Scenario","SAP S/4HANA Training System","Process document + document numbers","","","Business Scenarios","S/4HANA (ECC differences noted)","Same concept as ECC","Order to Cash","FI","Level 3 - Advanced SD & Integration","Consultant","O2C scenarios","1","Pending"
"SCN-005","SCN-005","Scenario","Normal","[SCN-005] Scenario 5: Third-Party Sales","**Objective:** Scenario 5: Third-Party Sales

**Prerequisites:** SCN-004

**Concepts:** Scenario method: understand requirement, identify SAP process, identify configuration, execute transaction or Fiori app, validate document flow, validate accounting and logistics impact, document solution

**Business process:** Order to Cash

**Environment:** SAP S/4HANA Training System

### Steps
- [ ] Read the case of direct shipment by a supplier
- [ ] Identify item category and purchasing data
- [ ] Execute order, requisition, purchase order, supplier invoice and customer invoice
- [ ] Validate document flow and accounting without stock movement
- [ ] Document

### Acceptance criteria
- Customer is billed on the supplier invoice quantity
- No own stock moves

**Evidence required:** Process document + document numbers

**Document flow and impact:** Record the document flow, and for every delivery, goods issue and invoice write the stock change and the debit and credit lines.

**Troubleshooting:** Read the full message with its number. Record each error and its cause in the issue notes. If stuck for more than 30 minutes, set the status to Blocked and describe the blocker.

**Assessment:** Scenario assessment: understand requirement, identify SAP process, identify configuration, execute transaction or Fiori app, validate document flow, validate accounting/logistics impact, document solution. Type: O2C scenarios.

### Completion criteria
- Every step is done and every acceptance criterion is demonstrated
- Required evidence is attached to the issue
- Document flow and the logistics or accounting impact are written down where documents were created
- Actual time is logged against the issue
- Instructor Review is Approved and the status is Completed

**Estimated time:** 4 h

**Next task:** SCN-006","Business Scenarios","V29.0 Advanced Consulting","MOD-51","SCN-004","4","L4 - Advanced","End-to-End Scenario","SAP S/4HANA Training System","Process document + document numbers","","","Business Scenarios","S/4HANA (ECC differences noted)","Same concept as ECC","Order to Cash","FI","Level 3 - Advanced SD & Integration","Consultant","O2C scenarios","1","Pending"
"SCN-006","SCN-006","Scenario","Normal","[SCN-006] Scenario 6: Make-to-Order","**Objective:** Scenario 6: Make-to-Order

**Prerequisites:** SCN-005

**Concepts:** Scenario method: understand requirement, identify SAP process, identify configuration, execute transaction or Fiori app, validate document flow, validate accounting and logistics impact, document solution

**Business process:** Order to Cash

**Environment:** SAP S/4HANA Training System

### Steps
- [ ] Read the case of a customer-specific product
- [ ] Identify requirement type and sales order stock
- [ ] Execute order, requirement, receipt into sales order stock, delivery and billing
- [ ] Validate stock and costs
- [ ] Document

### Acceptance criteria
- Delivery is made from sales order stock
- Requirement is linked to the order item

**Evidence required:** Process document + document numbers

**Document flow and impact:** Record the document flow, and for every delivery, goods issue and invoice write the stock change and the debit and credit lines.

**Troubleshooting:** Read the full message with its number. Record each error and its cause in the issue notes. If stuck for more than 30 minutes, set the status to Blocked and describe the blocker.

**Assessment:** Scenario assessment: understand requirement, identify SAP process, identify configuration, execute transaction or Fiori app, validate document flow, validate accounting/logistics impact, document solution. Type: O2C scenarios.

### Completion criteria
- Every step is done and every acceptance criterion is demonstrated
- Required evidence is attached to the issue
- Document flow and the logistics or accounting impact are written down where documents were created
- Actual time is logged against the issue
- Instructor Review is Approved and the status is Completed

**Estimated time:** 4 h

**Next task:** SCN-007","Business Scenarios","V29.0 Advanced Consulting","MOD-51","SCN-005","4","L4 - Advanced","End-to-End Scenario","SAP S/4HANA Training System","Process document + document numbers","","","Business Scenarios","S/4HANA (ECC differences noted)","Same concept as ECC","Order to Cash","FI","Level 3 - Advanced SD & Integration","Consultant","O2C scenarios","1","Pending"
"SCN-007","SCN-007","Scenario","Normal","[SCN-007] Scenario 7: Consignment","**Objective:** Scenario 7: Consignment

**Prerequisites:** SCN-006

**Concepts:** Scenario method: understand requirement, identify SAP process, identify configuration, execute transaction or Fiori app, validate document flow, validate accounting and logistics impact, document solution

**Business process:** Order to Cash

**Environment:** SAP S/4HANA Training System

### Steps
- [ ] Read the case of stock held at the customer
- [ ] Identify the four consignment processes
- [ ] Execute fill-up, issue, return and pickup
- [ ] Validate special stock and billing at each step
- [ ] Document

### Acceptance criteria
- Customer consignment stock is correct after each step
- Only issue and return are billed

**Evidence required:** Process document + document numbers

**Document flow and impact:** Record the document flow, and for every delivery, goods issue and invoice write the stock change and the debit and credit lines.

**Troubleshooting:** Read the full message with its number. Record each error and its cause in the issue notes. If stuck for more than 30 minutes, set the status to Blocked and describe the blocker.

**Assessment:** Scenario assessment: understand requirement, identify SAP process, identify configuration, execute transaction or Fiori app, validate document flow, validate accounting/logistics impact, document solution. Type: O2C scenarios.

### Completion criteria
- Every step is done and every acceptance criterion is demonstrated
- Required evidence is attached to the issue
- Document flow and the logistics or accounting impact are written down where documents were created
- Actual time is logged against the issue
- Instructor Review is Approved and the status is Completed

**Estimated time:** 4 h

**Next task:** SCN-008","Business Scenarios","V29.0 Advanced Consulting","MOD-51","SCN-006","4","L4 - Advanced","End-to-End Scenario","SAP S/4HANA Training System","Process document + document numbers","","","Business Scenarios","S/4HANA (ECC differences noted)","Same concept as ECC","Order to Cash","FI","Level 3 - Advanced SD & Integration","Consultant","O2C scenarios","1","Pending"
"SCN-008","SCN-008","Scenario","Normal","[SCN-008] Scenario 8: Contract Sales","**Objective:** Scenario 8: Contract Sales

**Prerequisites:** SCN-007

**Concepts:** Scenario method: understand requirement, identify SAP process, identify configuration, execute transaction or Fiori app, validate document flow, validate accounting and logistics impact, document solution

**Business process:** Order to Cash

**Environment:** SAP S/4HANA Training System

### Steps
- [ ] Read the case of an annual agreement
- [ ] Identify quantity or value contract and release orders
- [ ] Execute contract and three releases, one beyond the target
- [ ] Validate release history
- [ ] Document

### Acceptance criteria
- Release quantities update the contract
- Over-release is handled as designed

**Evidence required:** Process document + document numbers

**Document flow and impact:** Record the document flow, and for every delivery, goods issue and invoice write the stock change and the debit and credit lines.

**Troubleshooting:** Read the full message with its number. Record each error and its cause in the issue notes. If stuck for more than 30 minutes, set the status to Blocked and describe the blocker.

**Assessment:** Scenario assessment: understand requirement, identify SAP process, identify configuration, execute transaction or Fiori app, validate document flow, validate accounting/logistics impact, document solution. Type: O2C scenarios.

### Completion criteria
- Every step is done and every acceptance criterion is demonstrated
- Required evidence is attached to the issue
- Document flow and the logistics or accounting impact are written down where documents were created
- Actual time is logged against the issue
- Instructor Review is Approved and the status is Completed

**Estimated time:** 3 h

**Next task:** SCN-009","Business Scenarios","V29.0 Advanced Consulting","MOD-51","SCN-007","3","L4 - Advanced","End-to-End Scenario","SAP S/4HANA Training System","Process document + document numbers","","","Business Scenarios","S/4HANA (ECC differences noted)","Same concept as ECC","Order to Cash","FI","Level 3 - Advanced SD & Integration","Consultant","O2C scenarios","1","Pending"
"SCN-009","SCN-009","Scenario","Normal","[SCN-009] Scenario 9: Customer-Specific Pricing","**Objective:** Scenario 9: Customer-Specific Pricing

**Prerequisites:** SCN-008

**Concepts:** Scenario method: understand requirement, identify SAP process, identify configuration, execute transaction or Fiori app, validate document flow, validate accounting and logistics impact, document solution

**Business process:** Order to Cash

**Environment:** SAP S/4HANA Training System

### Steps
- [ ] Read the case of a negotiated price with a volume discount
- [ ] Identify condition types and access
- [ ] Maintain records
- [ ] Execute orders and prove the price
- [ ] Validate invoice and account postings
- [ ] Document

### Acceptance criteria
- Negotiated price overrides the list price
- Discount posts to the designed account

**Evidence required:** Process document + document numbers

**Document flow and impact:** Record the document flow, and for every delivery, goods issue and invoice write the stock change and the debit and credit lines.

**Troubleshooting:** Read the full message with its number. Record each error and its cause in the issue notes. If stuck for more than 30 minutes, set the status to Blocked and describe the blocker.

**Assessment:** Scenario assessment: understand requirement, identify SAP process, identify configuration, execute transaction or Fiori app, validate document flow, validate accounting/logistics impact, document solution. Type: O2C scenarios.

### Completion criteria
- Every step is done and every acceptance criterion is demonstrated
- Required evidence is attached to the issue
- Document flow and the logistics or accounting impact are written down where documents were created
- Actual time is logged against the issue
- Instructor Review is Approved and the status is Completed

**Estimated time:** 3 h

**Next task:** SCN-010","Business Scenarios","V29.0 Advanced Consulting","MOD-51","SCN-008","3","L4 - Advanced","End-to-End Scenario","SAP S/4HANA Training System","Process document + document numbers","","","Business Scenarios","S/4HANA (ECC differences noted)","Same concept as ECC","Order to Cash","FI","Level 3 - Advanced SD & Integration","Consultant","O2C scenarios","1","Pending"
"SCN-010","SCN-010","Scenario","Normal","[SCN-010] Scenario 10: Credit Management","**Objective:** Scenario 10: Credit Management

**Prerequisites:** SCN-009

**Concepts:** Scenario method: understand requirement, identify SAP process, identify configuration, execute transaction or Fiori app, validate document flow, validate accounting and logistics impact, document solution

**Business process:** Order to Cash

**Environment:** SAP S/4HANA Training System

### Steps
- [ ] Read the case of a customer over the limit
- [ ] Identify the check rule and limit
- [ ] Execute order, block, review and release, then payment
- [ ] Validate exposure before and after
- [ ] Document

### Acceptance criteria
- Order is blocked and released with a documented decision
- Exposure falls after payment

**Evidence required:** Process document + document numbers

**Document flow and impact:** Record the document flow, and for every delivery, goods issue and invoice write the stock change and the debit and credit lines.

**Troubleshooting:** Read the full message with its number. Record each error and its cause in the issue notes. If stuck for more than 30 minutes, set the status to Blocked and describe the blocker.

**Assessment:** Scenario assessment: understand requirement, identify SAP process, identify configuration, execute transaction or Fiori app, validate document flow, validate accounting/logistics impact, document solution. Type: O2C scenarios.

### Completion criteria
- Every step is done and every acceptance criterion is demonstrated
- Required evidence is attached to the issue
- Document flow and the logistics or accounting impact are written down where documents were created
- Actual time is logged against the issue
- Instructor Review is Approved and the status is Completed

**Estimated time:** 3 h

**Next task:** Last task of this module","Business Scenarios","V29.0 Advanced Consulting","MOD-51","SCN-009","3","L4 - Advanced","End-to-End Scenario","SAP S/4HANA Training System","Process document + document numbers","","","Business Scenarios","S/4HANA (ECC differences noted)","Same concept as ECC","Order to Cash","FI","Level 3 - Advanced SD & Integration","Consultant","O2C scenarios","1","Pending"
"MOD-52","MOD-52","Module","Normal","[MOD-52] End-to-End Order-to-Cash Project","**Topics:** Customer; Inquiry; Quotation; Sales Order; ATP; Delivery; Picking; Packing; PGI; Billing; FI Posting; Incoming Payment; Validation of every document and its accounting and logistics impact

**Transaction codes:** BP; VA11; VA21; VA01; CO09; VL01N; LT03; VL02N; VF01; FB03; F-28

**Fiori apps:** None listed

**Environment:** SAP S/4HANA Training System

**Tasks:** 1, 8 estimated hours.

- PROJECT-007 End-to-end O2C project","Business Scenarios","V29.0 Advanced Consulting","PHASE-29","","","","","SAP S/4HANA Training System","","BP; VA11; VA21; VA01; CO09; VL01N; LT03; VL02N; VF01; FB03; F-28","","Business Scenarios","S/4HANA (ECC differences noted)","Same concept as ECC","Order to Cash","FI","Level 3 - Advanced SD & Integration","Consultant","","",""
"PROJECT-007","PROJECT-007","Project","Normal","[PROJECT-007] End-to-end O2C project","**Objective:** End-to-end O2C project

**Prerequisites:** SCN-010

**Concepts:** Customer; Inquiry; Quotation; Sales Order; ATP; Delivery; Picking; Packing; PGI; Billing; FI Posting; Incoming Payment; Validation of every document and its accounting and logistics impact

**Business process:** Order to Cash

**Environment:** SAP S/4HANA Training System

### Steps
- [ ] Create a new customer
- [ ] Run inquiry, quotation, order, availability check, delivery, picking, packing, goods issue, billing and incoming payment
- [ ] At each step validate the document, its status, the stock effect and the accounting effect
- [ ] Deliver the process document with all document numbers

### Acceptance criteria
- All twelve steps are evidenced
- Receivable is cleared
- Stock and accounting effects are stated for every step

**Evidence required:** Project documentation

**Document flow and impact:** Record the document flow, and for every delivery, goods issue and invoice write the stock change and the debit and credit lines.

**Troubleshooting:** Read the full message with its number. Record each error and its cause in the issue notes. If stuck for more than 30 minutes, set the status to Blocked and describe the blocker.

**Assessment:** Scored 0-100 on working result, tests and documentation. Type: Solution design.

### Completion criteria
- Every step is done and every acceptance criterion is demonstrated
- Required evidence is attached to the issue
- Document flow and the logistics or accounting impact are written down where documents were created
- Actual time is logged against the issue
- Instructor Review is Approved and the status is Completed

**Estimated time:** 8 h

**Next task:** Last task of this module","Business Scenarios","V29.0 Advanced Consulting","MOD-52","SCN-010","8","L4 - Advanced","Project","SAP S/4HANA Training System","Project documentation","","","Business Scenarios","S/4HANA (ECC differences noted)","Same concept as ECC","Order to Cash","FI","Level 3 - Advanced SD & Integration","Consultant","Solution design","1","Pending"
"MOD-53","MOD-53","Module","Normal","[MOD-53] Enterprise SD Project: Multi-Country Sales","**Topics:** Multiple sales organizations; Multiple distribution channels; Multiple divisions; Multiple plants; Multiple shipping points; Multiple currencies; Multiple tax scenarios; Multiple customer groups; Multiple pricing strategies; Intercompany sales concepts

**Transaction codes:** SPRO; VA01; VK11; OVK1; VF01

**Fiori apps:** None listed

**Environment:** SAP S/4HANA Training System

**Tasks:** 2, 18 estimated hours.

- PROJECT-008 Enterprise SD project part 1: design
- PROJECT-009 Enterprise SD project part 2: build and prove","Business Scenarios","V29.0 Advanced Consulting","PHASE-29","","","","","SAP S/4HANA Training System","","SPRO; VA01; VK11; OVK1; VF01","","Business Scenarios","S/4HANA (ECC differences noted)","Same concept as ECC","Order to Cash","FI","Level 4 - S/4HANA Sales Expert","Consultant","","",""
"PROJECT-008","PROJECT-008","Project","Normal","[PROJECT-008] Enterprise SD project part 1: design","**Objective:** Enterprise SD project part 1: design

**Prerequisites:** PROJECT-007, ASM-027

**Concepts:** Multiple sales organizations; Multiple distribution channels; Multiple divisions; Multiple plants; Multiple shipping points; Multiple currencies; Multiple tax scenarios; Multiple customer groups; Multiple pricing strategies; Intercompany sales concepts

**Business process:** Order to Cash

**Environment:** SAP S/4HANA Training System

### Steps
- [ ] Design sales for three countries: sales organizations, channels, divisions, plants, shipping points, currencies, tax, customer groups and pricing strategies
- [ ] Decide common master data across channels and divisions
- [ ] Describe cross-country and intercompany deliveries at concept level

### Acceptance criteria
- Design document justifies every organizational unit
- Tax and currency handling is defined per country

**Evidence required:** Project documentation

**Document flow and impact:** Record the document flow, and for every delivery, goods issue and invoice write the stock change and the debit and credit lines.

**Troubleshooting:** Read the full message with its number. Record each error and its cause in the issue notes. If stuck for more than 30 minutes, set the status to Blocked and describe the blocker.

**Assessment:** Scored 0-100 on working result, tests and documentation. Type: Solution design.

### Completion criteria
- Every step is done and every acceptance criterion is demonstrated
- Required evidence is attached to the issue
- Document flow and the logistics or accounting impact are written down where documents were created
- Actual time is logged against the issue
- Instructor Review is Approved and the status is Completed

**Estimated time:** 8 h

**Next task:** PROJECT-009","Business Scenarios","V29.0 Advanced Consulting","MOD-53","PROJECT-007, ASM-027","8","L5 - Expert","Project","SAP S/4HANA Training System","Project documentation","","","Business Scenarios","S/4HANA (ECC differences noted)","Same concept as ECC","Order to Cash","FI","Level 4 - S/4HANA Sales Expert","Consultant","Solution design","1","Pending"
"PROJECT-009","PROJECT-009","Project","Normal","[PROJECT-009] Enterprise SD project part 2: build and prove","**Objective:** Enterprise SD project part 2: build and prove

**Prerequisites:** PROJECT-008

**Concepts:** Multiple sales organizations; Multiple distribution channels; Multiple divisions; Multiple plants; Multiple shipping points; Multiple currencies; Multiple tax scenarios; Multiple customer groups; Multiple pricing strategies; Intercompany sales concepts

**Business process:** Order to Cash

**Environment:** SAP S/4HANA Training System

### Steps
- [ ] Configure a second sales organization with its own currency, tax and pricing
- [ ] Add a second channel, division, plant and shipping point
- [ ] Run orders in each country with different customer groups
- [ ] Bill and compare postings by company code

### Acceptance criteria
- Orders in both countries complete to billing
- Prices, tax and currency are correct in each

**Evidence required:** Project documentation

**Document flow and impact:** Record the document flow, and for every delivery, goods issue and invoice write the stock change and the debit and credit lines.

**Troubleshooting:** Read the full message with its number. Record each error and its cause in the issue notes. If stuck for more than 30 minutes, set the status to Blocked and describe the blocker.

**Assessment:** Scored 0-100 on working result, tests and documentation. Type: Solution design.

### Completion criteria
- Every step is done and every acceptance criterion is demonstrated
- Required evidence is attached to the issue
- Document flow and the logistics or accounting impact are written down where documents were created
- Actual time is logged against the issue
- Instructor Review is Approved and the status is Completed

**Estimated time:** 10 h

**Next task:** Last task of this module","Business Scenarios","V29.0 Advanced Consulting","MOD-53","PROJECT-008","10","L5 - Expert","Project","SAP S/4HANA Training System","Project documentation","","","Business Scenarios","S/4HANA (ECC differences noted)","Same concept as ECC","Order to Cash","FI","Level 4 - S/4HANA Sales Expert","Consultant","Solution design","1","Pending"
"MOD-54","MOD-54","Module","Normal","[MOD-54] Transaction Code and Fiori App Curriculum","**Topics:** For every important code: purpose, business scenario, input, output, related configuration, common errors, corresponding Fiori app; General codes; SD codes for master data, sales, delivery, billing, pricing, shipping, credit and output

**Transaction codes:** SPRO; SE16N; SE38; SU01; PFCG; ST22; SM37; SM21; STMS

**Fiori apps:** None listed

**Environment:** SAP S/4HANA Training System

**Tasks:** 2, 8 estimated hours.

- DOC-009 Transaction reference: general, master data and sales
- DOC-010 Transaction reference: pricing, shipping, delivery, billing, credit and output","Business Scenarios","V29.0 Advanced Consulting","PHASE-29","","","","","SAP S/4HANA Training System","","SPRO; SE16N; SE38; SU01; PFCG; ST22; SM37; SM21; STMS","","Business Scenarios","S/4HANA (ECC differences noted)","Not version specific","None","None","Level 3 - Advanced SD & Integration","Consultant","","",""
"DOC-009","DOC-009","Documentation","Normal","[DOC-009] Transaction reference: general, master data and sales","**Objective:** Transaction reference: general, master data and sales

**Prerequisites:** PROJECT-009

**Concepts:** For every important code: purpose, business scenario, input, output, related configuration, common errors, corresponding Fiori app; General codes; SD codes for master data, sales, delivery, billing, pricing, shipping, credit and output

**Environment:** SAP S/4HANA Training System

### Steps
- [ ] For each code on the Transaction_Code_Index wiki page in these groups write purpose, business scenario, input, output, related configuration, common errors and the Fiori app

### Acceptance criteria
- Every listed code has all seven entries

**Evidence required:** Written deliverable

**Document flow and impact:** Record the document flow, and for every delivery, goods issue and invoice write the stock change and the debit and credit lines.

**Troubleshooting:** Read the full message with its number. Record each error and its cause in the issue notes. If stuck for more than 30 minutes, set the status to Blocked and describe the blocker.

**Assessment:** Instructor reviews the document for completeness and accuracy. Type: Requirement analysis.

### Completion criteria
- Every step is done and every acceptance criterion is demonstrated
- Required evidence is attached to the issue
- Document flow and the logistics or accounting impact are written down where documents were created
- Actual time is logged against the issue
- Instructor Review is Approved and the status is Completed

**Estimated time:** 4 h

**Next task:** DOC-010","Business Scenarios","V29.0 Advanced Consulting","MOD-54","PROJECT-009","4","L2 - Basic","Documentation","SAP S/4HANA Training System","Written deliverable","","","Business Scenarios","S/4HANA (ECC differences noted)","Not version specific","None","None","Level 3 - Advanced SD & Integration","Consultant","Requirement analysis","0","Pending"
"DOC-010","DOC-010","Documentation","Normal","[DOC-010] Transaction reference: pricing, shipping, delivery, billing, credit and output","**Objective:** Transaction reference: pricing, shipping, delivery, billing, credit and output

**Prerequisites:** DOC-009

**Concepts:** For every important code: purpose, business scenario, input, output, related configuration, common errors, corresponding Fiori app; General codes; SD codes for master data, sales, delivery, billing, pricing, shipping, credit and output

**Environment:** SAP S/4HANA Training System

### Steps
- [ ] Do the same for the remaining groups

### Acceptance criteria
- Every listed code has all seven entries

**Evidence required:** Written deliverable

**Document flow and impact:** Record the document flow, and for every delivery, goods issue and invoice write the stock change and the debit and credit lines.

**Troubleshooting:** Read the full message with its number. Record each error and its cause in the issue notes. If stuck for more than 30 minutes, set the status to Blocked and describe the blocker.

**Assessment:** Instructor reviews the document for completeness and accuracy. Type: Requirement analysis.

### Completion criteria
- Every step is done and every acceptance criterion is demonstrated
- Required evidence is attached to the issue
- Document flow and the logistics or accounting impact are written down where documents were created
- Actual time is logged against the issue
- Instructor Review is Approved and the status is Completed

**Estimated time:** 4 h

**Next task:** Last task of this module","Business Scenarios","V29.0 Advanced Consulting","MOD-54","DOC-009","4","L2 - Basic","Documentation","SAP S/4HANA Training System","Written deliverable","","","Business Scenarios","S/4HANA (ECC differences noted)","Not version specific","None","None","Level 3 - Advanced SD & Integration","Consultant","Requirement analysis","0","Pending"
"MOD-55","MOD-55","Module","Normal","[MOD-55] Solution Design and Advanced Topics","**Topics:** Solution architecture; Intercompany sales; Settlement management; Advanced returns management; Variant configuration; Transportation and warehouse integration concepts; Interfaces and EDI

**Transaction codes:** SPRO

**Fiori apps:** None listed

**Environment:** SAP S/4HANA Training System

**Tasks:** 2, 9 estimated hours.

- THY-063 Advanced sales topics at concept level
- IMPL-004 Solution design for a client requirement","Business Scenarios","V29.0 Advanced Consulting","PHASE-29","","","","","SAP S/4HANA Training System","","SPRO","","Business Scenarios","S/4HANA (ECC differences noted)","New in S/4HANA","Order to Cash","Logistics","Level 4 - S/4HANA Sales Expert","Consultant","","",""
"THY-063","THY-063","Theory","Normal","[THY-063] Advanced sales topics at concept level","**Objective:** Advanced sales topics at concept level

**Prerequisites:** DOC-010

**Concepts:** Solution architecture; Intercompany sales; Settlement management; Advanced returns management; Variant configuration; Transportation and warehouse integration concepts; Interfaces and EDI

**Business process:** Order to Cash

**Environment:** SAP S/4HANA Training System

### Steps
- [ ] Study intercompany sales and stock transfer, settlement management for rebates, advanced returns management, variant configuration in sales, extended warehouse and transportation integration, and electronic data interchange for orders and invoices

### Acceptance criteria
- For each topic states the business need and the main documents

**Evidence required:** Notes

**Document flow and impact:** Record the document flow, and for every delivery, goods issue and invoice write the stock change and the debit and credit lines.

**Assessment:** Instructor checks the notes and asks short oral questions. Type: Short answer.

### Completion criteria
- Every step is done and every acceptance criterion is demonstrated
- Required evidence is attached to the issue
- Document flow and the logistics or accounting impact are written down where documents were created
- Actual time is logged against the issue
- Instructor Review is Approved and the status is Completed

**Estimated time:** 4 h

**Next task:** IMPL-004","Business Scenarios","V29.0 Advanced Consulting","MOD-55","DOC-010","4","L5 - Expert","Theory","SAP S/4HANA Training System","Notes","","","Business Scenarios","S/4HANA (ECC differences noted)","New in S/4HANA","Order to Cash","Logistics","Level 4 - S/4HANA Sales Expert","Consultant","Short answer","0","Pending"
"IMPL-004","IMPL-004","Implementation","Normal","[IMPL-004] Solution design for a client requirement","**Objective:** Solution design for a client requirement

**Prerequisites:** THY-063

**Concepts:** Solution architecture; Intercompany sales; Settlement management; Advanced returns management; Variant configuration; Transportation and warehouse integration concepts; Interfaces and EDI

**Business process:** Order to Cash

**Environment:** SAP S/4HANA Training System

### Steps
- [ ] Take the instructor's client brief
- [ ] Produce the solution design: process, organization, master data, configuration, integration, gaps, risks and effort

### Acceptance criteria
- Design answers every requirement of the brief
- Gaps have options and a recommendation

**Evidence required:** Written deliverable

**Document flow and impact:** Record the document flow, and for every delivery, goods issue and invoice write the stock change and the debit and credit lines.

**Troubleshooting:** Read the full message with its number. Record each error and its cause in the issue notes. If stuck for more than 30 minutes, set the status to Blocked and describe the blocker.

**Assessment:** Instructor reviews the deliverable as a project lead would. Type: Solution design.

### Completion criteria
- Every step is done and every acceptance criterion is demonstrated
- Required evidence is attached to the issue
- Document flow and the logistics or accounting impact are written down where documents were created
- Actual time is logged against the issue
- Instructor Review is Approved and the status is Completed

**Estimated time:** 5 h

**Next task:** Last task of this module","Business Scenarios","V29.0 Advanced Consulting","MOD-55","THY-063","5","L5 - Expert","Implementation","SAP S/4HANA Training System","Written deliverable","","","Business Scenarios","S/4HANA (ECC differences noted)","New in S/4HANA","Order to Cash","Logistics","Level 4 - S/4HANA Sales Expert","Consultant","Solution design","0","Pending"
"MOD-56","MOD-56","Module","Normal","[MOD-56] Career Preparation","**Topics:** Roles: SAP SD Consultant, S/4HANA Sales Consultant, SD Functional Consultant, O2C Consultant, SD Support Consultant, SD Implementation Consultant; Interview questions; Client interview simulations; Project explanation practice

**Transaction codes:** None

**Fiori apps:** None listed

**Environment:** SAP S/4HANA Training System

**Tasks:** 5, 17 estimated hours.

- DOC-011 Interview bank: SD basics, O2C scenarios and pricing
- DOC-012 Interview bank: configuration, integration and S/4HANA
- DOC-013 Interview bank: troubleshooting scenarios
- DOC-014 Resume and project explanation
- ASM-029 Mock interviews: functional, configuration and client simulation","Career","V29.0 Advanced Consulting","PHASE-29","","","","","SAP S/4HANA Training System","","","","Career","S/4HANA (ECC differences noted)","Not version specific","None","None","Level 3 - Advanced SD & Integration","Consultant","","",""
"DOC-011","DOC-011","Documentation","Normal","[DOC-011] Interview bank: SD basics, O2C scenarios and pricing","**Objective:** Interview bank: SD basics, O2C scenarios and pricing

**Prerequisites:** IMPL-004

**Concepts:** Roles: SAP SD Consultant, S/4HANA Sales Consultant, SD Functional Consultant, O2C Consultant, SD Support Consultant, SD Implementation Consultant; Interview questions; Client interview simulations; Project explanation practice

**Environment:** SAP S/4HANA Training System

### Steps
- [ ] Write and answer forty questions on enterprise structure, master data, sales documents, order to cash scenarios and pricing

### Acceptance criteria
- Answers are in own words with a system example

**Evidence required:** Written deliverable

**Document flow and impact:** Record the document flow, and for every delivery, goods issue and invoice write the stock change and the debit and credit lines.

**Troubleshooting:** Read the full message with its number. Record each error and its cause in the issue notes. If stuck for more than 30 minutes, set the status to Blocked and describe the blocker.

**Assessment:** Instructor reviews the document for completeness and accuracy. Type: Requirement analysis.

### Completion criteria
- Every step is done and every acceptance criterion is demonstrated
- Required evidence is attached to the issue
- Document flow and the logistics or accounting impact are written down where documents were created
- Actual time is logged against the issue
- Instructor Review is Approved and the status is Completed

**Estimated time:** 4 h

**Next task:** DOC-012","Career","V29.0 Advanced Consulting","MOD-56","IMPL-004","4","L2 - Basic","Documentation","SAP S/4HANA Training System","Written deliverable","","","Career","S/4HANA (ECC differences noted)","Not version specific","None","None","Level 3 - Advanced SD & Integration","Consultant","Requirement analysis","0","Pending"
"DOC-012","DOC-012","Documentation","Normal","[DOC-012] Interview bank: configuration, integration and S/4HANA","**Objective:** Interview bank: configuration, integration and S/4HANA

**Prerequisites:** DOC-011

**Concepts:** Roles: SAP SD Consultant, S/4HANA Sales Consultant, SD Functional Consultant, O2C Consultant, SD Support Consultant, SD Implementation Consultant; Interview questions; Client interview simulations; Project explanation practice

**Environment:** SAP S/4HANA Training System

### Steps
- [ ] Write and answer forty questions on item category and schedule line determination, copy control, account determination, credit, output, FI, MM and CO integration and S/4HANA changes

### Acceptance criteria
- Answers name the configuration behind each behaviour

**Evidence required:** Written deliverable

**Document flow and impact:** Record the document flow, and for every delivery, goods issue and invoice write the stock change and the debit and credit lines.

**Troubleshooting:** Read the full message with its number. Record each error and its cause in the issue notes. If stuck for more than 30 minutes, set the status to Blocked and describe the blocker.

**Assessment:** Instructor reviews the document for completeness and accuracy. Type: Requirement analysis.

### Completion criteria
- Every step is done and every acceptance criterion is demonstrated
- Required evidence is attached to the issue
- Document flow and the logistics or accounting impact are written down where documents were created
- Actual time is logged against the issue
- Instructor Review is Approved and the status is Completed

**Estimated time:** 4 h

**Next task:** DOC-013","Career","V29.0 Advanced Consulting","MOD-56","DOC-011","4","L2 - Basic","Documentation","SAP S/4HANA Training System","Written deliverable","","","Career","S/4HANA (ECC differences noted)","Not version specific","None","None","Level 3 - Advanced SD & Integration","Consultant","Requirement analysis","0","Pending"
"DOC-013","DOC-013","Documentation","Normal","[DOC-013] Interview bank: troubleshooting scenarios","**Objective:** Interview bank: troubleshooting scenarios

**Prerequisites:** DOC-012

**Concepts:** Roles: SAP SD Consultant, S/4HANA Sales Consultant, SD Functional Consultant, O2C Consultant, SD Support Consultant, SD Implementation Consultant; Interview questions; Client interview simulations; Project explanation practice

**Environment:** SAP S/4HANA Training System

### Steps
- [ ] Write twenty troubleshooting stories from your own reports in the form situation, analysis, root cause, fix

### Acceptance criteria
- Each story is told in under three minutes

**Evidence required:** Written deliverable

**Document flow and impact:** Record the document flow, and for every delivery, goods issue and invoice write the stock change and the debit and credit lines.

**Troubleshooting:** Read the full message with its number. Record each error and its cause in the issue notes. If stuck for more than 30 minutes, set the status to Blocked and describe the blocker.

**Assessment:** Instructor reviews the document for completeness and accuracy. Type: Requirement analysis.

### Completion criteria
- Every step is done and every acceptance criterion is demonstrated
- Required evidence is attached to the issue
- Document flow and the logistics or accounting impact are written down where documents were created
- Actual time is logged against the issue
- Instructor Review is Approved and the status is Completed

**Estimated time:** 3 h

**Next task:** DOC-014","Career","V29.0 Advanced Consulting","MOD-56","DOC-012","3","L2 - Basic","Documentation","SAP S/4HANA Training System","Written deliverable","","","Career","S/4HANA (ECC differences noted)","Not version specific","None","None","Level 3 - Advanced SD & Integration","Consultant","Requirement analysis","0","Pending"
"DOC-014","DOC-014","Documentation","Normal","[DOC-014] Resume and project explanation","**Objective:** Resume and project explanation

**Prerequisites:** DOC-013

**Concepts:** Roles: SAP SD Consultant, S/4HANA Sales Consultant, SD Functional Consultant, O2C Consultant, SD Support Consultant, SD Implementation Consultant; Interview questions; Client interview simulations; Project explanation practice

**Environment:** SAP S/4HANA Training System

### Steps
- [ ] Write a resume for an SD consultant role
- [ ] Prepare a ten-minute explanation of the implementation project: scope, role, design decisions, problems solved

### Acceptance criteria
- Resume lists skills with evidence from this programme

**Evidence required:** Written deliverable

**Document flow and impact:** Record the document flow, and for every delivery, goods issue and invoice write the stock change and the debit and credit lines.

**Troubleshooting:** Read the full message with its number. Record each error and its cause in the issue notes. If stuck for more than 30 minutes, set the status to Blocked and describe the blocker.

**Assessment:** Instructor reviews the document for completeness and accuracy. Type: Requirement analysis.

### Completion criteria
- Every step is done and every acceptance criterion is demonstrated
- Required evidence is attached to the issue
- Document flow and the logistics or accounting impact are written down where documents were created
- Actual time is logged against the issue
- Instructor Review is Approved and the status is Completed

**Estimated time:** 3 h

**Next task:** ASM-029","Career","V29.0 Advanced Consulting","MOD-56","DOC-013","3","L2 - Basic","Documentation","SAP S/4HANA Training System","Written deliverable","","","Career","S/4HANA (ECC differences noted)","Not version specific","None","None","Level 3 - Advanced SD & Integration","Consultant","Requirement analysis","0","Pending"
"ASM-029","ASM-029","Assessment","High","[ASM-029] Mock interviews: functional, configuration and client simulation","**Objective:** Mock interviews: functional, configuration and client simulation

**Prerequisites:** DOC-014

**Concepts:** Roles: SAP SD Consultant, S/4HANA Sales Consultant, SD Functional Consultant, O2C Consultant, SD Support Consultant, SD Implementation Consultant; Interview questions; Client interview simulations; Project explanation practice

**Environment:** SAP S/4HANA Training System

### Steps
- [ ] Sit three interviews with the instructor: functional, configuration and a client requirement simulation

### Acceptance criteria
- Score of 70 or higher

**Evidence required:** Scored result

**Document flow and impact:** Record the document flow, and for every delivery, goods issue and invoice write the stock change and the debit and credit lines.

**Troubleshooting:** Read the full message with its number. Record each error and its cause in the issue notes. If stuck for more than 30 minutes, set the status to Blocked and describe the blocker.

**Assessment:** Scored 0-100. Pass mark 70. Type: Solution design.

### Completion criteria
- Every step is done and every acceptance criterion is demonstrated
- Required evidence is attached to the issue
- Document flow and the logistics or accounting impact are written down where documents were created
- Actual time is logged against the issue
- Instructor Review is Approved and the status is Completed

**Estimated time:** 3 h

**Next task:** Last task of this module","Career","V29.0 Advanced Consulting","MOD-56","DOC-014","3","L2 - Basic","Assessment","SAP S/4HANA Training System","Scored result","","","Career","S/4HANA (ECC differences noted)","Not version specific","None","None","Level 3 - Advanced SD & Integration","Consultant","Solution design","0","Pending"
"REVIEW-29","REVIEW-29","Review","High","[REVIEW-29] Phase 29 gate review","**Objective:** Confirm that phase 29 (Advanced Consulting) is complete.

### Checklist
- [ ] Every issue of the phase is Completed
- [ ] Evidence is attached to every issue
- [ ] Time is logged
- [ ] Assessment score is 70 or higher
- [ ] Configuration document is up to date

**Assessment:** Instructor confirms the checklist and records the gate decision.

**Estimated time:** 1 h","","V29.0 Advanced Consulting","PHASE-29","SCN-010, PROJECT-007, PROJECT-009, DOC-010, IMPL-004, ASM-029","1","","Review","","Instructor sign-off","","","","","","","","","","Review","0","Pending"
"PHASE-30","PHASE-30","Phase","Normal","[PHASE-30] Enterprise Capstone","Phase 30 of 30. Version: V30.0 Enterprise Capstone.

Modules: 1. Estimated hours: 84.

- MOD-57 Capstone: Enterprise SAP S/4HANA Sales Implementation for Global Manufacturing Corporation

The phase closes with the gate review REVIEW-30.","","V30.0 Enterprise Capstone","EPIC","","","","","","","","","","","","","","","","","",""
"MOD-57","MOD-57","Module","Normal","[MOD-57] Capstone: Enterprise SAP S/4HANA Sales Implementation for Global Manufacturing Corporation","**Topics:** Organizational structure: company, company code, sales organization, distribution channel, division, sales area, plant, shipping point; Master data: business partner, customer, material, pricing, partner determination; Processes: inquiry, quotation, sales order, ATP, delivery, picking, packing, PGI, billing, returns, credit memo; Advanced: pricing, credit management, output, route, tax, FI, MM and CO integration; Nineteen deliverables

**Transaction codes:** SPRO; BP; VA01; VL01N; VF01; VK11

**Fiori apps:** None listed

**Environment:** SAP S/4HANA Training System

**Tasks:** 12, 83 estimated hours.

- CAP-001 Business requirements and organizational structure
- CAP-002 Sales process design and master-data design
- CAP-003 Pricing design and configuration
- CAP-004 Sales, shipping and billing design and configuration
- CAP-005 Credit-management, output and integration design and configuration
- CAP-006 Configuration document
- CAP-007 Test scripts and test evidence
- CAP-008 Execute the capstone business processes
- CAP-009 Migration plan, cutover plan and go-live checklist
- CAP-010 Production-support runbook and troubleshooting guide
- CAP-011 Final technical documentation and executive presentation
- ASM-030 Final assessment","Capstone","V30.0 Enterprise Capstone","PHASE-30","","","","","SAP S/4HANA Training System","","SPRO; BP; VA01; VL01N; VF01; VK11","","Capstone","S/4HANA (ECC differences noted)","New in S/4HANA","Order to Cash","FI","Level 4 - S/4HANA Sales Expert","Consultant","","",""
"CAP-001","CAP-001","Capstone","High","[CAP-001] Business requirements and organizational structure","**Objective:** Business requirements and organizational structure

**Prerequisites:** ASM-029, PROJECT-009

**Concepts:** Organizational structure: company, company code, sales organization, distribution channel, division, sales area, plant, shipping point; Master data: business partner, customer, material, pricing, partner determination; Processes: inquiry, quotation, sales order, ATP, delivery, picking, packing, PGI, billing, returns, credit memo; Advanced: pricing, credit management, output, route, tax, FI, MM and CO integration; Nineteen deliverables

**Business process:** Order to Cash

**Environment:** SAP S/4HANA Training System

### Steps
- [ ] Write the business requirements (deliverable 1)
- [ ] Design and configure the organizational structure (deliverable 2)

### Acceptance criteria
- Requirements are numbered and testable
- Structure is configured and assigned

**Evidence required:** Project documentation

**Document flow and impact:** Record the document flow, and for every delivery, goods issue and invoice write the stock change and the debit and credit lines.

**Troubleshooting:** Read the full message with its number. Record each error and its cause in the issue notes. If stuck for more than 30 minutes, set the status to Blocked and describe the blocker.

**Assessment:** Scored 0-100 against the capstone rubric. Type: Solution design.

### Completion criteria
- Every step is done and every acceptance criterion is demonstrated
- Required evidence is attached to the issue
- Document flow and the logistics or accounting impact are written down where documents were created
- Actual time is logged against the issue
- Instructor Review is Approved and the status is Completed

**Estimated time:** 6 h

**Next task:** CAP-002","Capstone","V30.0 Enterprise Capstone","MOD-57","ASM-029, PROJECT-009","6","L5 - Expert","Capstone","SAP S/4HANA Training System","Project documentation","","","Capstone","S/4HANA (ECC differences noted)","New in S/4HANA","Order to Cash","FI","Level 4 - S/4HANA Sales Expert","Consultant","Solution design","1","Pending"
"CAP-002","CAP-002","Capstone","High","[CAP-002] Sales process design and master-data design","**Objective:** Sales process design and master-data design

**Prerequisites:** CAP-001

**Concepts:** Organizational structure: company, company code, sales organization, distribution channel, division, sales area, plant, shipping point; Master data: business partner, customer, material, pricing, partner determination; Processes: inquiry, quotation, sales order, ATP, delivery, picking, packing, PGI, billing, returns, credit memo; Advanced: pricing, credit management, output, route, tax, FI, MM and CO integration; Nineteen deliverables

**Business process:** Order to Cash

**Environment:** SAP S/4HANA Training System

### Steps
- [ ] Write the sales process design for all capstone processes (deliverable 3)
- [ ] Write the master-data design and create business partners, customers, materials and partner determination (deliverable 4)

### Acceptance criteria
- Each process has a flow with documents and controls
- Master data supports every process

**Evidence required:** Project documentation

**Document flow and impact:** Record the document flow, and for every delivery, goods issue and invoice write the stock change and the debit and credit lines.

**Troubleshooting:** Read the full message with its number. Record each error and its cause in the issue notes. If stuck for more than 30 minutes, set the status to Blocked and describe the blocker.

**Assessment:** Scored 0-100 against the capstone rubric. Type: Solution design.

### Completion criteria
- Every step is done and every acceptance criterion is demonstrated
- Required evidence is attached to the issue
- Document flow and the logistics or accounting impact are written down where documents were created
- Actual time is logged against the issue
- Instructor Review is Approved and the status is Completed

**Estimated time:** 6 h

**Next task:** CAP-003","Capstone","V30.0 Enterprise Capstone","MOD-57","CAP-001","6","L5 - Expert","Capstone","SAP S/4HANA Training System","Project documentation","","","Capstone","S/4HANA (ECC differences noted)","New in S/4HANA","Order to Cash","FI","Level 4 - S/4HANA Sales Expert","Consultant","Solution design","1","Pending"
"CAP-003","CAP-003","Capstone","High","[CAP-003] Pricing design and configuration","**Objective:** Pricing design and configuration

**Prerequisites:** CAP-002

**Concepts:** Organizational structure: company, company code, sales organization, distribution channel, division, sales area, plant, shipping point; Master data: business partner, customer, material, pricing, partner determination; Processes: inquiry, quotation, sales order, ATP, delivery, picking, packing, PGI, billing, returns, credit memo; Advanced: pricing, credit management, output, route, tax, FI, MM and CO integration; Nineteen deliverables

**Business process:** Order to Cash

**Environment:** SAP S/4HANA Training System

### Steps
- [ ] Write the pricing design (deliverable 6)
- [ ] Configure the procedure, condition types, records and tax

### Acceptance criteria
- Pricing is determined and explained line by line

**Evidence required:** Project documentation

**Document flow and impact:** Record the document flow, and for every delivery, goods issue and invoice write the stock change and the debit and credit lines.

**Troubleshooting:** Read the full message with its number. Record each error and its cause in the issue notes. If stuck for more than 30 minutes, set the status to Blocked and describe the blocker.

**Assessment:** Scored 0-100 against the capstone rubric. Type: Solution design.

### Completion criteria
- Every step is done and every acceptance criterion is demonstrated
- Required evidence is attached to the issue
- Document flow and the logistics or accounting impact are written down where documents were created
- Actual time is logged against the issue
- Instructor Review is Approved and the status is Completed

**Estimated time:** 8 h

**Next task:** CAP-004","Capstone","V30.0 Enterprise Capstone","MOD-57","CAP-002","8","L5 - Expert","Capstone","SAP S/4HANA Training System","Project documentation","","","Capstone","S/4HANA (ECC differences noted)","New in S/4HANA","Order to Cash","FI","Level 4 - S/4HANA Sales Expert","Consultant","Solution design","1","Pending"
"CAP-004","CAP-004","Capstone","High","[CAP-004] Sales, shipping and billing design and configuration","**Objective:** Sales, shipping and billing design and configuration

**Prerequisites:** CAP-003

**Concepts:** Organizational structure: company, company code, sales organization, distribution channel, division, sales area, plant, shipping point; Master data: business partner, customer, material, pricing, partner determination; Processes: inquiry, quotation, sales order, ATP, delivery, picking, packing, PGI, billing, returns, credit memo; Advanced: pricing, credit management, output, route, tax, FI, MM and CO integration; Nineteen deliverables

**Business process:** Order to Cash

**Environment:** SAP S/4HANA Training System

### Steps
- [ ] Configure sales documents, item categories, schedule lines and copy control
- [ ] Write and configure the shipping design with route (deliverable 7)
- [ ] Write and configure the billing design (deliverable 8)

### Acceptance criteria
- Inquiry to billing runs in the capstone sales area

**Evidence required:** Project documentation

**Document flow and impact:** Record the document flow, and for every delivery, goods issue and invoice write the stock change and the debit and credit lines.

**Troubleshooting:** Read the full message with its number. Record each error and its cause in the issue notes. If stuck for more than 30 minutes, set the status to Blocked and describe the blocker.

**Assessment:** Scored 0-100 against the capstone rubric. Type: Solution design.

### Completion criteria
- Every step is done and every acceptance criterion is demonstrated
- Required evidence is attached to the issue
- Document flow and the logistics or accounting impact are written down where documents were created
- Actual time is logged against the issue
- Instructor Review is Approved and the status is Completed

**Estimated time:** 12 h

**Next task:** CAP-005","Capstone","V30.0 Enterprise Capstone","MOD-57","CAP-003","12","L5 - Expert","Capstone","SAP S/4HANA Training System","Project documentation","","","Capstone","S/4HANA (ECC differences noted)","New in S/4HANA","Order to Cash","FI","Level 4 - S/4HANA Sales Expert","Consultant","Solution design","1","Pending"
"CAP-005","CAP-005","Capstone","High","[CAP-005] Credit-management, output and integration design and configuration","**Objective:** Credit-management, output and integration design and configuration

**Prerequisites:** CAP-004

**Concepts:** Organizational structure: company, company code, sales organization, distribution channel, division, sales area, plant, shipping point; Master data: business partner, customer, material, pricing, partner determination; Processes: inquiry, quotation, sales order, ATP, delivery, picking, packing, PGI, billing, returns, credit memo; Advanced: pricing, credit management, output, route, tax, FI, MM and CO integration; Nineteen deliverables

**Business process:** Order to Cash

**Environment:** SAP S/4HANA Training System

### Steps
- [ ] Write and configure the credit-management design (deliverable 9)
- [ ] Configure output
- [ ] Write the integration design for FI, MM and CO and configure account determination (deliverable 10)

### Acceptance criteria
- Credit block and release work
- Invoice posts to the designed accounts and profitability

**Evidence required:** Project documentation

**Document flow and impact:** Record the document flow, and for every delivery, goods issue and invoice write the stock change and the debit and credit lines.

**Troubleshooting:** Read the full message with its number. Record each error and its cause in the issue notes. If stuck for more than 30 minutes, set the status to Blocked and describe the blocker.

**Assessment:** Scored 0-100 against the capstone rubric. Type: Solution design.

### Completion criteria
- Every step is done and every acceptance criterion is demonstrated
- Required evidence is attached to the issue
- Document flow and the logistics or accounting impact are written down where documents were created
- Actual time is logged against the issue
- Instructor Review is Approved and the status is Completed

**Estimated time:** 8 h

**Next task:** CAP-006","Capstone","V30.0 Enterprise Capstone","MOD-57","CAP-004","8","L5 - Expert","Capstone","SAP S/4HANA Training System","Project documentation","","","Capstone","S/4HANA (ECC differences noted)","New in S/4HANA","Order to Cash","FI","Level 4 - S/4HANA Sales Expert","Consultant","Solution design","1","Pending"
"CAP-006","CAP-006","Capstone","High","[CAP-006] Configuration document","**Objective:** Configuration document

**Prerequisites:** CAP-005

**Concepts:** Organizational structure: company, company code, sales organization, distribution channel, division, sales area, plant, shipping point; Master data: business partner, customer, material, pricing, partner determination; Processes: inquiry, quotation, sales order, ATP, delivery, picking, packing, PGI, billing, returns, credit memo; Advanced: pricing, credit management, output, route, tax, FI, MM and CO integration; Nineteen deliverables

**Business process:** Order to Cash

**Environment:** SAP S/4HANA Training System

### Steps
- [ ] Deliver the configuration document for all areas (deliverable 5)

### Acceptance criteria
- Every setting has a value, a reason and a test reference

**Evidence required:** Project documentation

**Document flow and impact:** Record the document flow, and for every delivery, goods issue and invoice write the stock change and the debit and credit lines.

**Troubleshooting:** Read the full message with its number. Record each error and its cause in the issue notes. If stuck for more than 30 minutes, set the status to Blocked and describe the blocker.

**Assessment:** Scored 0-100 against the capstone rubric. Type: Solution design.

### Completion criteria
- Every step is done and every acceptance criterion is demonstrated
- Required evidence is attached to the issue
- Document flow and the logistics or accounting impact are written down where documents were created
- Actual time is logged against the issue
- Instructor Review is Approved and the status is Completed

**Estimated time:** 5 h

**Next task:** CAP-007","Capstone","V30.0 Enterprise Capstone","MOD-57","CAP-005","5","L5 - Expert","Capstone","SAP S/4HANA Training System","Project documentation","","","Capstone","S/4HANA (ECC differences noted)","New in S/4HANA","Order to Cash","FI","Level 4 - S/4HANA Sales Expert","Consultant","Solution design","1","Pending"
"CAP-007","CAP-007","Capstone","High","[CAP-007] Test scripts and test evidence","**Objective:** Test scripts and test evidence

**Prerequisites:** CAP-006

**Concepts:** Organizational structure: company, company code, sales organization, distribution channel, division, sales area, plant, shipping point; Master data: business partner, customer, material, pricing, partner determination; Processes: inquiry, quotation, sales order, ATP, delivery, picking, packing, PGI, billing, returns, credit memo; Advanced: pricing, credit management, output, route, tax, FI, MM and CO integration; Nineteen deliverables

**Business process:** Order to Cash

**Environment:** SAP S/4HANA Training System

### Steps
- [ ] Write test scripts for every process including negative tests (deliverable 11)
- [ ] Execute and collect evidence (deliverable 12)

### Acceptance criteria
- Every requirement is covered by a test
- Evidence is complete

**Evidence required:** Project documentation

**Document flow and impact:** Record the document flow, and for every delivery, goods issue and invoice write the stock change and the debit and credit lines.

**Troubleshooting:** Read the full message with its number. Record each error and its cause in the issue notes. If stuck for more than 30 minutes, set the status to Blocked and describe the blocker.

**Assessment:** Scored 0-100 against the capstone rubric. Type: Solution design.

### Completion criteria
- Every step is done and every acceptance criterion is demonstrated
- Required evidence is attached to the issue
- Document flow and the logistics or accounting impact are written down where documents were created
- Actual time is logged against the issue
- Instructor Review is Approved and the status is Completed

**Estimated time:** 8 h

**Next task:** CAP-008","Capstone","V30.0 Enterprise Capstone","MOD-57","CAP-006","8","L5 - Expert","Capstone","SAP S/4HANA Training System","Project documentation","","","Capstone","S/4HANA (ECC differences noted)","New in S/4HANA","Order to Cash","FI","Level 4 - S/4HANA Sales Expert","Consultant","Solution design","1","Pending"
"CAP-008","CAP-008","Capstone","High","[CAP-008] Execute the capstone business processes","**Objective:** Execute the capstone business processes

**Prerequisites:** CAP-007

**Concepts:** Organizational structure: company, company code, sales organization, distribution channel, division, sales area, plant, shipping point; Master data: business partner, customer, material, pricing, partner determination; Processes: inquiry, quotation, sales order, ATP, delivery, picking, packing, PGI, billing, returns, credit memo; Advanced: pricing, credit management, output, route, tax, FI, MM and CO integration; Nineteen deliverables

**Business process:** Order to Cash

**Environment:** SAP S/4HANA Training System

### Steps
- [ ] Execute and evidence: standard order to cash, third-party sales, make-to-order, returns, consignment, customer-specific pricing, credit management and billing with credit memo

### Acceptance criteria
- All eight processes complete with document flow, stock and accounting impact

**Evidence required:** Project documentation

**Document flow and impact:** Record the document flow, and for every delivery, goods issue and invoice write the stock change and the debit and credit lines.

**Troubleshooting:** Read the full message with its number. Record each error and its cause in the issue notes. If stuck for more than 30 minutes, set the status to Blocked and describe the blocker.

**Assessment:** Scored 0-100 against the capstone rubric. Type: Solution design.

### Completion criteria
- Every step is done and every acceptance criterion is demonstrated
- Required evidence is attached to the issue
- Document flow and the logistics or accounting impact are written down where documents were created
- Actual time is logged against the issue
- Instructor Review is Approved and the status is Completed

**Estimated time:** 12 h

**Next task:** CAP-009","Capstone","V30.0 Enterprise Capstone","MOD-57","CAP-007","12","L5 - Expert","Capstone","SAP S/4HANA Training System","Project documentation","","","Capstone","S/4HANA (ECC differences noted)","New in S/4HANA","Order to Cash","FI","Level 4 - S/4HANA Sales Expert","Consultant","Solution design","1","Pending"
"CAP-009","CAP-009","Capstone","High","[CAP-009] Migration plan, cutover plan and go-live checklist","**Objective:** Migration plan, cutover plan and go-live checklist

**Prerequisites:** CAP-008

**Concepts:** Organizational structure: company, company code, sales organization, distribution channel, division, sales area, plant, shipping point; Master data: business partner, customer, material, pricing, partner determination; Processes: inquiry, quotation, sales order, ATP, delivery, picking, packing, PGI, billing, returns, credit memo; Advanced: pricing, credit management, output, route, tax, FI, MM and CO integration; Nineteen deliverables

**Business process:** Order to Cash

**Environment:** SAP S/4HANA Training System

### Steps
- [ ] Deliver the migration plan (deliverable 13), cutover plan (deliverable 14) and go-live checklist (deliverable 15)

### Acceptance criteria
- Each plan has owners, sequence and verification

**Evidence required:** Project documentation

**Document flow and impact:** Record the document flow, and for every delivery, goods issue and invoice write the stock change and the debit and credit lines.

**Troubleshooting:** Read the full message with its number. Record each error and its cause in the issue notes. If stuck for more than 30 minutes, set the status to Blocked and describe the blocker.

**Assessment:** Scored 0-100 against the capstone rubric. Type: Solution design.

### Completion criteria
- Every step is done and every acceptance criterion is demonstrated
- Required evidence is attached to the issue
- Document flow and the logistics or accounting impact are written down where documents were created
- Actual time is logged against the issue
- Instructor Review is Approved and the status is Completed

**Estimated time:** 6 h

**Next task:** CAP-010","Capstone","V30.0 Enterprise Capstone","MOD-57","CAP-008","6","L5 - Expert","Capstone","SAP S/4HANA Training System","Project documentation","","","Capstone","S/4HANA (ECC differences noted)","New in S/4HANA","Order to Cash","FI","Level 4 - S/4HANA Sales Expert","Consultant","Solution design","1","Pending"
"CAP-010","CAP-010","Capstone","High","[CAP-010] Production-support runbook and troubleshooting guide","**Objective:** Production-support runbook and troubleshooting guide

**Prerequisites:** CAP-009

**Concepts:** Organizational structure: company, company code, sales organization, distribution channel, division, sales area, plant, shipping point; Master data: business partner, customer, material, pricing, partner determination; Processes: inquiry, quotation, sales order, ATP, delivery, picking, packing, PGI, billing, returns, credit memo; Advanced: pricing, credit management, output, route, tax, FI, MM and CO integration; Nineteen deliverables

**Business process:** Order to Cash

**Environment:** SAP S/4HANA Training System

### Steps
- [ ] Deliver the runbook (deliverable 16) and a troubleshooting guide built from your reports (deliverable 17)

### Acceptance criteria
- Guide covers at least twenty errors with root cause and fix

**Evidence required:** Project documentation

**Document flow and impact:** Record the document flow, and for every delivery, goods issue and invoice write the stock change and the debit and credit lines.

**Troubleshooting:** Read the full message with its number. Record each error and its cause in the issue notes. If stuck for more than 30 minutes, set the status to Blocked and describe the blocker.

**Assessment:** Scored 0-100 against the capstone rubric. Type: Solution design.

### Completion criteria
- Every step is done and every acceptance criterion is demonstrated
- Required evidence is attached to the issue
- Document flow and the logistics or accounting impact are written down where documents were created
- Actual time is logged against the issue
- Instructor Review is Approved and the status is Completed

**Estimated time:** 4 h

**Next task:** CAP-011","Capstone","V30.0 Enterprise Capstone","MOD-57","CAP-009","4","L5 - Expert","Capstone","SAP S/4HANA Training System","Project documentation","","","Capstone","S/4HANA (ECC differences noted)","New in S/4HANA","Order to Cash","FI","Level 4 - S/4HANA Sales Expert","Consultant","Solution design","1","Pending"
"CAP-011","CAP-011","Capstone","High","[CAP-011] Final technical documentation and executive presentation","**Objective:** Final technical documentation and executive presentation

**Prerequisites:** CAP-010

**Concepts:** Organizational structure: company, company code, sales organization, distribution channel, division, sales area, plant, shipping point; Master data: business partner, customer, material, pricing, partner determination; Processes: inquiry, quotation, sales order, ATP, delivery, picking, packing, PGI, billing, returns, credit memo; Advanced: pricing, credit management, output, route, tax, FI, MM and CO integration; Nineteen deliverables

**Business process:** Order to Cash

**Environment:** SAP S/4HANA Training System

### Steps
- [ ] Assemble the final technical documentation (deliverable 18)
- [ ] Present the solution to the instructor as the client's management (deliverable 19)

### Acceptance criteria
- Documentation is complete and consistent
- Presentation answers management questions

**Evidence required:** Project documentation

**Document flow and impact:** Record the document flow, and for every delivery, goods issue and invoice write the stock change and the debit and credit lines.

**Troubleshooting:** Read the full message with its number. Record each error and its cause in the issue notes. If stuck for more than 30 minutes, set the status to Blocked and describe the blocker.

**Assessment:** Scored 0-100 against the capstone rubric. Type: Solution design.

### Completion criteria
- Every step is done and every acceptance criterion is demonstrated
- Required evidence is attached to the issue
- Document flow and the logistics or accounting impact are written down where documents were created
- Actual time is logged against the issue
- Instructor Review is Approved and the status is Completed

**Estimated time:** 5 h

**Next task:** ASM-030","Capstone","V30.0 Enterprise Capstone","MOD-57","CAP-010","5","L5 - Expert","Capstone","SAP S/4HANA Training System","Project documentation","","","Capstone","S/4HANA (ECC differences noted)","New in S/4HANA","Order to Cash","FI","Level 4 - S/4HANA Sales Expert","Consultant","Solution design","1","Pending"
"ASM-030","ASM-030","Assessment","High","[ASM-030] Final assessment","**Objective:** Final assessment

**Prerequisites:** CAP-011

**Concepts:** Organizational structure: company, company code, sales organization, distribution channel, division, sales area, plant, shipping point; Master data: business partner, customer, material, pricing, partner determination; Processes: inquiry, quotation, sales order, ATP, delivery, picking, packing, PGI, billing, returns, credit memo; Advanced: pricing, credit management, output, route, tax, FI, MM and CO integration; Nineteen deliverables

**Business process:** Order to Cash

**Environment:** SAP S/4HANA Training System

### Steps
- [ ] Defend the capstone and solve one unseen business scenario with the seven-step method

### Acceptance criteria
- Score of 70 or higher

**Evidence required:** Scored result

**Document flow and impact:** Record the document flow, and for every delivery, goods issue and invoice write the stock change and the debit and credit lines.

**Troubleshooting:** Read the full message with its number. Record each error and its cause in the issue notes. If stuck for more than 30 minutes, set the status to Blocked and describe the blocker.

**Assessment:** Scored 0-100. Pass mark 70. Type: Solution design.

### Completion criteria
- Every step is done and every acceptance criterion is demonstrated
- Required evidence is attached to the issue
- Document flow and the logistics or accounting impact are written down where documents were created
- Actual time is logged against the issue
- Instructor Review is Approved and the status is Completed

**Estimated time:** 3 h

**Next task:** Last task of this module","Capstone","V30.0 Enterprise Capstone","MOD-57","CAP-011","3","L5 - Expert","Assessment","SAP S/4HANA Training System","Scored result","","","Capstone","S/4HANA (ECC differences noted)","New in S/4HANA","Order to Cash","FI","Level 4 - S/4HANA Sales Expert","Consultant","Solution design","0","Pending"
"REVIEW-30","REVIEW-30","Review","High","[REVIEW-30] Phase 30 gate review","**Objective:** Confirm that phase 30 (Enterprise Capstone) is complete.

### Checklist
- [ ] Every issue of the phase is Completed
- [ ] Evidence is attached to every issue
- [ ] Time is logged
- [ ] Assessment score is 70 or higher
- [ ] Configuration document is up to date

**Assessment:** Instructor confirms the checklist and records the gate decision.

**Estimated time:** 1 h","","V30.0 Enterprise Capstone","PHASE-30","ASM-030","1","","Review","","Instructor sign-off","","","","","","","","","","Review","0","Pending"
